timestamp,actual,predicted
12,0.0,1.2505340576171875
13,0.0,1.2306461334228516
14,0.0,1.1863460540771484
15,0.0,1.232656478881836
16,0.0,1.238779067993164
17,0.0,1.2254104614257812
18,0.0,1.2125396728515625
19,0.0,1.2756156921386719
20,0.0,1.3222827911376953
21,0.0,1.3267993927001953
22,0.0,1.302694320678711
23,0.0,1.186685562133789
24,0.0,1.1045169830322266
25,0.0,0.9865074157714844
26,0.0,0.9405689239501953
27,0.0,0.9547080993652344
28,0.0,0.9514102935791016
29,0.0,0.23096466064453125
30,0.0,-0.5026340484619141
31,0.0,-0.5782737731933594
32,0.0,-0.6329631805419922
33,0.0,-0.6172962188720703
34,0.0,-0.6312694549560547
35,0.0,-0.6611270904541016
36,0.0,-0.6595573425292969
37,0.0,-0.6679573059082031
38,0.0,-0.6351299285888672
39,0.0,-0.6319789886474609
40,0.0,-0.5932445526123047
41,0.0,-0.49765968322753906
42,0.0,-0.39903831481933594
43,0.0,-0.3410930633544922
44,0.0,-0.3080863952636719
45,0.0,-0.2571907043457031
46,0.0,-0.20440673828125
47,0.0,-0.18402099609375
48,0.0,-0.1790752410888672
49,0.0,-0.0951995849609375
50,0.0,-0.12918663024902344
51,0.0,-0.34839439392089844
52,0.0,-0.6838436126708984
53,0.0,-0.9530620574951172
54,0.0,-0.8265972137451172
55,0.0,-0.8051967620849609
56,0.0,-0.6136798858642578
57,0.0,-0.03630638122558594
58,4.0,0.7895679473876953
59,11.0,1.7650375366210938
60,51.0,6.454851150512695
61,92.0,23.340356826782227
62,120.0,69.74071502685547
63,163.0,147.34725952148438
64,232.0,213.79818725585938
65,319.0,271.2632751464844
66,422.0,359.5679016113281
67,529.0,453.71136474609375
68,637.0,639.8488159179688
69,739.0,779.6968994140625
70,837.0,833.9446411132812
71,941.0,870.2078857421875
72,1036.0,930.89404296875
73,1130.0,989.26904296875
74,1174.0,1025.7564697265625
75,1211.0,1044.388671875
76,1302.0,1067.2193603515625
77,1352.0,1073.924560546875
78,1352.0,1084.000732421875
79,1396.0,1134.467529296875
80,1439.0,1216.6695556640625
81,1457.0,1256.0313720703125
82,1449.0,1310.11181640625
83,1435.0,1281.32666015625
84,1449.0,1302.7830810546875
85,1461.0,1306.7476806640625
86,1450.0,1333.2142333984375
87,1416.0,1321.085693359375
88,1338.0,1333.4779052734375
89,1327.0,1332.102783203125
90,1272.0,1323.9432373046875
91,1139.0,1300.439453125
92,1019.0,1184.0615234375
93,952.0,1085.9156494140625
94,838.0,898.0172119140625
95,616.0,661.3384399414062
96,430.0,364.6224365234375
97,345.0,263.3062438964844
98,111.0,166.04544067382812
99,42.0,97.58589172363281
100,10.0,45.78726577758789
101,0.0,21.79595184326172
102,0.0,9.277122497558594
103,0.0,4.736215591430664
104,0.0,2.9196949005126953
105,0.0,2.5789718627929688
106,0.0,2.2351951599121094
107,0.0,2.2198543548583984
108,0.0,2.2567081451416016
109,0.0,2.282949447631836
110,0.0,2.3867053985595703
111,0.0,2.689870834350586
112,0.0,2.9763412475585938
113,0.0,3.058736801147461
114,0.0,2.863283157348633
115,0.0,2.8907012939453125
116,0.0,2.8407516479492188
117,0.0,2.7559432983398438
118,0.0,2.642435073852539
119,0.0,2.547740936279297
120,0.0,2.4286727905273438
121,0.0,2.2722244262695312
122,0.0,2.0758438110351562
123,0.0,1.9481658935546875
124,0.0,1.8015155792236328
125,0.0,1.1257381439208984
126,0.0,0.4864673614501953
127,0.0,0.3675251007080078
128,0.0,0.2239208221435547
129,0.0,0.10783958435058594
130,0.0,-0.012302398681640625
131,0.0,-0.034862518310546875
132,0.0,-0.056613922119140625
133,0.0,-0.12659072875976562
134,0.0,-0.14818191528320312
135,0.0,-0.21259689331054688
136,0.0,-0.29836082458496094
137,0.0,-0.38369178771972656
138,0.0,-0.378204345703125
139,0.0,-0.37757301330566406
140,0.0,-0.37032318115234375
141,0.0,-0.3626556396484375
142,0.0,-0.4416656494140625
143,0.0,-0.6107692718505859
144,0.0,-0.8082923889160156
145,0.0,-0.9514923095703125
146,0.0,-0.9531974792480469
147,0.0,-1.0474834442138672
148,0.0,-1.1582984924316406
149,0.0,-1.118234634399414
150,0.0,-1.1085529327392578
151,0.0,-1.1666507720947266
152,0.0,-0.8256740570068359
153,0.0,0.2416553497314453
154,0.0,1.7447986602783203
155,1.0,4.343250274658203
156,25.0,20.49201011657715
157,71.0,64.35173034667969
158,93.0,129.6087188720703
159,153.0,191.90562438964844
160,206.0,249.17971801757812
161,268.0,327.95458984375
162,382.0,399.1402282714844
163,478.0,460.382080078125
164,575.0,528.0820922851562
165,678.0,626.4454956054688
166,769.0,737.8577880859375
167,850.0,856.1629638671875
168,967.0,941.2127685546875
169,702.0,1011.5652465820312
170,711.0,1088.7322998046875
171,1032.0,1138.3448486328125
172,1030.0,1174.1380615234375
173,1073.0,1183.8447265625
174,1226.0,1174.0321044921875
175,1240.0,1153.774658203125
176,1336.0,1104.2747802734375
177,1332.0,992.0513305664062
178,1202.0,972.537353515625
179,1021.0,801.3778686523438
180,835.0,728.654052734375
181,391.0,694.2848510742188
182,364.0,647.2732543945312
183,384.0,614.901611328125
184,342.0,644.0750122070312
185,363.0,606.0018920898438
186,439.0,511.7483215332031
187,353.0,463.0934143066406
188,222.0,331.3922424316406
189,144.0,234.31004333496094
190,115.0,173.82125854492188
191,107.0,121.1733169555664
192,81.0,91.62366485595703
193,58.0,75.55819702148438
194,31.0,54.575286865234375
195,19.0,31.98499298095703
196,0.0,11.029142379760742
197,0.0,3.5014400482177734
198,0.0,1.8137245178222656
199,0.0,1.5013141632080078
200,0.0,1.3338260650634766
201,0.0,1.4002761840820312
202,0.0,1.2684688568115234
203,0.0,1.2418098449707031
204,0.0,1.2400875091552734
205,0.0,1.3064594268798828
206,0.0,1.2620162963867188
207,0.0,1.2639808654785156
208,0.0,1.2592105865478516
209,0.0,1.2809257507324219
210,0.0,1.2416324615478516
211,0.0,1.1552085876464844
212,0.0,0.9978218078613281
213,0.0,0.8774509429931641
214,0.0,0.8809585571289062
215,0.0,1.0137920379638672
216,0.0,1.0704708099365234
217,0.0,1.1041545867919922
218,0.0,1.1858196258544922
219,0.0,1.2357254028320312
220,0.0,1.2744121551513672
221,0.0,0.4867115020751953
222,0.0,0.11501884460449219
223,0.0,-0.1015777587890625
224,0.0,-0.127197265625
225,0.0,-0.15731430053710938
226,0.0,-0.18100738525390625
227,0.0,-0.200439453125
228,0.0,-0.2120342254638672
229,0.0,-0.2146453857421875
230,0.0,-0.2184429168701172
231,0.0,-0.2536964416503906
232,0.0,-0.3372917175292969
233,0.0,-0.30199623107910156
234,0.0,-0.43409156799316406
235,0.0,-0.6099758148193359
236,0.0,-0.8043060302734375
237,0.0,-0.9384880065917969
238,0.0,-1.0938129425048828
239,0.0,-1.265127182006836
240,0.0,-1.4025821685791016
241,0.0,-1.3373889923095703
242,0.0,-1.233835220336914
243,0.0,-1.194845199584961
244,0.0,-1.108123779296875
245,0.0,-0.6698513031005859
246,0.0,-0.3690471649169922
247,0.0,-0.05362701416015625
248,0.0,0.8438358306884766
249,0.0,1.648874282836914
250,0.0,2.380838394165039
251,4.0,3.5941123962402344
252,34.0,9.657975196838379
253,89.0,28.136428833007812
254,130.0,90.72952270507812
255,167.0,180.08602905273438
256,218.0,269.162353515625
257,282.0,355.1058349609375
258,382.0,434.21673583984375
259,469.0,497.0607604980469
260,565.0,550.8195190429688
261,679.0,606.9464111328125
262,788.0,683.3314819335938
263,839.0,776.27978515625
264,945.0,888.3434448242188
265,1043.0,974.2177734375
266,1078.0,1029.784423828125
267,988.0,1081.19384765625
268,1207.0,1078.7938232421875
269,1270.0,1095.34619140625
270,1293.0,1122.7625732421875
271,1276.0,1155.8145751953125
272,1331.0,1185.6826171875
273,1236.0,1185.7149658203125
274,1259.0,1098.29833984375
275,1305.0,1106.906494140625
276,1253.0,1140.1549072265625
277,960.0,1143.355224609375
278,1056.0,1148.051025390625
279,1145.0,1151.620849609375
280,1221.0,1169.578369140625
281,831.0,1125.1363525390625
282,722.0,1026.622802734375
283,1055.0,771.2764892578125
284,954.0,550.888427734375
285,518.0,437.9483337402344
286,405.0,332.7157287597656
287,293.0,233.21945190429688
288,195.0,155.08151245117188
289,131.0,98.26439666748047
290,82.0,56.69091033935547
291,36.0,20.995275497436523
292,8.0,5.490486145019531
293,0.0,4.263275146484375
294,0.0,3.3727359771728516
295,0.0,2.611562728881836
296,0.0,1.9590225219726562
297,0.0,1.9030513763427734
298,0.0,1.739492416381836
299,0.0,1.5914936065673828
300,0.0,1.512350082397461
301,0.0,1.5944576263427734
302,0.0,1.6149768829345703
303,0.0,1.6976432800292969
304,0.0,1.7458839416503906
305,0.0,1.7468795776367188
306,0.0,1.4091014862060547
307,0.0,1.2258529663085938
308,0.0,0.9343681335449219
309,0.0,0.5575199127197266
310,0.0,0.7316932678222656
311,0.0,1.0695228576660156
312,0.0,1.3828487396240234
313,0.0,1.4266357421875
314,0.0,1.1275558471679688
315,0.0,1.1099357604980469
316,0.0,1.0911331176757812
317,0.0,0.06228065490722656
318,0.0,-0.3654594421386719
319,0.0,-0.6607589721679688
320,0.0,-0.7503738403320312
321,0.0,-0.8464679718017578
322,0.0,-0.9462604522705078
323,0.0,-1.0951614379882812
324,0.0,-1.2313575744628906
325,0.0,-1.4043655395507812
326,0.0,-1.5689373016357422
327,0.0,-1.7347698211669922
328,0.0,-1.9805164337158203
329,0.0,-1.9638233184814453
330,0.0,-1.9233417510986328
331,0.0,-1.8285465240478516
332,0.0,-1.7294731140136719
333,0.0,-1.527444839477539
334,0.0,-1.4151554107666016
335,0.0,-1.2635688781738281
336,0.0,-1.1399459838867188
337,0.0,-0.8220806121826172
338,0.0,-0.6214485168457031
339,0.0,-0.5063362121582031
340,0.0,-0.33432579040527344
341,0.0,0.00191497802734375
342,0.0,0.11866378784179688
343,0.0,0.2320575714111328
344,0.0,0.8371791839599609
345,0.0,1.3697090148925781
346,0.0,2.035625457763672
347,0.0,2.8957061767578125
348,11.0,7.472408294677734
349,19.0,18.90195655822754
350,62.0,42.812583923339844
351,105.0,86.07596588134766
352,129.0,143.47889709472656
353,172.0,195.66798400878906
354,209.0,248.99449157714844
355,391.0,306.2527770996094
356,499.0,378.73333740234375
357,583.0,462.8394470214844
358,658.0,590.2515869140625
359,756.0,736.2498779296875
360,906.0,847.4381713867188
361,694.0,938.7557983398438
362,1163.0,1000.9765625
363,955.0,1058.63720703125
364,876.0,1097.888671875
365,1264.0,1092.0030517578125
366,1079.0,1042.4898681640625
367,1066.0,992.9105224609375
368,1177.0,1023.0779418945312
369,1263.0,1120.6270751953125
370,1157.0,1212.5819091796875
371,1108.0,1132.1539306640625
372,1141.0,1109.7335205078125
373,899.0,1103.494140625
374,956.0,984.0093383789062
375,822.0,887.6217041015625
376,973.0,851.09326171875
377,1000.0,809.9515380859375
378,779.0,722.9849243164062
379,639.0,556.9264526367188
380,614.0,441.6048278808594
381,598.0,382.79376220703125
382,502.0,350.5037841796875
383,360.0,295.57171630859375
384,250.0,178.36900329589844
385,152.0,129.546875
386,91.0,86.22947692871094
387,33.0,46.400779724121094
388,4.0,7.583127975463867
389,0.0,4.853507995605469
390,0.0,3.291189193725586
391,0.0,2.3657684326171875
392,0.0,1.8204822540283203
393,0.0,1.7462120056152344
394,0.0,1.751443862915039
395,0.0,1.776397705078125
396,0.0,1.8321704864501953
397,0.0,1.9778194427490234
398,0.0,2.0053062438964844
399,0.0,2.040172576904297
400,0.0,2.065122604370117
401,0.0,2.075407028198242
402,0.0,2.0378780364990234
403,0.0,2.0328636169433594
404,0.0,2.0154685974121094
405,0.0,1.9643421173095703
406,0.0,1.9077873229980469
407,0.0,1.8947563171386719
408,0.0,1.8855819702148438
409,0.0,1.8399238586425781
410,0.0,1.8381538391113281
411,0.0,1.8527603149414062
412,0.0,1.8690357208251953
413,0.0,0.48492431640625
414,0.0,-0.1749095916748047
415,0.0,-0.42848777770996094
416,0.0,-0.4989147186279297
417,0.0,-0.5326900482177734
418,0.0,-0.5898418426513672
419,0.0,-0.6410160064697266
420,0.0,-0.6882839202880859
421,0.0,-0.724517822265625
422,0.0,-0.75469970703125
423,0.0,-0.793548583984375
424,0.0,-1.0294647216796875
425,0.0,-0.9965438842773438
426,0.0,-0.9541149139404297
427,0.0,-0.8907794952392578
428,0.0,-0.8414573669433594
429,0.0,-0.6766147613525391
430,0.0,-0.5974197387695312
431,0.0,-0.5330467224121094
432,0.0,-0.4899864196777344
433,0.0,-0.2184581756591797
434,0.0,-0.29585838317871094
435,0.0,-0.3786506652832031
436,0.0,-0.4152851104736328
437,0.0,-0.2433624267578125
438,0.0,-0.1541881561279297
439,0.0,-0.0479888916015625
440,0.0,0.3989696502685547
441,0.0,1.1148529052734375
442,0.0,1.4975090026855469
443,0.0,1.9275531768798828
444,2.0,6.070547103881836
445,17.0,14.625542640686035
446,38.0,30.701885223388672
447,91.0,65.30590057373047
448,191.0,128.73306274414062
449,236.0,167.02297973632812
450,290.0,214.17630004882812
451,512.0,266.9327087402344
452,635.0,318.7769470214844
453,339.0,367.50384521484375
454,360.0,468.099365234375
455,848.0,588.8467407226562
456,950.0,698.756103515625
457,1024.0,806.4688720703125
458,1120.0,897.6762084960938
459,1182.0,985.6992797851562
460,1226.0,1065.5062255859375
461,1222.0,1098.3974609375
462,1330.0,1118.87255859375
463,1622.0,1134.9027099609375
464,1515.0,1201.61962890625
465,1365.0,1282.763916015625
466,1250.0,1331.6458740234375
467,1282.0,1312.502197265625
468,1365.0,1234.2432861328125
469,1343.0,1179.279296875
470,1288.0,1079.447021484375
471,1238.0,1048.4056396484375
472,1196.0,1039.0443115234375
473,1159.0,991.1903076171875
474,942.0,904.69482421875
475,774.0,827.4286499023438
476,676.0,677.1284790039062
477,551.0,487.70623779296875
478,476.0,351.95489501953125
479,303.0,240.66273498535156
480,202.0,156.6786346435547
481,141.0,99.93781280517578
482,65.0,53.68495178222656
483,18.0,16.656776428222656
484,2.0,5.435848236083984
485,0.0,4.140459060668945
486,0.0,3.151805877685547
487,0.0,2.55438232421875
488,0.0,2.0688858032226562
489,0.0,2.039134979248047
490,0.0,1.7691326141357422
491,0.0,1.585866928100586
492,0.0,1.4029483795166016
493,0.0,1.2906818389892578
494,0.0,1.2175140380859375
495,0.0,1.1627273559570312
496,0.0,1.0962886810302734
497,0.0,1.020944595336914
498,0.0,0.9102535247802734
499,0.0,0.9408283233642578
500,0.0,0.9789066314697266
501,0.0,1.0243816375732422
502,0.0,1.1499977111816406
503,0.0,1.2849807739257812
504,0.0,1.420156478881836
505,0.0,1.5375213623046875
506,0.0,1.5587120056152344
507,0.0,1.5836753845214844
508,0.0,1.6036911010742188
509,0.0,0.3791522979736328
510,0.0,-0.16242027282714844
511,0.0,-0.3456230163574219
512,0.0,-0.3830242156982422
513,0.0,-0.38762855529785156
514,0.0,-0.3870258331298828
515,0.0,-0.4051227569580078
516,0.0,-0.43625831604003906
517,0.0,-0.42771148681640625
518,0.0,-0.46428680419921875
519,0.0,-0.5041084289550781
520,0.0,-0.7884864807128906
521,0.0,-0.6669254302978516
522,0.0,-0.47110748291015625
523,0.0,-0.25446510314941406
524,0.0,-0.08879661560058594
525,0.0,0.3899211883544922
526,0.0,0.3954429626464844
527,0.0,0.27524375915527344
528,0.0,-0.028289794921875
529,0.0,0.13909912109375
530,0.0,0.2817554473876953
531,0.0,0.35465049743652344
532,0.0,0.2778968811035156
533,0.0,0.9112701416015625
534,0.0,0.9211635589599609
535,0.0,0.8081531524658203
536,0.0,0.6764621734619141
537,0.0,1.4432811737060547
538,0.0,1.976837158203125
539,0.0,2.544076919555664
540,1.0,6.791812896728516
541,1.0,16.4746150970459
542,6.0,37.87883758544922
543,22.0,82.54838562011719
544,99.0,146.78968811035156
545,129.0,200.99818420410156
546,116.0,258.53656005859375
547,122.0,319.37493896484375
548,153.0,386.0653991699219
549,226.0,449.3809814453125
550,385.0,492.8043212890625
551,478.0,504.1645812988281
552,387.0,518.2755737304688
553,649.0,535.537841796875
554,983.0,551.6697387695312
555,448.0,573.6074829101562
556,504.0,659.5370483398438
557,503.0,713.7872924804688
558,533.0,717.0316772460938
559,574.0,679.2571411132812
560,574.0,658.5110473632812
561,341.0,692.235595703125
562,367.0,700.0216064453125
563,290.0,700.9291381835938
564,265.0,703.7017211914062
565,196.0,720.89599609375
566,213.0,720.0338745117188
567,212.0,693.8811645507812
568,204.0,627.6007690429688
569,275.0,537.23681640625
570,301.0,469.9740905761719
571,275.0,383.2118225097656
572,235.0,283.2803039550781
573,217.0,229.20323181152344
574,181.0,181.30621337890625
575,147.0,132.0430908203125
576,103.0,89.43223571777344
577,78.0,60.85343933105469
578,34.0,39.08283996582031
579,6.0,18.626001358032227
580,0.0,3.7680530548095703
581,0.0,1.3762989044189453
582,0.0,0.6082973480224609
583,0.0,0.3415050506591797
584,0.0,0.24292564392089844
585,0.0,0.4717121124267578
586,0.0,0.5999393463134766
587,0.0,0.7303371429443359
588,0.0,0.8347339630126953
589,0.0,0.9991989135742188
590,0.0,0.8596000671386719
591,0.0,0.6464557647705078
592,0.0,0.4761772155761719
593,0.0,0.37982749938964844
594,0.0,0.49510955810546875
595,0.0,0.5110931396484375
596,0.0,0.46829795837402344
597,0.0,0.36068153381347656
598,0.0,0.420166015625
599,0.0,0.4682178497314453
600,0.0,0.5514678955078125
601,0.0,0.5207748413085938
602,0.0,0.6188945770263672
603,0.0,1.2244377136230469
604,0.0,1.6736087799072266
605,0.0,0.11989974975585938
606,0.0,-0.40259742736816406
607,0.0,-0.6065883636474609
608,0.0,-0.6750259399414062
609,0.0,-0.7102489471435547
610,0.0,-0.7888031005859375
611,0.0,-0.8628005981445312
612,0.0,-0.8833637237548828
613,0.0,-0.9265060424804688
614,0.0,-1.0468463897705078
615,0.0,-1.1439266204833984
616,0.0,-1.4277305603027344
617,0.0,-1.6559677124023438
618,0.0,-1.8564624786376953
619,0.0,-2.0582332611083984
620,0.0,-2.3195419311523438
621,0.0,-2.642955780029297
622,0.0,-2.806507110595703
623,0.0,-2.9348526000976562
624,0.0,-3.0777149200439453
625,0.0,-2.9008541107177734
626,0.0,-2.5053443908691406
627,0.0,-2.376749038696289
628,0.0,-2.260984420776367
629,0.0,-1.9165191650390625
630,0.0,-1.7152957916259766
631,0.0,-1.7045650482177734
632,0.0,-1.187124252319336
633,0.0,0.197540283203125
634,0.0,0.8545551300048828
635,0.0,1.7603778839111328
636,0.0,7.735734939575195
637,4.0,28.240680694580078
638,45.0,71.93989562988281
639,100.0,138.06912231445312
640,143.0,190.65589904785156
641,117.0,242.9980926513672
642,99.0,308.9045104980469
643,184.0,370.7947998046875
644,270.0,429.7257385253906
645,496.0,501.9541320800781
646,750.0,606.951904296875
647,608.0,701.0183715820312
648,429.0,783.0670776367188
649,362.0,826.64453125
650,328.0,864.1163330078125
651,176.0,937.1719360351562
652,121.0,1025.737060546875
653,127.0,1148.31982421875
654,77.0,1246.239501953125
655,28.0,1001.9351806640625
656,66.0,772.794921875
657,191.0,623.9072875976562
658,154.0,559.91357421875
659,84.0,495.5217590332031
660,13.0,418.1767883300781
661,15.0,342.87310791015625
662,14.0,314.2216796875
663,20.0,307.8025817871094
664,14.0,325.5668640136719
665,52.0,284.57183837890625
666,103.0,270.0303649902344
667,128.0,126.23748779296875
668,164.0,106.97332000732422
669,129.0,88.15940856933594
670,75.0,58.49195098876953
671,21.0,31.758495330810547
672,11.0,18.01390838623047
673,2.0,7.627590179443359
674,4.0,1.7063884735107422
675,0.0,-0.1192474365234375
676,0.0,-0.5092048645019531
677,0.0,-0.44836997985839844
678,0.0,-0.15389633178710938
679,0.0,0.19329071044921875
680,0.0,0.6400432586669922
681,0.0,1.2032604217529297
682,0.0,0.6259021759033203
683,0.0,0.7395801544189453
684,0.0,0.8074893951416016
685,0.0,0.8808231353759766
686,0.0,0.8687896728515625
687,0.0,0.8693389892578125
688,0.0,0.8438282012939453
689,0.0,0.7773532867431641
690,0.0,0.7997379302978516
691,0.0,0.8495140075683594
692,0.0,0.8736019134521484
693,0.0,0.8673343658447266
694,0.0,0.9041519165039062
695,0.0,1.0318889617919922
696,0.0,1.1457653045654297
697,0.0,1.2557086944580078
698,0.0,1.4787425994873047
699,0.0,1.7269306182861328
700,0.0,1.8527908325195312
701,0.0,0.3745460510253906
702,0.0,-0.02147674560546875
703,0.0,-0.2291393280029297
704,0.0,-0.33515357971191406
705,0.0,-0.4274444580078125
706,0.0,-0.47048377990722656
707,0.0,-0.47483062744140625
708,0.0,-0.46563148498535156
709,0.0,-0.4415569305419922
710,0.0,-0.4053306579589844
711,0.0,-0.3790550231933594
712,0.0,-0.5147838592529297
713,0.0,-0.4684619903564453
714,0.0,-0.4107627868652344
715,0.0,-0.34447669982910156
716,0.0,-0.28436279296875
717,0.0,-0.10015487670898438
718,0.0,-0.011585235595703125
719,0.0,0.069122314453125
720,0.0,0.17924118041992188
721,0.0,0.4373035430908203
722,0.0,0.6001853942871094
723,0.0,0.8024654388427734
724,0.0,1.2021808624267578
725,0.0,1.7180805206298828
726,0.0,2.113597869873047
727,0.0,2.6284103393554688
728,0.0,3.7805538177490234
729,0.0,5.177328109741211
730,0.0,6.431911468505859
731,0.0,8.266289710998535
732,0.0,14.455045700073242
733,12.0,28.40254783630371
734,63.0,65.3840103149414
735,118.0,124.55847930908203
736,168.0,192.60064697265625
737,214.0,269.90069580078125
738,302.0,362.7597961425781
739,349.0,459.9896240234375
740,432.0,562.6753540039062
741,547.0,639.376953125
742,600.0,696.5087280273438
743,540.0,759.9489135742188
744,523.0,842.1588745117188
745,642.0,930.3987426757812
746,895.0,1025.242431640625
747,998.0,1127.863525390625
748,936.0,1209.963134765625
749,818.0,1214.833251953125
750,943.0,1149.2646484375
751,1116.0,1138.2540283203125
752,1137.0,1129.1297607421875
753,1027.0,1133.34912109375
754,963.0,1161.07666015625
755,841.0,1177.344482421875
756,834.0,1158.715576171875
757,735.0,1099.7578125
758,818.0,1049.4898681640625
759,937.0,962.417236328125
760,1062.0,863.6381225585938
761,876.0,765.91455078125
762,606.0,713.36865234375
763,503.0,678.8881225585938
764,551.0,658.9042358398438
765,742.0,568.2190551757812
766,533.0,456.8066711425781
767,450.0,376.59814453125
768,230.0,327.33880615234375
769,85.0,282.8843078613281
770,38.0,204.70555114746094
771,4.0,100.71794891357422
772,0.0,29.071300506591797
773,0.0,5.23784065246582
774,0.0,1.324747085571289
775,0.0,0.8954391479492188
776,0.0,0.7012844085693359
777,0.0,0.8083152770996094
778,0.0,0.8910732269287109
779,0.0,0.9466667175292969
780,0.0,0.9981765747070312
781,0.0,1.0710601806640625
782,0.0,1.0382976531982422
783,0.0,1.1137504577636719
784,0.0,1.166046142578125
785,0.0,1.2186355590820312
786,0.0,1.1894588470458984
787,0.0,1.241537094116211
788,0.0,1.2738037109375
789,0.0,1.2961807250976562
790,0.0,1.2501239776611328
791,0.0,1.2188129425048828
792,0.0,1.1701927185058594
793,0.0,1.1219501495361328
794,0.0,1.0739002227783203
795,0.0,1.0555305480957031
796,0.0,1.021902084350586
797,0.0,0.1475353240966797
798,0.0,-0.5704498291015625
799,0.0,-0.7382984161376953
800,0.0,-0.9201431274414062
801,0.0,-1.0301342010498047
802,0.0,-1.1445636749267578
803,0.0,-1.2352466583251953
804,0.0,-1.3492965698242188
805,0.0,-1.456460952758789
806,0.0,-1.5557365417480469
807,0.0,-1.7058086395263672
808,0.0,-1.7907600402832031
809,0.0,-1.786346435546875
810,0.0,-1.7895660400390625
811,0.0,-1.7846412658691406
812,0.0,-1.7339611053466797
813,0.0,-1.690530776977539
814,0.0,-1.5961036682128906
815,0.0,-1.5148124694824219
816,0.0,-1.2981224060058594
817,0.0,-1.1283206939697266
818,0.0,-1.0158748626708984
819,0.0,-0.9836902618408203
820,0.0,-0.5690345764160156
821,0.0,-0.22102928161621094
822,0.0,-0.11342620849609375
823,0.0,-0.017541885375976562
824,0.0,0.9187431335449219
825,0.0,1.3361549377441406
826,0.0,1.46710205078125
827,0.0,1.7127704620361328
828,4.0,4.232065200805664
829,24.0,12.937651634216309
830,65.0,31.65705108642578
831,110.0,68.80147552490234
832,167.0,132.998779296875
833,242.0,199.43946838378906
834,322.0,265.9540710449219
835,420.0,343.01397705078125
836,521.0,410.0580749511719
837,623.0,458.36895751953125
838,720.0,532.4817504882812
839,801.0,688.0361328125
840,889.0,810.3231811523438
841,959.0,881.2186889648438
842,1025.0,919.275390625
843,1083.0,935.5589599609375
844,1139.0,937.4302368164062
845,1194.0,968.9376220703125
846,1221.0,1035.302734375
847,1247.0,1113.6927490234375
848,1266.0,1228.875
849,1278.0,1264.24365234375
850,1289.0,1258.101806640625
851,1298.0,1250.696044921875
852,1295.0,1291.3699951171875
853,1243.0,1294.610107421875
854,1210.0,1243.6944580078125
855,1130.0,1163.8768310546875
856,1080.0,1103.46484375
857,1015.0,1062.43798828125
858,305.0,912.7616577148438
859,249.0,789.3961791992188
860,231.0,661.0758056640625
861,162.0,521.6398315429688
862,136.0,408.6924743652344
863,87.0,316.96856689453125
864,88.0,257.8978576660156
865,78.0,193.90777587890625
866,9.0,121.12760162353516
867,0.0,57.593849182128906
868,0.0,9.489049911499023
869,0.0,2.703756332397461
870,0.0,1.513101577758789
871,0.0,1.1151657104492188
872,0.0,0.8490791320800781
873,0.0,0.8516826629638672
874,0.0,0.684356689453125
875,0.0,0.7144527435302734
876,0.0,0.7014961242675781
877,0.0,0.6958904266357422
878,0.0,0.7164516448974609
879,0.0,0.7563934326171875
880,0.0,0.7736587524414062
881,0.0,0.7229385375976562
882,0.0,0.60009765625
883,0.0,0.6978054046630859
884,0.0,0.7462596893310547
885,0.0,0.7322998046875
886,0.0,0.7135887145996094
887,0.0,0.7393760681152344
888,0.0,0.7612266540527344
889,0.0,0.7231998443603516
890,0.0,0.7089138031005859
891,0.0,0.738006591796875
892,0.0,0.7338924407958984
893,0.0,-0.14382553100585938
894,0.0,-0.6415176391601562
895,0.0,-0.9199466705322266
896,0.0,-1.0923938751220703
897,0.0,-1.2762451171875
898,0.0,-1.4210033416748047
899,0.0,-1.4765968322753906
900,0.0,-1.5709686279296875
901,0.0,-1.6962661743164062
902,0.0,-1.7736701965332031
903,0.0,-1.9876117706298828
904,0.0,-2.178966522216797
905,0.0,-2.365345001220703
906,0.0,-2.436666488647461
907,0.0,-2.5313148498535156
908,0.0,-2.5959911346435547
909,0.0,-2.6411266326904297
910,0.0,-2.570484161376953
911,0.0,-2.51708984375
912,0.0,-2.4353160858154297
913,0.0,-2.230792999267578
914,0.0,-2.1283035278320312
915,0.0,-2.227651596069336
916,0.0,-2.0427017211914062
917,0.0,-1.7811355590820312
918,0.0,-1.6611614227294922
919,0.0,-1.5915813446044922
920,0.0,-0.6756973266601562
921,0.0,0.4816780090332031
922,0.0,1.4655742645263672
923,0.0,2.8951568603515625
924,1.0,8.23117733001709
925,20.0,24.30213165283203
926,66.0,52.172027587890625
927,116.0,93.00566101074219
928,194.0,135.27450561523438
929,253.0,176.67129516601562
930,319.0,243.88812255859375
931,405.0,343.0548095703125
932,510.0,433.851806640625
933,615.0,515.118408203125
934,724.0,607.8014526367188
935,815.0,698.1883544921875
936,884.0,824.9332275390625
937,958.0,961.1182861328125
938,1022.0,1030.928466796875
939,1080.0,1085.42333984375
940,1128.0,1150.1846923828125
941,1170.0,1181.8948974609375
942,1210.0,1216.1434326171875
943,1238.0,1263.4898681640625
944,1262.0,1326.13720703125
945,1279.0,1354.4144287109375
946,1285.0,1377.0294189453125
947,1291.0,1398.0380859375
948,1274.0,1413.814208984375
949,1224.0,1381.086181640625
950,1195.0,1357.98388671875
951,1151.0,1361.0843505859375
952,1126.0,1373.466064453125
953,1100.0,1338.0460205078125
954,1063.0,1249.69384765625
955,984.0,1126.396240234375
956,884.0,1002.598388671875
957,702.0,821.4859619140625
958,503.0,614.075927734375
959,384.0,420.4669494628906
960,245.0,269.76336669921875
961,60.0,166.4190216064453
962,23.0,79.97525024414062
963,3.0,32.39772033691406
964,0.0,7.156000137329102
965,0.0,3.6053295135498047
966,0.0,2.4622249603271484
967,0.0,1.8673553466796875
968,0.0,1.3492889404296875
969,0.0,1.220865249633789
970,0.0,1.0811920166015625
971,0.0,1.0223007202148438
972,0.0,0.9744281768798828
973,0.0,0.9193077087402344
974,0.0,0.8036003112792969
975,0.0,0.8780708312988281
976,0.0,0.9070148468017578
977,0.0,0.89520263671875
978,0.0,0.9503059387207031
979,0.0,0.9162521362304688
980,0.0,0.8856239318847656
981,0.0,0.7814216613769531
982,0.0,0.6974315643310547
983,0.0,0.6388912200927734
984,0.0,0.5724716186523438
985,0.0,0.4386177062988281
986,0.0,0.32155418395996094
987,0.0,0.36981201171875
988,0.0,0.3769073486328125
989,0.0,-0.3332843780517578
990,0.0,-0.8712577819824219
991,0.0,-1.0560550689697266
992,0.0,-1.173635482788086
993,0.0,-1.3086261749267578
994,0.0,-1.4674835205078125
995,0.0,-1.5814933776855469
996,0.0,-1.7131004333496094
997,0.0,-1.8731422424316406
998,0.0,-1.9618091583251953
999,0.0,-2.1390018463134766
1000,0.0,-2.2579421997070312
1001,0.0,-2.333484649658203
1002,0.0,-2.3191089630126953
1003,0.0,-2.363279342651367
1004,0.0,-2.370645523071289
1005,0.0,-2.404071807861328
1006,0.0,-2.374736785888672
1007,0.0,-2.3923473358154297
1008,0.0,-2.3244190216064453
1009,0.0,-2.2112274169921875
1010,0.0,-2.0980472564697266
1011,0.0,-2.0777549743652344
1012,0.0,-1.7879467010498047
1013,0.0,-1.2951412200927734
1014,0.0,-1.0840778350830078
1015,0.0,-0.9015254974365234
1016,0.0,0.3631439208984375
1017,0.0,1.7645244598388672
1018,0.0,2.7796154022216797
1019,0.0,4.523929595947266
1020,1.0,10.894177436828613
1021,14.0,23.2907772064209
1022,44.0,49.922882080078125
1023,93.0,93.56719207763672
1024,155.0,149.08079528808594
1025,234.0,209.9517059326172
1026,316.0,295.5739440917969
1027,415.0,396.8429260253906
1028,510.0,487.1040344238281
1029,608.0,572.1248168945312
1030,715.0,658.6652221679688
1031,826.0,727.6757202148438
1032,887.0,809.9281005859375
1033,966.0,913.0394897460938
1034,1034.0,1018.5117797851562
1035,1117.0,1101.0418701171875
1036,1118.0,1160.39306640625
1037,1166.0,1180.21875
1038,1212.0,1205.5562744140625
1039,1216.0,1241.8885498046875
1040,1247.0,1298.72509765625
1041,1282.0,1327.6834716796875
1042,1280.0,1359.1976318359375
1043,1251.0,1387.984375
1044,1278.0,1416.55078125
1045,1205.0,1426.2166748046875
1046,1209.0,1423.5853271484375
1047,1120.0,1410.2364501953125
1048,1051.0,1386.9420166015625
1049,963.0,1360.2249755859375
1050,853.0,1325.66455078125
1051,945.0,1225.1246337890625
1052,899.0,955.4080810546875
1053,683.0,704.822021484375
1054,538.0,520.159912109375
1055,320.0,357.7397155761719
1056,169.0,213.36224365234375
1057,34.0,111.19947052001953
1058,15.0,53.43852233886719
1059,4.0,19.529449462890625
1060,0.0,6.7717742919921875
1061,0.0,5.0303955078125
1062,0.0,3.7954368591308594
1063,0.0,2.784626007080078
1064,0.0,1.9834632873535156
1065,0.0,1.6293258666992188
1066,0.0,1.3532428741455078
1067,0.0,1.3680419921875
1068,0.0,1.2989063262939453
1069,0.0,1.2227916717529297
1070,0.0,1.138833999633789
1071,0.0,1.256235122680664
1072,0.0,1.3365764617919922
1073,0.0,1.3925209045410156
1074,0.0,1.3123283386230469
1075,0.0,1.2468299865722656
1076,0.0,1.177825927734375
1077,0.0,1.0609664916992188
1078,0.0,1.0235862731933594
1079,0.0,0.9986438751220703
1080,0.0,0.9596538543701172
1081,0.0,0.8737812042236328
1082,0.0,0.9217624664306641
1083,0.0,1.1226043701171875
1084,0.0,1.3061275482177734
1085,0.0,-0.1661052703857422
1086,0.0,-0.6477756500244141
1087,0.0,-0.8074359893798828
1088,0.0,-0.9081134796142578
1089,0.0,-0.9938507080078125
1090,0.0,-1.0444793701171875
1091,0.0,-1.0565376281738281
1092,0.0,-1.0324459075927734
1093,0.0,-0.9677333831787109
1094,0.0,-1.1441421508789062
1095,0.0,-1.2944602966308594
1096,0.0,-1.39453125
1097,0.0,-1.4281501770019531
1098,0.0,-1.5318641662597656
1099,0.0,-1.5948772430419922
1100,0.0,-1.7251129150390625
1101,0.0,-1.5754241943359375
1102,0.0,-1.625234603881836
1103,0.0,-1.722921371459961
1104,0.0,-1.8118133544921875
1105,0.0,-1.5866718292236328
1106,0.0,-1.4808063507080078
1107,0.0,-1.2883167266845703
1108,0.0,-0.40142250061035156
1109,0.0,-0.04485893249511719
1110,0.0,0.07226753234863281
1111,0.0,0.1586742401123047
1112,0.0,1.0074577331542969
1113,0.0,1.5811901092529297
1114,0.0,2.0024967193603516
1115,2.0,2.721935272216797
1116,9.0,5.959403991699219
1117,47.0,9.347139358520508
1118,107.0,19.547513961791992
1119,121.0,48.65264892578125
1120,185.0,118.13206481933594
1121,213.0,190.38540649414062
1122,230.0,291.56378173828125
1123,361.0,417.4133605957031
1124,498.0,503.67913818359375
1125,626.0,572.3121948242188
1126,728.0,641.0126953125
1127,818.0,706.1920776367188
1128,927.0,772.0453491210938
1129,871.0,867.9125366210938
1130,1048.0,970.3231201171875
1131,1134.0,1070.6971435546875
1132,1071.0,1154.3233642578125
1133,836.0,1191.281982421875
1134,1183.0,1234.2044677734375
1135,1264.0,1287.2427978515625
1136,1309.0,1334.0347900390625
1137,1352.0,1369.2342529296875
1138,1251.0,1400.975341796875
1139,1366.0,1414.12451171875
1140,1319.0,1417.6485595703125
1141,1168.0,1340.904541015625
1142,1267.0,1274.92431640625
1143,766.0,1223.592041015625
1144,1032.0,1138.83544921875
1145,990.0,993.8132934570312
1146,919.0,760.3416137695312
1147,824.0,479.2396545410156
1148,505.0,325.924072265625
1149,222.0,323.811279296875
1150,204.0,255.5481414794922
1151,163.0,200.34487915039062
1152,137.0,132.04360961914062
1153,82.0,76.73543548583984
1154,11.0,41.55897521972656
1155,2.0,14.545299530029297
1156,2.0,0.8521251678466797
1157,0.0,0.3433837890625
1158,0.0,0.04067420959472656
1159,0.0,-0.1951160430908203
1160,0.0,-0.46006011962890625
1161,0.0,-0.4357738494873047
1162,0.0,-0.4871101379394531
1163,0.0,-0.48139381408691406
1164,0.0,-0.5133285522460938
1165,0.0,-0.4984474182128906
1166,0.0,-0.5044994354248047
1167,0.0,-0.490966796875
1168,0.0,-0.4868354797363281
1169,0.0,-0.4674034118652344
1170,0.0,-0.5054092407226562
1171,0.0,-0.503204345703125
1172,0.0,-0.45466041564941406
1173,0.0,-0.3408927917480469
1174,0.0,-0.19402313232421875
1175,0.0,-0.1753864288330078
1176,0.0,-0.1796894073486328
1177,0.0,-0.16315650939941406
1178,0.0,-0.15654373168945312
1179,0.0,-0.1542491912841797
1180,0.0,-0.15636253356933594
1181,0.0,0.1677703857421875
1182,0.0,0.04923439025878906
1183,0.0,-0.23003005981445312
1184,0.0,-0.4868507385253906
1185,0.0,-0.6821975708007812
1186,0.0,-0.5306739807128906
1187,0.0,-0.3304424285888672
1188,0.0,-0.08645248413085938
1189,0.0,0.2222309112548828
1190,0.0,0.3039875030517578
1191,0.0,0.31295013427734375
1192,0.0,0.2257366180419922
1193,0.0,0.35773658752441406
1194,0.0,-0.02291107177734375
1195,0.0,-0.5500507354736328
1196,0.0,-1.1274871826171875
1197,0.0,-1.400014877319336
1198,0.0,-1.6169719696044922
1199,0.0,-1.5423603057861328
1200,0.0,-1.5049591064453125
1201,0.0,-1.0972938537597656
1202,0.0,-0.87774658203125
1203,0.0,-0.6967239379882812
1204,0.0,-0.4060840606689453
1205,0.0,0.25090980529785156
1206,0.0,0.528228759765625
1207,0.0,0.6896877288818359
1208,0.0,1.5187206268310547
1209,0.0,3.4003334045410156
1210,0.0,7.224020004272461
1211,0.0,13.690399169921875
1212,1.0,24.564210891723633
1213,4.0,31.191356658935547
1214,12.0,56.672752380371094
1215,17.0,105.20759582519531
1216,51.0,151.18179321289062
1217,59.0,186.11099243164062
1218,83.0,220.8428497314453
1219,122.0,254.8788299560547
1220,171.0,284.1164855957031
1221,184.0,306.1390075683594
1222,257.0,323.8991394042969
1223,303.0,343.2211608886719
1224,414.0,373.6811828613281
1225,458.0,427.3802185058594
1226,611.0,646.427978515625
1227,645.0,926.2630004882812
1228,559.0,1056.0513916015625
1229,798.0,1134.0064697265625
1230,1005.0,1227.142822265625
1231,1012.0,1299.4500732421875
1232,1353.0,1353.90185546875
1233,1348.0,1370.204345703125
1234,1118.0,1368.5675048828125
1235,955.0,1348.1923828125
1236,1508.0,1295.6153564453125
1237,520.0,1203.033447265625
1238,431.0,1142.622314453125
1239,354.0,1029.93408203125
1240,1111.0,640.2703857421875
1241,520.0,485.63336181640625
1242,256.0,393.44482421875
1243,238.0,317.60394287109375
1244,542.0,242.8299102783203
1245,248.0,184.06236267089844
1246,298.0,127.91251373291016
1247,317.0,77.42687225341797
1248,173.0,39.233619689941406
1249,55.0,19.133750915527344
1250,35.0,8.486254692077637
1251,10.0,4.142723083496094
1252,3.0,1.6447486877441406
1253,0.0,1.4785175323486328
1254,0.0,1.1714820861816406
1255,0.0,0.9377231597900391
1256,0.0,0.7359733581542969
1257,0.0,0.640472412109375
1258,0.0,0.43356895446777344
1259,0.0,0.27448463439941406
1260,0.0,0.14303970336914062
1261,0.0,0.09177017211914062
1262,0.0,0.18166351318359375
1263,0.0,0.4131298065185547
1264,0.0,0.7033023834228516
1265,0.0,1.0244522094726562
1266,0.0,1.0695991516113281
1267,0.0,1.159433364868164
1268,0.0,1.2771873474121094
1269,0.0,1.38037109375
1270,0.0,1.3615036010742188
1271,0.0,1.3145389556884766
1272,0.0,1.2402973175048828
1273,0.0,1.1518783569335938
1274,0.0,1.0778274536132812
1275,0.0,1.0125484466552734
1276,0.0,0.9404506683349609
1277,0.0,0.1113739013671875
1278,0.0,0.026208877563476562
1279,0.0,0.03832054138183594
1280,0.0,0.03191566467285156
1281,0.0,0.0074214935302734375
1282,0.0,-0.09941291809082031
1283,0.0,-0.1958942413330078
1284,0.0,-0.2769203186035156
1285,0.0,-0.335968017578125
1286,0.0,-0.3814525604248047
1287,0.0,-0.45281219482421875
1288,0.0,-0.5912265777587891
1289,0.0,-0.6276397705078125
1290,0.0,-0.8111953735351562
1291,0.0,-0.9719696044921875
1292,0.0,-1.1104393005371094
1293,0.0,-1.2484855651855469
1294,0.0,-1.0543689727783203
1295,0.0,-0.6417140960693359
1296,0.0,-0.4121437072753906
1297,0.0,-0.07330513000488281
1298,0.0,0.011129379272460938
1299,0.0,0.12029647827148438
1300,0.0,0.21780014038085938
1301,0.0,0.7974128723144531
1302,0.0,1.3810291290283203
1303,0.0,2.2998924255371094
1304,0.0,3.705354690551758
1305,0.0,4.240303039550781
1306,0.0,6.350645065307617
1307,0.0,10.030166625976562
1308,0.0,17.268247604370117
1309,2.0,35.10675048828125
1310,8.0,87.7284164428711
1311,9.0,163.05482482910156
1312,33.0,213.38084411621094
1313,87.0,249.6230926513672
1314,156.0,288.1161193847656
1315,179.0,335.3891296386719
1316,182.0,400.21697998046875
1317,270.0,457.6009826660156
1318,276.0,537.2657470703125
1319,361.0,618.5165405273438
1320,748.0,635.2106323242188
1321,424.0,635.7415771484375
1322,526.0,648.240234375
1323,485.0,677.0515747070312
1324,1085.0,723.4520874023438
1325,669.0,777.4827880859375
1326,477.0,955.199462890625
1327,521.0,1035.4713134765625
1328,452.0,920.697509765625
1329,570.0,955.5485229492188
1330,632.0,973.3118896484375
1331,660.0,972.5462036132812
1332,695.0,964.2356567382812
1333,639.0,915.5335693359375
1334,457.0,1096.5733642578125
1335,371.0,1171.325927734375
1336,381.0,1083.6170654296875
1337,362.0,961.0069580078125
1338,337.0,631.6100463867188
1339,290.0,446.2994689941406
1340,251.0,297.65594482421875
1341,299.0,220.15757751464844
1342,185.0,156.6131591796875
1343,129.0,87.6230697631836
1344,88.0,43.020118713378906
1345,73.0,19.015268325805664
1346,35.0,7.409343719482422
1347,7.0,3.1994762420654297
1348,0.0,0.9464149475097656
1349,0.0,0.8369731903076172
1350,0.0,0.7710723876953125
1351,0.0,0.8027915954589844
1352,0.0,0.8107986450195312
1353,0.0,0.9077854156494141
1354,0.0,0.3228797912597656
1355,0.0,0.23064804077148438
1356,0.0,0.12241554260253906
1357,0.0,0.13965797424316406
1358,0.0,0.15604782104492188
1359,0.0,0.18921852111816406
1360,0.0,0.1844158172607422
1361,0.0,0.11628913879394531
1362,0.0,0.13409805297851562
1363,0.0,0.049137115478515625
1364,0.0,-0.0218505859375
1365,0.0,-0.06177711486816406
1366,0.0,-0.16539382934570312
1367,0.0,-0.2269763946533203
1368,0.0,-0.2382526397705078
1369,0.0,-0.1781158447265625
1370,0.0,-0.12007331848144531
1371,0.0,-0.10816383361816406
1372,0.0,-0.08746719360351562
1373,0.0,-0.6044540405273438
1374,0.0,-0.7570896148681641
1375,0.0,-0.8696498870849609
1376,0.0,-0.9901676177978516
1377,0.0,-1.0743675231933594
1378,0.0,-1.1876506805419922
1379,0.0,-1.0451202392578125
1380,0.0,-0.9677257537841797
1381,0.0,-0.7837963104248047
1382,0.0,-0.5981864929199219
1383,0.0,-0.44460105895996094
1384,0.0,-0.3523292541503906
1385,0.0,-0.14005088806152344
1386,0.0,0.33465576171875
1387,0.0,0.5883560180664062
1388,0.0,0.595123291015625
1389,0.0,0.7347373962402344
1390,0.0,0.708740234375
1391,0.0,0.6583652496337891
1392,0.0,0.6040191650390625
1393,0.0,0.9333553314208984
1394,0.0,0.9833316802978516
1395,0.0,0.9410591125488281
1396,0.0,0.6023483276367188
1397,0.0,0.16643142700195312
1398,0.0,-0.36096763610839844
1399,0.0,-0.7203845977783203
1400,0.0,-0.8377952575683594
1401,0.0,-0.5168724060058594
1402,0.0,0.1773090362548828
1403,0.0,1.5286293029785156
1404,1.0,4.195224761962891
1405,5.0,9.152887344360352
1406,15.0,16.67606544494629
1407,29.0,26.993228912353516
1408,74.0,44.908477783203125
1409,41.0,70.15241241455078
1410,42.0,122.08016204833984
1411,88.0,199.2227020263672
1412,90.0,277.74774169921875
1413,102.0,296.1893615722656
1414,136.0,247.3187255859375
1415,120.0,227.31063842773438
1416,152.0,216.55258178710938
1417,137.0,209.4224853515625
1418,101.0,204.79058837890625
1419,240.0,201.62193298339844
1420,515.0,202.11965942382812
1421,334.0,196.2006378173828
1422,309.0,189.86715698242188
1423,279.0,186.1786346435547
1424,329.0,188.34698486328125
1425,245.0,196.00927734375
1426,292.0,200.14801025390625
1427,304.0,205.45973205566406
1428,383.0,215.26271057128906
1429,412.0,215.04205322265625
1430,392.0,208.65106201171875
1431,364.0,201.94073486328125
1432,283.0,194.46466064453125
1433,209.0,166.78680419921875
1434,210.0,151.394775390625
1435,185.0,135.2656707763672
1436,122.0,108.2956771850586
1437,103.0,82.57638549804688
1438,70.0,45.401893615722656
1439,48.0,28.436899185180664
1440,13.0,9.51356315612793
1441,9.0,3.0668678283691406
1442,4.0,1.3811092376708984
1443,1.0,0.895782470703125
1444,0.0,0.7181930541992188
1445,0.0,0.7152175903320312
1446,0.0,0.455780029296875
1447,0.0,0.2670459747314453
1448,0.0,0.077789306640625
1449,0.0,-0.11289405822753906
1450,0.0,-0.22560501098632812
1451,0.0,-0.25586891174316406
1452,0.0,-0.28321075439453125
1453,0.0,-0.3063392639160156
1454,0.0,-0.13001060485839844
1455,0.0,0.11190605163574219
1456,0.0,0.3253803253173828
1457,0.0,0.5173568725585938
1458,0.0,0.4625053405761719
1459,0.0,0.383758544921875
1460,0.0,0.2550926208496094
1461,0.0,0.13028717041015625
1462,0.0,0.40354156494140625
1463,0.0,0.5882167816162109
1464,0.0,0.6971969604492188
1465,0.0,0.8169536590576172
1466,0.0,0.7662868499755859
1467,0.0,0.7221755981445312
1468,0.0,0.6586513519287109
1469,0.0,0.41886329650878906
1470,0.0,-0.7216148376464844
1471,0.0,-0.6759624481201172
1472,0.0,-0.8651962280273438
1473,0.0,-0.8280258178710938
1474,0.0,-0.9146518707275391
1475,0.0,-0.9352149963378906
1476,0.0,-1.0038833618164062
1477,0.0,-1.1138191223144531
1478,0.0,-1.1865520477294922
1479,0.0,-1.3157520294189453
1480,0.0,-1.5799827575683594
1481,0.0,-1.6285781860351562
1482,0.0,-1.6256675720214844
1483,0.0,-1.6639862060546875
1484,0.0,-1.6682872772216797
1485,0.0,-1.7300758361816406
1486,0.0,-1.7246322631835938
1487,0.0,-1.7777442932128906
1488,0.0,-1.7175312042236328
1489,0.0,-1.703460693359375
1490,0.0,-1.6321964263916016
1491,0.0,-1.6563167572021484
1492,0.0,-1.4017906188964844
1493,0.0,-1.2149410247802734
1494,0.0,-1.0755596160888672
1495,0.0,-0.9474411010742188
1496,0.0,-0.06105232238769531
1497,0.0,0.8594551086425781
1498,0.0,3.3977489471435547
1499,0.0,10.464134216308594
1500,0.0,32.750572204589844
1501,1.0,72.68800354003906
1502,16.0,142.37518310546875
1503,63.0,219.5874786376953
1504,125.0,300.11474609375
1505,201.0,395.1751403808594
1506,282.0,492.2760314941406
1507,378.0,595.078857421875
1508,484.0,681.2789306640625
1509,592.0,776.9158325195312
1510,698.0,872.822998046875
1511,805.0,920.8016967773438
1512,890.0,982.910888671875
1513,966.0,1027.934814453125
1514,1032.0,1069.4912109375
1515,1097.0,1118.0592041015625
1516,1148.0,1202.6046142578125
1517,1188.0,1226.0360107421875
1518,1234.0,1245.1265869140625
1519,1269.0,1264.3426513671875
1520,1296.0,1296.2288818359375
1521,1315.0,1306.317626953125
1522,1327.0,1315.357177734375
1523,1326.0,1324.5853271484375
1524,1304.0,1346.10791015625
1525,1230.0,1359.884521484375
1526,1182.0,1362.974365234375
1527,1141.0,1331.650146484375
1528,1120.0,1308.8543701171875
1529,1079.0,1250.19873046875
1530,1037.0,1166.9947509765625
1531,956.0,1102.7845458984375
1532,647.0,1052.1998291015625
1533,619.0,877.0277099609375
1534,370.0,486.4006042480469
1535,247.0,201.5862579345703
1536,74.0,57.42646026611328
1537,37.0,31.03015899658203
1538,11.0,14.602118492126465
1539,0.0,5.846441268920898
1540,0.0,1.924276351928711
1541,0.0,1.4254951477050781
1542,0.0,0.9815521240234375
1543,0.0,0.9103584289550781
1544,0.0,0.869049072265625
1545,0.0,0.9157390594482422
1546,0.0,0.8853816986083984
1547,0.0,0.8950042724609375
1548,0.0,0.8906021118164062
1549,0.0,0.9050006866455078
1550,0.0,0.9795398712158203
1551,0.0,0.9923629760742188
1552,0.0,1.0345573425292969
1553,0.0,1.0784778594970703
1554,0.0,0.6772670745849609
1555,0.0,0.662872314453125
1556,0.0,0.4411811828613281
1557,0.0,0.4293556213378906
1558,0.0,0.5718288421630859
1559,0.0,0.5884571075439453
1560,0.0,0.5556488037109375
1561,0.0,0.5523834228515625
1562,0.0,0.3935718536376953
1563,0.0,0.27614593505859375
1564,0.0,0.19794845581054688
1565,0.0,-0.2549610137939453
1566,0.0,-0.33695030212402344
1567,0.0,-0.2964305877685547
1568,0.0,-0.1685771942138672
1569,0.0,-0.0052490234375
1570,0.0,0.09206962585449219
1571,0.0,0.0468902587890625
1572,0.0,-0.01950836181640625
1573,0.0,-0.04171180725097656
1574,0.0,-0.09335517883300781
1575,0.0,-0.14060020446777344
1576,0.0,-0.2517566680908203
1577,0.0,-0.2727470397949219
1578,0.0,-0.2036113739013672
1579,0.0,-0.07979965209960938
1580,0.0,0.06706809997558594
1581,0.0,0.4000377655029297
1582,0.0,0.6564273834228516
1583,0.0,0.8178596496582031
1584,0.0,0.9462776184082031
1585,0.0,1.3331966400146484
1586,0.0,1.5762004852294922
1587,0.0,1.7361183166503906
1588,0.0,1.8765983581542969
1589,0.0,2.251443862915039
1590,0.0,2.435436248779297
1591,0.0,2.5235519409179688
1592,0.0,2.593503952026367
1593,0.0,2.931304931640625
1594,0.0,3.530153274536133
1595,0.0,4.377834320068359
1596,0.0,5.711193084716797
1597,0.0,7.698343276977539
1598,0.0,10.298477172851562
1599,6.0,14.413701057434082
1600,11.0,23.458219528198242
1601,16.0,43.15993118286133
1602,102.0,76.06201171875
1603,163.0,112.58588409423828
1604,207.0,123.14364624023438
1605,147.0,128.90234375
1606,112.0,140.24514770507812
1607,164.0,151.1494140625
1608,216.0,161.1705322265625
1609,248.0,169.60366821289062
1610,303.0,185.75445556640625
1611,423.0,224.16688537597656
1612,478.0,299.908447265625
1613,424.0,392.490234375
1614,417.0,458.2782897949219
1615,341.0,482.98602294921875
1616,354.0,479.2378845214844
1617,522.0,469.3480529785156
1618,598.0,489.1132507324219
1619,543.0,527.8999633789062
1620,630.0,558.7139282226562
1621,657.0,521.4207153320312
1622,506.0,479.3479919433594
1623,566.0,436.3739013671875
1624,373.0,371.14306640625
1625,413.0,302.7371826171875
1626,467.0,238.20848083496094
1627,455.0,195.03109741210938
1628,155.0,168.92481994628906
1629,75.0,136.04592895507812
1630,67.0,96.37203979492188
1631,61.0,57.66938018798828
1632,46.0,23.563087463378906
1633,29.0,7.402462005615234
1634,9.0,1.580169677734375
1635,3.0,0.20953369140625
1636,0.0,-0.219146728515625
1637,0.0,-0.36193275451660156
1638,0.0,-0.5357284545898438
1639,0.0,-0.6094875335693359
1640,0.0,-0.6454792022705078
1641,0.0,-0.6534900665283203
1642,0.0,-0.5606174468994141
1643,0.0,-0.3645610809326172
1644,0.0,-0.1775054931640625
1645,0.0,0.00060272216796875
1646,0.0,-0.044269561767578125
1647,0.0,-0.10399246215820312
1648,0.0,-0.1648101806640625
1649,0.0,-0.15841102600097656
1650,0.0,0.25438690185546875
1651,0.0,0.7777118682861328
1652,0.0,1.1920833587646484
1653,0.0,1.451589584350586
1654,0.0,1.080718994140625
1655,0.0,1.1836013793945312
1656,0.0,1.2486209869384766
1657,0.0,1.3203353881835938
1658,0.0,1.3600425720214844
1659,0.0,1.3406105041503906
1660,0.0,1.3653450012207031
1661,0.0,0.19898033142089844
1662,0.0,-0.3924541473388672
1663,0.0,-0.423248291015625
1664,0.0,-0.46743202209472656
1665,0.0,-0.4701652526855469
1666,0.0,-0.4510765075683594
1667,0.0,-0.4435234069824219
1668,0.0,-0.39133453369140625
1669,0.0,-0.3420600891113281
1670,0.0,-0.3371295928955078
1671,0.0,-0.36945152282714844
1672,0.0,-0.4337043762207031
1673,0.0,-0.40955352783203125
1674,0.0,-0.3483161926269531
1675,0.0,-0.30272483825683594
1676,0.0,-0.29636192321777344
1677,0.0,-0.1860370635986328
1678,0.0,-0.1589946746826172
1679,0.0,-0.14428329467773438
1680,0.0,-0.1486358642578125
1681,0.0,-0.07057952880859375
1682,0.0,-0.06634140014648438
1683,0.0,-0.06750297546386719
1684,0.0,-0.030714035034179688
1685,0.0,0.1544475555419922
1686,0.0,0.23247528076171875
1687,0.0,0.3024425506591797
1688,0.0,0.6062660217285156
1689,0.0,0.8592185974121094
1690,0.0,1.459329605102539
1691,0.0,2.820066452026367
1692,0.0,6.586816787719727
1693,4.0,12.634242057800293
1694,19.0,28.64879035949707
1695,85.0,75.67979431152344
1696,138.0,193.67694091796875
1697,200.0,333.3907165527344
1698,277.0,473.9484558105469
1699,352.0,598.2841186523438
1700,447.0,697.8104248046875
1701,515.0,769.63427734375
1702,598.0,834.9482421875
1703,730.0,926.2318725585938
1704,834.0,1049.8677978515625
1705,900.0,1146.10693359375
1706,882.0,1213.199951171875
1707,953.0,1255.593017578125
1708,1041.0,1293.6727294921875
1709,1143.0,1309.7296142578125
1710,1278.0,1323.4903564453125
1711,1302.0,1336.929443359375
1712,1185.0,1354.464111328125
1713,1212.0,1361.1444091796875
1714,1232.0,1362.82421875
1715,1247.0,1350.4404296875
1716,1260.0,1316.033935546875
1717,1138.0,1281.4798583984375
1718,1155.0,1256.4832763671875
1719,1130.0,1239.17041015625
1720,1102.0,1222.6365966796875
1721,1114.0,1192.449462890625
1722,1027.0,1117.6705322265625
1723,962.0,944.4415283203125
1724,832.0,738.0928955078125
1725,635.0,555.3194580078125
1726,366.0,409.50616455078125
1727,236.0,233.0647735595703
1728,73.0,70.5566177368164
1729,56.0,33.43375778198242
1730,23.0,14.33865737915039
1731,5.0,5.239871978759766
1732,1.0,2.3071060180664062
1733,0.0,2.1960525512695312
1734,0.0,2.2006683349609375
1735,0.0,2.393472671508789
1736,0.0,2.425567626953125
1737,0.0,2.418384552001953
1738,0.0,2.318063735961914
1739,0.0,2.261598587036133
1740,0.0,2.2273082733154297
1741,0.0,2.211963653564453
1742,0.0,2.1615257263183594
1743,0.0,2.15155029296875
1744,0.0,2.1418190002441406
1745,0.0,2.118795394897461
1746,0.0,2.0932445526123047
1747,0.0,2.0892276763916016
1748,0.0,2.0801334381103516
1749,0.0,2.061574935913086
1750,0.0,2.036396026611328
1751,0.0,2.0247650146484375
1752,0.0,2.0171566009521484
1753,0.0,2.0213680267333984
1754,0.0,2.006847381591797
1755,0.0,2.012880325317383
1756,0.0,2.007833480834961
1757,0.0,0.4958686828613281
1758,0.0,0.07159614562988281
1759,0.0,-0.15201187133789062
1760,0.0,-0.23017311096191406
1761,0.0,-0.2956676483154297
1762,0.0,-0.33446311950683594
1763,0.0,-0.3523750305175781
1764,0.0,-0.3543815612792969
1765,0.0,-0.3514671325683594
1766,0.0,-0.4510498046875
1767,0.0,-0.6256427764892578
1768,0.0,-0.947296142578125
1769,0.0,-1.098123550415039
1770,0.0,-1.1998329162597656
1771,0.0,-1.1984367370605469
1772,0.0,-1.2320098876953125
1773,0.0,-1.218191146850586
1774,0.0,-1.166818618774414
1775,0.0,-1.0340404510498047
1776,0.0,-0.8661594390869141
1777,0.0,-0.5234165191650391
1778,0.0,-0.2747516632080078
1779,0.0,-0.022562026977539062
1780,0.0,0.5243473052978516
1781,0.0,0.8126869201660156
1782,0.0,0.9498310089111328
1783,0.0,1.1279277801513672
1784,0.0,1.6659908294677734
1785,0.0,1.8426685333251953
1786,0.0,2.3162975311279297
1787,0.0,3.361042022705078
1788,0.0,5.877326965332031
1789,5.0,10.26445198059082
1790,13.0,20.82135009765625
1791,32.0,41.10166931152344
1792,70.0,58.125732421875
1793,101.0,67.84554290771484
1794,165.0,86.76947784423828
1795,186.0,118.32332611083984
1796,217.0,131.98133850097656
1797,236.0,136.08360290527344
1798,283.0,125.5931625366211
1799,364.0,123.97632598876953
1800,334.0,138.29551696777344
1801,389.0,119.1788330078125
1802,423.0,112.19155883789062
1803,490.0,116.52629089355469
1804,524.0,119.44245147705078
1805,845.0,124.75325775146484
1806,1158.0,144.30718994140625
1807,873.0,267.6970520019531
1808,475.0,261.80963134765625
1809,381.0,130.2217254638672
1810,348.0,116.63683319091797
1811,363.0,113.98633575439453
1812,356.0,112.14111328125
1813,328.0,104.99839782714844
1814,310.0,95.88949584960938
1815,279.0,89.16631317138672
1816,272.0,83.90139770507812
1817,237.0,75.00007629394531
1818,202.0,68.51237487792969
1819,202.0,61.2919921875
1820,168.0,54.75226593017578
1821,152.0,47.87016296386719
1822,94.0,39.19301986694336
1823,59.0,16.431480407714844
1824,38.0,4.363744735717773
1825,13.0,1.766336441040039
1826,2.0,0.8274440765380859
1827,0.0,0.5102329254150391
1828,0.0,0.40521240234375
1829,0.0,0.7616958618164062
1830,0.0,0.8038063049316406
1831,0.0,0.8097705841064453
1832,0.0,0.8824958801269531
1833,0.0,1.0647315979003906
1834,0.0,1.0181083679199219
1835,0.0,1.1104602813720703
1836,0.0,1.173736572265625
1837,0.0,1.2452239990234375
1838,0.0,1.2978038787841797
1839,0.0,1.3787078857421875
1840,0.0,1.434499740600586
1841,0.0,1.4595184326171875
1842,0.0,1.3965187072753906
1843,0.0,1.4198379516601562
1844,0.0,1.4300556182861328
1845,0.0,1.410543441772461
1846,0.0,1.3375682830810547
1847,0.0,1.3248939514160156
1848,0.0,1.2941246032714844
1849,0.0,1.2373790740966797
1850,0.0,1.1734485626220703
1851,0.0,1.167806625366211
1852,0.0,1.1421070098876953
1853,0.0,-0.11635780334472656
1854,0.0,-0.31026649475097656
1855,0.0,-0.5099029541015625
1856,0.0,-0.7411365509033203
1857,0.0,-0.9027538299560547
1858,0.0,-1.0572128295898438
1859,0.0,-1.1592674255371094
1860,0.0,-1.266775131225586
1861,0.0,-1.379495620727539
1862,0.0,-1.4593029022216797
1863,0.0,-1.532613754272461
1864,0.0,-1.6161060333251953
1865,0.0,-1.6822967529296875
1866,0.0,-1.728485107421875
1867,0.0,-1.7755184173583984
1868,0.0,-1.8005046844482422
1869,0.0,-1.8440284729003906
1870,0.0,-1.8764610290527344
1871,0.0,-1.9533748626708984
1872,0.0,-1.951507568359375
1873,0.0,-1.8933677673339844
1874,0.0,-1.8872013092041016
1875,0.0,-1.935129165649414
1876,0.0,-1.7731761932373047
1877,0.0,-1.3674068450927734
1878,0.0,-1.1307945251464844
1879,0.0,-0.9476718902587891
1880,0.0,-0.08620643615722656
1881,0.0,0.7320747375488281
1882,0.0,2.217376708984375
1883,0.0,5.440458297729492
1884,1.0,14.595488548278809
1885,7.0,27.365447998046875
1886,23.0,56.942405700683594
1887,81.0,112.91657257080078
1888,125.0,186.84640502929688
1889,200.0,263.919921875
1890,290.0,346.74957275390625
1891,373.0,420.6543884277344
1892,487.0,482.38323974609375
1893,586.0,553.3849487304688
1894,711.0,667.3515014648438
1895,781.0,835.70068359375
1896,842.0,966.072265625
1897,967.0,1045.6219482421875
1898,1006.0,1126.1871337890625
1899,1071.0,1194.060302734375
1900,1125.0,1249.8929443359375
1901,1183.0,1270.595947265625
1902,1181.0,1283.4736328125
1903,1222.0,1294.574462890625
1904,1290.0,1316.1932373046875
1905,1311.0,1315.019287109375
1906,1292.0,1310.0050048828125
1907,1287.0,1301.42529296875
1908,1220.0,1288.3406982421875
1909,1168.0,1249.49951171875
1910,1112.0,1210.910400390625
1911,1061.0,1177.00927734375
1912,998.0,1141.4635009765625
1913,771.0,1064.6568603515625
1914,722.0,917.4833984375
1915,431.0,774.3257446289062
1916,277.0,495.1295471191406
1917,238.0,365.9693908691406
1918,184.0,233.86541748046875
1919,153.0,125.69503784179688
1920,118.0,46.64485168457031
1921,67.0,15.742494583129883
1922,16.0,4.700160980224609
1923,3.0,2.426097869873047
1924,0.0,1.7947521209716797
1925,0.0,1.9178905487060547
1926,0.0,1.814046859741211
1927,0.0,1.776113510131836
1928,0.0,1.7234725952148438
1929,0.0,1.7945728302001953
1930,0.0,1.729043960571289
1931,0.0,1.7476215362548828
1932,0.0,1.7663459777832031
1933,0.0,1.8072166442871094
1934,0.0,1.7587337493896484
1935,0.0,1.7744941711425781
1936,0.0,1.804738998413086
1937,0.0,1.8197822570800781
1938,0.0,1.8124275207519531
1939,0.0,1.839273452758789
1940,0.0,1.8825035095214844
1941,0.0,1.9081783294677734
1942,0.0,1.8990192413330078
1943,0.0,1.906545639038086
1944,0.0,1.9021282196044922
1945,0.0,1.8948612213134766
1946,0.0,1.8858928680419922
1947,0.0,1.8990707397460938
1948,0.0,1.9085750579833984
1949,0.0,0.5958099365234375
1950,0.0,0.016279220581054688
1951,0.0,-0.28777503967285156
1952,0.0,-0.3991718292236328
1953,0.0,-0.4962272644042969
1954,0.0,-0.5711383819580078
1955,0.0,-0.6216487884521484
1956,0.0,-0.6540241241455078
1957,0.0,-0.6629638671875
1958,0.0,-0.6942005157470703
1959,0.0,-0.7161655426025391
1960,0.0,-0.9837532043457031
1961,0.0,-0.9163112640380859
1962,0.0,-0.9151668548583984
1963,0.0,-0.9090003967285156
1964,0.0,-0.9209518432617188
1965,0.0,-0.7886619567871094
1966,0.0,-0.7683639526367188
1967,0.0,-0.7389011383056641
1968,0.0,-0.7002391815185547
1969,0.0,-0.4293708801269531
1970,0.0,-0.3424720764160156
1971,0.0,-0.22985076904296875
1972,0.0,0.06655693054199219
1973,0.0,0.46850013732910156
1974,0.0,0.7312469482421875
1975,0.0,1.1426753997802734
1976,0.0,2.4223270416259766
1977,0.0,3.2960662841796875
1978,0.0,4.864965438842773
1979,0.0,7.796785354614258
1980,1.0,15.437963485717773
1981,0.0,22.32718849182129
1982,2.0,33.409523010253906
1983,3.0,50.983802795410156
1984,10.0,78.71131896972656
1985,16.0,96.4110107421875
1986,17.0,110.09237670898438
1987,20.0,112.3176498413086
1988,76.0,107.44966125488281
1989,84.0,112.51414489746094
1990,106.0,123.26016998291016
1991,107.0,142.0000762939453
1992,112.0,186.9918975830078
1993,115.0,285.83087158203125
1994,114.0,397.7059631347656
1995,146.0,525.9507446289062
1996,192.0,582.866943359375
1997,248.0,569.6539306640625
1998,233.0,565.9594116210938
1999,213.0,587.2893676757812
2000,217.0,631.51318359375
2001,224.0,661.57958984375
2002,216.0,688.919677734375
2003,198.0,666.0261840820312
2004,204.0,570.1241455078125
2005,167.0,483.26995849609375
2006,134.0,427.4195251464844
2007,127.0,381.1927795410156
2008,123.0,337.5439758300781
2009,101.0,305.31317138671875
2010,68.0,281.10498046875
2011,69.0,249.90728759765625
2012,74.0,198.3289337158203
2013,59.0,127.74650573730469
2014,40.0,73.46266174316406
2015,25.0,51.68512725830078
2016,7.0,15.389669418334961
2017,4.0,4.863559722900391
2018,1.0,1.3763751983642578
2019,0.0,0.4002399444580078
2020,0.0,0.05251121520996094
2021,0.0,-0.05324745178222656
2022,0.0,-0.1461944580078125
2023,0.0,-0.1444072723388672
2024,0.0,-0.1338939666748047
2025,0.0,-0.11355018615722656
2026,0.0,-0.138763427734375
2027,0.0,-0.11580467224121094
2028,0.0,-0.09542083740234375
2029,0.0,-0.0699462890625
2030,0.0,-0.08471870422363281
2031,0.0,-0.08073806762695312
2032,0.0,-0.07956886291503906
2033,0.0,-0.06235313415527344
2034,0.0,-0.0216217041015625
2035,0.0,0.025697708129882812
2036,0.0,0.06862258911132812
2037,0.0,0.1280059814453125
2038,0.0,0.1904010772705078
2039,0.0,0.24790382385253906
2040,0.0,0.3043556213378906
2041,0.0,0.3801136016845703
2042,0.0,0.47194480895996094
2043,0.0,0.5549488067626953
2044,0.0,0.6429672241210938
2045,0.0,0.7989330291748047
2046,0.0,0.8574180603027344
2047,0.0,0.6235771179199219
2048,0.0,0.41327476501464844
2049,0.0,0.28412628173828125
2050,0.0,0.1654071807861328
2051,0.0,0.05141639709472656
2052,0.0,-0.04442787170410156
2053,0.0,-0.08288192749023438
2054,0.0,-0.1251201629638672
2055,0.0,-0.1410999298095703
2056,0.0,-0.24728965759277344
2057,0.0,-0.1937541961669922
2058,0.0,-0.17037582397460938
2059,0.0,-0.16237258911132812
2060,0.0,-0.16351318359375
2061,0.0,-0.09500694274902344
2062,0.0,-0.07768058776855469
2063,0.0,-0.06653976440429688
2064,0.0,-0.05401039123535156
2065,0.0,0.07937812805175781
2066,0.0,0.15576553344726562
2067,0.0,0.19951248168945312
2068,0.0,0.2606487274169922
2069,0.0,0.4576530456542969
2070,0.0,0.567718505859375
2071,0.0,0.6473960876464844
2072,0.0,0.7966938018798828
2073,0.0,1.0572509765625
2074,0.0,1.4322528839111328
2075,0.0,2.0890045166015625
2076,0.0,3.138517379760742
2077,0.0,4.281837463378906
2078,0.0,5.924907684326172
2079,0.0,8.19114875793457
2080,0.0,11.754843711853027
2081,0.0,16.12910270690918
2082,9.0,23.050453186035156
2083,12.0,33.58871078491211
2084,16.0,53.762813568115234
2085,21.0,87.93889617919922
2086,53.0,109.95568084716797
2087,61.0,117.92676544189453
2088,76.0,121.98846435546875
2089,86.0,117.34026336669922
2090,95.0,108.5833740234375
2091,91.0,105.5274658203125
2092,115.0,105.33834075927734
2093,130.0,108.36425018310547
2094,145.0,110.0107192993164
2095,166.0,112.76441955566406
2096,175.0,115.614990234375
2097,206.0,119.42035675048828
2098,242.0,118.90316772460938
2099,239.0,118.13433837890625
2100,258.0,114.49736785888672
2101,298.0,103.84202575683594
2102,287.0,93.0526351928711
2103,256.0,86.90309143066406
2104,228.0,82.62437438964844
2105,194.0,76.49552917480469
2106,172.0,72.97074890136719
2107,137.0,67.71568298339844
2108,104.0,58.191993713378906
2109,70.0,45.50663375854492
2110,52.0,21.447729110717773
2111,20.0,8.445266723632812
2112,5.0,2.2377700805664062
2113,0.0,0.8859291076660156
2114,0.0,0.26154327392578125
2115,0.0,-0.014879226684570312
2116,0.0,-0.15674591064453125
2117,0.0,-0.1535167694091797
2118,0.0,-0.18539047241210938
2119,0.0,-0.17054367065429688
2120,0.0,-0.14334487915039062
2121,0.0,-0.10669136047363281
2122,0.0,-0.11540985107421875
2123,0.0,-0.08331298828125
2124,0.0,-0.06744194030761719
2125,0.0,-0.04464530944824219
2126,0.0,-0.06855583190917969
2127,0.0,-0.03541374206542969
2128,0.0,-0.017086029052734375
2129,0.0,0.0289459228515625
2130,0.0,0.03256416320800781
2131,0.0,0.04806709289550781
2132,0.0,0.060329437255859375
2133,0.0,0.1118927001953125
2134,0.0,0.14139938354492188
2135,0.0,0.1583251953125
2136,0.0,0.1789722442626953
2137,0.0,0.24071884155273438
2138,0.0,0.2759857177734375
2139,0.0,0.2833385467529297
2140,0.0,0.2953605651855469
2141,0.0,0.37935829162597656
2142,0.0,0.35070228576660156
2143,0.0,0.15066146850585938
2144,0.0,-0.004932403564453125
2145,0.0,-0.07957077026367188
2146,0.0,-0.1434803009033203
2147,0.0,-0.1727161407470703
2148,0.0,-0.1915435791015625
2149,0.0,-0.16348838806152344
2150,0.0,-0.1567707061767578
2151,0.0,-0.1740703582763672
2152,0.0,-0.2635784149169922
2153,0.0,-0.221221923828125
2154,0.0,-0.1990795135498047
2155,0.0,-0.1941852569580078
2156,0.0,-0.199310302734375
2157,0.0,-0.14480018615722656
2158,0.0,-0.12415504455566406
2159,0.0,-0.11125373840332031
2160,0.0,-0.09584426879882812
2161,0.0,0.0029697418212890625
2162,0.0,0.0616607666015625
2163,0.0,0.08499526977539062
2164,0.0,0.12170028686523438
2165,0.0,0.25803184509277344
2166,0.0,0.2981452941894531
2167,0.0,0.2910881042480469
2168,0.0,0.34157752990722656
2169,0.0,0.4927654266357422
2170,0.0,0.6588516235351562
2171,0.0,1.0058574676513672
2172,0.0,1.7140579223632812
2173,0.0,2.7577877044677734
2174,0.0,4.2469940185546875
2175,0.0,6.609943389892578
2176,6.0,10.737837791442871
2177,16.0,16.691612243652344
2178,48.0,27.8753719329834
2179,72.0,48.28093719482422
2180,91.0,80.21783447265625
2181,113.0,113.87374877929688
2182,124.0,124.22706604003906
2183,184.0,138.9576416015625
2184,204.0,161.2657928466797
2185,267.0,198.7793426513672
2186,208.0,262.1700439453125
2187,417.0,389.6584777832031
2188,316.0,555.9561157226562
2189,466.0,706.4871826171875
2190,608.0,777.8084716796875
2191,423.0,778.283447265625
2192,597.0,744.5119018554688
2193,1106.0,708.278564453125
2194,994.0,667.6215209960938
2195,518.0,609.3018798828125
2196,833.0,528.67236328125
2197,775.0,418.28717041015625
2198,972.0,317.7448425292969
2199,919.0,244.1309356689453
2200,821.0,195.52700805664062
2201,806.0,160.39952087402344
2202,774.0,138.70956420898438
2203,650.0,114.80929565429688
2204,253.0,83.62247467041016
2205,116.0,59.22325134277344
2206,84.0,43.39115905761719
2207,67.0,29.28191375732422
2208,39.0,2.1414928436279297
2209,12.0,1.8651618957519531
2210,2.0,1.607564926147461
2211,0.0,1.3819656372070312
2212,0.0,1.200326919555664
2213,0.0,1.357461929321289
2214,0.0,1.3783016204833984
2215,0.0,1.4072418212890625
2216,0.0,1.4630508422851562
2217,0.0,1.6193923950195312
2218,0.0,1.5704822540283203
2219,0.0,1.7290077209472656
2220,0.0,1.8418731689453125
2221,0.0,1.9578895568847656
2222,0.0,1.852783203125
2223,0.0,1.6958026885986328
2224,0.0,1.6186275482177734
2225,0.0,1.5043907165527344
2226,0.0,1.437154769897461
2227,0.0,1.4763946533203125
2228,0.0,1.4712677001953125
2229,0.0,1.4240341186523438
2230,0.0,1.3791351318359375
2231,0.0,1.4508342742919922
2232,0.0,1.5040950775146484
2233,0.0,1.5320930480957031
2234,0.0,1.4898014068603516
2235,0.0,1.42913818359375
2236,0.0,1.4202041625976562
2237,0.0,-0.023225784301757812
2238,0.0,-0.5353965759277344
2239,0.0,-0.6848869323730469
2240,0.0,-0.8957977294921875
2241,0.0,-1.0238037109375
2242,0.0,-1.185037612915039
2243,0.0,-1.2943229675292969
2244,0.0,-1.3976860046386719
2245,0.0,-1.5140705108642578
2246,0.0,-1.5582504272460938
2247,0.0,-1.6182327270507812
2248,0.0,-1.6922893524169922
2249,0.0,-1.6622295379638672
2250,0.0,-1.632476806640625
2251,0.0,-1.6336326599121094
2252,0.0,-1.6356754302978516
2253,0.0,-1.6956920623779297
2254,0.0,-1.7559738159179688
2255,0.0,-1.8325634002685547
2256,0.0,-1.8902454376220703
2257,0.0,-1.8639812469482422
2258,0.0,-1.7948074340820312
2259,0.0,-1.6709403991699219
2260,0.0,-1.3917560577392578
2261,0.0,-1.0211849212646484
2262,0.0,-0.8085536956787109
2263,0.0,-0.6171722412109375
2264,0.0,0.21068572998046875
2265,0.0,0.5773696899414062
2266,0.0,1.0393714904785156
2267,0.0,2.4129276275634766
2268,0.0,7.225522994995117
2269,0.0,11.269747734069824
2270,4.0,18.99125862121582
2271,57.0,35.057796478271484
2272,138.0,76.5606460571289
2273,130.0,119.26250457763672
2274,176.0,161.33401489257812
2275,225.0,211.7744903564453
2276,332.0,256.7532653808594
2277,430.0,265.60797119140625
2278,510.0,247.6573028564453
2279,672.0,270.0968017578125
2280,499.0,347.6126708984375
2281,579.0,452.45001220703125
2282,791.0,563.4674072265625
2283,899.0,626.4277954101562
2284,878.0,712.5112915039062
2285,856.0,822.161865234375
2286,1171.0,932.6085205078125
2287,1308.0,1043.25439453125
2288,1309.0,1180.2947998046875
2289,1296.0,1222.3382568359375
2290,1270.0,1239.135009765625
2291,1190.0,1221.9254150390625
2292,1116.0,1151.186279296875
2293,1053.0,1159.1944580078125
2294,878.0,1144.7525634765625
2295,652.0,1133.4410400390625
2296,791.0,1118.256103515625
2297,756.0,1081.24560546875
2298,692.0,990.0466918945312
2299,699.0,840.5465087890625
2300,491.0,620.3991088867188
2301,194.0,394.1680908203125
2302,83.0,197.1905975341797
2303,63.0,80.01405334472656
2304,43.0,31.166873931884766
2305,15.0,11.915064811706543
2306,0.0,4.226049423217773
2307,0.0,2.343912124633789
2308,0.0,1.839315414428711
2309,0.0,2.085824966430664
2310,0.0,2.1798629760742188
2311,0.0,2.091075897216797
2312,0.0,2.022308349609375
2313,0.0,1.9936847686767578
2314,0.0,1.8327484130859375
2315,0.0,1.7933788299560547
2316,0.0,1.7214221954345703
2317,0.0,1.6638660430908203
2318,0.0,1.4802055358886719
2319,0.0,1.5111865997314453
2320,0.0,1.4820022583007812
2321,0.0,1.4511642456054688
2322,0.0,1.3586292266845703
2323,0.0,1.455404281616211
2324,0.0,1.5039710998535156
2325,0.0,1.5155277252197266
2326,0.0,1.5644092559814453
2327,0.0,1.6065235137939453
2328,0.0,1.6534423828125
2329,0.0,1.6203346252441406
2330,0.0,1.6721382141113281
2331,0.0,1.6561946868896484
2332,0.0,1.6593551635742188
2333,0.0,-0.18400955200195312
2334,0.0,-0.3030872344970703
2335,0.0,-0.5489521026611328
2336,0.0,-0.907958984375
2337,0.0,-1.1673355102539062
2338,0.0,-1.3883647918701172
2339,0.0,-1.6040477752685547
2340,0.0,-1.7840099334716797
2341,0.0,-1.9609966278076172
2342,0.0,-2.1620006561279297
2343,0.0,-2.2971668243408203
2344,0.0,-2.507822036743164
2345,0.0,-2.518106460571289
2346,0.0,-2.530029296875
2347,0.0,-2.5511398315429688
2348,0.0,-2.570016860961914
2349,0.0,-2.6363582611083984
2350,0.0,-2.6841087341308594
2351,0.0,-2.752819061279297
2352,0.0,-2.7727184295654297
2353,0.0,-2.7317867279052734
2354,0.0,-2.7108154296875
2355,0.0,-2.718992233276367
2356,0.0,-2.536623001098633
2357,0.0,-2.2424278259277344
2358,0.0,-1.9630680084228516
2359,0.0,-1.6345043182373047
2360,0.0,-0.5792884826660156
2361,0.0,0.47093772888183594
2362,0.0,1.5903968811035156
2363,0.0,4.624439239501953
2364,0.0,13.479828834533691
2365,0.0,24.944149017333984
2366,2.0,45.34287643432617
2367,21.0,78.10015106201172
2368,86.0,124.09373474121094
2369,160.0,165.3491668701172
2370,218.0,192.6199493408203
2371,326.0,218.5509033203125
2372,424.0,253.15802001953125
2373,528.0,310.1842346191406
2374,634.0,375.93707275390625
2375,738.0,427.1416931152344
2376,840.0,472.4192810058594
2377,907.0,540.3497314453125
2378,977.0,672.1566772460938
2379,1031.0,867.2405395507812
2380,1092.0,1037.0386962890625
2381,1131.0,1136.6158447265625
2382,1167.0,1191.3826904296875
2383,1197.0,1227.2340087890625
2384,1222.0,1264.9884033203125
2385,1235.0,1281.495849609375
2386,1238.0,1292.9454345703125
2387,1221.0,1299.7701416015625
2388,1176.0,1302.8699951171875
2389,1111.0,1286.8514404296875
2390,1069.0,1259.9971923828125
2391,1002.0,1223.7469482421875
2392,950.0,1188.3748779296875
2393,933.0,1137.64111328125
2394,893.0,1055.9241943359375
2395,793.0,907.9866943359375
2396,535.0,692.574462890625
2397,208.0,511.9992370605469
2398,162.0,351.1261291503906
2399,63.0,203.7813720703125
2400,39.0,86.92872619628906
2401,5.0,45.800987243652344
2402,0.0,19.51626968383789
2403,0.0,5.997236251831055
2404,0.0,2.0032482147216797
2405,0.0,1.9182300567626953
2406,0.0,1.6921405792236328
2407,0.0,1.7382564544677734
2408,0.0,1.6763172149658203
2409,0.0,1.8305835723876953
2410,0.0,1.8131484985351562
2411,0.0,1.8002548217773438
2412,0.0,1.755441665649414
2413,0.0,1.717264175415039
2414,0.0,1.6083831787109375
2415,0.0,1.5493297576904297
2416,0.0,1.4826011657714844
2417,0.0,1.4668331146240234
2418,0.0,1.4341239929199219
2419,0.0,1.4032135009765625
2420,0.0,1.3786487579345703
2421,0.0,1.3955364227294922
2422,0.0,1.34039306640625
2423,0.0,1.2867431640625
2424,0.0,1.2320690155029297
2425,0.0,1.2156944274902344
2426,0.0,1.1617469787597656
2427,0.0,1.1138954162597656
2428,0.0,1.0679397583007812
2429,0.0,0.7331180572509766
2430,0.0,0.6197261810302734
2431,0.0,0.4490985870361328
2432,0.0,0.2950553894042969
2433,0.0,0.2190113067626953
2434,0.0,0.1845703125
2435,0.0,0.1511096954345703
2436,0.0,0.12793540954589844
2437,0.0,0.14368629455566406
2438,0.0,0.10182380676269531
2439,0.0,0.0566253662109375
2440,0.0,-0.05893135070800781
2441,0.0,-0.05913352966308594
2442,0.0,-0.049976348876953125
2443,0.0,-0.03654670715332031
2444,0.0,-0.018007278442382812
2445,0.0,0.09728813171386719
2446,0.0,0.16621971130371094
2447,0.0,0.21219253540039062
2448,0.0,0.25630760192871094
2449,0.0,0.4044685363769531
2450,0.0,0.616943359375
2451,0.0,0.7795391082763672
2452,0.0,1.0212459564208984
2453,0.0,1.3151016235351562
2454,0.0,1.4557151794433594
2455,0.0,1.5746955871582031
2456,0.0,1.7372455596923828
2457,0.0,1.9050006866455078
2458,0.0,1.9833240509033203
2459,0.0,2.1655235290527344
2460,0.0,2.5580177307128906
2461,0.0,2.994874954223633
2462,0.0,3.8622665405273438
2463,1.0,4.946571350097656
2464,5.0,6.692205429077148
2465,3.0,8.58835506439209
2466,11.0,11.656822204589844
2467,13.0,15.853553771972656
2468,16.0,22.442852020263672
2469,33.0,32.6240234375
2470,59.0,53.70904541015625
2471,120.0,73.30526733398438
2472,133.0,75.491455078125
2473,130.0,74.74577331542969
2474,130.0,70.3910140991211
2475,140.0,65.88716125488281
2476,147.0,63.5909423828125
2477,124.0,63.30646514892578
2478,136.0,63.99769592285156
2479,164.0,63.62445068359375
2480,166.0,63.10431671142578
2481,128.0,63.63697814941406
2482,131.0,64.61375427246094
2483,117.0,64.8065185546875
2484,107.0,63.161827087402344
2485,127.0,59.83361053466797
2486,86.0,59.691062927246094
2487,82.0,62.28296661376953
2488,79.0,65.24934387207031
2489,53.0,62.68010711669922
2490,44.0,59.194908142089844
2491,34.0,51.9758415222168
2492,31.0,31.05868148803711
2493,20.0,16.243133544921875
2494,8.0,8.60350513458252
2495,6.0,5.01502799987793
2496,0.0,3.1890335083007812
2497,0.0,2.3346824645996094
2498,0.0,1.9930553436279297
2499,0.0,1.8067512512207031
2500,0.0,1.6845054626464844
2501,0.0,1.5053291320800781
2502,0.0,1.5064010620117188
2503,0.0,1.4496936798095703
2504,0.0,1.4095172882080078
2505,0.0,1.2934207916259766
2506,0.0,1.211111068725586
2507,0.0,1.220254898071289
2508,0.0,1.2473945617675781
2509,0.0,1.2304134368896484
2510,0.0,1.223367691040039
2511,0.0,1.2127037048339844
2512,0.0,1.2151985168457031
2513,0.0,1.192474365234375
2514,0.0,1.167877197265625
2515,0.0,1.1277809143066406
2516,0.0,1.0902328491210938
2517,0.0,1.0653133392333984
2518,0.0,1.0169391632080078
2519,0.0,0.9275341033935547
2520,0.0,0.8182373046875
2521,0.0,0.7342929840087891
2522,0.0,0.6777725219726562
2523,0.0,0.6429405212402344
2524,0.0,0.6044979095458984
2525,0.0,0.2126178741455078
2526,0.0,0.1476154327392578
2527,0.0,-0.06242179870605469
2528,0.0,-0.32439422607421875
2529,0.0,-0.6382999420166016
2530,0.0,-0.7932205200195312
2531,0.0,-0.9323139190673828
2532,0.0,-1.0810108184814453
2533,0.0,-1.238088607788086
2534,0.0,-1.3290252685546875
2535,0.0,-1.3419303894042969
2536,0.0,-1.4138031005859375
2537,0.0,-1.3759593963623047
2538,0.0,-1.3276844024658203
2539,0.0,-1.2952289581298828
2540,0.0,-1.2384586334228516
2541,0.0,-1.1658782958984375
2542,0.0,-1.1161041259765625
2543,0.0,-1.0941905975341797
2544,0.0,-0.9886627197265625
2545,0.0,-0.8822708129882812
2546,0.0,-0.8020305633544922
2547,0.0,-0.7294425964355469
2548,0.0,-0.45186805725097656
2549,0.0,-0.1818714141845703
2550,0.0,-0.05320167541503906
2551,0.0,0.11256980895996094
2552,0.0,0.8938827514648438
2553,0.0,1.4513416290283203
2554,0.0,2.160928726196289
2555,0.0,3.970399856567383
2556,0.0,8.625983238220215
2557,0.0,12.573967933654785
2558,0.0,17.615093231201172
2559,0.0,24.884702682495117
2560,6.0,38.28033447265625
2561,17.0,47.87305450439453
2562,70.0,57.65596008300781
2563,98.0,68.85391235351562
2564,130.0,81.78870391845703
2565,132.0,81.81124114990234
2566,136.0,79.39871215820312
2567,131.0,79.4566421508789
2568,117.0,78.07797241210938
2569,131.0,74.28453826904297
2570,131.0,74.42578125
2571,134.0,98.19290924072266
2572,131.0,156.9556121826172
2573,149.0,270.0362548828125
2574,162.0,384.99969482421875
2575,135.0,465.00396728515625
2576,148.0,575.9283447265625
2577,150.0,678.6309204101562
2578,127.0,793.19873046875
2579,114.0,818.2008056640625
2580,102.0,804.8499145507812
2581,96.0,765.2459716796875
2582,99.0,698.7110595703125
2583,79.0,642.2957153320312
2584,66.0,588.7074584960938
2585,51.0,472.1943054199219
2586,44.0,365.4267883300781
2587,36.0,289.19720458984375
2588,12.0,214.82701110839844
2589,7.0,156.57383728027344
2590,0.0,102.95625305175781
2591,0.0,61.390594482421875
2592,0.0,13.661649703979492
2593,0.0,2.760101318359375
2594,0.0,0.9817752838134766
2595,0.0,0.5538177490234375
2596,0.0,0.3811321258544922
2597,0.0,0.3775901794433594
2598,0.0,0.30188941955566406
2599,0.0,0.3363227844238281
2600,0.0,0.3622150421142578
2601,0.0,0.3876495361328125
2602,0.0,0.3543357849121094
2603,0.0,0.3533973693847656
2604,0.0,0.3593769073486328
2605,0.0,0.3851490020751953
2606,0.0,0.39899253845214844
2607,0.0,0.4104156494140625
2608,0.0,0.43117523193359375
2609,0.0,0.4786415100097656
2610,0.0,0.4219627380371094
2611,0.0,0.46709442138671875
2612,0.0,0.4901618957519531
2613,0.0,0.5142154693603516
2614,0.0,0.6721305847167969
2615,0.0,0.7107162475585938
2616,0.0,0.7252178192138672
2617,0.0,0.7663135528564453
2618,0.0,0.8125705718994141
2619,0.0,0.8176708221435547
2620,0.0,0.8193359375
2621,0.0,1.0733642578125
2622,0.0,1.0277156829833984
2623,0.0,0.9224395751953125
2624,0.0,0.8438873291015625
2625,0.0,0.8420238494873047
2626,0.0,0.8197460174560547
2627,0.0,0.8137264251708984
2628,0.0,0.7957248687744141
2629,0.0,0.7890625
2630,0.0,0.9415397644042969
2631,0.0,1.0691967010498047
2632,0.0,1.1041946411132812
2633,0.0,1.2360305786132812
2634,0.0,1.3470458984375
2635,0.0,1.4589767456054688
2636,0.0,1.5887374877929688
2637,0.0,1.811971664428711
2638,0.0,1.8487663269042969
2639,0.0,1.8460464477539062
2640,0.0,1.8287944793701172
2641,0.0,1.862396240234375
2642,0.0,1.8318767547607422
2643,0.0,1.7573738098144531
2644,0.0,1.6030311584472656
2645,0.0,1.5162067413330078
2646,0.0,1.7106056213378906
2647,0.0,2.0021419525146484
2648,0.0,2.1181411743164062
2649,0.0,2.2211856842041016
2650,0.0,2.2671127319335938
2651,0.0,2.5539817810058594
2652,0.0,3.121763229370117
2653,0.0,4.188072204589844
2654,0.0,5.825719833374023
2655,0.0,8.168434143066406
2656,0.0,11.340639114379883
2657,0.0,14.65031623840332
2658,0.0,17.674110412597656
2659,0.0,20.988182067871094
2660,9.0,25.621715545654297
2661,18.0,29.626785278320312
2662,37.0,37.17765426635742
2663,72.0,47.42747497558594
2664,52.0,59.956932067871094
2665,53.0,65.3691635131836
2666,51.0,70.22793579101562
2667,74.0,74.02558898925781
2668,76.0,77.74235534667969
2669,53.0,72.93744659423828
2670,52.0,70.15039825439453
2671,67.0,68.01824951171875
2672,117.0,66.5982894897461
2673,95.0,58.89842987060547
2674,141.0,52.66182327270508
2675,87.0,46.39358901977539
2676,62.0,39.31180953979492
2677,84.0,32.44590759277344
2678,51.0,27.551668167114258
2679,66.0,23.277406692504883
2680,73.0,18.862634658813477
2681,57.0,14.835430145263672
2682,44.0,11.339076042175293
2683,33.0,8.623058319091797
2684,25.0,6.383092880249023
2685,19.0,4.265748977661133
2686,8.0,3.2629356384277344
2687,0.0,2.74407958984375
2688,0.0,2.452495574951172
2689,0.0,2.0048465728759766
2690,0.0,1.2490062713623047
2691,0.0,1.0502853393554688
2692,0.0,1.1502132415771484
2693,0.0,1.2750682830810547
2694,0.0,1.658792495727539
2695,0.0,1.7310142517089844
2696,0.0,1.7526836395263672
2697,0.0,1.6022186279296875
2698,0.0,1.4964885711669922
2699,0.0,1.4038887023925781
2700,0.0,1.305379867553711
2701,0.0,1.167755126953125
2702,0.0,1.2975196838378906
2703,0.0,1.3110294342041016
2704,0.0,1.2952537536621094
2705,0.0,1.250579833984375
2706,0.0,1.0715255737304688
2707,0.0,1.0102272033691406
2708,0.0,0.9796981811523438
2709,0.0,0.9879074096679688
2710,0.0,0.9537410736083984
2711,0.0,0.9239540100097656
2712,0.0,0.8928031921386719
2713,0.0,0.8942680358886719
2714,0.0,0.9410018920898438
2715,0.0,1.1959609985351562
2716,0.0,1.521942138671875
2717,0.0,-0.08168601989746094
2718,0.0,-0.5033378601074219
2719,0.0,-0.35410118103027344
2720,0.0,-0.31047630310058594
2721,0.0,-0.1863536834716797
2722,0.0,-0.04552650451660156
2723,0.0,0.07790374755859375
2724,0.0,0.21941375732421875
2725,0.0,0.3886852264404297
2726,0.0,0.31992340087890625
2727,0.0,0.19897079467773438
2728,0.0,0.03854560852050781
2729,0.0,-0.01007080078125
2730,0.0,0.07529449462890625
2731,0.0,0.14262962341308594
2732,0.0,0.20448875427246094
2733,0.0,0.3361377716064453
2734,0.0,0.2513618469238281
2735,0.0,0.1648387908935547
2736,0.0,0.06694602966308594
2737,0.0,0.04718208312988281
2738,0.0,-0.11499595642089844
2739,0.0,-0.3217296600341797
2740,0.0,-0.5029067993164062
2741,0.0,-0.6467628479003906
2742,0.0,-0.7088413238525391
2743,0.0,-0.7498855590820312
2744,0.0,-0.7026882171630859
2745,0.0,-0.5210399627685547
2746,0.0,-0.02120208740234375
2747,0.0,1.1012725830078125
2748,0.0,3.659391403198242
2749,0.0,4.658441543579102
2750,0.0,9.24691104888916
2751,21.0,19.717113494873047
2752,41.0,47.0341796875
2753,10.0,68.5495376586914
2754,9.0,91.04873657226562
2755,51.0,109.11693572998047
2756,54.0,126.56865692138672
2757,182.0,134.9967803955078
2758,126.0,162.00921630859375
2759,56.0,200.6543731689453
2760,55.0,236.22796630859375
2761,108.0,259.1795654296875
2762,140.0,267.1458740234375
2763,317.0,254.4502410888672
2764,322.0,253.42123413085938
2765,233.0,266.02777099609375
2766,325.0,272.3318176269531
2767,287.0,280.3007507324219
2768,265.0,287.735107421875
2769,253.0,286.9691162109375
2770,219.0,255.51625061035156
2771,258.0,200.74282836914062
2772,199.0,150.27354431152344
2773,212.0,120.4527359008789
2774,199.0,97.47212982177734
2775,129.0,76.68441772460938
2776,136.0,64.3468246459961
2777,101.0,62.1812744140625
2778,82.0,60.27508544921875
2779,74.0,57.33746337890625
2780,28.0,52.79746627807617
2781,2.0,42.57424545288086
2782,4.0,22.3687801361084
2783,1.0,10.522255897521973
2784,0.0,5.660808563232422
2785,0.0,3.737396240234375
2786,0.0,2.3044300079345703
2787,0.0,1.4420127868652344
2788,0.0,0.9289264678955078
2789,0.0,0.7616672515869141
2790,0.0,0.5967273712158203
2791,0.0,0.5173473358154297
2792,0.0,0.4535694122314453
2793,0.0,0.45023155212402344
2794,0.0,0.2353687286376953
2795,0.0,0.17729949951171875
2796,0.0,0.14156532287597656
2797,0.0,0.18340110778808594
2798,0.0,0.12489700317382812
2799,0.0,0.1492786407470703
2800,0.0,0.18085670471191406
2801,0.0,0.2686309814453125
2802,0.0,0.1582813262939453
2803,0.0,0.11612892150878906
2804,0.0,0.08831596374511719
2805,0.0,0.16257286071777344
2806,0.0,0.354522705078125
2807,0.0,0.5413303375244141
2808,0.0,0.6598320007324219
2809,0.0,0.7672290802001953
2810,0.0,0.6719894409179688
2811,0.0,0.627899169921875
2812,0.0,0.6197433471679688
2813,0.0,-0.3530902862548828
2814,0.0,-0.46677207946777344
2815,0.0,-0.4583930969238281
2816,0.0,-0.5130443572998047
2817,0.0,-0.5511283874511719
2818,0.0,-0.44179534912109375
2819,0.0,-0.3221092224121094
2820,0.0,-0.18086624145507812
2821,0.0,-0.025758743286132812
2822,0.0,0.05978965759277344
2823,0.0,0.11585426330566406
2824,0.0,0.1311054229736328
2825,0.0,0.1784820556640625
2826,0.0,0.2158184051513672
2827,0.0,0.229766845703125
2828,0.0,0.2334728240966797
2829,0.0,0.24487686157226562
2830,0.0,0.28362083435058594
2831,0.0,0.30528831481933594
2832,0.0,0.3176689147949219
2833,0.0,0.35553550720214844
2834,0.0,0.31049537658691406
2835,0.0,0.24030494689941406
2836,0.0,0.1682281494140625
2837,0.0,0.16494369506835938
2838,0.0,0.2560310363769531
2839,0.0,0.3391304016113281
2840,0.0,0.4754352569580078
2841,0.0,0.6639385223388672
2842,0.0,0.6849193572998047
2843,0.0,0.8801517486572266
2844,0.0,1.5075645446777344
2845,0.0,2.574422836303711
2846,0.0,4.19281005859375
2847,0.0,6.740489959716797
2848,0.0,11.624531745910645
2849,10.0,19.791288375854492
2850,47.0,34.01863098144531
2851,107.0,55.29607391357422
2852,153.0,83.5094985961914
2853,181.0,104.97079467773438
2854,126.0,106.56473541259766
2855,124.0,100.79550170898438
2856,149.0,100.8009262084961
2857,158.0,109.74858856201172
2858,207.0,132.80322265625
2859,221.0,166.83749389648438
2860,284.0,213.62791442871094
2861,269.0,256.015869140625
2862,260.0,279.3422546386719
2863,253.0,292.0699768066406
2864,239.0,292.4607849121094
2865,251.0,274.4005432128906
2866,264.0,256.155029296875
2867,275.0,239.7910614013672
2868,239.0,223.9723358154297
2869,260.0,214.0123748779297
2870,271.0,196.2847900390625
2871,179.0,168.01889038085938
2872,240.0,135.3077392578125
2873,149.0,109.66365814208984
2874,123.0,85.5467300415039
2875,77.0,60.82758331298828
2876,119.0,47.5656623840332
2877,70.0,42.98796844482422
2878,22.0,34.242897033691406
2879,5.0,6.930276870727539
2880,1.0,0.38290977478027344
2881,0.0,0.6867485046386719
2882,0.0,0.7713298797607422
2883,0.0,0.8666343688964844
2884,0.0,0.9436149597167969
2885,0.0,1.3007011413574219
2886,0.0,1.1779499053955078
2887,0.0,1.135873794555664
2888,0.0,1.094980239868164
2889,0.0,1.2228946685791016
2890,0.0,0.9657974243164062
2891,0.0,0.9545917510986328
2892,0.0,0.9053668975830078
2893,0.0,0.9776725769042969
2894,0.0,0.9193706512451172
2895,0.0,0.8971138000488281
2896,0.0,0.8681316375732422
2897,0.0,0.9148674011230469
2898,0.0,0.9801692962646484
2899,0.0,1.0232200622558594
2900,0.0,1.0444469451904297
2901,0.0,1.0825214385986328
2902,0.0,1.0716075897216797
2903,0.0,1.0991630554199219
2904,0.0,1.1160316467285156
2905,0.0,1.1383609771728516
2906,0.0,1.1249980926513672
2907,0.0,1.1875991821289062
2908,0.0,1.2272663116455078
2909,0.0,-0.3695812225341797
2910,0.0,-0.7656784057617188
2911,0.0,-0.8196449279785156
2912,0.0,-1.0139827728271484
2913,0.0,-1.118377685546875
2914,0.0,-1.2294979095458984
2915,0.0,-1.313467025756836
2916,0.0,-1.4018192291259766
2917,0.0,-1.5149784088134766
2918,0.0,-1.592569351196289
2919,0.0,-1.677267074584961
2920,0.0,-1.7577648162841797
2921,0.0,-1.803689956665039
2922,0.0,-1.8167839050292969
2923,0.0,-1.8388996124267578
2924,0.0,-1.8498306274414062
2925,0.0,-1.9154853820800781
2926,0.0,-1.9269065856933594
2927,0.0,-1.970458984375
2928,0.0,-1.950723648071289
2929,0.0,-1.9558982849121094
2930,0.0,-1.9166679382324219
2931,0.0,-1.9327354431152344
2932,0.0,-1.7562122344970703
2933,0.0,-1.6520347595214844
2934,0.0,-1.5414371490478516
2935,0.0,-1.455556869506836
2936,0.0,-0.7947406768798828
2937,0.0,-0.4502716064453125
2938,0.0,-0.09997177124023438
2939,0.0,0.8483982086181641
2940,0.0,4.466196060180664
2941,0.0,8.346808433532715
2942,0.0,14.575084686279297
2943,0.0,26.85811996459961
2944,0.0,53.79249572753906
2945,0.0,88.38179779052734
2946,0.0,133.56900024414062
2947,8.0,193.5760040283203
2948,13.0,246.41976928710938
2949,18.0,297.884033203125
2950,44.0,352.5573425292969
2951,60.0,399.8047180175781
2952,85.0,442.0685729980469
2953,93.0,487.9313049316406
2954,131.0,531.10693359375
2955,149.0,584.3656616210938
2956,162.0,695.602783203125
2957,177.0,769.7528686523438
2958,177.0,773.8546142578125
2959,189.0,746.5264892578125
2960,205.0,722.8352661132812
2961,198.0,674.285888671875
2962,197.0,589.92138671875
2963,220.0,500.1052551269531
2964,221.0,393.6839599609375
2965,220.0,272.1087646484375
2966,470.0,200.70968627929688
2967,572.0,172.60565185546875
2968,312.0,159.15345764160156
2969,337.0,143.36712646484375
2970,209.0,117.82869720458984
2971,177.0,97.69393920898438
2972,240.0,80.00450134277344
2973,215.0,65.54521179199219
2974,114.0,52.23775100708008
2975,55.0,37.73600769042969
2976,8.0,19.492252349853516
2977,0.0,8.320064544677734
2978,0.0,3.8751659393310547
2979,0.0,1.5736923217773438
2980,0.0,0.6299285888671875
2981,0.0,0.9306545257568359
2982,0.0,0.9900932312011719
2983,0.0,0.9683151245117188
2984,0.0,0.9579029083251953
2985,0.0,1.2038860321044922
2986,0.0,0.9423503875732422
2987,0.0,0.9129142761230469
2988,0.0,0.8539752960205078
2989,0.0,0.9497356414794922
2990,0.0,0.8803234100341797
2991,0.0,0.8458633422851562
2992,0.0,0.8029327392578125
2993,0.0,0.8587760925292969
2994,0.0,0.9349021911621094
2995,0.0,1.0665302276611328
2996,0.0,1.240915298461914
2997,0.0,1.5017375946044922
2998,0.0,1.5126171112060547
2999,0.0,1.4237594604492188
3000,0.0,1.3408184051513672
3001,0.0,1.2344837188720703
3002,0.0,1.3646926879882812
3003,0.0,1.7741069793701172
3004,0.0,2.0125885009765625
3005,0.0,0.1000823974609375
3006,0.0,-0.3166923522949219
3007,0.0,-0.43030738830566406
3008,0.0,-0.5079212188720703
3009,0.0,-0.5736198425292969
3010,0.0,-0.5758819580078125
3011,0.0,-0.5241451263427734
3012,0.0,-0.4436073303222656
3013,0.0,-0.34935569763183594
3014,0.0,-0.3901519775390625
3015,0.0,-0.4365386962890625
3016,0.0,-0.5200614929199219
3017,0.0,-0.548614501953125
3018,0.0,-0.5569133758544922
3019,0.0,-0.5330944061279297
3020,0.0,-0.5167675018310547
3021,0.0,-0.5357246398925781
3022,0.0,-0.5389652252197266
3023,0.0,-0.6066913604736328
3024,0.0,-0.6595344543457031
3025,0.0,-0.7246952056884766
3026,0.0,-0.8289775848388672
3027,0.0,-0.9354534149169922
3028,0.0,-1.0869159698486328
3029,0.0,-1.3718509674072266
3030,0.0,-1.156341552734375
3031,0.0,-0.85174560546875
3032,0.0,-0.4914093017578125
3033,0.0,-0.14131546020507812
3034,0.0,0.3035717010498047
3035,0.0,0.7502479553222656
3036,0.0,2.339609146118164
3037,0.0,4.00855827331543
3038,0.0,5.827207565307617
3039,0.0,8.262535095214844
3040,13.0,13.644261360168457
3041,89.0,21.02328872680664
3042,168.0,35.37166213989258
3043,121.0,60.67993927001953
3044,134.0,112.9624252319336
3045,122.0,138.7596893310547
3046,67.0,182.34042358398438
3047,44.0,214.01126098632812
3048,76.0,208.5400848388672
3049,112.0,234.98358154296875
3050,188.0,253.5729217529297
3051,192.0,272.51300048828125
3052,173.0,290.6275634765625
3053,227.0,282.5980529785156
3054,159.0,245.0213623046875
3055,162.0,208.12123107910156
3056,166.0,184.73362731933594
3057,337.0,174.14718627929688
3058,344.0,167.8586883544922
3059,282.0,160.166015625
3060,135.0,147.58135986328125
3061,140.0,125.74593353271484
3062,115.0,109.63520050048828
3063,104.0,98.2403564453125
3064,128.0,85.22030639648438
3065,121.0,73.52861022949219
3066,110.0,63.59062194824219
3067,104.0,54.39763641357422
3068,100.0,42.98994445800781
3069,61.0,32.08100891113281
3070,24.0,25.22017478942871
3071,1.0,18.181028366088867
3072,0.0,10.346190452575684
3073,0.0,5.86121940612793
3074,0.0,3.3025741577148438
3075,0.0,2.122133255004883
3076,0.0,1.6426925659179688
3077,0.0,1.3409404754638672
3078,0.0,0.9945087432861328
3079,0.0,0.6502723693847656
3080,0.0,0.4861907958984375
3081,0.0,0.44767189025878906
3082,0.0,0.32579994201660156
3083,0.0,0.4203834533691406
3084,0.0,0.6509151458740234
3085,0.0,1.0222358703613281
3086,0.0,1.098684310913086
3087,0.0,1.1998882293701172
3088,0.0,1.2897815704345703
3089,0.0,1.3850936889648438
3090,0.0,0.9731483459472656
3091,0.0,0.6336936950683594
3092,0.0,0.31182861328125
3093,0.0,0.22339630126953125
3094,0.0,0.22517013549804688
3095,0.0,0.12890243530273438
3096,0.0,0.05147552490234375
3097,0.0,-0.015375137329101562
3098,0.0,0.046436309814453125
3099,0.0,0.1002349853515625
3100,0.0,0.20392990112304688
3101,0.0,-0.04718589782714844
3102,0.0,-0.3552703857421875
3103,0.0,-0.6409435272216797
3104,0.0,-0.7265720367431641
3105,0.0,-0.7114219665527344
3106,0.0,-0.6292228698730469
3107,0.0,-0.6608562469482422
3108,0.0,-0.6452522277832031
3109,0.0,-0.5918617248535156
3110,0.0,-0.5338668823242188
3111,0.0,-0.4377002716064453
3112,0.0,-0.37445640563964844
3113,0.0,-0.2950916290283203
3114,0.0,-0.210479736328125
3115,0.0,-0.3343639373779297
3116,0.0,-0.6658535003662109
3117,0.0,-0.7163162231445312
3118,0.0,-0.41551971435546875
3119,0.0,-0.12413406372070312
3120,0.0,0.062038421630859375
3121,0.0,0.1817474365234375
3122,0.0,0.2744426727294922
3123,0.0,0.2207317352294922
3124,0.0,0.1869792938232422
3125,0.0,0.26233863830566406
3126,0.0,0.18160057067871094
3127,0.0,0.15114593505859375
3128,0.0,0.4530830383300781
3129,0.0,2.2305259704589844
3130,0.0,2.712942123413086
3131,0.0,1.934427261352539
3132,0.0,2.041910171508789
3133,0.0,3.2774791717529297
3134,0.0,5.957866668701172
3135,0.0,9.192122459411621
3136,0.0,13.641351699829102
3137,0.0,21.440265655517578
3138,6.0,25.10854721069336
3139,90.0,22.713851928710938
3140,63.0,20.038875579833984
3141,189.0,23.552806854248047
3142,115.0,39.542938232421875
3143,90.0,74.80097198486328
3144,39.0,124.79566192626953
3145,150.0,190.53041076660156
3146,162.0,262.4037170410156
3147,348.0,331.89532470703125
3148,795.0,356.4767761230469
3149,607.0,344.3155212402344
3150,914.0,330.0873718261719
3151,1088.0,317.5046691894531
3152,1372.0,282.7727966308594
3153,1299.0,233.6304168701172
3154,1198.0,204.642822265625
3155,1046.0,193.48509216308594
3156,1213.0,195.55027770996094
3157,1082.0,189.6456298828125
3158,1136.0,182.5718994140625
3159,1081.0,176.47467041015625
3160,1048.0,169.62588500976562
3161,1049.0,163.83750915527344
3162,1021.0,165.61631774902344
3163,440.0,187.85411071777344
3164,340.0,232.9566192626953
3165,130.0,241.22988891601562
3166,51.0,186.1436309814453
3167,46.0,124.26457977294922
3168,14.0,60.30635070800781
3169,0.0,33.85859680175781
3170,0.0,18.524763107299805
3171,0.0,9.705225944519043
3172,0.0,5.073263168334961
3173,0.0,3.7347240447998047
3174,0.0,3.3043994903564453
3175,0.0,2.3207340240478516
3176,0.0,1.8909893035888672
3177,0.0,1.9757728576660156
3178,0.0,1.7946186065673828
3179,0.0,1.6958541870117188
3180,0.0,1.6430015563964844
3181,0.0,1.703094482421875
3182,0.0,1.5894393920898438
3183,0.0,1.498453140258789
3184,0.0,1.418832778930664
3185,0.0,1.379995346069336
3186,0.0,1.3229179382324219
3187,0.0,1.3180274963378906
3188,0.0,1.3420276641845703
3189,0.0,1.3625602722167969
3190,0.0,1.2079830169677734
3191,0.0,1.06219482421875
3192,0.0,0.9313316345214844
3193,0.0,0.8086071014404297
3194,0.0,0.7822074890136719
3195,0.0,0.7703456878662109
3196,0.0,0.7814006805419922
3197,0.0,-0.25534629821777344
3198,0.0,-0.3276405334472656
3199,0.0,-0.2918548583984375
3200,0.0,-0.26613426208496094
3201,0.0,-0.25800323486328125
3202,0.0,-0.2268829345703125
3203,0.0,-0.18433570861816406
3204,0.0,-0.1333637237548828
3205,0.0,-0.08118438720703125
3206,0.0,0.002017974853515625
3207,0.0,0.052600860595703125
3208,0.0,0.03418922424316406
3209,0.0,0.12724685668945312
3210,0.0,0.12169837951660156
3211,0.0,0.056102752685546875
3212,0.0,-0.05349159240722656
3213,0.0,-0.06769943237304688
3214,0.0,0.06789970397949219
3215,0.0,0.43921852111816406
3216,0.0,0.6923885345458984
3217,0.0,0.9658489227294922
3218,0.0,1.1312713623046875
3219,0.0,1.2505817413330078
3220,0.0,1.4999103546142578
3221,0.0,2.0204734802246094
3222,0.0,2.3963546752929688
3223,0.0,2.6280879974365234
3224,0.0,2.8251819610595703
3225,0.0,3.0624656677246094
3226,0.0,3.212169647216797
3227,0.0,3.5787734985351562
3228,0.0,4.493352890014648
3229,0.0,5.775829315185547
3230,0.0,7.535808563232422
3231,0.0,9.812095642089844
3232,0.0,13.388375282287598
3233,3.0,18.740707397460938
3234,10.0,34.249229431152344
3235,16.0,62.168243408203125
3236,60.0,104.20762634277344
3237,109.0,153.2970428466797
3238,139.0,185.57460021972656
3239,237.0,195.2484130859375
3240,229.0,194.40476989746094
3241,307.0,183.03817749023438
3242,382.0,174.95083618164062
3243,393.0,176.31582641601562
3244,379.0,194.52586364746094
3245,340.0,218.7316436767578
3246,331.0,296.8298034667969
3247,316.0,384.1456298828125
3248,448.0,398.6898193359375
3249,409.0,387.04437255859375
3250,319.0,378.6883850097656
3251,249.0,381.9651794433594
3252,230.0,389.5414733886719
3253,534.0,383.0328063964844
3254,489.0,355.1231994628906
3255,700.0,283.68109130859375
3256,399.0,205.50592041015625
3257,255.0,161.7198944091797
3258,286.0,137.1788330078125
3259,187.0,116.78814697265625
3260,136.0,86.75440216064453
3261,90.0,54.74500274658203
3262,57.0,41.965553283691406
3263,23.0,25.00885581970215
3264,4.0,8.637859344482422
3265,0.0,1.7007179260253906
3266,0.0,1.0339794158935547
3267,0.0,0.9883384704589844
3268,0.0,0.9931125640869141
3269,0.0,1.153829574584961
3270,0.0,1.0400066375732422
3271,0.0,0.50262451171875
3272,0.0,0.3252372741699219
3273,0.0,0.5324745178222656
3274,0.0,0.46276092529296875
3275,0.0,0.43702125549316406
3276,0.0,0.4218101501464844
3277,0.0,0.39634132385253906
3278,0.0,0.4494438171386719
3279,0.0,0.5576381683349609
3280,0.0,0.6942253112792969
3281,0.0,0.8145503997802734
3282,0.0,1.1162223815917969
3283,0.0,1.6081466674804688
3284,0.0,1.866241455078125
3285,0.0,1.5575828552246094
3286,0.0,0.919586181640625
3287,0.0,0.3600196838378906
3288,0.0,-0.08721733093261719
3289,0.0,-0.3723335266113281
3290,0.0,-0.3505115509033203
3291,0.0,-0.05083656311035156
3292,0.0,0.4050731658935547
3293,0.0,0.23762130737304688
3294,0.0,0.2953147888183594
3295,0.0,0.5272102355957031
3296,0.0,0.8375663757324219
3297,0.0,1.0905704498291016
3298,0.0,1.4404659271240234
3299,0.0,1.6982669830322266
3300,0.0,1.7766647338867188
3301,0.0,1.8584213256835938
3302,0.0,1.8099708557128906
3303,0.0,1.7357063293457031
3304,0.0,1.683237075805664
3305,0.0,1.6571788787841797
3306,0.0,1.4817848205566406
3307,0.0,1.2671184539794922
3308,0.0,1.1161308288574219
3309,0.0,1.1321163177490234
3310,0.0,1.1849308013916016
3311,0.0,1.2877883911132812
3312,0.0,1.3819808959960938
3313,0.0,1.4253406524658203
3314,0.0,1.0206489562988281
3315,0.0,0.6353130340576172
3316,0.0,0.31857872009277344
3317,0.0,0.14329147338867188
3318,0.0,0.12926864624023438
3319,0.0,0.1998729705810547
3320,0.0,0.29758453369140625
3321,0.0,0.4326190948486328
3322,0.0,0.4689311981201172
3323,0.0,0.5324954986572266
3324,0.0,0.7981777191162109
3325,0.0,1.3020477294921875
3326,0.0,2.3259658813476562
3327,0.0,3.902711868286133
3328,0.0,6.703151702880859
3329,0.0,9.96556282043457
3330,28.0,15.63968563079834
3331,86.0,26.538557052612305
3332,142.0,50.812416076660156
3333,83.0,90.69563293457031
3334,182.0,120.21588134765625
3335,301.0,144.283203125
3336,503.0,183.8636016845703
3337,312.0,195.15072631835938
3338,279.0,230.30747985839844
3339,316.0,279.5979919433594
3340,434.0,349.0883483886719
3341,819.0,391.7155456542969
3342,1101.0,399.9430236816406
3343,681.0,457.56964111328125
3344,627.0,510.7117919921875
3345,515.0,526.5977172851562
3346,910.0,535.8230590820312
3347,557.0,548.1569213867188
3348,989.0,582.8392944335938
3349,1234.0,695.6553344726562
3350,1129.0,718.7838134765625
3351,1059.0,664.2994995117188
3352,646.0,574.4436645507812
3353,604.0,441.2834777832031
3354,656.0,350.8175048828125
3355,298.0,205.17645263671875
3356,96.0,164.28976440429688
3357,13.0,119.63622283935547
3358,0.0,73.74655151367188
3359,0.0,34.83421325683594
3360,0.0,15.83875560760498
3361,0.0,7.324665069580078
3362,0.0,4.384891510009766
3363,0.0,6.023683547973633
3364,0.0,4.773473739624023
3365,0.0,2.3564910888671875
3366,0.0,0.9354648590087891
3367,0.0,0.39520835876464844
3368,0.0,0.1891040802001953
3369,0.0,0.2754173278808594
3370,0.0,0.2841224670410156
3371,0.0,0.3302726745605469
3372,0.0,0.3809680938720703
3373,0.0,0.6265735626220703
3374,0.0,0.8607597351074219
3375,0.0,1.156240463256836
3376,0.0,1.496725082397461
3377,0.0,1.9015884399414062
3378,0.0,1.3712615966796875
3379,0.0,0.9107475280761719
3380,0.0,0.5768165588378906
3381,0.0,0.05446434020996094
3382,0.0,-0.10063743591308594
3383,0.0,-0.07754707336425781
3384,0.0,-0.014223098754882812
3385,0.0,0.026227951049804688
3386,0.0,-0.10796356201171875
3387,0.0,-0.01706695556640625
3388,0.0,0.2525367736816406
3389,0.0,-0.3615894317626953
3390,0.0,-0.17437362670898438
3391,0.0,-0.07927894592285156
3392,0.0,0.16969871520996094
3393,0.0,0.49423980712890625
3394,0.0,0.6197261810302734
3395,0.0,0.6348285675048828
3396,0.0,0.6401786804199219
3397,0.0,0.783782958984375
3398,0.0,0.8050880432128906
3399,0.0,0.5390701293945312
3400,0.0,-0.0053577423095703125
3401,0.0,-0.5181465148925781
3402,0.0,-0.6846237182617188
3403,0.0,-0.5267829895019531
3404,0.0,-0.5541248321533203
3405,0.0,-0.8195705413818359
3406,0.0,-0.9679718017578125
3407,0.0,-1.1933860778808594
3408,0.0,-1.41583251953125
3409,0.0,-1.4650497436523438
3410,0.0,-1.8249187469482422
3411,0.0,-2.1450443267822266
3412,0.0,-2.2181835174560547
3413,0.0,-2.4339427947998047
3414,0.0,-2.514871597290039
3415,0.0,-2.489168167114258
3416,0.0,-2.2336387634277344
3417,0.0,-2.014617919921875
3418,0.0,-1.809774398803711
3419,0.0,-1.5070304870605469
3420,0.0,-0.6182041168212891
3421,0.0,0.4134082794189453
3422,0.0,2.459413528442383
3423,0.0,7.418415069580078
3424,0.0,37.595054626464844
3425,7.0,78.34449768066406
3426,27.0,113.45748901367188
3427,47.0,156.12185668945312
3428,40.0,202.96478271484375
3429,105.0,248.95391845703125
3430,146.0,296.9696960449219
3431,325.0,344.5758056640625
3432,579.0,372.7303466796875
3433,711.0,386.400390625
3434,889.0,398.7439270019531
3435,926.0,430.4931945800781
3436,1033.0,486.2922058105469
3437,1098.0,565.0745239257812
3438,965.0,568.9946899414062
3439,1053.0,555.8118286132812
3440,1241.0,635.8468627929688
3441,687.0,586.7325439453125
3442,245.0,515.9007568359375
3443,174.0,403.79010009765625
3444,117.0,316.70001220703125
3445,357.0,271.42926025390625
3446,1155.0,283.0421142578125
3447,536.0,308.2339172363281
3448,207.0,318.8973388671875
3449,144.0,319.4211120605469
3450,91.0,301.4032287597656
3451,205.0,263.3816223144531
3452,49.0,197.49331665039062
3453,21.0,107.19589233398438
3454,33.0,50.58049011230469
3455,4.0,14.237014770507812
3456,0.0,1.4606971740722656
3457,0.0,1.1128177642822266
3458,0.0,1.266805648803711
3459,0.0,1.7079029083251953
3460,0.0,2.015287399291992
3461,0.0,2.730487823486328
3462,0.0,2.7273921966552734
3463,0.0,2.7619380950927734
3464,0.0,2.7970237731933594
3465,0.0,2.9838790893554688
3466,0.0,3.043668746948242
3467,0.0,3.107606887817383
3468,0.0,3.2135753631591797
3469,0.0,3.6084957122802734
3470,0.0,3.4482269287109375
3471,0.0,3.2154178619384766
3472,0.0,2.9270706176757812
3473,0.0,2.6630210876464844
3474,0.0,2.5649967193603516
3475,0.0,2.4878578186035156
3476,0.0,2.4147987365722656
3477,0.0,2.3046226501464844
3478,0.0,2.495258331298828
3479,0.0,2.798992156982422
3480,0.0,3.1684646606445312
3481,0.0,3.419971466064453
3482,0.0,3.373746871948242
3483,0.0,3.315828323364258
3484,0.0,3.193145751953125
3485,0.0,1.0856800079345703
3486,0.0,0.04457664489746094
3487,0.0,-0.06570816040039062
3488,0.0,-0.11065673828125
3489,0.0,-0.17171669006347656
3490,0.0,-0.2073841094970703
3491,0.0,-0.18285751342773438
3492,0.0,-0.14223480224609375
3493,0.0,-0.12763023376464844
3494,0.0,-0.17568016052246094
3495,0.0,-0.2082977294921875
3496,0.0,-0.18239593505859375
3497,0.0,-0.19541549682617188
3498,0.0,-0.40073204040527344
3499,0.0,-0.4324626922607422
3500,0.0,-0.45367431640625
3501,0.0,-0.5396194458007812
3502,0.0,-0.6607551574707031
3503,0.0,-0.6696853637695312
3504,0.0,-0.6416587829589844
3505,0.0,-0.7141799926757812
3506,0.0,-1.2175922393798828
3507,0.0,-1.4019412994384766
3508,0.0,-1.3689956665039062
3509,0.0,-1.3310565948486328
3510,0.0,-1.3879528045654297
3511,0.0,-1.4068107604980469
3512,0.0,-1.2675762176513672
3513,0.0,-1.1430511474609375
3514,0.0,-1.095357894897461
3515,0.0,-0.9334716796875
3516,0.0,-0.018491744995117188
3517,0.0,1.0985488891601562
3518,0.0,2.28057861328125
3519,0.0,3.774738311767578
3520,0.0,6.2620697021484375
3521,0.0,8.062692642211914
3522,0.0,9.633589744567871
3523,0.0,11.783011436462402
3524,0.0,16.36477279663086
3525,6.0,22.850143432617188
3526,37.0,36.37193298339844
3527,113.0,52.70967102050781
3528,244.0,68.7519302368164
3529,723.0,115.04400634765625
3530,536.0,163.34695434570312
3531,225.0,178.33468627929688
3532,299.0,194.5741729736328
3533,276.0,229.99539184570312
3534,362.0,255.8295440673828
3535,1066.0,282.864501953125
3536,1143.0,299.97509765625
3537,748.0,308.43084716796875
3538,539.0,309.14019775390625
3539,261.0,300.2259826660156
3540,207.0,272.376708984375
3541,115.0,255.62252807617188
3542,195.0,239.2984161376953
3543,287.0,199.87841796875
3544,155.0,168.56915283203125
3545,159.0,156.80540466308594
3546,149.0,147.0226593017578
3547,100.0,129.44882202148438
3548,143.0,103.19950103759766
3549,136.0,80.01449584960938
3550,74.0,70.78055572509766
3551,31.0,50.845069885253906
3552,3.0,9.365285873413086
3553,0.0,4.433408737182617
3554,0.0,2.7857913970947266
3555,0.0,1.4766616821289062
3556,0.0,0.60784912109375
3557,0.0,0.6672916412353516
3558,0.0,0.7740039825439453
3559,0.0,1.068450927734375
3560,0.0,1.3846721649169922
3561,0.0,1.8768119812011719
3562,0.0,1.8628597259521484
3563,0.0,1.7629966735839844
3564,0.0,1.2797679901123047
3565,0.0,0.9466705322265625
3566,0.0,0.9636306762695312
3567,0.0,1.1918907165527344
3568,0.0,1.5064754486083984
3569,0.0,1.731241226196289
3570,0.0,0.8083286285400391
3571,0.0,0.29150390625
3572,0.0,-0.048274993896484375
3573,0.0,-0.20427322387695312
3574,0.0,-0.20644187927246094
3575,0.0,0.062160491943359375
3576,0.0,0.4695911407470703
3577,0.0,0.7669124603271484
3578,0.0,0.9053668975830078
3579,0.0,0.9451732635498047
3580,0.0,0.9180870056152344
3581,0.0,-0.08083343505859375
3582,0.0,-0.2992439270019531
3583,0.0,-0.4373130798339844
3584,0.0,-0.5
3585,0.0,-0.3488044738769531
3586,0.0,-0.034069061279296875
3587,0.0,0.08359336853027344
3588,0.0,-0.06116294860839844
3589,0.0,-0.2921905517578125
3590,0.0,-0.6007633209228516
3591,0.0,-0.8393325805664062
3592,0.0,-0.8956012725830078
3593,0.0,-0.6854820251464844
3594,0.0,-0.6419620513916016
3595,0.0,-0.3970775604248047
3596,0.0,-0.3445110321044922
3597,0.0,-0.6867542266845703
3598,0.0,-0.7346172332763672
3599,0.0,-0.7848415374755859
3600,0.0,-0.6987075805664062
3601,0.0,-0.8780708312988281
3602,0.0,-0.9154777526855469
3603,0.0,-1.1077442169189453
3604,0.0,-1.2190399169921875
3605,0.0,-1.4130744934082031
3606,0.0,-1.364267349243164
3607,0.0,-1.2743988037109375
3608,0.0,-0.8024272918701172
3609,0.0,-0.4658985137939453
3610,0.0,-0.15264320373535156
3611,0.0,0.21280479431152344
3612,0.0,1.8108177185058594
3613,0.0,2.807798385620117
3614,0.0,4.464176177978516
3615,0.0,7.155862808227539
3616,4.0,12.665488243103027
3617,50.0,19.667346954345703
3618,120.0,37.071189880371094
3619,198.0,79.01913452148438
3620,281.0,163.7086181640625
3621,400.0,265.0003967285156
3622,558.0,372.4306945800781
3623,687.0,421.6278381347656
3624,794.0,502.46441650390625
3625,891.0,539.6633911132812
3626,961.0,572.152099609375
3627,1024.0,618.1598510742188
3628,1094.0,678.8887939453125
3629,1145.0,751.6751098632812
3630,1190.0,825.4161376953125
3631,1220.0,889.3610229492188
3632,1255.0,942.7953491210938
3633,1265.0,984.1297607421875
3634,1280.0,1019.2923583984375
3635,1316.0,1050.34521484375
3636,1263.0,1093.83056640625
3637,1188.0,1099.860107421875
3638,1121.0,966.845703125
3639,1073.0,873.5647583007812
3640,981.0,844.02587890625
3641,928.0,665.1993408203125
3642,720.0,440.9429016113281
3643,729.0,267.1424560546875
3644,606.0,133.890869140625
3645,201.0,88.39971160888672
3646,60.0,57.3756103515625
3647,20.0,23.429105758666992
3648,2.0,3.3195457458496094
3649,0.0,1.4617233276367188
3650,0.0,0.7446193695068359
3651,0.0,0.4938983917236328
3652,0.0,0.410736083984375
3653,0.0,0.4833564758300781
3654,0.0,0.44788360595703125
3655,0.0,0.4693126678466797
3656,0.0,0.5443820953369141
3657,0.0,0.8085079193115234
3658,0.0,0.7503261566162109
3659,0.0,0.6428794860839844
3660,0.0,0.5098419189453125
3661,0.0,0.4498329162597656
3662,0.0,0.3880805969238281
3663,0.0,0.3067512512207031
3664,0.0,0.21482467651367188
3665,0.0,0.18098831176757812
3666,0.0,0.1459217071533203
3667,0.0,0.14783287048339844
3668,0.0,0.1651287078857422
3669,0.0,0.23476600646972656
3670,0.0,0.21660423278808594
3671,0.0,0.2157745361328125
3672,0.0,0.21607398986816406
3673,0.0,0.25321197509765625
3674,0.0,0.2646141052246094
3675,0.0,0.28606605529785156
3676,0.0,0.3119163513183594
3677,0.0,0.311859130859375
3678,0.0,-0.026287078857421875
3679,0.0,-0.10281562805175781
3680,0.0,-0.11187171936035156
3681,0.0,-0.2471294403076172
3682,0.0,-0.2562713623046875
3683,0.0,-0.1846923828125
3684,0.0,0.001270294189453125
3685,0.0,0.22391510009765625
3686,0.0,0.30323028564453125
3687,0.0,0.38759803771972656
3688,0.0,0.4165153503417969
3689,0.0,0.3817615509033203
3690,0.0,0.3161888122558594
3691,0.0,0.2908439636230469
3692,0.0,0.32171630859375
3693,0.0,0.3865795135498047
3694,0.0,0.4900531768798828
3695,0.0,0.5776901245117188
3696,0.0,0.6204547882080078
3697,0.0,0.6518611907958984
3698,0.0,0.7209262847900391
3699,0.0,0.8689308166503906
3700,0.0,0.8938236236572266
3701,0.0,0.5858230590820312
3702,0.0,0.3954181671142578
3703,0.0,0.7138080596923828
3704,0.0,1.1038017272949219
3705,0.0,1.7994499206542969
3706,0.0,2.568195343017578
3707,0.0,3.4171104431152344
3708,0.0,5.142116546630859
3709,0.0,9.568907737731934
3710,0.0,14.34107780456543
3711,0.0,15.691339492797852
3712,0.0,14.884126663208008
3713,1.0,13.855562210083008
3714,11.0,11.174577713012695
3715,13.0,11.01552963256836
3716,16.0,20.501609802246094
3717,33.0,38.783836364746094
3718,89.0,50.30424118041992
3719,114.0,59.89726257324219
3720,97.0,74.73706817626953
3721,142.0,92.83387756347656
3722,71.0,122.02034759521484
3723,69.0,161.6722869873047
3724,155.0,203.60618591308594
3725,194.0,253.03839111328125
3726,282.0,299.1529846191406
3727,146.0,349.020751953125
3728,151.0,394.38787841796875
3729,210.0,419.1095275878906
3730,324.0,399.7486877441406
3731,322.0,354.429931640625
3732,380.0,265.9560852050781
3733,398.0,201.3726806640625
3734,668.0,222.5224609375
3735,641.0,217.30992126464844
3736,517.0,195.80165100097656
3737,284.0,177.53680419921875
3738,318.0,164.8365936279297
3739,322.0,151.7489471435547
3740,197.0,125.33611297607422
3741,87.0,96.78810119628906
3742,52.0,71.51032257080078
3743,23.0,43.51304626464844
3744,2.0,12.428779602050781
3745,0.0,3.436922073364258
3746,0.0,0.2769947052001953
3747,0.0,-0.6707096099853516
3748,0.0,-0.7933330535888672
3749,0.0,-0.5137271881103516
3750,0.0,0.022970199584960938
3751,0.0,0.4477100372314453
3752,0.0,0.8557720184326172
3753,0.0,1.356058120727539
3754,0.0,1.4642467498779297
3755,0.0,1.6209526062011719
3756,0.0,1.7247905731201172
3757,0.0,1.8479690551757812
3758,0.0,1.8398704528808594
3759,0.0,1.8299236297607422
3760,0.0,1.8120040893554688
3761,0.0,1.7650737762451172
3762,0.0,1.705404281616211
3763,0.0,1.6166934967041016
3764,0.0,1.5216331481933594
3765,0.0,1.4153861999511719
3766,0.0,1.3378372192382812
3767,0.0,1.2920188903808594
3768,0.0,1.2783088684082031
3769,0.0,1.2809219360351562
3770,0.0,1.2569599151611328
3771,0.0,1.2528648376464844
3772,0.0,1.2570056915283203
3773,0.0,0.5828399658203125
3774,0.0,0.2312145233154297
3775,0.0,0.1663799285888672
3776,0.0,0.16724777221679688
3777,0.0,0.1963329315185547
3778,0.0,0.18223953247070312
3779,0.0,0.17798233032226562
3780,0.0,0.14142608642578125
3781,0.0,-0.019208908081054688
3782,0.0,-0.2242889404296875
3783,0.0,-0.42870521545410156
3784,0.0,-0.667694091796875
3785,0.0,-1.0752735137939453
3786,0.0,-1.4693927764892578
3787,0.0,-1.7354869842529297
3788,0.0,-1.9260292053222656
3789,0.0,-2.341442108154297
3790,0.0,-2.3212051391601562
3791,0.0,-2.2873363494873047
3792,0.0,-2.2659645080566406
3793,0.0,-2.3490352630615234
3794,0.0,-2.323862075805664
3795,0.0,-2.3585052490234375
3796,0.0,-2.423419952392578
3797,0.0,-2.4833984375
3798,0.0,-2.357494354248047
3799,0.0,-2.258485794067383
3800,0.0,-2.126852035522461
3801,0.0,-2.0236167907714844
3802,0.0,-1.8217906951904297
3803,0.0,-1.6864871978759766
3804,0.0,-0.8916110992431641
3805,0.0,0.08560371398925781
3806,0.0,3.1919822692871094
3807,0.0,12.266551971435547
3808,4.0,37.56524658203125
3809,29.0,77.96338653564453
3810,87.0,139.74412536621094
3811,117.0,196.86048889160156
3812,189.0,261.5211181640625
3813,308.0,326.3305358886719
3814,399.0,387.1045837402344
3815,505.0,439.6959228515625
3816,679.0,501.42919921875
3817,520.0,599.0809326171875
3818,275.0,665.263671875
3819,465.0,634.8798828125
3820,549.0,679.4830322265625
3821,488.0,727.646728515625
3822,845.0,655.4600830078125
3823,654.0,593.2814331054688
3824,526.0,606.347412109375
3825,876.0,608.2750854492188
3826,1016.0,580.4659423828125
3827,1069.0,491.72528076171875
3828,864.0,469.9678955078125
3829,917.0,494.8614807128906
3830,271.0,522.2966918945312
3831,731.0,561.5575561523438
3832,879.0,697.2792358398438
3833,776.0,890.2523193359375
3834,609.0,904.3438110351562
3835,524.0,814.5835571289062
3836,317.0,573.0096435546875
3837,100.0,376.86688232421875
3838,73.0,206.47117614746094
3839,22.0,103.54827880859375
3840,2.0,31.78250503540039
3841,0.0,18.728105545043945
3842,0.0,9.794512748718262
3843,0.0,1.2062740325927734
3844,0.0,-0.06880569458007812
3845,0.0,0.303009033203125
3846,0.0,0.2609367370605469
3847,0.0,0.7244987487792969
3848,0.0,0.9961624145507812
3849,0.0,1.2096843719482422
3850,0.0,1.2001419067382812
3851,0.0,1.2847232818603516
3852,0.0,1.3285484313964844
3853,0.0,1.3296852111816406
3854,0.0,1.4062271118164062
3855,0.0,1.4524993896484375
3856,0.0,1.5401782989501953
3857,0.0,1.569192886352539
3858,0.0,1.4732551574707031
3859,0.0,1.4840679168701172
3860,0.0,1.4652976989746094
3861,0.0,1.4438819885253906
3862,0.0,1.3500080108642578
3863,0.0,1.3180961608886719
3864,0.0,1.1698856353759766
3865,0.0,1.023477554321289
3866,0.0,0.9164199829101562
3867,0.0,0.8702678680419922
3868,0.0,0.8370113372802734
3869,0.0,0.11971473693847656
3870,0.0,-0.16771697998046875
3871,0.0,-0.2247314453125
3872,0.0,-0.2432384490966797
3873,0.0,-0.2699909210205078
3874,0.0,-0.37250709533691406
3875,0.0,-0.14359283447265625
3876,0.0,0.11046981811523438
3877,0.0,0.06147575378417969
3878,0.0,0.06713294982910156
3879,0.0,0.05231666564941406
3880,0.0,-0.024541854858398438
3881,0.0,0.0571441650390625
3882,0.0,0.16534805297851562
3883,0.0,0.2407245635986328
3884,0.0,0.3300914764404297
3885,0.0,0.5199031829833984
3886,0.0,0.477783203125
3887,0.0,0.3486804962158203
3888,0.0,0.14087295532226562
3889,0.0,0.038692474365234375
3890,0.0,0.6645660400390625
3891,0.0,1.661458969116211
3892,0.0,2.535818099975586
3893,0.0,3.453603744506836
3894,0.0,4.979106903076172
3895,0.0,5.510675430297852
3896,0.0,5.244071960449219
3897,0.0,4.866476058959961
3898,0.0,4.456804275512695
3899,0.0,4.374141693115234
3900,0.0,4.990032196044922
3901,0.0,6.641576766967773
3902,0.0,10.366537094116211
3903,0.0,15.313299179077148
3904,0.0,21.764284133911133
3905,0.0,27.8582706451416
3906,0.0,32.06174850463867
3907,0.0,36.072120666503906
3908,3.0,42.999305725097656
3909,14.0,51.39647674560547
3910,14.0,68.9779281616211
3911,29.0,92.08306121826172
3912,74.0,97.65631103515625
3913,153.0,97.54290771484375
3914,176.0,119.89189910888672
3915,138.0,184.64694213867188
3916,312.0,230.62689208984375
3917,236.0,248.7666473388672
3918,345.0,267.0116271972656
3919,739.0,297.995361328125
3920,989.0,359.5605163574219
3921,1129.0,499.5033874511719
3922,1167.0,661.4262084960938
3923,1198.0,795.6854248046875
3924,1161.0,879.1827392578125
3925,1067.0,919.6989135742188
3926,1003.0,930.9161376953125
3927,871.0,920.794189453125
3928,740.0,945.3406982421875
3929,856.0,939.0882568359375
3930,621.0,772.8866577148438
3931,658.0,640.575927734375
3932,387.0,449.0931396484375
3933,154.0,275.2479248046875
3934,74.0,171.7722625732422
3935,56.0,94.56072998046875
3936,6.0,30.076602935791016
3937,0.0,15.48724365234375
3938,0.0,5.782827377319336
3939,0.0,2.0725135803222656
3940,0.0,0.8507575988769531
3941,0.0,1.0357398986816406
3942,0.0,1.1222667694091797
3943,0.0,1.170217514038086
3944,0.0,1.2256450653076172
3945,0.0,1.4297752380371094
3946,0.0,1.3120079040527344
3947,0.0,1.4088172912597656
3948,0.0,1.3919849395751953
3949,0.0,1.449758529663086
3950,0.0,1.3435001373291016
3951,0.0,1.3156852722167969
3952,0.0,1.2485847473144531
3953,0.0,1.2172164916992188
3954,0.0,1.1910171508789062
3955,0.0,1.1700286865234375
3956,0.0,1.1887168884277344
3957,0.0,1.207010269165039
3958,0.0,1.155923843383789
3959,0.0,1.1760406494140625
3960,0.0,1.1767463684082031
3961,0.0,1.1783485412597656
3962,0.0,1.1436386108398438
3963,0.0,1.162881851196289
3964,0.0,1.1677207946777344
3965,0.0,-0.24267578125
3966,0.0,-0.6710014343261719
3967,0.0,-0.6527290344238281
3968,0.0,-0.8060665130615234
3969,0.0,-0.8755474090576172
3970,0.0,-0.9451274871826172
3971,0.0,-0.9873409271240234
3972,0.0,-1.047760009765625
3973,0.0,-1.1324214935302734
3974,0.0,-1.2058753967285156
3975,0.0,-1.2878398895263672
3976,0.0,-1.3221702575683594
3977,0.0,-1.3759479522705078
3978,0.0,-1.3894519805908203
3979,0.0,-1.4022636413574219
3980,0.0,-1.4035511016845703
3981,0.0,-1.4567642211914062
3982,0.0,-1.4552059173583984
3983,0.0,-1.4655265808105469
3984,0.0,-1.4141483306884766
3985,0.0,-1.4050235748291016
3986,0.0,-1.3496875762939453
3987,0.0,-1.3295555114746094
3988,0.0,-1.1143417358398438
3989,0.0,-1.0163383483886719
3990,0.0,-0.9327716827392578
3991,0.0,-0.865264892578125
3992,0.0,-0.3230094909667969
3993,0.0,-0.118011474609375
3994,0.0,0.08191490173339844
3995,0.0,0.3693714141845703
3996,0.0,1.8374862670898438
3997,0.0,3.5685195922851562
3998,0.0,6.686655044555664
3999,0.0,13.8319673538208
4000,0.0,32.69607925415039
4001,18.0,72.27727508544922
4002,88.0,146.08172607421875
4003,201.0,227.7644500732422
4004,290.0,320.8797302246094
4005,392.0,411.1670227050781
4006,506.0,498.0875549316406
4007,606.0,591.6822509765625
4008,719.0,689.0459594726562
4009,730.0,801.73095703125
4010,851.0,897.182861328125
4011,916.0,976.641357421875
4012,1007.0,1045.4813232421875
4013,634.0,1090.4879150390625
4014,677.0,1111.179443359375
4015,1012.0,1117.40673828125
4016,1265.0,1122.722900390625
4017,1259.0,1130.2825927734375
4018,1236.0,1140.240966796875
4019,1218.0,1145.4765625
4020,434.0,1141.98291015625
4021,818.0,1126.3599853515625
4022,558.0,1099.596923828125
4023,539.0,1065.433837890625
4024,173.0,998.7601928710938
4025,199.0,903.430908203125
4026,208.0,757.2269287109375
4027,162.0,530.9326782226562
4028,88.0,195.4423370361328
4029,92.0,132.31915283203125
4030,96.0,88.2320556640625
4031,46.0,48.65239715576172
4032,17.0,14.918224334716797
4033,0.0,6.726018905639648
4034,0.0,2.565021514892578
4035,0.0,0.8118133544921875
4036,0.0,0.1548309326171875
4037,0.0,0.3056297302246094
4038,0.0,0.2518291473388672
4039,0.0,0.3481712341308594
4040,0.0,0.5225887298583984
4041,0.0,0.6789112091064453
4042,0.0,0.4710502624511719
4043,0.0,0.33536338806152344
4044,0.0,0.3183555603027344
4045,0.0,0.5413017272949219
4046,0.0,0.37718963623046875
4047,0.0,0.15622901916503906
4048,0.0,-0.028474807739257812
4049,0.0,-0.09600257873535156
4050,0.0,-0.04697227478027344
4051,0.0,0.04331207275390625
4052,0.0,0.13090896606445312
4053,0.0,0.2655982971191406
4054,0.0,0.24283599853515625
4055,0.0,0.33071327209472656
4056,0.0,0.4271526336669922
4057,0.0,0.4765949249267578
4058,0.0,0.5779666900634766
4059,0.0,0.6436614990234375
4060,0.0,0.5370082855224609
4061,0.0,-0.11670875549316406
4062,0.0,-0.4872283935546875
4063,0.0,-0.697723388671875
4064,0.0,-0.8499164581298828
4065,0.0,-0.9664688110351562
4066,0.0,-0.9507827758789062
4067,0.0,-0.9590167999267578
4068,0.0,-0.8877468109130859
4069,0.0,-0.7480068206787109
4070,0.0,-0.39441490173339844
4071,0.0,-0.08212852478027344
4072,0.0,0.07469749450683594
4073,0.0,0.1626415252685547
4074,0.0,0.26760101318359375
4075,0.0,0.3028087615966797
4076,0.0,0.2621803283691406
4077,0.0,0.11593437194824219
4078,0.0,-0.14013099670410156
4079,0.0,-0.4186382293701172
4080,0.0,-0.6629505157470703
4081,0.0,-1.0900020599365234
4082,0.0,-1.6593742370605469
4083,0.0,-2.038503646850586
4084,0.0,-2.2709484100341797
4085,0.0,-2.4566497802734375
4086,0.0,-2.0241851806640625
4087,0.0,-1.755727767944336
4088,0.0,-1.5372943878173828
4089,0.0,-1.1318740844726562
4090,0.0,-0.8012905120849609
4091,0.0,-0.39614295959472656
4092,0.0,1.2248344421386719
4093,0.0,2.522205352783203
4094,0.0,4.698205947875977
4095,0.0,7.782539367675781
4096,0.0,13.301416397094727
4097,17.0,20.118640899658203
4098,61.0,30.306644439697266
4099,128.0,46.03608703613281
4100,146.0,69.77497863769531
4101,95.0,89.50048828125
4102,115.0,115.21475982666016
4103,129.0,219.2505340576172
4104,137.0,265.9305725097656
4105,191.0,228.87948608398438
4106,357.0,228.26451110839844
4107,441.0,213.42982482910156
4108,351.0,186.9942169189453
4109,330.0,176.04266357421875
4110,233.0,176.2716064453125
4111,178.0,176.2669677734375
4112,203.0,166.08753967285156
4113,219.0,148.300537109375
4114,244.0,137.99221801757812
4115,217.0,130.555419921875
4116,146.0,124.30387878417969
4117,178.0,117.41561889648438
4118,121.0,108.96461486816406
4119,135.0,99.39916229248047
4120,91.0,88.12642669677734
4121,72.0,80.92535400390625
4122,51.0,70.56468963623047
4123,27.0,55.462005615234375
4124,10.0,34.837581634521484
4125,0.0,19.63393211364746
4126,0.0,10.253507614135742
4127,0.0,3.627492904663086
4128,0.0,1.0856857299804688
4129,0.0,0.5368671417236328
4130,0.0,0.21239852905273438
4131,0.0,0.008317947387695312
4132,0.0,-0.141571044921875
4133,0.0,-0.26973915100097656
4134,0.0,-0.2999839782714844
4135,0.0,-0.2289581298828125
4136,0.0,-0.09489631652832031
4137,0.0,0.08681297302246094
4138,0.0,0.013622283935546875
4139,0.0,-0.19622039794921875
4140,0.0,-0.4202079772949219
4141,0.0,-0.6233978271484375
4142,0.0,-0.6749248504638672
4143,0.0,-0.6441802978515625
4144,0.0,-0.6006698608398438
4145,0.0,-0.6365547180175781
4146,0.0,-0.6208553314208984
4147,0.0,-0.436309814453125
4148,0.0,-0.24751663208007812
4149,0.0,-0.07383346557617188
4150,0.0,-0.21102142333984375
4151,0.0,-0.3640575408935547
4152,0.0,-0.4410839080810547
4153,0.0,-0.4778003692626953
4154,0.0,-0.42316246032714844
4155,0.0,-0.3442554473876953
4156,0.0,-0.2815666198730469
4157,0.0,-0.9225387573242188
4158,0.0,-1.1075210571289062
4159,0.0,-1.128854751586914
4160,0.0,-1.1600780487060547
4161,0.0,-1.1387004852294922
4162,0.0,-1.0063762664794922
4163,0.0,-0.6944351196289062
4164,0.0,-0.3559246063232422
4165,0.0,0.028886795043945312
4166,0.0,0.2533378601074219
4167,0.0,0.40595245361328125
4168,0.0,0.4765586853027344
4169,0.0,0.6016883850097656
4170,0.0,0.4597187042236328
4171,0.0,0.3607349395751953
4172,0.0,0.24602699279785156
4173,0.0,0.14971542358398438
4174,0.0,0.03350639343261719
4175,0.0,-0.2305469512939453
4176,0.0,-0.49156951904296875
4177,0.0,-0.5221405029296875
4178,0.0,-0.5485687255859375
4179,0.0,-0.5901813507080078
4180,0.0,-0.6263446807861328
4181,0.0,-0.49166297912597656
4182,0.0,-0.4291496276855469
4183,0.0,-0.38391685485839844
4184,0.0,-0.26494407653808594
4185,0.0,-0.042232513427734375
4186,0.0,0.08217620849609375
4187,0.0,0.16130828857421875
4188,0.0,0.40644073486328125
4189,0.0,0.7931556701660156
4190,0.0,1.3780651092529297
4191,0.0,2.150074005126953
4192,0.0,3.3478832244873047
4193,0.0,4.8302459716796875
4194,0.0,6.934926986694336
4195,7.0,9.758316040039062
4196,21.0,13.63529109954834
4197,48.0,17.493091583251953
4198,76.0,21.940719604492188
4199,100.0,28.889068603515625
4200,112.0,53.85801696777344
4201,150.0,68.93340301513672
4202,213.0,73.2005386352539
4203,283.0,76.20094299316406
4204,381.0,78.62064361572266
4205,460.0,82.38179016113281
4206,568.0,89.56472778320312
4207,767.0,97.10939025878906
4208,436.0,101.07035064697266
4209,481.0,101.12748718261719
4210,401.0,100.78076934814453
4211,426.0,100.03360748291016
4212,392.0,96.38453674316406
4213,261.0,86.08145904541016
4214,256.0,73.81793975830078
4215,291.0,66.03722381591797
4216,245.0,57.784019470214844
4217,170.0,49.87465286254883
4218,142.0,45.903076171875
4219,85.0,43.178184509277344
4220,53.0,26.54513931274414
4221,41.0,8.505005836486816
4222,14.0,1.9582290649414062
4223,3.0,0.22528648376464844
4224,0.0,-0.04622650146484375
4225,0.0,0.18115806579589844
4226,0.0,0.24312591552734375
4227,0.0,0.28725242614746094
4228,0.0,0.3032875061035156
4229,0.0,0.3372821807861328
4230,0.0,0.17721176147460938
4231,0.0,0.08510208129882812
4232,0.0,0.0583648681640625
4233,0.0,0.12548446655273438
4234,0.0,0.14170265197753906
4235,0.0,0.2061309814453125
4236,0.0,0.24785995483398438
4237,0.0,0.3162078857421875
4238,0.0,0.30365943908691406
4239,0.0,0.30045509338378906
4240,0.0,0.29034996032714844
4241,0.0,0.31067848205566406
4242,0.0,0.32335662841796875
4243,0.0,0.3319854736328125
4244,0.0,0.3360137939453125
4245,0.0,0.39934730529785156
4246,0.0,0.38256263732910156
4247,0.0,0.37489891052246094
4248,0.0,0.3577690124511719
4249,0.0,0.41716766357421875
4250,0.0,0.7030048370361328
4251,0.0,1.1227073669433594
4252,0.0,1.6610488891601562
4253,0.0,0.5257472991943359
4254,0.0,0.10693931579589844
4255,0.0,-0.4033374786376953
4256,0.0,-0.6347274780273438
4257,0.0,-0.8006496429443359
4258,0.0,-0.8244552612304688
4259,0.0,-0.7289447784423828
4260,0.0,-0.6322803497314453
4261,0.0,-0.5499916076660156
4262,0.0,-0.5977325439453125
4263,0.0,-0.6867752075195312
4264,0.0,-0.8614654541015625
4265,0.0,-0.9073295593261719
4266,0.0,-0.9472999572753906
4267,0.0,-0.9786758422851562
4268,0.0,-1.0065269470214844
4269,0.0,-1.0880985260009766
4270,0.0,-1.2057514190673828
4271,0.0,-1.3405799865722656
4272,0.0,-1.483194351196289
4273,0.0,-1.598886489868164
4274,0.0,-1.7265586853027344
4275,0.0,-1.840280532836914
4276,0.0,-1.865997314453125
4277,0.0,-1.854543685913086
4278,0.0,-1.8804035186767578
4279,0.0,-1.890573501586914
4280,0.0,-1.4534130096435547
4281,0.0,-1.1609840393066406
4282,0.0,-0.9263591766357422
4283,0.0,-0.4291229248046875
4284,0.0,1.4283294677734375
4285,0.0,3.5513076782226562
4286,0.0,7.07774543762207
4287,0.0,13.815006256103516
4288,2.0,27.550853729248047
4289,7.0,52.94491195678711
4290,96.0,105.44939422607422
4291,166.0,176.3414306640625
4292,266.0,245.20140075683594
4293,375.0,345.2521667480469
4294,506.0,448.9414367675781
4295,614.0,540.3245239257812
4296,716.0,637.0067138671875
4297,812.0,730.4569702148438
4298,884.0,831.5977783203125
4299,949.0,954.3570556640625
4300,998.0,1058.7744140625
4301,1014.0,1108.3565673828125
4302,1045.0,1143.268310546875
4303,1074.0,1175.43603515625
4304,1088.0,1213.293701171875
4305,1089.0,1229.9969482421875
4306,1131.0,1240.81103515625
4307,1172.0,1247.57763671875
4308,1128.0,1254.802978515625
4309,1022.0,1240.848388671875
4310,978.0,1213.741943359375
4311,938.0,1174.96728515625
4312,896.0,1117.0308837890625
4313,725.0,999.8756103515625
4314,666.0,832.6925659179688
4315,685.0,626.359619140625
4316,343.0,426.2424011230469
4317,85.0,272.33770751953125
4318,32.0,163.7921600341797
4319,12.0,94.42151641845703
4320,0.0,46.05486297607422
4321,0.0,27.039297103881836
4322,0.0,11.839323997497559
4323,0.0,3.8424835205078125
4324,0.0,1.9989986419677734
4325,0.0,2.2052955627441406
4326,0.0,2.052480697631836
4327,0.0,2.0175437927246094
4328,0.0,1.9787578582763672
4329,0.0,2.119182586669922
4330,0.0,2.0810203552246094
4331,0.0,2.096517562866211
4332,0.0,2.106325149536133
4333,0.0,2.2088375091552734
4334,0.0,2.151334762573242
4335,0.0,2.180948257446289
4336,0.0,2.1782779693603516
4337,0.0,2.2290096282958984
4338,0.0,2.2011146545410156
4339,0.0,2.200695037841797
4340,0.0,2.2006053924560547
4341,0.0,2.2114028930664062
4342,0.0,2.160289764404297
4343,0.0,2.1554622650146484
4344,0.0,2.1434383392333984
4345,0.0,2.1241226196289062
4346,0.0,2.0609397888183594
4347,0.0,2.0386924743652344
4348,0.0,1.9949989318847656
4349,0.0,0.46085357666015625
4350,0.0,0.04363441467285156
4351,0.0,-0.21301841735839844
4352,0.0,-0.5206737518310547
4353,0.0,-0.7163295745849609
4354,0.0,-0.8499221801757812
4355,0.0,-0.9427757263183594
4356,0.0,-1.0281257629394531
4357,0.0,-1.1197795867919922
4358,0.0,-1.2010383605957031
4359,0.0,-1.2827701568603516
4360,0.0,-1.4508800506591797
4361,0.0,-1.4758644104003906
4362,0.0,-1.4976806640625
4363,0.0,-1.4987297058105469
4364,0.0,-1.5026531219482422
4365,0.0,-1.5435009002685547
4366,0.0,-1.575225830078125
4367,0.0,-1.616006851196289
4368,0.0,-1.641561508178711
4369,0.0,-1.731771469116211
4370,0.0,-1.7874794006347656
4371,0.0,-1.855337142944336
4372,0.0,-1.8237152099609375
4373,0.0,-1.9032840728759766
4374,0.0,-1.9433364868164062
4375,0.0,-1.9652233123779297
4376,0.0,-1.6404953002929688
4377,0.0,-1.5805225372314453
4378,0.0,-1.4821052551269531
4379,0.0,-1.1805191040039062
4380,0.0,0.0064487457275390625
4381,0.0,0.9607086181640625
4382,0.0,2.4969654083251953
4383,0.0,5.982572555541992
4384,7.0,13.276123046875
4385,8.0,21.34801483154297
4386,1.0,33.03062438964844
4387,10.0,48.30633544921875
4388,18.0,69.97418975830078
4389,98.0,85.7275390625
4390,59.0,99.35087585449219
4391,30.0,99.5530776977539
4392,85.0,105.72261047363281
4393,86.0,114.07759857177734
4394,51.0,116.86868286132812
4395,88.0,115.80352020263672
4396,110.0,113.88523864746094
4397,136.0,113.99280548095703
4398,130.0,107.93309020996094
4399,97.0,100.5002212524414
4400,86.0,95.2518539428711
4401,123.0,92.27572631835938
4402,133.0,89.61325073242188
4403,123.0,86.60792541503906
4404,108.0,83.8540267944336
4405,98.0,78.45040130615234
4406,50.0,75.29427337646484
4407,51.0,71.34161376953125
4408,60.0,66.8792953491211
4409,56.0,62.934776306152344
4410,74.0,56.95867919921875
4411,182.0,42.55316925048828
4412,77.0,22.30422592163086
4413,70.0,12.731793403625488
4414,21.0,6.812889099121094
4415,2.0,3.5887584686279297
4416,0.0,1.9218177795410156
4417,0.0,1.5656013488769531
4418,0.0,1.3767585754394531
4419,0.0,1.3262386322021484
4420,0.0,1.217824935913086
4421,0.0,1.3322124481201172
4422,0.0,1.2974700927734375
4423,0.0,1.3353900909423828
4424,0.0,1.4190692901611328
4425,0.0,1.5564422607421875
4426,0.0,1.4738521575927734
4427,0.0,1.4086322784423828
4428,0.0,1.3252792358398438
4429,0.0,1.2566108703613281
4430,0.0,1.267232894897461
4431,0.0,1.2472343444824219
4432,0.0,1.2557353973388672
4433,0.0,1.2996196746826172
4434,0.0,1.1422500610351562
4435,0.0,1.0805721282958984
4436,0.0,1.069620132446289
4437,0.0,1.0838336944580078
4438,0.0,1.0702648162841797
4439,0.0,1.076559066772461
4440,0.0,1.0879631042480469
4441,0.0,1.1021709442138672
4442,0.0,1.0770225524902344
4443,0.0,1.0906791687011719
4444,0.0,1.123809814453125
4445,0.0,0.4099712371826172
4446,0.0,0.7058658599853516
4447,0.0,1.1651020050048828
4448,0.0,1.502389907836914
4449,0.0,1.5691204071044922
4450,0.0,1.6502914428710938
4451,0.0,1.7577953338623047
4452,0.0,1.804342269897461
4453,0.0,1.9405384063720703
4454,0.0,2.1180953979492188
4455,0.0,2.2532901763916016
4456,0.0,2.201871871948242
4457,0.0,2.4114818572998047
4458,0.0,2.6019039154052734
4459,0.0,2.5755481719970703
4460,0.0,2.3767776489257812
4461,0.0,2.3675098419189453
4462,0.0,2.2171249389648438
4463,0.0,2.116464614868164
4464,0.0,2.06787109375
4465,0.0,2.172515869140625
4466,0.0,2.2332077026367188
4467,0.0,2.253328323364258
4468,0.0,2.2498950958251953
4469,0.0,2.384735107421875
4470,0.0,2.5369911193847656
4471,0.0,2.656797409057617
4472,0.0,2.6601028442382812
4473,0.0,2.6127166748046875
4474,0.0,2.4922046661376953
4475,0.0,2.502504348754883
4476,0.0,2.5503501892089844
4477,0.0,3.126100540161133
4478,0.0,4.477115631103516
4479,0.0,5.619390487670898
4480,0.0,6.40241813659668
4481,0.0,7.207647323608398
4482,0.0,10.082212448120117
4483,0.0,14.42415714263916
4484,7.0,21.96320343017578
4485,19.0,35.93061447143555
4486,84.0,75.23748779296875
4487,78.0,137.93853759765625
4488,159.0,211.73924255371094
4489,299.0,283.8575439453125
4490,316.0,363.0473327636719
4491,259.0,476.9715576171875
4492,290.0,609.804931640625
4493,546.0,703.3505859375
4494,324.0,745.068603515625
4495,559.0,745.8169555664062
4496,1241.0,744.8138427734375
4497,980.0,733.0814208984375
4498,1221.0,711.8223266601562
4499,1257.0,722.83935546875
4500,1168.0,719.1077880859375
4501,921.0,662.8927001953125
4502,787.0,597.9179077148438
4503,135.0,509.38629150390625
4504,138.0,393.38616943359375
4505,66.0,267.2113952636719
4506,38.0,171.19180297851562
4507,58.0,110.34346771240234
4508,76.0,70.8354263305664
4509,49.0,49.84197998046875
4510,15.0,33.056495666503906
4511,0.0,15.921477317810059
4512,0.0,3.238130569458008
4513,0.0,1.2387256622314453
4514,0.0,0.3649330139160156
4515,0.0,0.050006866455078125
4516,0.0,-0.06932830810546875
4517,0.0,0.1311054229736328
4518,0.0,0.1483631134033203
4519,0.0,0.20969200134277344
4520,0.0,0.2702064514160156
4521,0.0,0.4682598114013672
4522,0.0,0.47344207763671875
4523,0.0,0.4919166564941406
4524,0.0,0.5033435821533203
4525,0.0,0.6150951385498047
4526,0.0,0.40830421447753906
4527,0.0,0.2700538635253906
4528,0.0,0.19872283935546875
4529,0.0,0.2774219512939453
4530,0.0,0.25789451599121094
4531,0.0,0.36414337158203125
4532,0.0,0.5262184143066406
4533,0.0,0.747833251953125
4534,0.0,1.0057735443115234
4535,0.0,1.1261253356933594
4536,0.0,1.192087173461914
4537,0.0,1.205026626586914
4538,0.0,1.2250080108642578
4539,0.0,1.1046772003173828
4540,0.0,1.0132617950439453
4541,0.0,-0.16286277770996094
4542,0.0,-0.22348976135253906
4543,0.0,-0.1741161346435547
4544,0.0,-0.14083290100097656
4545,0.0,-0.11329078674316406
4546,0.0,-0.24866104125976562
4547,0.0,-0.4050312042236328
4548,0.0,-0.5445156097412109
4549,0.0,-0.7567615509033203
4550,0.0,-0.8871040344238281
4551,0.0,-1.0055465698242188
4552,0.0,-1.164987564086914
4553,0.0,-1.2969093322753906
4554,0.0,-1.3705673217773438
4555,0.0,-1.4056205749511719
4556,0.0,-1.449697494506836
4557,0.0,-1.5027656555175781
4558,0.0,-1.4724979400634766
4559,0.0,-1.32989501953125
4560,0.0,-1.1362590789794922
4561,0.0,-0.9026813507080078
4562,0.0,-0.7262287139892578
4563,0.0,-0.6060619354248047
4564,0.0,-0.27625083923339844
4565,0.0,-0.12677001953125
4566,0.0,-0.09239387512207031
4567,0.0,0.11417007446289062
4568,0.0,0.8499679565429688
4569,0.0,1.0418167114257812
4570,0.0,1.2548904418945312
4571,0.0,1.4787578582763672
4572,0.0,2.085742950439453
4573,0.0,2.751066207885742
4574,0.0,3.469057083129883
4575,0.0,4.35931396484375
4576,0.0,5.778224945068359
4577,0.0,7.303842544555664
4578,1.0,8.562762260437012
4579,8.0,9.732826232910156
4580,31.0,12.052611351013184
4581,49.0,12.368743896484375
4582,111.0,13.457056045532227
4583,142.0,14.741065979003906
4584,165.0,15.993487358093262
4585,216.0,16.977998733520508
4586,256.0,21.878904342651367
4587,264.0,30.806358337402344
4588,202.0,44.16679382324219
4589,135.0,59.390167236328125
4590,151.0,72.8748779296875
4591,232.0,80.89476776123047
4592,245.0,91.82182312011719
4593,194.0,104.36448669433594
4594,301.0,109.92897033691406
4595,383.0,107.70207977294922
4596,310.0,106.53330993652344
4597,308.0,93.73963928222656
4598,231.0,75.89371490478516
4599,169.0,70.77346801757812
4600,177.0,72.88670349121094
4601,162.0,76.60591888427734
4602,198.0,78.04193878173828
4603,177.0,74.23735046386719
4604,162.0,63.22630310058594
4605,31.0,39.75450897216797
4606,17.0,25.83994483947754
4607,3.0,14.547626495361328
4608,0.0,4.9250030517578125
4609,0.0,2.5750370025634766
4610,0.0,2.0409774780273438
4611,0.0,1.8042545318603516
4612,0.0,1.6868782043457031
4613,0.0,1.55419921875
4614,0.0,1.4482421875
4615,0.0,1.4255237579345703
4616,0.0,1.4301204681396484
4617,0.0,1.3743152618408203
4618,0.0,1.3580856323242188
4619,0.0,1.4472465515136719
4620,0.0,1.5300121307373047
4621,0.0,1.492105484008789
4622,0.0,1.645895004272461
4623,0.0,1.6820087432861328
4624,0.0,1.6896247863769531
4625,0.0,1.568349838256836
4626,0.0,1.3772525787353516
4627,0.0,1.2996902465820312
4628,0.0,1.2473468780517578
4629,0.0,1.199472427368164
4630,0.0,1.438302993774414
4631,0.0,1.3730602264404297
4632,0.0,1.268533706665039
4633,0.0,1.2418899536132812
4634,0.0,1.0158214569091797
4635,0.0,0.946807861328125
4636,0.0,0.9140911102294922
4637,0.0,-0.024625778198242188
4638,0.0,-0.1505298614501953
4639,0.0,-0.08646011352539062
4640,0.0,-0.06557083129882812
4641,0.0,-0.067230224609375
4642,0.0,-0.090606689453125
4643,0.0,-0.15624427795410156
4644,0.0,-0.24394989013671875
4645,0.0,-0.3428955078125
4646,0.0,-0.26114654541015625
4647,0.0,-0.16774368286132812
4648,0.0,-0.1295185089111328
4649,0.0,-0.031122207641601562
4650,0.0,-0.038524627685546875
4651,0.0,-0.05921363830566406
4652,0.0,0.05884742736816406
4653,0.0,0.5112838745117188
4654,0.0,0.4267253875732422
4655,0.0,0.14194297790527344
4656,0.0,-0.08159446716308594
4657,0.0,-0.16266822814941406
4658,0.0,-0.2622337341308594
4659,0.0,-0.31121253967285156
4660,0.0,-0.3490619659423828
4661,0.0,-0.2884979248046875
4662,0.0,-0.1831798553466797
4663,0.0,-0.08832550048828125
4664,0.0,0.03119659423828125
4665,0.0,0.23015785217285156
4666,0.0,0.3461265563964844
4667,0.0,0.7470970153808594
4668,0.0,1.6933765411376953
4669,0.0,2.194387435913086
4670,0.0,2.3318614959716797
4671,0.0,3.235799789428711
4672,0.0,5.9508514404296875
4673,3.0,11.017759323120117
4674,59.0,20.648160934448242
4675,156.0,38.882568359375
4676,253.0,89.51803588867188
4677,358.0,205.82748413085938
4678,472.0,346.7929382324219
4679,587.0,503.8838806152344
4680,690.0,614.6307373046875
4681,786.0,716.4868774414062
4682,864.0,815.463623046875
4683,929.0,899.7949829101562
4684,975.0,994.3624877929688
4685,991.0,1063.707763671875
4686,1018.0,1111.488525390625
4687,1023.0,1154.2098388671875
4688,1033.0,1201.9710693359375
4689,1063.0,1222.6917724609375
4690,1144.0,1235.0235595703125
4691,1164.0,1243.2994384765625
4692,1147.0,1246.30908203125
4693,1049.0,1214.2589111328125
4694,1023.0,1161.7860107421875
4695,987.0,1084.7056884765625
4696,608.0,985.1129760742188
4697,452.0,898.7033081054688
4698,536.0,794.8739013671875
4699,639.0,643.515869140625
4700,332.0,453.90203857421875
4701,82.0,196.12847900390625
4702,33.0,47.92884063720703
4703,5.0,25.257509231567383
4704,0.0,4.894863128662109
4705,0.0,2.233652114868164
4706,0.0,0.9864578247070312
4707,0.0,0.498565673828125
4708,0.0,0.33858299255371094
4709,0.0,0.4786186218261719
4710,0.0,0.38556671142578125
4711,0.0,0.2606182098388672
4712,0.0,0.1411609649658203
4713,0.0,0.14385032653808594
4714,0.0,0.12556838989257812
4715,0.0,0.0830078125
4716,0.0,0.005062103271484375
4717,0.0,0.0039463043212890625
4718,0.0,0.1224365234375
4719,0.0,0.27364540100097656
4720,0.0,0.41518211364746094
4721,0.0,0.5665130615234375
4722,0.0,0.4967803955078125
4723,0.0,0.43582916259765625
4724,0.0,0.3429241180419922
4725,0.0,0.29175376892089844
4726,0.0,0.18922805786132812
4727,0.0,0.13490676879882812
4728,0.0,0.11320877075195312
4729,0.0,0.12249946594238281
4730,0.0,0.08416366577148438
4731,0.0,0.04871368408203125
4732,0.0,0.025842666625976562
4733,0.0,-0.4585094451904297
4734,0.0,-0.36994361877441406
4735,0.0,-0.39966583251953125
4736,0.0,-0.4079265594482422
4737,0.0,-0.4068279266357422
4738,0.0,-0.4391040802001953
4739,0.0,-0.4204444885253906
4740,0.0,-0.34043312072753906
4741,0.0,-0.3174400329589844
4742,0.0,-0.3520030975341797
4743,0.0,-0.2157268524169922
4744,0.0,-0.008657455444335938
4745,0.0,0.3001670837402344
4746,0.0,0.4534721374511719
4747,0.0,0.4817314147949219
4748,0.0,0.4170684814453125
4749,0.0,0.28440093994140625
4750,0.0,0.47742271423339844
4751,0.0,0.8884487152099609
4752,0.0,1.2569293975830078
4753,0.0,1.6959724426269531
4754,0.0,1.955759048461914
4755,0.0,2.2218284606933594
4756,0.0,2.2407798767089844
4757,0.0,2.175973892211914
4758,0.0,1.6144828796386719
4759,0.0,0.8831501007080078
4760,0.0,0.4301013946533203
4761,0.0,0.3273353576660156
4762,0.0,0.6302452087402344
4763,0.0,0.8316364288330078
4764,0.0,1.1692829132080078
4765,0.0,1.5868167877197266
4766,0.0,2.4516067504882812
4767,0.0,4.023475646972656
4768,0.0,6.50578498840332
4769,0.0,8.949296951293945
4770,0.0,11.542064666748047
4771,0.0,16.731250762939453
4772,0.0,29.24822235107422
4773,0.0,43.374366760253906
4774,11.0,67.3061294555664
4775,31.0,96.25798797607422
4776,51.0,111.0137939453125
4777,42.0,113.94832611083984
4778,48.0,114.68565368652344
4779,70.0,116.12230682373047
4780,74.0,124.1500244140625
4781,93.0,127.28921508789062
4782,86.0,129.5796356201172
4783,92.0,136.87747192382812
4784,68.0,153.30426025390625
4785,48.0,175.4816131591797
4786,56.0,199.58309936523438
4787,66.0,216.46026611328125
4788,81.0,221.84384155273438
4789,86.0,200.802001953125
4790,98.0,145.46560668945312
4791,124.0,124.52413177490234
4792,128.0,112.0693588256836
4793,130.0,99.3027572631836
4794,124.0,85.73014068603516
4795,150.0,71.592041015625
4796,189.0,57.66084289550781
4797,117.0,35.24777603149414
4798,32.0,18.382619857788086
4799,1.0,11.616219520568848
4800,0.0,6.020322799682617
4801,0.0,4.053995132446289
4802,0.0,2.8387203216552734
4803,0.0,1.5679702758789062
4804,0.0,0.7724514007568359
4805,0.0,0.5537261962890625
4806,0.0,0.2015533447265625
4807,0.0,0.10756301879882812
4808,0.0,0.24847793579101562
4809,0.0,0.8023929595947266
4810,0.0,0.5546703338623047
4811,0.0,0.2036151885986328
4812,0.0,-0.05927085876464844
4813,0.0,0.02254486083984375
4814,0.0,0.022472381591796875
4815,0.0,0.04953956604003906
4816,0.0,0.07962608337402344
4817,0.0,0.14218902587890625
4818,0.0,0.10138320922851562
4819,0.0,0.2055511474609375
4820,0.0,0.4356803894042969
4821,0.0,0.7883491516113281
4822,0.0,1.1005973815917969
4823,0.0,1.1391048431396484
4824,0.0,1.0803756713867188
4825,0.0,1.0150737762451172
4826,0.0,0.8819980621337891
4827,0.0,0.8431034088134766
4828,0.0,0.81341552734375
4829,0.0,-0.6894626617431641
4830,0.0,-0.6793689727783203
4831,0.0,-0.5622749328613281
4832,0.0,-0.4091663360595703
4833,0.0,-0.1746654510498047
4834,0.0,0.07122230529785156
4835,0.0,0.2582263946533203
4836,0.0,0.4164161682128906
4837,0.0,0.6119575500488281
4838,0.0,0.6826915740966797
4839,0.0,0.7520046234130859
4840,0.0,0.8023300170898438
4841,0.0,1.01953125
4842,0.0,1.1009502410888672
4843,0.0,1.1639575958251953
4844,0.0,1.2054805755615234
4845,0.0,1.3443355560302734
4846,0.0,1.0319042205810547
4847,0.0,0.7567348480224609
4848,0.0,0.4895496368408203
4849,0.0,0.1687908172607422
4850,0.0,0.11656761169433594
4851,0.0,0.16189002990722656
4852,0.0,0.24016761779785156
4853,0.0,0.3145904541015625
4854,0.0,0.1618633270263672
4855,0.0,0.12523651123046875
4856,0.0,0.05641937255859375
4857,0.0,-0.014738082885742188
4858,0.0,0.06368064880371094
4859,0.0,0.15264892578125
4860,0.0,0.2703361511230469
4861,0.0,0.47432518005371094
4862,0.0,0.8166694641113281
4863,0.0,1.3638134002685547
4864,0.0,2.6840667724609375
4865,8.0,7.063713073730469
4866,48.0,23.486194610595703
4867,146.0,80.5020980834961
4868,215.0,173.9077606201172
4869,226.0,248.85569763183594
4870,273.0,341.4999694824219
4871,341.0,400.7694396972656
4872,345.0,437.7969055175781
4873,404.0,481.84661865234375
4874,409.0,578.9945068359375
4875,393.0,763.0157470703125
4876,413.0,931.1749877929688
4877,478.0,1019.5372314453125
4878,445.0,1038.56494140625
4879,423.0,949.1231689453125
4880,413.0,863.0697631835938
4881,390.0,771.4699096679688
4882,264.0,662.1367797851562
4883,146.0,523.9959716796875
4884,148.0,397.7335510253906
4885,145.0,329.8722229003906
4886,107.0,295.4563903808594
4887,87.0,258.17431640625
4888,107.0,212.89109802246094
4889,124.0,170.23988342285156
4890,96.0,132.6934814453125
4891,64.0,99.31645202636719
4892,18.0,63.96916961669922
4893,1.0,41.48115158081055
4894,0.0,25.04107666015625
4895,0.0,11.57426643371582
4896,0.0,2.5251407623291016
4897,0.0,1.1580848693847656
4898,0.0,1.1651725769042969
4899,0.0,1.383779525756836
4900,0.0,1.5130386352539062
4901,0.0,1.4874839782714844
4902,0.0,1.4213428497314453
4903,0.0,1.3125743865966797
4904,0.0,1.2322711944580078
4905,0.0,1.1316890716552734
4906,0.0,1.0884666442871094
4907,0.0,1.0870475769042969
4908,0.0,1.1152000427246094
4909,0.0,1.1178722381591797
4910,0.0,1.1365127563476562
4911,0.0,1.1580810546875
4912,0.0,1.1659488677978516
4913,0.0,1.1589202880859375
4914,0.0,1.1587295532226562
4915,0.0,1.1462783813476562
4916,0.0,1.1257705688476562
4917,0.0,1.1048469543457031
4918,0.0,1.0922279357910156
4919,0.0,1.0754470825195312
4920,0.0,1.0623970031738281
4921,0.0,1.0816574096679688
4922,0.0,1.1174678802490234
4923,0.0,1.174947738647461
4924,0.0,1.2246990203857422
4925,0.0,1.147665023803711
4926,0.0,1.146402359008789
4927,0.0,0.9713478088378906
4928,0.0,0.6406764984130859
4929,0.0,0.3368110656738281
4930,0.0,0.18053245544433594
4931,0.0,0.0962677001953125
4932,0.0,0.024646759033203125
4933,0.0,0.011144638061523438
4934,0.0,0.09683036804199219
4935,0.0,0.18015098571777344
4936,0.0,0.23045921325683594
4937,0.0,0.3743858337402344
4938,0.0,0.3948211669921875
4939,0.0,0.4256877899169922
4940,0.0,0.4203624725341797
4941,0.0,0.4342823028564453
4942,0.0,0.42830467224121094
4943,0.0,0.4125709533691406
4944,0.0,0.3682231903076172
4945,0.0,0.34447288513183594
4946,0.0,0.29270362854003906
4947,0.0,0.29460716247558594
4948,0.0,0.3092784881591797
4949,0.0,0.39009666442871094
4950,0.0,0.5701789855957031
4951,0.0,0.7619647979736328
4952,0.0,0.9856834411621094
4953,0.0,1.130655288696289
4954,0.0,1.2499351501464844
4955,0.0,1.4109458923339844
4956,0.0,1.6363658905029297
4957,0.0,2.0321998596191406
4958,0.0,3.127347946166992
4959,0.0,4.77018928527832
4960,0.0,7.118753433227539
4961,0.0,10.140350341796875
4962,3.0,13.71922779083252
4963,12.0,17.859956741333008
4964,15.0,23.438053131103516
4965,44.0,30.17257308959961
4966,85.0,40.516693115234375
4967,97.0,57.10688018798828
4968,102.0,85.29705047607422
4969,89.0,125.7417984008789
4970,94.0,153.47474670410156
4971,86.0,157.48146057128906
4972,80.0,145.3834228515625
4973,76.0,130.982666015625
4974,83.0,124.54401397705078
4975,149.0,123.52571105957031
4976,194.0,129.8448486328125
4977,208.0,138.50636291503906
4978,202.0,144.37962341308594
4979,156.0,142.45205688476562
4980,133.0,132.57376098632812
4981,155.0,106.39248657226562
4982,105.0,68.7789077758789
4983,105.0,48.09371566772461
4984,102.0,38.680015563964844
4985,60.0,29.31993293762207
4986,74.0,20.77046775817871
4987,72.0,13.464205741882324
4988,64.0,7.683109283447266
4989,70.0,5.648141860961914
4990,49.0,4.471977233886719
4991,8.0,3.6166954040527344
4992,0.0,2.7292556762695312
4993,0.0,2.054403305053711
4994,0.0,1.628854751586914
4995,0.0,1.470785140991211
4996,0.0,1.4048118591308594
4997,0.0,1.3280563354492188
4998,0.0,1.2539634704589844
4999,0.0,1.1326675415039062
5000,0.0,1.0362434387207031
5001,0.0,1.0396499633789062
5002,0.0,0.9663829803466797
5003,0.0,0.9361419677734375
5004,0.0,0.9214630126953125
5005,0.0,0.9959831237792969
5006,0.0,0.9576454162597656
5007,0.0,0.9448375701904297
5008,0.0,0.9297523498535156
5009,0.0,0.9956569671630859
5010,0.0,0.9946193695068359
5011,0.0,1.0290603637695312
5012,0.0,1.0738410949707031
5013,0.0,1.1821537017822266
5014,0.0,1.1873645782470703
5015,0.0,1.2009258270263672
5016,0.0,1.2053203582763672
5017,0.0,1.2562332153320312
5018,0.0,1.2657012939453125
5019,0.0,1.2882747650146484
5020,0.0,1.3062610626220703
5021,0.0,-0.2866973876953125
5022,0.0,-0.6041450500488281
5023,0.0,-0.5084743499755859
5024,0.0,-0.35863494873046875
5025,0.0,-0.06523704528808594
5026,0.0,0.089569091796875
5027,0.0,0.1579914093017578
5028,0.0,0.19393348693847656
5029,0.0,0.2967395782470703
5030,0.0,0.11653518676757812
5031,0.0,-0.14361572265625
5032,0.0,-0.3870391845703125
5033,0.0,-0.5065269470214844
5034,0.0,-0.5235729217529297
5035,0.0,-0.48987770080566406
5036,0.0,-0.45665740966796875
5037,0.0,-0.4490852355957031
5038,0.0,-0.4094352722167969
5039,0.0,-0.3811779022216797
5040,0.0,-0.3514747619628906
5041,0.0,-0.3501548767089844
5042,0.0,-0.3731670379638672
5043,0.0,-0.38303565979003906
5044,0.0,-0.3417015075683594
5045,0.0,-0.264678955078125
5046,0.0,-0.1757793426513672
5047,0.0,-0.10995864868164062
5048,0.0,0.012241363525390625
5049,0.0,0.1260051727294922
5050,0.0,0.3315715789794922
5051,0.0,0.5417957305908203
5052,0.0,0.9886398315429688
5053,0.0,1.5941085815429688
5054,0.0,2.148519515991211
5055,0.0,2.7157115936279297
5056,0.0,3.4482879638671875
5057,0.0,4.025274276733398
5058,0.0,4.3517303466796875
5059,0.0,4.954408645629883
5060,0.0,6.857187271118164
5061,33.0,10.719853401184082
5062,56.0,19.237783432006836
5063,36.0,31.120697021484375
5064,13.0,45.96220779418945
5065,15.0,59.88154602050781
5066,27.0,74.15946960449219
5067,20.0,87.60139465332031
5068,15.0,96.64151763916016
5069,16.0,104.85643005371094
5070,14.0,119.15434265136719
5071,14.0,136.83729553222656
5072,15.0,144.95159912109375
5073,67.0,133.84410095214844
5074,114.0,114.39498138427734
5075,111.0,95.31757354736328
5076,94.0,82.04762268066406
5077,40.0,84.23897552490234
5078,12.0,85.39260864257812
5079,36.0,74.14463806152344
5080,25.0,47.099632263183594
5081,7.0,31.109012603759766
5082,14.0,24.099294662475586
5083,13.0,16.885360717773438
5084,1.0,9.260099411010742
5085,0.0,6.278924942016602
5086,0.0,3.975811004638672
5087,0.0,2.7435035705566406
5088,0.0,2.210979461669922
5089,0.0,2.1583709716796875
5090,0.0,2.1976852416992188
5091,0.0,2.2075653076171875
5092,0.0,2.1837844848632812
5093,0.0,2.086690902709961
5094,0.0,2.0409679412841797
5095,0.0,2.0314712524414062
5096,0.0,2.036853790283203
5097,0.0,1.9511852264404297
5098,0.0,1.8985671997070312
5099,0.0,1.8742961883544922
5100,0.0,1.8660449981689453
5101,0.0,1.7784996032714844
5102,0.0,1.7746734619140625
5103,0.0,1.771799087524414
5104,0.0,1.7729225158691406
5105,0.0,1.709573745727539
5106,0.0,1.5919628143310547
5107,0.0,1.464376449584961
5108,0.0,1.3608074188232422
5109,0.0,1.2281208038330078
5110,0.0,1.2122802734375
5111,0.0,1.2552223205566406
5112,0.0,1.3004341125488281
5113,0.0,1.3315620422363281
5114,0.0,1.4741535186767578
5115,0.0,1.5060443878173828
5116,0.0,1.5178108215332031
5117,0.0,0.8681354522705078
5118,0.0,0.6638336181640625
5119,0.0,0.5705947875976562
5120,0.0,0.5044765472412109
5121,0.0,0.4810619354248047
5122,0.0,0.5566310882568359
5123,0.0,0.6324520111083984
5124,0.0,0.6926116943359375
5125,0.0,0.7991390228271484
5126,0.0,0.8935165405273438
5127,0.0,0.9483280181884766
5128,0.0,0.9190597534179688
5129,0.0,1.0039310455322266
5130,0.0,1.0765933990478516
5131,0.0,1.1597557067871094
5132,0.0,1.2274856567382812
5133,0.0,1.3915367126464844
5134,0.0,1.4743175506591797
5135,0.0,1.5486717224121094
5136,0.0,1.5974063873291016
5137,0.0,1.7092838287353516
5138,0.0,1.6914596557617188
5139,0.0,1.676614761352539
5140,0.0,1.6590843200683594
5141,0.0,1.6771984100341797
5142,0.0,1.4970703125
5143,0.0,1.2517509460449219
5144,0.0,0.7237110137939453
5145,0.0,0.08290863037109375
5146,0.0,-0.04572105407714844
5147,0.0,-0.08587646484375
5148,0.0,-0.08965873718261719
5149,0.0,0.009275436401367188
5150,0.0,0.6878948211669922
5151,0.0,1.7231063842773438
5152,0.0,2.662057876586914
5153,0.0,3.176708221435547
5154,0.0,3.739643096923828
5155,0.0,4.46141242980957
5156,0.0,5.404012680053711
5157,3.0,6.078901290893555
5158,2.0,7.029546737670898
5159,3.0,8.699559211730957
5160,10.0,11.199013710021973
5161,14.0,13.893242835998535
5162,18.0,16.367900848388672
5163,9.0,18.75666618347168
5164,13.0,20.340356826782227
5165,17.0,21.207754135131836
5166,48.0,23.812259674072266
5167,82.0,28.389957427978516
5168,72.0,33.095008850097656
5169,74.0,39.19325256347656
5170,116.0,47.180381774902344
5171,52.0,55.657958984375
5172,22.0,58.310333251953125
5173,52.0,56.02460479736328
5174,54.0,54.707672119140625
5175,26.0,53.512908935546875
5176,57.0,51.67439270019531
5177,130.0,47.44853210449219
5178,75.0,39.9521484375
5179,70.0,26.596038818359375
5180,36.0,12.268403053283691
5181,12.0,7.383949279785156
5182,0.0,4.183689117431641
5183,0.0,2.3550662994384766
5184,0.0,1.4845905303955078
5185,0.0,1.2972679138183594
5186,0.0,1.1375255584716797
5187,0.0,1.0638084411621094
5188,0.0,1.0235252380371094
5189,0.0,1.0699806213378906
5190,0.0,1.0380840301513672
5191,0.0,1.0509471893310547
5192,0.0,1.0733909606933594
5193,0.0,1.1474456787109375
5194,0.0,1.3007431030273438
5195,0.0,1.4455280303955078
5196,0.0,1.5255603790283203
5197,0.0,1.627523422241211
5198,0.0,1.5285778045654297
5199,0.0,1.4790191650390625
5200,0.0,1.4365234375
5201,0.0,1.4471359252929688
5202,0.0,1.3896293640136719
5203,0.0,1.3767108917236328
5204,0.0,1.3745498657226562
5205,0.0,1.41094970703125
5206,0.0,1.3768730163574219
5207,0.0,1.3558578491210938
5208,0.0,1.3288154602050781
5209,0.0,1.3370838165283203
5210,0.0,1.2953567504882812
5211,0.0,1.2602500915527344
5212,0.0,1.2346019744873047
5213,0.0,0.9692420959472656
5214,0.0,0.9747962951660156
5215,0.0,0.977081298828125
5216,0.0,0.9865913391113281
5217,0.0,1.0245380401611328
5218,0.0,0.9727745056152344
5219,0.0,0.9184131622314453
5220,0.0,0.8581333160400391
5221,0.0,0.8426723480224609
5222,0.0,1.0399761199951172
5223,0.0,1.227609634399414
5224,0.0,1.2773399353027344
5225,0.0,1.6245975494384766
5226,0.0,1.6247920989990234
5227,0.0,1.4948444366455078
5228,0.0,1.433298110961914
5229,0.0,1.4939212799072266
5230,0.0,1.6213951110839844
5231,0.0,1.6109180450439453
5232,0.0,1.5130786895751953
5233,0.0,1.4354915618896484
5234,0.0,1.2737808227539062
5235,0.0,1.1207656860351562
5236,0.0,0.9195766448974609
5237,0.0,0.8690567016601562
5238,0.0,0.8432521820068359
5239,0.0,0.8631629943847656
5240,0.0,0.8781566619873047
5241,0.0,0.9838600158691406
5242,0.0,1.0397891998291016
5243,0.0,1.1092033386230469
5244,0.0,1.1759529113769531
5245,0.0,1.3840446472167969
5246,0.0,1.9888629913330078
5247,0.0,2.8580760955810547
5248,0.0,4.026689529418945
5249,0.0,5.727361679077148
5250,0.0,8.224466323852539
5251,11.0,11.28030014038086
5252,18.0,14.896493911743164
5253,34.0,19.022850036621094
5254,56.0,24.02621078491211
5255,85.0,29.437213897705078
5256,58.0,36.64891052246094
5257,84.0,45.847110748291016
5258,197.0,60.03277587890625
5259,143.0,74.63055419921875
5260,134.0,88.46988677978516
5261,109.0,101.90430450439453
5262,59.0,115.7186508178711
5263,76.0,114.80113220214844
5264,81.0,100.69316101074219
5265,86.0,83.82073974609375
5266,91.0,73.70354461669922
5267,141.0,69.05978393554688
5268,65.0,68.90162658691406
5269,58.0,69.79100036621094
5270,60.0,66.9733657836914
5271,46.0,61.49176025390625
5272,40.0,53.01768493652344
5273,34.0,36.691741943359375
5274,8.0,25.719120025634766
5275,11.0,17.803035736083984
5276,4.0,10.065166473388672
5277,6.0,6.324680328369141
5278,0.0,3.7509689331054688
5279,0.0,2.230976104736328
5280,0.0,1.1724281311035156
5281,0.0,0.6513290405273438
5282,0.0,0.3823585510253906
5283,0.0,0.2431640625
5284,0.0,0.1653614044189453
5285,0.0,0.1629657745361328
5286,0.0,0.12538528442382812
5287,0.0,0.08310699462890625
5288,0.0,0.04347419738769531
5289,0.0,0.024311065673828125
5290,0.0,0.005229949951171875
5291,0.0,0.00443267822265625
5292,0.0,0.010305404663085938
5293,0.0,0.07040023803710938
5294,0.0,0.13178253173828125
5295,0.0,0.23885726928710938
5296,0.0,0.406585693359375
5297,0.0,0.6379375457763672
5298,0.0,0.7652511596679688
5299,0.0,0.7471141815185547
5300,0.0,0.7458763122558594
5301,0.0,0.7600059509277344
5302,0.0,0.7593059539794922
5303,0.0,0.831024169921875
5304,0.0,0.8911838531494141
5305,0.0,0.9527854919433594
5306,0.0,1.0332527160644531
5307,0.0,1.0762805938720703
5308,0.0,1.1452407836914062
5309,0.0,0.6154232025146484
5310,0.0,0.5487613677978516
5311,0.0,0.4337596893310547
5312,0.0,0.3382892608642578
5313,0.0,0.2516345977783203
5314,0.0,0.31955909729003906
5315,0.0,0.4454193115234375
5316,0.0,0.6053314208984375
5317,0.0,0.8361320495605469
5318,0.0,1.0211925506591797
5319,0.0,1.1567821502685547
5320,0.0,1.2280254364013672
5321,0.0,1.4301185607910156
5322,0.0,1.6015262603759766
5323,0.0,1.7129707336425781
5324,0.0,1.7866039276123047
5325,0.0,1.9272613525390625
5326,0.0,1.98114013671875
5327,0.0,2.029447555541992
5328,0.0,2.050142288208008
5329,0.0,2.1818294525146484
5330,0.0,2.128631591796875
5331,0.0,1.9623336791992188
5332,0.0,1.7296524047851562
5333,0.0,1.5947761535644531
5334,0.0,1.5008506774902344
5335,0.0,1.4873123168945312
5336,0.0,1.4794464111328125
5337,0.0,1.5872764587402344
5338,0.0,1.678720474243164
5339,0.0,1.7645339965820312
5340,0.0,1.8403568267822266
5341,0.0,2.1516380310058594
5342,0.0,2.8050613403320312
5343,0.0,3.6280860900878906
5344,0.0,4.546449661254883
5345,0.0,5.546760559082031
5346,0.0,6.52897834777832
5347,0.0,7.483301162719727
5348,0.0,8.552166938781738
5349,0.0,9.608064651489258
5350,4.0,10.887838363647461
5351,10.0,12.921503067016602
5352,10.0,16.92771339416504
5353,21.0,24.004356384277344
5354,29.0,32.7349853515625
5355,71.0,39.26795196533203
5356,96.0,43.2479248046875
5357,118.0,46.39622116088867
5358,128.0,49.12823486328125
5359,141.0,51.764739990234375
5360,93.0,54.20785903930664
5361,106.0,55.72279357910156
5362,102.0,56.19892120361328
5363,107.0,56.34996032714844
5364,124.0,56.5487060546875
5365,126.0,56.978858947753906
5366,76.0,58.66986083984375
5367,73.0,60.450584411621094
5368,52.0,61.736473083496094
5369,43.0,61.447532653808594
5370,34.0,56.7628173828125
5371,16.0,38.49341583251953
5372,7.0,21.125600814819336
5373,3.0,10.26015853881836
5374,0.0,4.092145919799805
5375,0.0,1.654806137084961
5376,0.0,0.7707309722900391
5377,0.0,0.7760734558105469
5378,0.0,0.7163333892822266
5379,0.0,0.6070117950439453
5380,0.0,0.5405826568603516
5381,0.0,0.6679496765136719
5382,0.0,0.6619625091552734
5383,0.0,0.7007408142089844
5384,0.0,0.7097415924072266
5385,0.0,0.7424983978271484
5386,0.0,0.6669654846191406
5387,0.0,0.6494274139404297
5388,0.0,0.6325492858886719
5389,0.0,0.6867237091064453
5390,0.0,0.6882743835449219
5391,0.0,0.7127838134765625
5392,0.0,0.7265987396240234
5393,0.0,0.7699432373046875
5394,0.0,0.7813243865966797
5395,0.0,0.7986850738525391
5396,0.0,0.8139457702636719
5397,0.0,0.8634510040283203
5398,0.0,0.8770809173583984
5399,0.0,0.8757495880126953
5400,0.0,0.8776168823242188
5401,0.0,0.9156932830810547
5402,0.0,0.971160888671875
5403,0.0,0.9872341156005859
5404,0.0,1.0160503387451172
5405,0.0,0.513153076171875
5406,0.0,0.28607177734375
5407,0.0,0.08594512939453125
5408,0.0,-0.020242691040039062
5409,0.0,-0.06307029724121094
5410,0.0,-0.07688331604003906
5411,0.0,-0.07915687561035156
5412,0.0,-0.08296585083007812
5413,0.0,-0.07047271728515625
5414,0.0,-0.06720352172851562
5415,0.0,-0.07901191711425781
5416,0.0,-0.13708877563476562
5417,0.0,-0.13886451721191406
5418,0.0,-0.12320709228515625
5419,0.0,-0.10723304748535156
5420,0.0,-0.1515064239501953
5421,0.0,-0.2752361297607422
5422,0.0,-0.36049842834472656
5423,0.0,-0.4661121368408203
5424,0.0,-0.56292724609375
5425,0.0,-0.6510295867919922
5426,0.0,-0.6655540466308594
5427,0.0,-0.6847324371337891
5428,0.0,-0.6544895172119141
5429,0.0,-0.5760898590087891
5430,0.0,-0.5289039611816406
5431,0.0,-0.50885009765625
5432,0.0,-0.2456512451171875
5433,0.0,-0.06575202941894531
5434,0.0,0.1618518829345703
5435,0.0,0.46125221252441406
5436,0.0,1.4455299377441406
5437,0.0,1.7460517883300781
5438,0.0,2.384552001953125
5439,0.0,3.6151657104492188
5440,0.0,6.317354202270508
5441,0.0,8.623048782348633
5442,0.0,11.07060432434082
5443,0.0,13.829793930053711
5444,6.0,18.193880081176758
5445,18.0,20.797000885009766
5446,60.0,25.43486213684082
5447,85.0,34.31957244873047
5448,140.0,51.07646179199219
5449,190.0,67.60009002685547
5450,256.0,74.63642883300781
5451,208.0,82.80107116699219
5452,205.0,95.00569915771484
5453,226.0,114.57810974121094
5454,239.0,148.30584716796875
5455,208.0,204.7490692138672
5456,211.0,273.4056091308594
5457,260.0,343.0370178222656
5458,433.0,426.43365478515625
5459,368.0,478.82464599609375
5460,239.0,493.36541748046875
5461,241.0,467.5145263671875
5462,226.0,408.4444274902344
5463,194.0,314.752197265625
5464,170.0,234.54989624023438
5465,128.0,178.70411682128906
5466,89.0,139.15269470214844
5467,78.0,109.41085815429688
5468,56.0,81.88131713867188
5469,40.0,57.14668273925781
5470,7.0,40.28742980957031
5471,0.0,19.209585189819336
5472,0.0,5.524076461791992
5473,0.0,2.760049819946289
5474,0.0,1.6903438568115234
5475,0.0,1.3215522766113281
5476,0.0,1.1533966064453125
5477,0.0,1.3669548034667969
5478,0.0,1.3467559814453125
5479,0.0,1.45440673828125
5480,0.0,1.5577068328857422
5481,0.0,1.8774547576904297
5482,0.0,1.9326610565185547
5483,0.0,2.053070068359375
5484,0.0,2.1481094360351562
5485,0.0,2.3702220916748047
5486,0.0,2.3387527465820312
5487,0.0,2.390806198120117
5488,0.0,2.4338226318359375
5489,0.0,2.497526168823242
5490,0.0,2.3297767639160156
5491,0.0,2.349466323852539
5492,0.0,2.3409347534179688
5493,0.0,2.3004608154296875
5494,0.0,2.307607650756836
5495,0.0,2.3406906127929688
5496,0.0,2.359109878540039
5497,0.0,2.305450439453125
5498,0.0,2.2251968383789062
5499,0.0,2.211526870727539
5500,0.0,2.1892147064208984
5501,0.0,0.14553070068359375
5502,0.0,-0.018573760986328125
5503,0.0,-0.24017715454101562
5504,0.0,-0.3892383575439453
5505,0.0,-0.5001106262207031
5506,0.0,-0.5261993408203125
5507,0.0,-0.5616931915283203
5508,0.0,-0.57159423828125
5509,0.0,-0.5394763946533203
5510,0.0,-0.4731636047363281
5511,0.0,-0.44406700134277344
5512,0.0,-0.42490577697753906
5513,0.0,-0.27441978454589844
5514,0.0,-0.20973587036132812
5515,0.0,-0.15770721435546875
5516,0.0,-0.11430549621582031
5517,0.0,-0.0472259521484375
5518,0.0,-0.078369140625
5519,0.0,-0.11319541931152344
5520,0.0,-0.12617111206054688
5521,0.0,-0.09466171264648438
5522,0.0,-0.11965751647949219
5523,0.0,-0.09332466125488281
5524,0.0,0.07793045043945312
5525,0.0,0.15850830078125
5526,0.0,0.256134033203125
5527,0.0,0.37421607971191406
5528,0.0,0.6739006042480469
5529,0.0,0.6135673522949219
5530,0.0,0.5951271057128906
5531,0.0,0.7050304412841797
5532,0.0,1.2764244079589844
5533,0.0,1.4236030578613281
5534,0.0,1.4993743896484375
5535,0.0,1.8773479461669922
5536,0.0,3.376729965209961
5537,0.0,4.998851776123047
5538,0.0,7.273870468139648
5539,0.0,9.71300220489502
5540,3.0,12.196998596191406
5541,11.0,13.482706069946289
5542,37.0,15.312925338745117
5543,55.0,18.831571578979492
5544,65.0,28.440662384033203
5545,77.0,47.03227996826172
5546,69.0,53.748992919921875
5547,68.0,56.28369140625
5548,54.0,57.966957092285156
5549,62.0,59.11096954345703
5550,62.0,60.537452697753906
5551,54.0,64.4499740600586
5552,55.0,71.90083312988281
5553,54.0,78.09918975830078
5554,57.0,79.53717041015625
5555,47.0,78.36683654785156
5556,41.0,76.13036346435547
5557,38.0,75.184814453125
5558,25.0,74.9760971069336
5559,26.0,68.84923553466797
5560,11.0,58.490882873535156
5561,7.0,45.14814758300781
5562,0.0,31.864456176757812
5563,0.0,21.556961059570312
5564,0.0,11.034242630004883
5565,0.0,5.3339691162109375
5566,0.0,2.476491928100586
5567,0.0,1.1947517395019531
5568,0.0,0.49132347106933594
5569,0.0,0.4656944274902344
5570,0.0,0.319366455078125
5571,0.0,0.2512550354003906
5572,0.0,0.19475173950195312
5573,0.0,0.3927135467529297
5574,0.0,0.2661247253417969
5575,0.0,0.22917938232421875
5576,0.0,0.2154998779296875
5577,0.0,0.3456878662109375
5578,0.0,0.09658622741699219
5579,0.0,-0.10412025451660156
5580,0.0,-0.2796478271484375
5581,0.0,-0.2642402648925781
5582,0.0,-0.3347301483154297
5583,0.0,-0.2842578887939453
5584,0.0,-0.12848663330078125
5585,0.0,0.11090469360351562
5586,0.0,0.2022113800048828
5587,0.0,0.2682151794433594
5588,0.0,0.33493995666503906
5589,0.0,0.3854713439941406
5590,0.0,0.42040252685546875
5591,0.0,0.46492576599121094
5592,0.0,0.5210361480712891
5593,0.0,0.5675373077392578
5594,0.0,0.5830268859863281
5595,0.0,0.5742549896240234
5596,0.0,0.5421352386474609
5597,0.0,-0.4019012451171875
5598,0.0,-0.4967823028564453
5599,0.0,-0.5642242431640625
5600,0.0,-0.6606006622314453
5601,0.0,-0.7268123626708984
5602,0.0,-0.7381668090820312
5603,0.0,-0.6927261352539062
5604,0.0,-0.6078071594238281
5605,0.0,-0.4049358367919922
5606,0.0,-0.37690162658691406
5607,0.0,-0.38083457946777344
5608,0.0,-0.3508796691894531
5609,0.0,-0.27025413513183594
5610,0.0,-0.22065162658691406
5611,0.0,-0.24661827087402344
5612,0.0,-0.3151893615722656
5613,0.0,-0.583099365234375
5614,0.0,-0.8910331726074219
5615,0.0,-1.0616111755371094
5616,0.0,-1.078084945678711
5617,0.0,-0.9717674255371094
5618,0.0,-0.9348258972167969
5619,0.0,-0.9862918853759766
5620,0.0,-1.0628814697265625
5621,0.0,-1.101388931274414
5622,0.0,-1.0325603485107422
5623,0.0,-0.8024520874023438
5624,0.0,-0.06661796569824219
5625,0.0,0.41429901123046875
5626,0.0,0.8619155883789062
5627,0.0,1.2469463348388672
5628,0.0,2.1374588012695312
5629,0.0,1.5037879943847656
5630,0.0,1.221212387084961
5631,0.0,1.639791488647461
5632,0.0,4.8461456298828125
5633,0.0,7.556339263916016
5634,0.0,9.612998008728027
5635,14.0,11.825629234313965
5636,47.0,15.231276512145996
5637,234.0,17.533245086669922
5638,188.0,20.744991302490234
5639,182.0,26.671798706054688
5640,179.0,39.84861373901367
5641,196.0,56.86048889160156
5642,239.0,76.27154541015625
5643,604.0,102.31415557861328
5644,324.0,131.23452758789062
5645,457.0,145.8160858154297
5646,853.0,168.6226043701172
5647,588.0,227.6254425048828
5648,349.0,503.72674560546875
5649,475.0,691.6829833984375
5650,1011.0,714.43896484375
5651,815.0,689.493408203125
5652,1064.0,625.6840209960938
5653,757.0,508.26080322265625
5654,566.0,364.21392822265625
5655,322.0,258.4261169433594
5656,248.0,215.2775421142578
5657,103.0,200.7785186767578
5658,68.0,164.3324737548828
5659,46.0,120.0495834350586
5660,54.0,88.402587890625
5661,59.0,72.0909652709961
5662,23.0,21.468643188476562
5663,3.0,4.234773635864258
5664,0.0,0.8111114501953125
5665,0.0,0.4620037078857422
5666,0.0,0.4464244842529297
5667,0.0,0.5509414672851562
5668,0.0,0.6262702941894531
5669,0.0,0.6678142547607422
5670,0.0,0.5798797607421875
5671,0.0,0.47955322265625
5672,0.0,0.38416290283203125
5673,0.0,0.2431926727294922
5674,0.0,0.14519691467285156
5675,0.0,0.09338188171386719
5676,0.0,0.06558799743652344
5677,0.0,0.0164947509765625
5678,0.0,-0.0493621826171875
5679,0.0,-0.09542465209960938
5680,0.0,-0.13626480102539062
5681,0.0,-0.20247268676757812
5682,0.0,-0.3569812774658203
5683,0.0,-0.49871253967285156
5684,0.0,-0.5745429992675781
5685,0.0,-0.5702590942382812
5686,0.0,-0.5089073181152344
5687,0.0,-0.4440155029296875
5688,0.0,-0.40145111083984375
5689,0.0,-0.37865447998046875
5690,0.0,-0.3841400146484375
5691,0.0,-0.3736457824707031
5692,0.0,-0.3285961151123047
5693,0.0,-0.5830707550048828
5694,0.0,-0.3706855773925781
5695,0.0,-0.28215599060058594
5696,0.0,-0.20357704162597656
5697,0.0,-0.13373374938964844
5698,0.0,-0.13930130004882812
5699,0.0,-0.11966514587402344
5700,0.0,-0.09108543395996094
5701,0.0,-0.027133941650390625
5702,0.0,0.12363815307617188
5703,0.0,0.1922454833984375
5704,0.0,0.2034149169921875
5705,0.0,0.2485675811767578
5706,0.0,0.24114990234375
5707,0.0,0.23708343505859375
5708,0.0,0.24987030029296875
5709,0.0,0.33872413635253906
5710,0.0,0.5927219390869141
5711,0.0,0.8346805572509766
5712,0.0,1.1340312957763672
5713,0.0,1.3246726989746094
5714,0.0,1.7558746337890625
5715,0.0,2.212160110473633
5716,0.0,2.7695789337158203
5717,0.0,3.3563365936279297
5718,0.0,4.037849426269531
5719,0.0,4.72015380859375
5720,0.0,5.615621566772461
5721,0.0,5.936252593994141
5722,0.0,6.196691513061523
5723,0.0,6.416233062744141
5724,0.0,6.746618270874023
5725,0.0,7.302488327026367
5726,0.0,8.24258804321289
5727,0.0,10.013992309570312
5728,0.0,12.853682518005371
5729,0.0,17.125041961669922
5730,0.0,23.58003044128418
5731,0.0,35.267391204833984
5732,0.0,60.6815185546875
5733,0.0,87.20816040039062
5734,9.0,111.11812591552734
5735,26.0,128.01779174804688
5736,67.0,138.09129333496094
5737,144.0,138.8907470703125
5738,106.0,140.71121215820312
5739,96.0,147.51170349121094
5740,71.0,159.27500915527344
5741,96.0,167.74087524414062
5742,134.0,172.06036376953125
5743,152.0,177.14434814453125
5744,161.0,183.11505126953125
5745,296.0,172.50082397460938
5746,449.0,150.09886169433594
5747,680.0,139.25962829589844
5748,456.0,131.9043426513672
5749,372.0,126.33386993408203
5750,360.0,118.38729095458984
5751,387.0,106.11788177490234
5752,379.0,86.50794219970703
5753,267.0,67.38705444335938
5754,184.0,49.64332962036133
5755,132.0,29.19737434387207
5756,76.0,10.762185096740723
5757,58.0,4.820232391357422
5758,24.0,1.7133903503417969
5759,3.0,0.05407142639160156
5760,0.0,-0.9459857940673828
5761,0.0,-0.6377487182617188
5762,0.0,-0.1663799285888672
5763,0.0,0.19031333923339844
5764,0.0,0.2915058135986328
5765,0.0,0.3553943634033203
5766,0.0,0.3594818115234375
5767,0.0,0.45331573486328125
5768,0.0,0.5523757934570312
5769,0.0,0.6189689636230469
5770,0.0,0.48003387451171875
5771,0.0,0.45467567443847656
5772,0.0,0.4349632263183594
5773,0.0,0.388580322265625
5774,0.0,0.2450084686279297
5775,0.0,0.2007160186767578
5776,0.0,0.1877155303955078
5777,0.0,0.20124053955078125
5778,0.0,0.1969757080078125
5779,0.0,0.20647430419921875
5780,0.0,0.21504974365234375
5781,0.0,0.2368621826171875
5782,0.0,0.24045562744140625
5783,0.0,0.25942039489746094
5784,0.0,0.28191566467285156
5785,0.0,0.3286876678466797
5786,0.0,0.172210693359375
5787,0.0,0.1050262451171875
5788,0.0,0.2129650115966797
5789,0.0,-0.6422157287597656
5790,0.0,-0.4526042938232422
5791,0.0,-0.3064594268798828
5792,0.0,-0.1934337615966797
5793,0.0,-0.04866218566894531
5794,0.0,-0.0057220458984375
5795,0.0,-0.02392578125
5796,0.0,-0.05330085754394531
5797,0.0,-0.048492431640625
5798,0.0,0.030956268310546875
5799,0.0,0.13039207458496094
5800,0.0,0.2255096435546875
5801,0.0,0.3936119079589844
5802,0.0,0.49517059326171875
5803,0.0,0.5223827362060547
5804,0.0,0.4316902160644531
5805,0.0,0.31557273864746094
5806,0.0,0.3939094543457031
5807,0.0,0.5271987915039062
5808,0.0,0.6468639373779297
5809,0.0,0.777587890625
5810,0.0,0.818817138671875
5811,0.0,0.8331718444824219
5812,0.0,0.8486042022705078
5813,0.0,0.8073158264160156
5814,0.0,0.8540515899658203
5815,0.0,1.0349063873291016
5816,0.0,1.274688720703125
5817,0.0,1.374593734741211
5818,0.0,1.2903308868408203
5819,0.0,1.2630653381347656
5820,0.0,0.9056377410888672
5821,0.0,0.6940574645996094
5822,0.0,0.9835739135742188
5823,0.0,1.6596527099609375
5824,0.0,3.1776905059814453
5825,0.0,5.192571640014648
5826,3.0,7.703348159790039
5827,7.0,10.642281532287598
5828,0.0,15.307543754577637
5829,11.0,18.76833724975586
5830,5.0,23.009153366088867
5831,9.0,30.49213409423828
5832,16.0,48.316097259521484
5833,70.0,70.28331756591797
5834,125.0,86.97697448730469
5835,121.0,119.66392517089844
5836,251.0,147.64279174804688
5837,206.0,148.63685607910156
5838,193.0,145.54403686523438
5839,533.0,141.92739868164062
5840,345.0,138.22952270507812
5841,289.0,134.67308044433594
5842,361.0,133.532958984375
5843,272.0,132.51480102539062
5844,314.0,129.20594787597656
5845,822.0,122.56917572021484
5846,637.0,115.64539337158203
5847,602.0,106.94029998779297
5848,593.0,98.20745086669922
5849,564.0,88.73944091796875
5850,470.0,79.10973358154297
5851,447.0,66.81665802001953
5852,140.0,38.25419616699219
5853,91.0,19.247961044311523
5854,39.0,8.016511917114258
5855,2.0,1.616373062133789
5856,0.0,-0.6737861633300781
5857,0.0,-0.3068809509277344
5858,0.0,-0.02695465087890625
5859,0.0,0.9805011749267578
5860,0.0,1.4183483123779297
5861,0.0,1.8513412475585938
5862,0.0,1.8791217803955078
5863,0.0,1.9852657318115234
5864,0.0,2.052145004272461
5865,0.0,2.1820945739746094
5866,0.0,2.0790176391601562
5867,0.0,1.9945640563964844
5868,0.0,1.9662818908691406
5869,0.0,1.918447494506836
5870,0.0,1.9620170593261719
5871,0.0,2.0262489318847656
5872,0.0,1.9983863830566406
5873,0.0,1.8733863830566406
5874,0.0,1.7372913360595703
5875,0.0,1.6503944396972656
5876,0.0,1.614450454711914
5877,0.0,1.5643901824951172
5878,0.0,1.5420360565185547
5879,0.0,1.561483383178711
5880,0.0,1.6009025573730469
5881,0.0,1.6293773651123047
5882,0.0,1.6779365539550781
5883,0.0,1.7466545104980469
5884,0.0,1.8335094451904297
5885,0.0,0.3359966278076172
5886,0.0,0.10058021545410156
5887,0.0,-0.10628700256347656
5888,0.0,-0.21429061889648438
5889,0.0,-0.3429431915283203
5890,0.0,-0.48182106018066406
5891,0.0,-0.5948982238769531
5892,0.0,-0.7377471923828125
5893,0.0,-0.9497394561767578
5894,0.0,-1.0438499450683594
5895,0.0,-1.082071304321289
5896,0.0,-1.2313079833984375
5897,0.0,-1.2881412506103516
5898,0.0,-1.1352787017822266
5899,0.0,-0.8446617126464844
5900,0.0,-0.5122394561767578
5901,0.0,-0.00176239013671875
5902,0.0,-0.0157623291015625
5903,0.0,-0.09649467468261719
5904,0.0,-0.15979385375976562
5905,0.0,-0.1981067657470703
5906,0.0,-0.3726692199707031
5907,0.0,-0.5776462554931641
5908,0.0,-0.6812095642089844
5909,0.0,-0.8865776062011719
5910,0.0,-0.9831161499023438
5911,0.0,-1.0014667510986328
5912,0.0,-0.9325542449951172
5913,0.0,-0.6615390777587891
5914,0.0,-0.5983982086181641
5915,0.0,-0.5458965301513672
5916,0.0,-0.10210990905761719
5917,0.0,0.31836891174316406
5918,0.0,1.2817363739013672
5919,0.0,3.2046451568603516
5920,0.0,8.23476791381836
5921,0.0,13.473247528076172
5922,8.0,26.47981071472168
5923,17.0,59.161460876464844
5924,50.0,123.87670135498047
5925,96.0,176.69346618652344
5926,142.0,224.14341735839844
5927,139.0,240.5488739013672
5928,168.0,242.0464630126953
5929,248.0,231.63897705078125
5930,366.0,231.13668823242188
5931,436.0,242.40643310546875
5932,400.0,261.1171569824219
5933,241.0,273.3151550292969
5934,204.0,313.31158447265625
5935,350.0,353.2115478515625
5936,156.0,342.0091857910156
5937,165.0,315.0753173828125
5938,186.0,288.4027099609375
5939,117.0,267.1227722167969
5940,100.0,251.00595092773438
5941,136.0,242.85052490234375
5942,123.0,244.2682647705078
5943,129.0,253.44712829589844
5944,116.0,260.3978271484375
5945,169.0,261.8765563964844
5946,90.0,244.7964630126953
5947,196.0,202.4969482421875
5948,242.0,141.2423858642578
5949,122.0,96.55838775634766
5950,65.0,62.43402099609375
5951,44.0,31.92350959777832
5952,5.0,10.29942798614502
5953,0.0,6.18067741394043
5954,0.0,2.872011184692383
5955,0.0,2.0651988983154297
5956,0.0,1.3319625854492188
5957,0.0,1.2193183898925781
5958,0.0,1.126352310180664
5959,0.0,1.4068183898925781
5960,0.0,1.2478923797607422
5961,0.0,1.3632125854492188
5962,0.0,1.473012924194336
5963,0.0,1.5296440124511719
5964,0.0,1.595254898071289
5965,0.0,1.6072940826416016
5966,0.0,1.5361366271972656
5967,0.0,1.558450698852539
5968,0.0,1.5842132568359375
5969,0.0,1.539011001586914
5970,0.0,1.4005012512207031
5971,0.0,1.3003349304199219
5972,0.0,1.2445735931396484
5973,0.0,1.1826667785644531
5974,0.0,1.1356792449951172
5975,0.0,1.0851249694824219
5976,0.0,1.0233707427978516
5977,0.0,0.9461555480957031
5978,0.0,0.9109783172607422
5979,0.0,0.9400272369384766
5980,0.0,0.9714832305908203
5981,0.0,0.21129798889160156
5982,0.0,-0.18082237243652344
5983,0.0,-0.33158302307128906
5984,0.0,-0.4053230285644531
5985,0.0,-0.45594024658203125
5986,0.0,-0.46904563903808594
5987,0.0,-0.49559593200683594
5988,0.0,-0.5118427276611328
5989,0.0,-0.5361442565917969
5990,0.0,-0.5919475555419922
5991,0.0,-0.5868129730224609
5992,0.0,-0.5965156555175781
5993,0.0,-0.5504531860351562
5994,0.0,-0.5848865509033203
5995,0.0,-0.6583671569824219
5996,0.0,-0.7432098388671875
5997,0.0,-0.8271141052246094
5998,0.0,-0.8668346405029297
5999,0.0,-0.8711490631103516
6000,0.0,-0.8769207000732422
6001,0.0,-0.8443603515625
6002,0.0,-0.84283447265625
6003,0.0,-0.8980140686035156
6004,0.0,-0.9182662963867188
6005,0.0,-1.0097274780273438
6006,0.0,-1.222024917602539
6007,0.0,-1.4528865814208984
6008,0.0,-1.4873771667480469
6009,0.0,-1.585458755493164
6010,0.0,-1.8467025756835938
6011,0.0,-1.909902572631836
6012,0.0,-1.5507831573486328
6013,0.0,-0.9037513732910156
6014,0.0,-0.3416862487792969
6015,0.0,1.3915386199951172
6016,0.0,4.529199600219727
6017,0.0,8.631746292114258
6018,0.0,20.10813331604004
6019,1.0,43.0240592956543
6020,13.0,76.37507629394531
6021,14.0,108.45142364501953
6022,46.0,144.91224670410156
6023,56.0,183.39968872070312
6024,79.0,229.5859832763672
6025,85.0,254.88934326171875
6026,135.0,252.12721252441406
6027,115.0,254.17236328125
6028,149.0,250.5897979736328
6029,148.0,244.21438598632812
6030,117.0,236.55616760253906
6031,235.0,231.66943359375
6032,232.0,243.13465881347656
6033,195.0,281.1973876953125
6034,243.0,332.4623107910156
6035,198.0,347.3915100097656
6036,73.0,348.7333984375
6037,20.0,347.8983154296875
6038,45.0,340.36956787109375
6039,103.0,332.3232727050781
6040,358.0,329.720458984375
6041,404.0,325.1329650878906
6042,114.0,298.8255310058594
6043,100.0,243.6802520751953
6044,17.0,204.5876922607422
6045,5.0,181.74887084960938
6046,6.0,161.73248291015625
6047,4.0,127.45564270019531
6048,1.0,84.89187622070312
6049,0.0,48.656761169433594
6050,0.0,15.972783088684082
6051,0.0,2.273134231567383
6052,0.0,0.46746253967285156
6053,0.0,0.405181884765625
6054,0.0,-0.19454193115234375
6055,0.0,-0.5197257995605469
6056,0.0,-0.4089012145996094
6057,0.0,-0.09108161926269531
6058,0.0,0.221649169921875
6059,0.0,0.4551353454589844
6060,0.0,0.6145820617675781
6061,0.0,0.5608253479003906
6062,0.0,0.4683361053466797
6063,0.0,0.3609809875488281
6064,0.0,0.3473072052001953
6065,0.0,0.4497661590576172
6066,0.0,0.43738555908203125
6067,0.0,0.4622821807861328
6068,0.0,0.5013484954833984
6069,0.0,0.5397186279296875
6070,0.0,0.5201663970947266
6071,0.0,0.4733600616455078
6072,0.0,0.41695404052734375
6073,0.0,0.38745880126953125
6074,0.0,0.44476318359375
6075,0.0,0.4444084167480469
6076,0.0,0.3632698059082031
6077,0.0,-0.4160575866699219
6078,0.0,-0.51678466796875
6079,0.0,-0.5049266815185547
6080,0.0,-0.47270774841308594
6081,0.0,-0.4495048522949219
6082,0.0,-0.4949798583984375
6083,0.0,-0.5394649505615234
6084,0.0,-0.5908718109130859
6085,0.0,-0.6874656677246094
6086,0.0,-0.7333946228027344
6087,0.0,-0.7859134674072266
6088,0.0,-0.881561279296875
6089,0.0,-1.0387954711914062
6090,0.0,-0.9504833221435547
6091,0.0,-0.9201164245605469
6092,0.0,-0.9367866516113281
6093,0.0,-1.0470600128173828
6094,0.0,-1.0780448913574219
6095,0.0,-1.0882396697998047
6096,0.0,-1.130340576171875
6097,0.0,-1.1847362518310547
6098,0.0,-1.0742988586425781
6099,0.0,-1.0205440521240234
6100,0.0,-1.0288677215576172
6101,0.0,-0.84576416015625
6102,0.0,-0.7159709930419922
6103,0.0,-0.6130619049072266
6104,0.0,-0.36102294921875
6105,0.0,-0.2297191619873047
6106,0.0,-0.22336769104003906
6107,0.0,-0.23101425170898438
6108,0.0,0.02680206298828125
6109,0.0,-0.019193649291992188
6110,0.0,0.17396926879882812
6111,0.0,1.2466106414794922
6112,0.0,3.5720958709716797
6113,0.0,4.381731033325195
6114,0.0,5.582431793212891
6115,2.0,7.790414810180664
6116,7.0,12.487396240234375
6117,9.0,16.688457489013672
6118,35.0,25.878671646118164
6119,118.0,51.14827346801758
6120,179.0,111.89554595947266
6121,402.0,167.62576293945312
6122,233.0,202.1504669189453
6123,208.0,216.36880493164062
6124,190.0,204.22061157226562
6125,174.0,176.2372589111328
6126,208.0,175.59449768066406
6127,228.0,194.4261474609375
6128,215.0,197.49583435058594
6129,251.0,199.28274536132812
6130,190.0,205.03079223632812
6131,268.0,203.19573974609375
6132,197.0,194.08396911621094
6133,265.0,188.758056640625
6134,182.0,181.5662078857422
6135,149.0,168.11512756347656
6136,126.0,150.51556396484375
6137,133.0,129.5376739501953
6138,253.0,101.87962341308594
6139,231.0,73.73766326904297
6140,158.0,42.72511291503906
6141,111.0,29.911340713500977
6142,45.0,22.958364486694336
6143,23.0,18.241121292114258
6144,2.0,10.795126914978027
6145,0.0,5.391820907592773
6146,0.0,1.97607421875
6147,0.0,0.28778076171875
6148,0.0,-0.6354866027832031
6149,0.0,-0.4671783447265625
6150,0.0,-0.05330848693847656
6151,0.0,0.7269554138183594
6152,0.0,1.043905258178711
6153,0.0,1.2669124603271484
6154,0.0,1.1817188262939453
6155,0.0,1.0907115936279297
6156,0.0,1.053518295288086
6157,0.0,1.0606651306152344
6158,0.0,1.0458145141601562
6159,0.0,1.0505218505859375
6160,0.0,1.0845355987548828
6161,0.0,1.1555957794189453
6162,0.0,1.1978569030761719
6163,0.0,1.2854900360107422
6164,0.0,1.3837947845458984
6165,0.0,1.506540298461914
6166,0.0,1.5389251708984375
6167,0.0,1.6208610534667969
6168,0.0,1.6646251678466797
6169,0.0,1.7161846160888672
6170,0.0,1.6821250915527344
6171,0.0,1.721536636352539
6172,0.0,1.7376022338867188
6173,0.0,-0.04075813293457031
6174,0.0,-0.4557628631591797
6175,0.0,-0.5172481536865234
6176,0.0,-0.711761474609375
6177,0.0,-0.8115043640136719
6178,0.0,-0.8777122497558594
6179,0.0,-0.9027671813964844
6180,0.0,-0.9378547668457031
6181,0.0,-0.9988193511962891
6182,0.0,-1.0195388793945312
6183,0.0,-1.0544605255126953
6184,0.0,-1.0735092163085938
6185,0.0,-1.0999279022216797
6186,0.0,-1.1046409606933594
6187,0.0,-1.0645122528076172
6188,0.0,-1.0005321502685547
6189,0.0,-1.0005416870117188
6190,0.0,-0.8727931976318359
6191,0.0,-0.7166290283203125
6192,0.0,-0.49479103088378906
6193,0.0,-0.3749065399169922
6194,0.0,-0.39487457275390625
6195,0.0,-0.42041969299316406
6196,0.0,-0.26679039001464844
6197,0.0,-0.2503643035888672
6198,0.0,-0.2662506103515625
6199,0.0,-0.2579536437988281
6200,0.0,-0.18988990783691406
6201,0.0,-0.2671222686767578
6202,0.0,-0.038604736328125
6203,0.0,0.4930133819580078
6204,0.0,1.3835735321044922
6205,0.0,1.9143753051757812
6206,0.0,2.1725387573242188
6207,0.0,3.0426998138427734
6208,0.0,6.121982574462891
6209,0.0,10.376806259155273
6210,12.0,18.02033233642578
6211,23.0,32.604393005371094
6212,172.0,62.42247772216797
6213,316.0,93.15791320800781
6214,318.0,125.42094421386719
6215,447.0,159.17494201660156
6216,561.0,197.0322265625
6217,682.0,249.2618408203125
6218,791.0,316.63134765625
6219,830.0,374.86053466796875
6220,869.0,465.2447204589844
6221,650.0,487.04205322265625
6222,231.0,442.03790283203125
6223,183.0,416.008056640625
6224,501.0,398.34661865234375
6225,757.0,407.2434387207031
6226,670.0,431.28875732421875
6227,401.0,419.86956787109375
6228,1191.0,343.54229736328125
6229,779.0,227.03494262695312
6230,349.0,139.93426513671875
6231,353.0,113.0345230102539
6232,197.0,100.23992156982422
6233,219.0,87.61028289794922
6234,202.0,74.9099349975586
6235,269.0,48.710304260253906
6236,164.0,21.42496109008789
6237,46.0,9.449726104736328
6238,27.0,3.4068374633789062
6239,1.0,1.7620887756347656
6240,0.0,1.2381095886230469
6241,0.0,1.0865764617919922
6242,0.0,0.9993743896484375
6243,0.0,0.9953651428222656
6244,0.0,1.0584907531738281
6245,0.0,1.1315536499023438
6246,0.0,1.0085220336914062
6247,0.0,0.9247112274169922
6248,0.0,0.8725605010986328
6249,0.0,0.8072700500488281
6250,0.0,0.802734375
6251,0.0,0.8284931182861328
6252,0.0,0.911468505859375
6253,0.0,1.0343055725097656
6254,0.0,1.1766223907470703
6255,0.0,1.3059501647949219
6256,0.0,1.2505741119384766
6257,0.0,1.0081367492675781
6258,0.0,0.6541595458984375
6259,0.0,0.4853553771972656
6260,0.0,0.43975067138671875
6261,0.0,0.4335155487060547
6262,0.0,0.4710578918457031
6263,0.0,0.4782600402832031
6264,0.0,0.49303245544433594
6265,0.0,0.46865081787109375
6266,0.0,0.41644859313964844
6267,0.0,0.3924217224121094
6268,0.0,0.4019336700439453
6269,0.0,-0.41628074645996094
6270,0.0,-0.5019207000732422
6271,0.0,-0.5288066864013672
6272,0.0,-0.5454425811767578
6273,0.0,-0.6139812469482422
6274,0.0,-0.68414306640625
6275,0.0,-0.7478446960449219
6276,0.0,-0.9227447509765625
6277,0.0,-1.2299079895019531
6278,0.0,-1.201578140258789
6279,0.0,-1.0400772094726562
6280,0.0,-0.7115077972412109
6281,0.0,-0.2690010070800781
6282,0.0,0.23547935485839844
6283,0.0,0.27220726013183594
6284,0.0,-0.03196525573730469
6285,0.0,-0.5503082275390625
6286,0.0,-0.9927215576171875
6287,0.0,-1.1936836242675781
6288,0.0,-1.3369884490966797
6289,0.0,-1.5577659606933594
6290,0.0,-1.7759761810302734
6291,0.0,-1.8306026458740234
6292,0.0,-1.7237205505371094
6293,0.0,-1.5931510925292969
6294,0.0,-1.5357799530029297
6295,0.0,-1.5234184265136719
6296,0.0,-1.4648494720458984
6297,0.0,-1.1301765441894531
6298,0.0,-0.684661865234375
6299,0.0,-0.19008827209472656
6300,0.0,0.45130157470703125
6301,0.0,1.1947250366210938
6302,0.0,1.8212356567382812
6303,0.0,2.8543930053710938
6304,0.0,5.152097702026367
6305,0.0,8.133295059204102
6306,0.0,13.826254844665527
6307,7.0,24.11349105834961
6308,9.0,41.60960006713867
6309,21.0,62.178871154785156
6310,13.0,91.7320785522461
6311,97.0,126.76207733154297
6312,167.0,173.17257690429688
6313,155.0,224.86097717285156
6314,233.0,270.7896423339844
6315,261.0,289.255126953125
6316,275.0,316.24127197265625
6317,234.0,293.74383544921875
6318,224.0,306.6819152832031
6319,177.0,350.1509704589844
6320,271.0,371.62091064453125
6321,215.0,378.0284729003906
6322,115.0,389.6043701171875
6323,59.0,394.5639343261719
6324,142.0,397.7446594238281
6325,332.0,464.8258056640625
6326,120.0,419.7681579589844
6327,161.0,323.1587219238281
6328,122.0,273.95574951171875
6329,107.0,270.1668701171875
6330,159.0,243.9225616455078
6331,70.0,196.1461181640625
6332,136.0,89.8672866821289
6333,113.0,36.26072692871094
6334,38.0,15.132674217224121
6335,2.0,6.426473617553711
6336,0.0,2.729278564453125
6337,0.0,1.6388893127441406
6338,0.0,1.0478706359863281
6339,0.0,0.7443485260009766
6340,0.0,0.5687713623046875
6341,0.0,0.7311878204345703
6342,0.0,0.6499824523925781
6343,0.0,0.5905933380126953
6344,0.0,0.49976539611816406
6345,0.0,0.47460174560546875
6346,0.0,0.4585380554199219
6347,0.0,0.4764118194580078
6348,0.0,0.4943428039550781
6349,0.0,0.5965499877929688
6350,0.0,0.5508880615234375
6351,0.0,0.472564697265625
6352,0.0,0.4115257263183594
6353,0.0,0.40900421142578125
6354,0.0,0.34538841247558594
6355,0.0,0.3354835510253906
6356,0.0,0.32271575927734375
6357,0.0,0.33315277099609375
6358,0.0,0.24283599853515625
6359,0.0,0.26206016540527344
6360,0.0,0.3736572265625
6361,0.0,0.5477790832519531
6362,0.0,0.5033702850341797
6363,0.0,0.31642913818359375
6364,0.0,0.19384193420410156
6365,0.0,-1.3806076049804688
6366,0.0,-1.4160423278808594
6367,0.0,-1.2368297576904297
6368,0.0,-1.16705322265625
6369,0.0,-1.0106945037841797
6370,0.0,-0.7995700836181641
6371,0.0,-0.5434513092041016
6372,0.0,-0.2193470001220703
6373,0.0,0.14642906188964844
6374,0.0,-0.1336803436279297
6375,0.0,-0.4276466369628906
6376,0.0,-0.6011753082275391
6377,0.0,-0.7725906372070312
6378,0.0,-0.9779853820800781
6379,0.0,-1.1040496826171875
6380,0.0,-1.2195510864257812
6381,0.0,-1.501565933227539
6382,0.0,-1.57647705078125
6383,0.0,-1.6760787963867188
6384,0.0,-1.7494335174560547
6385,0.0,-1.9552650451660156
6386,0.0,-2.18988037109375
6387,0.0,-2.308248519897461
6388,0.0,-2.2638397216796875
6389,0.0,-1.7733516693115234
6390,0.0,-1.5921077728271484
6391,0.0,-1.6296520233154297
6392,0.0,-1.3208770751953125
6393,0.0,-1.25439453125
6394,0.0,-1.2487754821777344
6395,0.0,-1.015054702758789
6396,0.0,-0.04602622985839844
6397,0.0,-0.12016677856445312
6398,0.0,-0.1881256103515625
6399,0.0,-0.0176239013671875
6400,0.0,0.7709217071533203
6401,0.0,1.5970726013183594
6402,1.0,3.649747848510742
6403,32.0,9.363639831542969
6404,162.0,47.43097686767578
6405,266.0,105.5350570678711
6406,365.0,192.12579345703125
6407,479.0,332.1856994628906
6408,572.0,426.12298583984375
6409,688.0,495.5314636230469
6410,791.0,529.8453369140625
6411,839.0,527.9597778320312
6412,906.0,506.0790100097656
6413,970.0,540.1293334960938
6414,980.0,564.7394409179688
6415,984.0,548.6826782226562
6416,992.0,513.2628784179688
6417,1001.0,505.87823486328125
6418,1048.0,507.6847839355469
6419,1141.0,504.5240173339844
6420,714.0,553.29443359375
6421,903.0,639.8471069335938
6422,688.0,670.4414672851562
6423,227.0,580.2449340820312
6424,180.0,428.69097900390625
6425,140.0,287.0281677246094
6426,81.0,198.02587890625
6427,101.0,137.8054656982422
6428,133.0,69.80583953857422
6429,62.0,42.1993522644043
6430,44.0,33.88227081298828
6431,5.0,21.06610107421875
6432,0.0,3.6829776763916016
6433,0.0,1.8259544372558594
6434,0.0,1.3061408996582031
6435,0.0,1.0870532989501953
6436,0.0,0.9751548767089844
6437,0.0,1.4327945709228516
6438,0.0,0.659027099609375
6439,0.0,0.33084869384765625
6440,0.0,0.1837921142578125
6441,0.0,0.3536815643310547
6442,0.0,0.4589691162109375
6443,0.0,0.5646800994873047
6444,0.0,0.7888526916503906
6445,0.0,1.1538467407226562
6446,0.0,0.4754352569580078
6447,0.0,0.40897369384765625
6448,0.0,0.8401947021484375
6449,0.0,1.6738243103027344
6450,0.0,1.6583919525146484
6451,0.0,1.691232681274414
6452,0.0,1.5891437530517578
6453,0.0,1.336181640625
6454,0.0,1.2178192138671875
6455,0.0,1.1833477020263672
6456,0.0,1.1991615295410156
6457,0.0,1.2165775299072266
6458,0.0,1.124856948852539
6459,0.0,1.0705718994140625
6460,0.0,1.0474109649658203
6461,0.0,0.03209877014160156
6462,0.0,-0.061916351318359375
6463,0.0,-0.20725631713867188
6464,0.0,-0.4037971496582031
6465,0.0,-0.5727462768554688
6466,0.0,-0.5900058746337891
6467,0.0,-0.5781097412109375
6468,0.0,-0.5807018280029297
6469,0.0,-0.6074123382568359
6470,0.0,-0.7197971343994141
6471,0.0,-0.8500957489013672
6472,0.0,-0.992279052734375
6473,0.0,-1.1201896667480469
6474,0.0,-1.1573410034179688
6475,0.0,-0.9907054901123047
6476,0.0,-0.8724784851074219
6477,0.0,-0.7504768371582031
6478,0.0,-0.6273097991943359
6479,0.0,-0.5548648834228516
6480,0.0,-0.4530048370361328
6481,0.0,-0.5012531280517578
6482,0.0,-0.4844703674316406
6483,0.0,-0.4372444152832031
6484,0.0,-0.2234973907470703
6485,0.0,-0.16222000122070312
6486,0.0,-0.10565376281738281
6487,0.0,-0.039508819580078125
6488,0.0,0.18786048889160156
6489,0.0,0.30373191833496094
6490,0.0,0.37582969665527344
6491,0.0,0.3904743194580078
6492,0.0,0.6441078186035156
6493,0.0,0.5855941772460938
6494,0.0,0.4428443908691406
6495,0.0,0.4281902313232422
6496,0.0,1.1121807098388672
6497,0.0,2.0228118896484375
6498,0.0,3.1422805786132812
6499,0.0,4.477956771850586
6500,7.0,6.502933502197266
6501,11.0,7.988893508911133
6502,22.0,9.915212631225586
6503,25.0,12.823019981384277
6504,36.0,17.72684097290039
6505,40.0,25.7983341217041
6506,64.0,47.90583801269531
6507,55.0,67.47744750976562
6508,113.0,73.78730010986328
6509,67.0,82.9061508178711
6510,57.0,93.6607437133789
6511,106.0,101.03949737548828
6512,76.0,104.77934265136719
6513,125.0,100.17261505126953
6514,192.0,96.30049133300781
6515,114.0,92.9037094116211
6516,106.0,87.49829864501953
6517,180.0,79.41930389404297
6518,157.0,72.1310043334961
6519,189.0,66.51109313964844
6520,247.0,62.64125061035156
6521,118.0,57.721641540527344
6522,106.0,52.82126998901367
6523,89.0,41.30797576904297
6524,94.0,16.604442596435547
6525,46.0,6.958250045776367
6526,50.0,2.8039932250976562
6527,13.0,1.5026721954345703
6528,2.0,1.0286636352539062
6529,0.0,1.1108818054199219
6530,0.0,1.1395301818847656
6531,0.0,1.436422348022461
6532,0.0,1.6310577392578125
6533,0.0,1.7411079406738281
6534,0.0,1.8226852416992188
6535,0.0,1.8231277465820312
6536,0.0,1.6292076110839844
6537,0.0,1.5309333801269531
6538,0.0,1.4641399383544922
6539,0.0,1.5966949462890625
6540,0.0,1.5694522857666016
6541,0.0,1.560537338256836
6542,0.0,1.5655364990234375
6543,0.0,1.7000045776367188
6544,0.0,1.9004154205322266
6545,0.0,2.108264923095703
6546,0.0,2.27667236328125
6547,0.0,2.404144287109375
6548,0.0,2.4071521759033203
6549,0.0,2.2728710174560547
6550,0.0,2.1586475372314453
6551,0.0,2.1006832122802734
6552,0.0,2.0682430267333984
6553,0.0,2.0487060546875
6554,0.0,1.991098403930664
6555,0.0,1.9082565307617188
6556,0.0,1.8399181365966797
6557,0.0,0.6676807403564453
6558,0.0,0.5348606109619141
6559,0.0,0.4542255401611328
6560,0.0,0.4775810241699219
6561,0.0,0.5241127014160156
6562,0.0,0.4928550720214844
6563,0.0,0.46312713623046875
6564,0.0,0.4338855743408203
6565,0.0,0.3829002380371094
6566,0.0,0.2124767303466797
6567,0.0,-0.022695541381835938
6568,0.0,-0.3491859436035156
6569,0.0,-0.5923385620117188
6570,0.0,-0.7515945434570312
6571,0.0,-0.8667755126953125
6572,0.0,-0.9754562377929688
6573,0.0,-1.0463943481445312
6574,0.0,-1.1071834564208984
6575,0.0,-1.1485462188720703
6576,0.0,-1.1948413848876953
6577,0.0,-1.2013416290283203
6578,0.0,-1.1627559661865234
6579,0.0,-1.1224117279052734
6580,0.0,-0.9811897277832031
6581,0.0,-0.9625434875488281
6582,0.0,-0.9393291473388672
6583,0.0,-0.9304714202880859
6584,0.0,-0.5242233276367188
6585,0.0,-0.5128517150878906
6586,0.0,-0.46553993225097656
6587,0.0,-0.3327922821044922
6588,0.0,0.6917476654052734
6589,0.0,0.8171272277832031
6590,0.0,1.4486255645751953
6591,0.0,3.320354461669922
6592,0.0,8.92223072052002
6593,0.0,16.75046730041504
6594,12.0,29.918258666992188
6595,121.0,64.60343933105469
6596,203.0,145.73895263671875
6597,294.0,215.63352966308594
6598,395.0,290.3145446777344
6599,502.0,388.63494873046875
6600,589.0,487.1826171875
6601,693.0,580.9341430664062
6602,775.0,655.9236450195312
6603,868.0,747.9478759765625
6604,950.0,877.600341796875
6605,1020.0,994.4487915039062
6606,998.0,1068.134033203125
6607,859.0,1105.353515625
6608,626.0,1135.1026611328125
6609,627.0,1150.819580078125
6610,581.0,1153.820556640625
6611,665.0,1145.354736328125
6612,973.0,1132.704345703125
6613,1060.0,1120.88623046875
6614,964.0,1098.834716796875
6615,919.0,1064.5013427734375
6616,892.0,1019.0208129882812
6617,401.0,937.9280395507812
6618,239.0,835.047607421875
6619,145.0,706.6585083007812
6620,146.0,517.0615844726562
6621,105.0,317.0181579589844
6622,44.0,174.10191345214844
6623,7.0,98.0376205444336
6624,0.0,52.7955322265625
6625,0.0,33.18932342529297
6626,0.0,18.89588737487793
6627,0.0,5.368318557739258
6628,0.0,1.8331184387207031
6629,0.0,1.9253177642822266
6630,0.0,1.9572086334228516
6631,0.0,2.010049819946289
6632,0.0,1.9913272857666016
6633,0.0,2.1403751373291016
6634,0.0,2.102781295776367
6635,0.0,2.0655689239501953
6636,0.0,2.016794204711914
6637,0.0,2.0519561767578125
6638,0.0,1.9303932189941406
6639,0.0,1.8384742736816406
6640,0.0,1.7441291809082031
6641,0.0,1.7209110260009766
6642,0.0,1.5997772216796875
6643,0.0,1.5112648010253906
6644,0.0,1.4389095306396484
6645,0.0,1.3928337097167969
6646,0.0,1.3132381439208984
6647,0.0,1.2555179595947266
6648,0.0,1.2104606628417969
6649,0.0,1.1799297332763672
6650,0.0,1.1260757446289062
6651,0.0,1.0692825317382812
6652,0.0,1.0329303741455078
6653,0.0,0.6895294189453125
6654,0.0,0.9714756011962891
6655,0.0,0.8135452270507812
6656,0.0,0.8376960754394531
6657,0.0,0.9618587493896484
6658,0.0,0.5885467529296875
6659,0.0,0.14894485473632812
6660,0.0,-0.2531394958496094
6661,0.0,-0.5373554229736328
6662,0.0,-0.5740451812744141
6663,0.0,-0.3596324920654297
6664,0.0,-0.2714042663574219
6665,0.0,0.007266998291015625
6666,0.0,0.056423187255859375
6667,0.0,0.07724380493164062
6668,0.0,0.12241554260253906
6669,0.0,0.33501243591308594
6670,0.0,0.24015045166015625
6671,0.0,0.06896400451660156
6672,0.0,-0.018159866333007812
6673,0.0,-0.14050674438476562
6674,0.0,-0.24446487426757812
6675,0.0,-0.32552337646484375
6676,0.0,-0.36826133728027344
6677,0.0,-0.31113433837890625
6678,0.0,-0.3531532287597656
6679,0.0,-0.3838996887207031
6680,0.0,-0.2813987731933594
6681,0.0,-0.05914115905761719
6682,0.0,0.17311668395996094
6683,0.0,0.4451942443847656
6684,0.0,1.256551742553711
6685,0.0,1.8024787902832031
6686,0.0,2.78955078125
6687,0.0,4.946294784545898
6688,0.0,10.23554515838623
6689,0.0,17.497167587280273
6690,0.0,30.990434646606445
6691,13.0,54.6781005859375
6692,26.0,83.63692474365234
6693,65.0,102.472412109375
6694,89.0,128.1027069091797
6695,112.0,146.94247436523438
6696,156.0,151.61180114746094
6697,172.0,160.82583618164062
6698,384.0,170.6573944091797
6699,764.0,187.0000762939453
6700,887.0,217.78204345703125
6701,926.0,296.8219299316406
6702,937.0,410.7518005371094
6703,927.0,507.6518859863281
6704,946.0,615.8753662109375
6705,945.0,673.50048828125
6706,1018.0,694.9491577148438
6707,1041.0,707.2568359375
6708,1070.0,712.6882934570312
6709,1008.0,705.7758178710938
6710,912.0,696.4443359375
6711,890.0,697.0047607421875
6712,856.0,627.98779296875
6713,620.0,527.4203491210938
6714,631.0,400.6724548339844
6715,598.0,290.065185546875
6716,388.0,183.70826721191406
6717,180.0,109.27310180664062
6718,53.0,74.01933288574219
6719,37.0,47.990745544433594
6720,10.0,13.915481567382812
6721,3.0,5.243112564086914
6722,0.0,1.937225341796875
6723,0.0,0.7324542999267578
6724,0.0,0.2900199890136719
6725,0.0,0.5519275665283203
6726,0.0,0.4081859588623047
6727,0.0,0.5292415618896484
6728,0.0,0.6755485534667969
6729,0.0,1.0053348541259766
6730,0.0,1.13311767578125
6731,0.0,1.1813793182373047
6732,0.0,1.1982231140136719
6733,0.0,1.3091983795166016
6734,0.0,1.3333454132080078
6735,0.0,1.3573188781738281
6736,0.0,1.362274169921875
6737,0.0,1.4518814086914062
6738,0.0,1.1655006408691406
6739,0.0,1.1258792877197266
6740,0.0,1.135629653930664
6741,0.0,1.1948966979980469
6742,0.0,1.2213554382324219
6743,0.0,1.2092609405517578
6744,0.0,1.1636524200439453
6745,0.0,1.169820785522461
6746,0.0,1.1716384887695312
6747,0.0,1.1611995697021484
6748,0.0,1.1571483612060547
6749,0.0,0.9518394470214844
6750,0.0,1.633565902709961
6751,0.0,1.437002182006836
6752,0.0,1.3405990600585938
6753,0.0,1.3174915313720703
6754,0.0,1.298990249633789
6755,0.0,1.2585773468017578
6756,0.0,1.207662582397461
6757,0.0,1.1945266723632812
6758,0.0,1.1330184936523438
6759,0.0,1.0369739532470703
6760,0.0,0.9072990417480469
6761,0.0,0.9455051422119141
6762,0.0,0.929656982421875
6763,0.0,0.8842411041259766
6764,0.0,0.8322944641113281
6765,0.0,0.8083286285400391
6766,0.0,0.7466926574707031
6767,0.0,0.7033348083496094
6768,0.0,0.686004638671875
6769,0.0,0.7132053375244141
6770,0.0,0.7016944885253906
6771,0.0,0.6987590789794922
6772,0.0,0.7436714172363281
6773,0.0,0.9226970672607422
6774,0.0,1.0998706817626953
6775,0.0,1.2663993835449219
6776,0.0,1.473114013671875
6777,0.0,1.7185707092285156
6778,0.0,1.7834548950195312
6779,0.0,1.8207626342773438
6780,0.0,2.026378631591797
6781,0.0,2.171609878540039
6782,0.0,2.4432506561279297
6783,0.0,2.961690902709961
6784,0.0,3.8941402435302734
6785,3.0,4.999048233032227
6786,12.0,8.237412452697754
6787,114.0,20.93147850036621
6788,228.0,70.55290222167969
6789,332.0,209.0315399169922
6790,440.0,353.9376525878906
6791,561.0,443.8716735839844
6792,629.0,531.99169921875
6793,707.0,630.0220336914062
6794,686.0,709.307861328125
6795,748.0,773.381103515625
6796,826.0,786.7662353515625
6797,949.0,796.9793090820312
6798,944.0,806.3566284179688
6799,927.0,815.35009765625
6800,872.0,815.7542724609375
6801,941.0,791.0618896484375
6802,962.0,776.5230712890625
6803,1059.0,770.76025390625
6804,1023.0,772.7405395507812
6805,1092.0,771.2549438476562
6806,908.0,763.4498291015625
6807,866.0,754.0555419921875
6808,839.0,742.4531860351562
6809,638.0,693.8965454101562
6810,682.0,617.11572265625
6811,434.0,520.6202392578125
6812,292.0,403.5729675292969
6813,146.0,246.63111877441406
6814,89.0,132.60829162597656
6815,51.0,77.82746124267578
6816,9.0,32.960594177246094
6817,2.0,9.29818344116211
6818,0.0,3.455493927001953
6819,0.0,2.7615489959716797
6820,0.0,2.704740524291992
6821,0.0,2.911357879638672
6822,0.0,2.871673583984375
6823,0.0,2.963459014892578
6824,0.0,3.026399612426758
6825,0.0,3.132183074951172
6826,0.0,3.034727096557617
6827,0.0,2.9519081115722656
6828,0.0,2.826923370361328
6829,0.0,2.8375072479248047
6830,0.0,2.8222217559814453
6831,0.0,2.82891845703125
6832,0.0,2.7718963623046875
6833,0.0,2.7253589630126953
6834,0.0,2.740612030029297
6835,0.0,2.741657257080078
6836,0.0,2.7471923828125
6837,0.0,2.757831573486328
6838,0.0,2.740377426147461
6839,0.0,2.782398223876953
6840,0.0,2.803314208984375
6841,0.0,2.7717361450195312
6842,0.0,2.6421337127685547
6843,0.0,2.7655181884765625
6844,0.0,2.7931480407714844
6845,0.0,0.34081459045410156
6846,0.0,-0.1763439178466797
6847,0.0,-0.4167366027832031
6848,0.0,-0.6980018615722656
6849,0.0,-0.8766956329345703
6850,0.0,-1.0560226440429688
6851,0.0,-1.1908397674560547
6852,0.0,-1.31573486328125
6853,0.0,-1.4099407196044922
6854,0.0,-1.503000259399414
6855,0.0,-1.59124755859375
6856,0.0,-1.7445430755615234
6857,0.0,-1.7228870391845703
6858,0.0,-1.7179412841796875
6859,0.0,-1.6968555450439453
6860,0.0,-1.680959701538086
6861,0.0,-1.7161636352539062
6862,0.0,-1.7619247436523438
6863,0.0,-1.7966346740722656
6864,0.0,-1.8284358978271484
6865,0.0,-1.9085769653320312
6866,0.0,-1.9457149505615234
6867,0.0,-1.9789657592773438
6868,0.0,-1.9391002655029297
6869,0.0,-2.0614852905273438
6870,0.0,-2.1846885681152344
6871,0.0,-2.35595703125
6872,0.0,-2.349733352661133
6873,0.0,-2.795713424682617
6874,0.0,-3.2960205078125
6875,0.0,-3.800985336303711
6876,0.0,-3.7584571838378906
6877,0.0,-4.440467834472656
6878,0.0,-3.1441478729248047
6879,0.0,-0.7386493682861328
6880,0.0,6.957612991333008
6881,0.0,19.15738296508789
6882,8.0,48.699310302734375
6883,107.0,111.31734466552734
6884,176.0,143.24630737304688
6885,221.0,169.62318420410156
6886,374.0,196.1536102294922
6887,263.0,240.6063690185547
6888,562.0,312.66961669921875
6889,625.0,550.1248168945312
6890,815.0,684.385986328125
6891,892.0,767.3911743164062
6892,869.0,862.5081787109375
6893,915.0,921.9633178710938
6894,985.0,964.3401489257812
6895,965.0,991.17138671875
6896,982.0,1009.5112915039062
6897,999.0,1016.9302368164062
6898,1050.0,1019.5911865234375
6899,1081.0,1016.6924438476562
6900,1030.0,1010.7559204101562
6901,1065.0,1012.9229125976562
6902,980.0,1014.7640380859375
6903,966.0,1013.2196655273438
6904,927.0,991.3428955078125
6905,781.0,953.427734375
6906,710.0,825.99951171875
6907,682.0,684.9472045898438
6908,395.0,501.049072265625
6909,197.0,360.6602478027344
6910,37.0,232.01197814941406
6911,19.0,128.82974243164062
6912,5.0,49.792449951171875
6913,0.0,29.016571044921875
6914,0.0,13.20116138458252
6915,0.0,3.7393951416015625
6916,0.0,-0.002368927001953125
6917,0.0,-0.021165847778320312
6918,0.0,0.10745620727539062
6919,0.0,0.3209400177001953
6920,0.0,0.4919242858886719
6921,0.0,0.7784996032714844
6922,0.0,0.9337024688720703
6923,0.0,1.1599597930908203
6924,0.0,1.3886833190917969
6925,0.0,1.641366958618164
6926,0.0,1.7538070678710938
6927,0.0,1.9311161041259766
6928,0.0,2.1173057556152344
6929,0.0,2.2980403900146484
6930,0.0,2.3682117462158203
6931,0.0,2.4465465545654297
6932,0.0,2.5440826416015625
6933,0.0,2.6183395385742188
6934,0.0,2.6400089263916016
6935,0.0,2.652109146118164
6936,0.0,2.6826953887939453
6937,0.0,2.6896133422851562
6938,0.0,2.659404754638672
6939,0.0,2.647472381591797
6940,0.0,2.6261959075927734
6941,0.0,1.228597640991211
6942,0.0,0.6120147705078125
6943,0.0,0.279937744140625
6944,0.0,-0.0800933837890625
6945,0.0,-0.30328941345214844
6946,0.0,-0.5094699859619141
6947,0.0,-0.6595497131347656
6948,0.0,-0.8353176116943359
6949,0.0,-0.9903316497802734
6950,0.0,-1.1379165649414062
6951,0.0,-1.3026313781738281
6952,0.0,-1.6046581268310547
6953,0.0,-1.6413993835449219
6954,0.0,-1.6951751708984375
6955,0.0,-1.72637939453125
6956,0.0,-1.7572021484375
6957,0.0,-1.7997150421142578
6958,0.0,-1.8538475036621094
6959,0.0,-1.8741168975830078
6960,0.0,-1.8719139099121094
6961,0.0,-1.9200019836425781
6962,0.0,-1.955545425415039
6963,0.0,-2.0050277709960938
6964,0.0,-1.9788036346435547
6965,0.0,-2.0161495208740234
6966,0.0,-2.0138587951660156
6967,0.0,-2.0386180877685547
6968,0.0,-1.786752700805664
6969,0.0,-1.7798538208007812
6970,0.0,-1.7311840057373047
6971,0.0,-1.5579509735107422
6972,0.0,-0.5877437591552734
6973,0.0,-0.4935436248779297
6974,0.0,-0.14050865173339844
6975,0.0,1.3193206787109375
6976,0.0,5.54649543762207
6977,0.0,10.391310691833496
6978,6.0,17.531490325927734
6979,118.0,30.9695987701416
6980,203.0,63.28788757324219
6981,300.0,99.5389404296875
6982,398.0,145.97604370117188
6983,494.0,196.34507751464844
6984,590.0,325.78948974609375
6985,701.0,443.0576477050781
6986,784.0,507.78607177734375
6987,859.0,596.6537475585938
6988,918.0,734.607177734375
6989,923.0,874.7259521484375
6990,956.0,974.1594848632812
6991,937.0,1024.136474609375
6992,978.0,1065.246826171875
6993,997.0,1092.2606201171875
6994,1037.0,1112.0679931640625
6995,1078.0,1127.00048828125
6996,1126.0,1144.5960693359375
6997,1025.0,1146.87353515625
6998,997.0,1147.60009765625
6999,975.0,1148.4378662109375
7000,919.0,1131.4971923828125
7001,691.0,1068.2786865234375
7002,677.0,943.1082153320312
7003,686.0,757.6436157226562
7004,424.0,589.5577392578125
7005,215.0,414.5787658691406
7006,51.0,246.460693359375
7007,34.0,153.5256805419922
7008,9.0,64.10792541503906
7009,0.0,40.163536071777344
7010,0.0,20.80327796936035
7011,0.0,7.582990646362305
7012,0.0,2.4447078704833984
7013,0.0,2.710052490234375
7014,0.0,2.9826507568359375
7015,0.0,3.1211814880371094
7016,0.0,3.2116565704345703
7017,0.0,3.3526344299316406
7018,0.0,3.3459110260009766
7019,0.0,3.3735008239746094
7020,0.0,3.4036922454833984
7021,0.0,3.393545150756836
7022,0.0,3.277667999267578
7023,0.0,3.230762481689453
7024,0.0,3.219066619873047
7025,0.0,3.149444580078125
7026,0.0,3.044921875
7027,0.0,3.0410423278808594
7028,0.0,3.0826377868652344
7029,0.0,3.0780696868896484
7030,0.0,3.0314998626708984
7031,0.0,3.0619678497314453
7032,0.0,3.102712631225586
7033,0.0,3.114267349243164
7034,0.0,3.084074020385742
7035,0.0,3.0890941619873047
7036,0.0,3.0935726165771484
7037,0.0,0.2629814147949219
7038,0.0,-0.07229995727539062
7039,0.0,-0.2689361572265625
7040,0.0,-0.4461479187011719
7041,0.0,-0.5387248992919922
7042,0.0,-0.5849857330322266
7043,0.0,-0.5960731506347656
7044,0.0,-0.6061687469482422
7045,0.0,-0.6243858337402344
7046,0.0,-0.6409473419189453
7047,0.0,-0.7089729309082031
7048,0.0,-0.7925205230712891
7049,0.0,-0.8219242095947266
7050,0.0,-0.8237991333007812
7051,0.0,-0.8275184631347656
7052,0.0,-0.8188552856445312
7053,0.0,-0.8510341644287109
7054,0.0,-0.8537311553955078
7055,0.0,-0.8051357269287109
7056,0.0,-0.7141971588134766
7057,0.0,-0.6373310089111328
7058,0.0,-0.5551490783691406
7059,0.0,-0.5372219085693359
7060,0.0,-0.3937187194824219
7061,0.0,-0.37447166442871094
7062,0.0,-0.3288078308105469
7063,0.0,-0.2891273498535156
7064,0.0,0.06418228149414062
7065,0.0,-0.01092529296875
7066,0.0,-0.0316009521484375
7067,0.0,-0.01458740234375
7068,0.0,0.42125511169433594
7069,0.0,0.5925674438476562
7070,0.0,1.0582218170166016
7071,0.0,2.244678497314453
7072,0.0,5.0433807373046875
7073,0.0,7.448875427246094
7074,7.0,11.558722496032715
7075,88.0,19.67024803161621
7076,180.0,40.23442077636719
7077,235.0,95.23965454101562
7078,319.0,200.07554626464844
7079,439.0,282.9369812011719
7080,555.0,356.14959716796875
7081,674.0,447.9901123046875
7082,749.0,533.181884765625
7083,840.0,634.4717407226562
7084,805.0,785.7020874023438
7085,919.0,928.7448120117188
7086,924.0,1034.1409912109375
7087,975.0,1098.3861083984375
7088,992.0,1138.022705078125
7089,997.0,1134.408935546875
7090,1062.0,1098.6878662109375
7091,1067.0,1050.9991455078125
7092,1089.0,1042.5537109375
7093,1034.0,1049.81787109375
7094,941.0,1062.499755859375
7095,979.0,1058.54541015625
7096,899.0,1027.6552734375
7097,712.0,970.4639892578125
7098,656.0,883.376220703125
7099,680.0,726.00048828125
7100,440.0,527.48779296875
7101,211.0,367.8898620605469
7102,71.0,218.17825317382812
7103,44.0,134.14630126953125
7104,12.0,78.89888000488281
7105,0.0,46.4046745300293
7106,0.0,24.28629493713379
7107,0.0,7.255439758300781
7108,0.0,3.021902084350586
7109,0.0,3.065095901489258
7110,0.0,3.0976028442382812
7111,0.0,3.153675079345703
7112,0.0,3.1400184631347656
7113,0.0,3.1513614654541016
7114,0.0,3.0092945098876953
7115,0.0,2.9107704162597656
7116,0.0,2.8587207794189453
7117,0.0,2.7918472290039062
7118,0.0,2.687906265258789
7119,0.0,2.6213531494140625
7120,0.0,2.5842323303222656
7121,0.0,2.517322540283203
7122,0.0,2.4235076904296875
7123,0.0,2.351715087890625
7124,0.0,2.2825565338134766
7125,0.0,2.192596435546875
7126,0.0,2.1061267852783203
7127,0.0,2.044971466064453
7128,0.0,1.9908809661865234
7129,0.0,1.9387054443359375
7130,0.0,1.8534736633300781
7131,0.0,1.7856616973876953
7132,0.0,1.7283077239990234
7133,0.0,-0.2179584503173828
7134,0.0,0.22745513916015625
7135,0.0,0.17749404907226562
7136,0.0,0.13712692260742188
7137,0.0,0.1416187286376953
7138,0.0,0.12156295776367188
7139,0.0,0.19997406005859375
7140,0.0,0.3265247344970703
7141,0.0,0.5312404632568359
7142,0.0,0.55633544921875
7143,0.0,0.5762615203857422
7144,0.0,0.5051441192626953
7145,0.0,0.48696327209472656
7146,0.0,0.6392192840576172
7147,0.0,0.8218212127685547
7148,0.0,0.9923629760742188
7149,0.0,1.1544380187988281
7150,0.0,1.0783519744873047
7151,0.0,0.9071025848388672
7152,0.0,0.7002353668212891
7153,0.0,0.4868278503417969
7154,0.0,0.31172943115234375
7155,0.0,0.10927200317382812
7156,0.0,-0.09034347534179688
7157,0.0,-0.1226348876953125
7158,0.0,-0.033557891845703125
7159,0.0,0.07146453857421875
7160,0.0,0.2166900634765625
7161,0.0,0.4326896667480469
7162,0.0,0.9624366760253906
7163,0.0,1.4340858459472656
7164,0.0,2.050996780395508
7165,0.0,2.6596031188964844
7166,0.0,3.5790576934814453
7167,0.0,4.877155303955078
7168,0.0,6.8036956787109375
7169,0.0,9.343157768249512
7170,4.0,13.823646545410156
7171,13.0,24.18647575378418
7172,63.0,50.8096923828125
7173,122.0,85.37625122070312
7174,164.0,120.28743743896484
7175,222.0,152.98550415039062
7176,263.0,184.52769470214844
7177,288.0,215.64073181152344
7178,308.0,271.923095703125
7179,326.0,321.5467529296875
7180,314.0,358.9902648925781
7181,388.0,381.4772033691406
7182,444.0,394.949951171875
7183,328.0,404.1512756347656
7184,310.0,409.1344909667969
7185,306.0,402.39251708984375
7186,319.0,392.96673583984375
7187,291.0,386.71307373046875
7188,229.0,374.7884826660156
7189,204.0,366.5418395996094
7190,223.0,354.2138671875
7191,215.0,330.3115539550781
7192,178.0,220.73944091796875
7193,128.0,192.78292846679688
7194,90.0,154.1486358642578
7195,65.0,104.0863265991211
7196,43.0,58.72504425048828
7197,12.0,38.063201904296875
7198,1.0,23.01774787902832
7199,0.0,10.567573547363281
7200,0.0,3.853639602661133
7201,0.0,2.4338455200195312
7202,0.0,2.125978469848633
7203,0.0,2.0821170806884766
7204,0.0,2.00836181640625
7205,0.0,1.483407974243164
7206,0.0,1.2740650177001953
7207,0.0,1.2342681884765625
7208,0.0,1.3734149932861328
7209,0.0,1.5351009368896484
7210,0.0,2.1694869995117188
7211,0.0,2.5411300659179688
7212,0.0,2.6207351684570312
7213,0.0,2.441617965698242
7214,0.0,2.639812469482422
7215,0.0,2.801006317138672
7216,0.0,2.823101043701172
7217,0.0,2.683391571044922
7218,0.0,2.589080810546875
7219,0.0,2.504894256591797
7220,0.0,2.4381961822509766
7221,0.0,2.3670616149902344
7222,0.0,2.2145652770996094
7223,0.0,2.084585189819336
7224,0.0,1.9670429229736328
7225,0.0,1.9019947052001953
7226,0.0,1.788330078125
7227,0.0,1.7332191467285156
7228,0.0,1.6918106079101562
7229,0.0,2.5817623138427734
7230,0.0,1.956552505493164
7231,0.0,1.7787971496582031
7232,0.0,1.7424564361572266
7233,0.0,1.7529792785644531
7234,0.0,1.7502632141113281
7235,0.0,1.7432861328125
7236,0.0,1.5205535888671875
7237,0.0,0.8815078735351562
7238,0.0,0.3544349670410156
7239,0.0,-0.01319122314453125
7240,0.0,-0.197906494140625
7241,0.0,-0.477508544921875
7242,0.0,-0.8765048980712891
7243,0.0,-1.1620464324951172
7244,0.0,-1.113525390625
7245,0.0,-0.8233222961425781
7246,0.0,-0.17600631713867188
7247,0.0,0.09605598449707031
7248,0.0,0.31778717041015625
7249,0.0,0.5136089324951172
7250,0.0,0.30350494384765625
7251,0.0,0.013422012329101562
7252,0.0,-0.3981132507324219
7253,0.0,-0.7671756744384766
7254,0.0,-0.8552188873291016
7255,0.0,-0.8495349884033203
7256,0.0,-0.7743930816650391
7257,0.0,-0.6738491058349609
7258,0.0,-0.60791015625
7259,0.0,-0.563690185546875
7260,0.0,-0.5263080596923828
7261,0.0,-0.4712715148925781
7262,0.0,-0.3881263732910156
7263,0.0,-0.024019241333007812
7264,0.0,0.8520755767822266
7265,0.0,2.3330039978027344
7266,0.0,4.027301788330078
7267,0.0,5.86541748046875
7268,0.0,8.016921997070312
7269,1.0,10.451849937438965
7270,6.0,14.441515922546387
7271,8.0,21.824993133544922
7272,13.0,34.79566192626953
7273,15.0,50.28712463378906
7274,22.0,65.9319839477539
7275,37.0,77.96141815185547
7276,49.0,87.46269226074219
7277,57.0,92.14431762695312
7278,58.0,97.25787353515625
7279,64.0,105.40301513671875
7280,56.0,110.60430908203125
7281,62.0,105.7955551147461
7282,53.0,99.53231048583984
7283,47.0,92.99180603027344
7284,60.0,85.9747543334961
7285,63.0,74.2895278930664
7286,84.0,60.15913391113281
7287,98.0,51.212120056152344
7288,69.0,45.26593780517578
7289,65.0,36.65188217163086
7290,93.0,27.61916160583496
7291,116.0,17.439990997314453
7292,62.0,9.399532318115234
7293,46.0,5.684808731079102
7294,22.0,4.380424499511719
7295,1.0,4.12822151184082
7296,0.0,3.2847042083740234
7297,0.0,1.9700279235839844
7298,0.0,1.1228580474853516
7299,0.0,0.7256488800048828
7300,0.0,0.4893074035644531
7301,0.0,0.27617835998535156
7302,0.0,0.24333763122558594
7303,0.0,0.1991119384765625
7304,0.0,0.20299148559570312
7305,0.0,0.1755084991455078
7306,0.0,-0.4239311218261719
7307,0.0,-1.069101333618164
7308,0.0,-1.3587894439697266
7309,0.0,-1.0676765441894531
7310,0.0,-1.3159675598144531
7311,0.0,-0.5215816497802734
7312,0.0,-0.09983444213867188
7313,0.0,0.33481407165527344
7314,0.0,0.6102867126464844
7315,0.0,0.8162078857421875
7316,0.0,0.6717014312744141
7317,0.0,0.3314552307128906
7318,0.0,0.6517906188964844
7319,0.0,0.8280487060546875
7320,0.0,0.72967529296875
7321,0.0,0.5954742431640625
7322,0.0,0.34424591064453125
7323,0.0,0.22168540954589844
7324,0.0,0.17108154296875
7325,0.0,-0.3431415557861328
7326,0.0,-0.7804126739501953
7327,0.0,-0.8202629089355469
7328,0.0,-0.9116344451904297
7329,0.0,-0.9804306030273438
7330,0.0,-0.9984130859375
7331,0.0,-0.9837722778320312
7332,0.0,-0.9602680206298828
7333,0.0,-0.9730243682861328
7334,0.0,-0.8800697326660156
7335,0.0,-0.7476367950439453
7336,0.0,-0.6052455902099609
7337,0.0,-0.5410633087158203
7338,0.0,-0.4378814697265625
7339,0.0,-0.34184837341308594
7340,0.0,-0.23679542541503906
7341,0.0,-0.136993408203125
7342,0.0,0.0076732635498046875
7343,0.0,0.16495704650878906
7344,0.0,0.4057331085205078
7345,0.0,0.8378086090087891
7346,0.0,0.9894657135009766
7347,0.0,0.9171829223632812
7348,0.0,0.6944980621337891
7349,0.0,0.5158958435058594
7350,0.0,0.45711708068847656
7351,0.0,0.4646110534667969
7352,0.0,0.6297817230224609
7353,0.0,0.9807186126708984
7354,0.0,1.282745361328125
7355,0.0,1.6336078643798828
7356,0.0,2.3202381134033203
7357,0.0,2.535137176513672
7358,0.0,2.6075878143310547
7359,0.0,2.788572311401367
7360,0.0,3.2923316955566406
7361,0.0,4.125944137573242
7362,0.0,5.22235107421875
7363,0.0,6.984151840209961
7364,3.0,9.90138053894043
7365,10.0,14.240127563476562
7366,48.0,21.40514373779297
7367,148.0,35.85224151611328
7368,143.0,66.20645141601562
7369,185.0,114.4906005859375
7370,345.0,168.5998077392578
7371,203.0,201.1024932861328
7372,275.0,210.646728515625
7373,239.0,177.45367431640625
7374,314.0,164.96116638183594
7375,446.0,165.141357421875
7376,330.0,174.70626831054688
7377,163.0,195.90850830078125
7378,152.0,217.8739013671875
7379,170.0,238.1022186279297
7380,252.0,255.80836486816406
7381,346.0,274.8752746582031
7382,368.0,277.9469909667969
7383,329.0,264.93341064453125
7384,568.0,230.93194580078125
7385,648.0,178.49185180664062
7386,172.0,135.0794219970703
7387,441.0,98.9013900756836
7388,615.0,81.79244232177734
7389,145.0,91.52008819580078
7390,39.0,93.19368743896484
7391,20.0,68.06610870361328
7392,10.0,31.043235778808594
7393,0.0,16.082828521728516
7394,0.0,8.28361701965332
7395,0.0,4.532375335693359
7396,0.0,1.6889057159423828
7397,0.0,0.7712211608886719
7398,0.0,0.6976375579833984
7399,0.0,0.784210205078125
7400,0.0,0.9212703704833984
7401,0.0,1.011087417602539
7402,0.0,1.044260025024414
7403,0.0,1.065328598022461
7404,0.0,1.0719127655029297
7405,0.0,0.9694423675537109
7406,0.0,0.8701763153076172
7407,0.0,0.7694091796875
7408,0.0,0.6658153533935547
7409,0.0,0.5221652984619141
7410,0.0,0.5677242279052734
7411,0.0,0.7178916931152344
7412,0.0,0.9196567535400391
7413,0.0,1.069845199584961
7414,0.0,0.8721637725830078
7415,0.0,1.18182373046875
7416,0.0,1.7390766143798828
7417,0.0,1.7509899139404297
7418,0.0,0.8399124145507812
7419,0.0,0.6610221862792969
7420,0.0,0.6424236297607422
7421,0.0,1.2470836639404297
7422,0.0,1.0898208618164062
7423,0.0,1.0663414001464844
7424,0.0,0.9481239318847656
7425,0.0,0.9066448211669922
7426,0.0,0.38521766662597656
7427,0.0,0.04582977294921875
7428,0.0,-0.2844085693359375
7429,0.0,-0.6067638397216797
7430,0.0,-0.5650768280029297
7431,0.0,-0.48076629638671875
7432,0.0,-0.33423423767089844
7433,0.0,-0.10683441162109375
7434,0.0,0.0010356903076171875
7435,0.0,0.10416793823242188
7436,0.0,0.22328758239746094
7437,0.0,0.4132366180419922
7438,0.0,0.5448379516601562
7439,0.0,0.6203384399414062
7440,0.0,0.6530380249023438
7441,0.0,0.6337299346923828
7442,0.0,0.6128749847412109
7443,0.0,0.551239013671875
7444,0.0,0.5473957061767578
7445,0.0,0.5846729278564453
7446,0.0,0.6470279693603516
7447,0.0,0.7073554992675781
7448,0.0,0.98431396484375
7449,0.0,1.2936820983886719
7450,0.0,1.5414447784423828
7451,0.0,1.90802001953125
7452,0.0,3.0651206970214844
7453,0.0,3.961606979370117
7454,0.0,5.592077255249023
7455,0.0,8.089178085327148
7456,0.0,12.250103950500488
7457,0.0,13.824104309082031
7458,0.0,16.734722137451172
7459,6.0,21.879518508911133
7460,11.0,30.82195472717285
7461,17.0,39.77447509765625
7462,30.0,50.193878173828125
7463,49.0,61.344932556152344
7464,90.0,72.69062042236328
7465,258.0,82.08283233642578
7466,242.0,91.77012634277344
7467,486.0,106.43852996826172
7468,601.0,121.3468246459961
7469,366.0,124.9109878540039
7470,365.0,121.15570831298828
7471,481.0,132.67825317382812
7472,426.0,173.1055908203125
7473,513.0,259.74853515625
7474,514.0,406.1136779785156
7475,510.0,565.9690551757812
7476,394.0,661.2572631835938
7477,341.0,669.3208618164062
7478,353.0,653.6267700195312
7479,302.0,623.7627563476562
7480,295.0,559.486572265625
7481,248.0,430.6771545410156
7482,224.0,286.16015625
7483,199.0,211.7926025390625
7484,147.0,162.226318359375
7485,110.0,110.1425552368164
7486,73.0,73.20408630371094
7487,35.0,38.82586669921875
7488,5.0,3.5806045532226562
7489,0.0,0.9136257171630859
7490,0.0,0.06641006469726562
7491,0.0,-0.21834564208984375
7492,0.0,-0.33113861083984375
7493,0.0,-0.3645458221435547
7494,0.0,-0.34274864196777344
7495,0.0,-0.29548072814941406
7496,0.0,-0.2374134063720703
7497,0.0,-0.21556472778320312
7498,0.0,-0.01703643798828125
7499,0.0,0.16448402404785156
7500,0.0,0.3550243377685547
7501,0.0,0.5036125183105469
7502,0.0,0.4707164764404297
7503,0.0,0.4946250915527344
7504,0.0,0.4764232635498047
7505,0.0,0.46209716796875
7506,0.0,0.4666595458984375
7507,0.0,0.44779205322265625
7508,0.0,0.44910430908203125
7509,0.0,0.4756488800048828
7510,0.0,0.5400066375732422
7511,0.0,0.6433391571044922
7512,0.0,0.7922458648681641
7513,0.0,0.9278697967529297
7514,0.0,0.8327484130859375
7515,0.0,0.7982177734375
7516,0.0,0.7228298187255859
7517,0.0,0.8155555725097656
7518,0.0,0.4846038818359375
7519,0.0,0.3231391906738281
7520,0.0,0.25673675537109375
7521,0.0,0.2713623046875
7522,0.0,0.20277786254882812
7523,0.0,0.13606834411621094
7524,0.0,0.06712150573730469
7525,0.0,0.06290626525878906
7526,0.0,-0.008092880249023438
7527,0.0,-0.07070732116699219
7528,0.0,-0.19673538208007812
7529,0.0,-0.16625595092773438
7530,0.0,-0.2124805450439453
7531,0.0,-0.21924209594726562
7532,0.0,-0.1894969940185547
7533,0.0,-0.09810829162597656
7534,0.0,-0.04114723205566406
7535,0.0,0.022348403930664062
7536,0.0,0.0959930419921875
7537,0.0,0.23763084411621094
7538,0.0,0.28855323791503906
7539,0.0,0.36424827575683594
7540,0.0,0.43404197692871094
7541,0.0,0.5814189910888672
7542,0.0,0.6269569396972656
7543,0.0,0.67266845703125
7544,0.0,0.7324066162109375
7545,0.0,0.8961391448974609
7546,0.0,0.9549121856689453
7547,0.0,0.9530315399169922
7548,0.0,0.9457740783691406
7549,0.0,1.0323486328125
7550,0.0,1.242074966430664
7551,0.0,1.8369693756103516
7552,0.0,2.8705291748046875
7553,0.0,4.679233551025391
7554,0.0,7.23423957824707
7555,7.0,10.426265716552734
7556,17.0,14.458338737487793
7557,42.0,18.138795852661133
7558,69.0,21.37529945373535
7559,75.0,24.751361846923828
7560,83.0,29.679698944091797
7561,100.0,36.67627716064453
7562,134.0,48.301788330078125
7563,150.0,59.5484619140625
7564,165.0,67.13943481445312
7565,140.0,65.37297821044922
7566,98.0,64.76494598388672
7567,80.0,65.78462219238281
7568,67.0,67.55245971679688
7569,78.0,71.29683685302734
7570,82.0,71.72407531738281
7571,87.0,61.81669616699219
7572,84.0,34.3466796875
7573,75.0,25.22369384765625
7574,63.0,19.866426467895508
7575,41.0,15.24081039428711
7576,42.0,11.683645248413086
7577,34.0,9.040151596069336
7578,28.0,7.00518798828125
7579,23.0,5.468753814697266
7580,16.0,3.9361019134521484
7581,4.0,2.470582962036133
7582,2.0,1.5397014617919922
7583,0.0,0.9684009552001953
7584,0.0,0.5354194641113281
7585,0.0,0.25649452209472656
7586,0.0,0.17046546936035156
7587,0.0,0.17527198791503906
7588,0.0,0.16300010681152344
7589,0.0,0.1895599365234375
7590,0.0,0.08109855651855469
7591,0.0,-0.0305633544921875
7592,0.0,-0.16237449645996094
7593,0.0,-0.2953357696533203
7594,0.0,-0.3973579406738281
7595,0.0,-0.45853233337402344
7596,0.0,-0.5272541046142578
7597,0.0,-0.6003952026367188
7598,0.0,-0.6769695281982422
7599,0.0,-0.7103347778320312
7600,0.0,-0.7168350219726562
7601,0.0,-0.7162704467773438
7602,0.0,-0.7310352325439453
7603,0.0,-0.7808189392089844
7604,0.0,-0.8252849578857422
7605,0.0,-0.9319057464599609
7606,0.0,-1.0655155181884766
7607,0.0,-0.6207714080810547
7608,0.0,-0.05430793762207031
7609,0.0,0.4486675262451172
7610,0.0,0.8524684906005859
7611,0.0,0.991119384765625
7612,0.0,0.9492321014404297
7613,0.0,-0.6949424743652344
7614,0.0,-0.8638763427734375
7615,0.0,-0.8529224395751953
7616,0.0,-0.7679615020751953
7617,0.0,-0.6568412780761719
7618,0.0,-0.7517242431640625
7619,0.0,-1.0401782989501953
7620,0.0,-1.3501930236816406
7621,0.0,-1.7325592041015625
7622,0.0,-1.6042289733886719
7623,0.0,-0.8630046844482422
7624,0.0,-0.23636627197265625
7625,0.0,0.1685810089111328
7626,0.0,0.31081390380859375
7627,0.0,0.3834857940673828
7628,0.0,0.40183448791503906
7629,0.0,0.4740161895751953
7630,0.0,0.4685783386230469
7631,0.0,0.4631004333496094
7632,0.0,0.4608631134033203
7633,0.0,0.5306415557861328
7634,0.0,0.5841407775878906
7635,0.0,0.6158161163330078
7636,0.0,0.6381702423095703
7637,0.0,0.6751537322998047
7638,0.0,0.8155174255371094
7639,0.0,0.9739761352539062
7640,0.0,1.1666126251220703
7641,0.0,1.404165267944336
7642,0.0,1.5672531127929688
7643,0.0,1.9467124938964844
7644,0.0,2.3555660247802734
7645,0.0,2.6747608184814453
7646,0.0,3.002107620239258
7647,0.0,3.7135581970214844
7648,0.0,5.2429962158203125
7649,0.0,9.206571578979492
7650,0.0,16.470584869384766
7651,0.0,27.86878204345703
7652,6.0,42.22528076171875
7653,16.0,55.86149215698242
7654,59.0,69.19574737548828
7655,88.0,83.97676849365234
7656,73.0,106.029541015625
7657,77.0,125.90859985351562
7658,60.0,145.6963348388672
7659,55.0,151.4065399169922
7660,44.0,150.7886962890625
7661,44.0,143.89041137695312
7662,40.0,136.07261657714844
7663,58.0,132.15982055664062
7664,71.0,135.176513671875
7665,63.0,142.1115264892578
7666,78.0,149.5606231689453
7667,59.0,158.76412963867188
7668,70.0,167.12648010253906
7669,80.0,168.99105834960938
7670,94.0,166.1387176513672
7671,83.0,161.2888946533203
7672,89.0,146.25926208496094
7673,100.0,136.78790283203125
7674,140.0,129.20921325683594
7675,213.0,119.00765228271484
7676,425.0,101.45886993408203
7677,386.0,69.0676498413086
7678,138.0,45.64716339111328
7679,89.0,19.081172943115234
7680,41.0,-0.545440673828125
7681,16.0,0.45664405822753906
7682,2.0,3.0673656463623047
7683,0.0,3.2298717498779297
7684,0.0,3.2553958892822266
7685,0.0,3.105304718017578
7686,0.0,2.694244384765625
7687,0.0,2.5445594787597656
7688,0.0,2.582773208618164
7689,0.0,2.532278060913086
7690,0.0,2.673229217529297
7691,0.0,2.7609214782714844
7692,0.0,2.7394962310791016
7693,0.0,2.5852298736572266
7694,0.0,2.518901824951172
7695,0.0,2.4024429321289062
7696,0.0,2.3639755249023438
7697,0.0,2.2589454650878906
7698,0.0,2.215679168701172
7699,0.0,2.140268325805664
7700,0.0,2.0886573791503906
7701,0.0,1.8337230682373047
7702,0.0,1.6169815063476562
7703,0.0,1.4375782012939453
7704,0.0,1.3249397277832031
7705,0.0,1.2266807556152344
7706,0.0,1.1570663452148438
7707,0.0,1.2080612182617188
7708,0.0,1.406087875366211
7709,0.0,0.9449329376220703
7710,0.0,0.802764892578125
7711,0.0,0.8021526336669922
7712,0.0,0.8186187744140625
7713,0.0,0.8486309051513672
7714,0.0,0.874176025390625
7715,0.0,0.9266700744628906
7716,0.0,0.9944438934326172
7717,0.0,1.1399364471435547
7718,0.0,1.1190776824951172
7719,0.0,1.0698280334472656
7720,0.0,1.0170917510986328
7721,0.0,1.0491752624511719
7722,0.0,1.0979804992675781
7723,0.0,1.1848564147949219
7724,0.0,1.2481136322021484
7725,0.0,1.3548641204833984
7726,0.0,1.4340763092041016
7727,0.0,1.450836181640625
7728,0.0,1.4411258697509766
7729,0.0,1.3568859100341797
7730,0.0,1.3549022674560547
7731,0.0,1.2984333038330078
7732,0.0,1.2683982849121094
7733,0.0,1.3062553405761719
7734,0.0,1.3830013275146484
7735,0.0,1.3457622528076172
7736,0.0,1.2406673431396484
7737,0.0,1.2373504638671875
7738,0.0,1.3591022491455078
7739,0.0,1.5653114318847656
7740,0.0,1.6394519805908203
7741,0.0,1.798238754272461
7742,0.0,2.0890426635742188
7743,0.0,3.1527023315429688
7744,0.0,6.239336013793945
7745,0.0,13.587105751037598
7746,0.0,24.963233947753906
7747,0.0,38.56324005126953
7748,1.0,52.02824783325195
7749,14.0,61.74665069580078
7750,43.0,71.55890655517578
7751,74.0,84.13272094726562
7752,111.0,102.78993225097656
7753,150.0,128.84666442871094
7754,168.0,181.7554931640625
7755,193.0,286.3747253417969
7756,208.0,453.50689697265625
7757,199.0,621.6774291992188
7758,220.0,785.8545532226562
7759,195.0,948.943115234375
7760,266.0,1051.678466796875
7761,432.0,1116.701904296875
7762,633.0,1120.335693359375
7763,381.0,923.0371704101562
7764,247.0,772.2001953125
7765,351.0,649.484130859375
7766,656.0,677.9427490234375
7767,201.0,706.4324340820312
7768,769.0,658.641357421875
7769,187.0,580.8021850585938
7770,632.0,491.86712646484375
7771,480.0,387.2145690917969
7772,438.0,233.39251708984375
7773,284.0,127.26287078857422
7774,52.0,75.91991424560547
7775,37.0,46.21281051635742
7776,9.0,27.309497833251953
7777,0.0,16.851211547851562
7778,0.0,10.040750503540039
7779,0.0,7.552114486694336
7780,0.0,7.359840393066406
7781,0.0,6.961427688598633
7782,0.0,3.763355255126953
7783,0.0,0.6980209350585938
7784,0.0,0.013406753540039062
7785,0.0,0.213470458984375
7786,0.0,0.44913482666015625
7787,0.0,0.7828292846679688
7788,0.0,1.0460948944091797
7789,0.0,1.2236347198486328
7790,0.0,1.1777153015136719
7791,0.0,1.140848159790039
7792,0.0,1.0868911743164062
7793,0.0,1.0092086791992188
7794,0.0,0.9862861633300781
7795,0.0,0.9843482971191406
7796,0.0,0.9706630706787109
7797,0.0,0.9628429412841797
7798,0.0,0.9028110504150391
7799,0.0,0.8924350738525391
7800,0.0,0.9253406524658203
7801,0.0,1.0083732604980469
7802,0.0,0.9672031402587891
7803,0.0,1.0061111450195312
7804,0.0,0.958709716796875
7805,0.0,0.5398387908935547
7806,0.0,0.4514179229736328
7807,0.0,0.45470619201660156
7808,0.0,0.6044883728027344
7809,0.0,0.7865352630615234
7810,0.0,0.1380462646484375
7811,0.0,-0.26218223571777344
7812,0.0,-0.47823333740234375
7813,0.0,-0.3500690460205078
7814,0.0,0.09877395629882812
7815,0.0,0.3057899475097656
7816,0.0,0.6647911071777344
7817,0.0,1.09613037109375
7818,0.0,1.0047187805175781
7819,0.0,1.0110759735107422
7820,0.0,0.9823932647705078
7821,0.0,0.9468135833740234
7822,0.0,1.0771484375
7823,0.0,1.1139240264892578
7824,0.0,1.134958267211914
7825,0.0,1.130483627319336
7826,0.0,1.3042011260986328
7827,0.0,1.6131858825683594
7828,0.0,1.1819400787353516
7829,0.0,0.4707832336425781
7830,0.0,0.0988922119140625
7831,0.0,-0.0024662017822265625
7832,0.0,-0.11702346801757812
7833,0.0,-0.3906993865966797
7834,0.0,-0.7305068969726562
7835,0.0,-1.1243705749511719
7836,0.0,-1.2009239196777344
7837,0.0,0.5881977081298828
7838,0.0,2.4498634338378906
7839,0.0,4.768281936645508
7840,0.0,6.09327507019043
7841,0.0,4.942960739135742
7842,0.0,6.805269241333008
7843,0.0,17.39319610595703
7844,9.0,48.62934494018555
7845,30.0,104.22992706298828
7846,68.0,158.48629760742188
7847,401.0,219.25669860839844
7848,131.0,317.02960205078125
7849,145.0,459.3517150878906
7850,126.0,602.2787475585938
7851,210.0,738.3876342773438
7852,209.0,842.566162109375
7853,262.0,903.5114135742188
7854,279.0,945.8095703125
7855,282.0,974.6451416015625
7856,254.0,997.37646484375
7857,273.0,1003.2267456054688
7858,249.0,973.78564453125
7859,240.0,874.5858764648438
7860,263.0,725.0861206054688
7861,266.0,568.8723754882812
7862,264.0,409.2530517578125
7863,234.0,338.25091552734375
7864,233.0,296.70556640625
7865,203.0,309.7630920410156
7866,258.0,317.49395751953125
7867,478.0,239.90846252441406
7868,304.0,259.1385192871094
7869,116.0,226.5537872314453
7870,75.0,181.6958465576172
7871,47.0,121.58604431152344
7872,6.0,29.305007934570312
7873,0.0,3.93310546875
7874,0.0,0.9608860015869141
7875,0.0,0.6700210571289062
7876,0.0,0.5772171020507812
7877,0.0,0.42271995544433594
7878,0.0,0.36960601806640625
7879,0.0,0.35302734375
7880,0.0,0.3407917022705078
7881,0.0,0.1794300079345703
7882,0.0,0.09041213989257812
7883,0.0,0.029338836669921875
7884,0.0,-0.031612396240234375
7885,0.0,-0.1909656524658203
7886,0.0,-0.288909912109375
7887,0.0,-0.3278617858886719
7888,0.0,-0.2865886688232422
7889,0.0,-0.2624492645263672
7890,0.0,-0.27814292907714844
7891,0.0,-0.3340187072753906
7892,0.0,-0.39116859436035156
7893,0.0,-0.4320526123046875
7894,0.0,-0.5410861968994141
7895,0.0,-0.6310195922851562
7896,0.0,-0.7230091094970703
7897,0.0,-0.7471942901611328
7898,0.0,-0.8521862030029297
7899,0.0,-0.8787403106689453
7900,0.0,-0.7541179656982422
7901,0.0,-0.2405071258544922
7902,0.0,-0.1685028076171875
7903,0.0,-0.20268821716308594
7904,0.0,-0.38358306884765625
7905,0.0,-0.6586971282958984
7906,0.0,-0.8199672698974609
7907,0.0,-0.9657154083251953
7908,0.0,-1.217275619506836
7909,0.0,-1.3851547241210938
7910,0.0,-1.2061920166015625
7911,0.0,-1.0093345642089844
7912,0.0,-0.9495372772216797
7913,0.0,-0.7343559265136719
7914,0.0,-0.5261936187744141
7915,0.0,-0.34967041015625
7916,0.0,-0.1746540069580078
7917,0.0,0.03802299499511719
7918,0.0,0.1068115234375
7919,0.0,0.14407730102539062
7920,0.0,0.16642379760742188
7921,0.0,0.17698097229003906
7922,0.0,0.1881084442138672
7923,0.0,0.21368408203125
7924,0.0,0.23595046997070312
7925,0.0,0.2339305877685547
7926,0.0,0.3170166015625
7927,0.0,0.34278297424316406
7928,0.0,0.3035392761230469
7929,0.0,0.14850425720214844
7930,0.0,0.06020545959472656
7931,0.0,-0.018049240112304688
7932,0.0,-0.024095535278320312
7933,0.0,0.08421516418457031
7934,0.0,0.2479267120361328
7935,0.0,0.7374362945556641
7936,0.0,1.5701446533203125
7937,0.0,3.2651405334472656
7938,3.0,6.829231262207031
7939,40.0,11.669463157653809
7940,148.0,22.9095516204834
7941,266.0,45.105506896972656
7942,278.0,84.2170181274414
7943,392.0,135.1304168701172
7944,269.0,177.9536590576172
7945,509.0,201.85284423828125
7946,563.0,228.69602966308594
7947,193.0,264.9303283691406
7948,528.0,314.6791687011719
7949,826.0,361.28680419921875
7950,970.0,407.82232666015625
7951,857.0,461.6340637207031
7952,1118.0,509.72796630859375
7953,1182.0,563.7565307617188
7954,613.0,609.4397583007812
7955,579.0,626.6301879882812
7956,861.0,666.4799194335938
7957,447.0,693.100341796875
7958,430.0,718.0084838867188
7959,876.0,411.09918212890625
7960,1008.0,374.3883056640625
7961,309.0,358.70989990234375
7962,209.0,327.2448425292969
7963,217.0,276.700927734375
7964,68.0,229.5243377685547
7965,27.0,184.93617248535156
7966,7.0,120.63644409179688
7967,3.0,63.625938415527344
7968,0.0,25.303001403808594
7969,0.0,14.051816940307617
7970,0.0,10.477510452270508
7971,0.0,9.032462120056152
7972,0.0,6.431949615478516
7973,0.0,1.5072860717773438
7974,0.0,1.2147674560546875
7975,0.0,1.3191986083984375
7976,0.0,1.4063053131103516
7977,0.0,1.447122573852539
7978,0.0,1.4091339111328125
7979,0.0,1.3320846557617188
7980,0.0,1.2874374389648438
7981,0.0,1.268331527709961
7982,0.0,1.2467060089111328
7983,0.0,1.3024005889892578
7984,0.0,1.4006156921386719
7985,0.0,1.4860420227050781
7986,0.0,1.3984413146972656
7987,0.0,1.2582473754882812
7988,0.0,1.042551040649414
7989,0.0,0.7718391418457031
7990,0.0,0.5165653228759766
7991,0.0,0.31883811950683594
7992,0.0,0.1820068359375
7993,0.0,0.08505630493164062
7994,0.0,0.0959930419921875
7995,0.0,0.12124443054199219
7996,0.0,0.14661788940429688
7997,0.0,0.018342971801757812
7998,0.0,0.15384292602539062
7999,0.0,0.1726245880126953
8000,0.0,0.10451698303222656
8001,0.0,0.05327796936035156
8002,0.0,0.11663246154785156
8003,0.0,0.3323688507080078
8004,0.0,0.755828857421875
8005,0.0,1.2033653259277344
8006,0.0,1.204721450805664
8007,0.0,1.2331714630126953
8008,0.0,1.3155651092529297
8009,0.0,1.350046157836914
8010,0.0,0.8692169189453125
8011,0.0,0.3220958709716797
8012,0.0,-0.13724517822265625
8013,0.0,-0.6592483520507812
8014,0.0,-0.8692150115966797
8015,0.0,-0.8825225830078125
8016,0.0,-0.7820396423339844
8017,0.0,-0.5800457000732422
8018,0.0,-0.5479793548583984
8019,0.0,-0.54095458984375
8020,0.0,-0.4193592071533203
8021,0.0,-0.19408607482910156
8022,0.0,-0.17936134338378906
8023,0.0,-0.10132789611816406
8024,0.0,0.07192802429199219
8025,0.0,0.3924369812011719
8026,0.0,0.291961669921875
8027,0.0,0.18784332275390625
8028,0.0,0.2525157928466797
8029,0.0,0.8358039855957031
8030,0.0,1.5429191589355469
8031,0.0,2.271669387817383
8032,0.0,3.003620147705078
8033,0.0,3.8061275482177734
8034,0.0,4.7510528564453125
8035,0.0,6.0019073486328125
8036,0.0,7.9551239013671875
8037,10.0,11.541479110717773
8038,15.0,16.895267486572266
8039,19.0,28.059894561767578
8040,25.0,48.9671630859375
8041,27.0,75.34368133544922
8042,73.0,101.0736312866211
8043,111.0,102.29402923583984
8044,113.0,115.12759399414062
8045,164.0,149.21730041503906
8046,161.0,200.3643035888672
8047,161.0,222.05661010742188
8048,320.0,225.67698669433594
8049,402.0,231.90234375
8050,619.0,238.80355834960938
8051,775.0,240.18316650390625
8052,233.0,234.9591064453125
8053,794.0,214.91915893554688
8054,587.0,185.95254516601562
8055,347.0,157.58900451660156
8056,818.0,131.9638671875
8057,935.0,99.02800750732422
8058,890.0,78.94001007080078
8059,567.0,67.63818359375
8060,264.0,60.193504333496094
8061,159.0,44.662925720214844
8062,63.0,20.857606887817383
8063,16.0,8.509689331054688
8064,8.0,3.722562789916992
8065,4.0,3.166688919067383
8066,0.0,2.5298290252685547
8067,0.0,1.856435775756836
8068,0.0,1.2650566101074219
8069,0.0,1.0218238830566406
8070,0.0,0.7346153259277344
8071,0.0,0.5847721099853516
8072,0.0,0.6037845611572266
8073,0.0,0.6133518218994141
8074,0.0,0.5827312469482422
8075,0.0,0.5770168304443359
8076,0.0,0.6052074432373047
8077,0.0,0.5831203460693359
8078,0.0,0.42059898376464844
8079,0.0,0.20621871948242188
8080,0.0,-0.006496429443359375
8081,0.0,-0.10768318176269531
8082,0.0,-0.241729736328125
8083,0.0,-0.18985748291015625
8084,0.0,-0.03571510314941406
8085,0.0,0.15675926208496094
8086,0.0,0.16790390014648438
8087,0.0,0.103668212890625
8088,0.0,-0.00897216796875
8089,0.0,-0.031414031982421875
8090,0.0,0.03733634948730469
8091,0.0,0.05787086486816406
8092,0.0,0.09290695190429688
8093,0.0,-0.49097251892089844
8094,0.0,-0.6623897552490234
8095,0.0,-0.6122035980224609
8096,0.0,-0.6114635467529297
8097,0.0,-0.5768108367919922
8098,0.0,-0.7257537841796875
8099,0.0,-0.9077072143554688
8100,0.0,-1.106618881225586
8101,0.0,-1.4081382751464844
8102,0.0,-1.265390396118164
8103,0.0,-0.9441680908203125
8104,0.0,-0.5911540985107422
8105,0.0,-0.2882823944091797
8106,0.0,-0.14328765869140625
8107,0.0,-0.027097702026367188
8108,0.0,0.08408737182617188
8109,0.0,0.19400978088378906
8110,0.0,0.27539825439453125
8111,0.0,0.3482494354248047
8112,0.0,0.4408740997314453
8113,0.0,0.5977001190185547
8114,0.0,0.7335548400878906
8115,0.0,0.8466758728027344
8116,0.0,0.9309711456298828
8117,0.0,1.0215682983398438
8118,0.0,0.9266757965087891
8119,0.0,0.7075576782226562
8120,0.0,0.2833709716796875
8121,0.0,-0.2477397918701172
8122,0.0,-0.4606056213378906
8123,0.0,-0.6125087738037109
8124,0.0,-0.6332798004150391
8125,0.0,-0.3467063903808594
8126,0.0,0.05284690856933594
8127,0.0,0.5992870330810547
8128,0.0,1.2186164855957031
8129,0.0,2.157855987548828
8130,0.0,3.3304977416992188
8131,0.0,5.340476989746094
8132,5.0,8.751666069030762
8133,14.0,13.428001403808594
8134,39.0,20.194854736328125
8135,73.0,32.06843566894531
8136,117.0,52.196372985839844
8137,135.0,77.88652038574219
8138,106.0,107.17311096191406
8139,53.0,139.58370971679688
8140,81.0,166.0120391845703
8141,224.0,189.719482421875
8142,298.0,175.82086181640625
8143,179.0,165.30662536621094
8144,364.0,164.09523010253906
8145,581.0,172.591796875
8146,903.0,174.08848571777344
8147,688.0,173.96751403808594
8148,476.0,175.2970428466797
8149,517.0,172.5745849609375
8150,818.0,154.34255981445312
8151,1230.0,140.6070098876953
8152,1203.0,131.35606384277344
8153,348.0,120.15754699707031
8154,229.0,103.75596618652344
8155,197.0,86.2049331665039
8156,161.0,67.8470230102539
8157,96.0,49.30564498901367
8158,71.0,28.654735565185547
8159,56.0,13.46214771270752
8160,40.0,4.794849395751953
8161,12.0,2.122587203979492
8162,4.0,1.2766780853271484
8163,0.0,1.0122509002685547
8164,0.0,0.9168128967285156
8165,0.0,0.8158645629882812
8166,0.0,0.79241943359375
8167,0.0,0.7747745513916016
8168,0.0,0.7513637542724609
8169,0.0,0.7063751220703125
8170,0.0,0.6541652679443359
8171,0.0,0.6243953704833984
8172,0.0,0.6356067657470703
8173,0.0,0.7132816314697266
8174,0.0,0.7782669067382812
8175,0.0,0.8747711181640625
8176,0.0,0.9948844909667969
8177,0.0,1.0788307189941406
8178,0.0,1.1529121398925781
8179,0.0,1.1883907318115234
8180,0.0,1.1978626251220703
8181,0.0,1.173879623413086
8182,0.0,1.1635818481445312
8183,0.0,1.1400394439697266
8184,0.0,1.1089057922363281
8185,0.0,1.0664691925048828
8186,0.0,0.9975452423095703
8187,0.0,0.9519062042236328
8188,0.0,0.9156074523925781
8189,0.0,0.6187362670898438
8190,0.0,0.5118999481201172
8191,0.0,0.3817119598388672
8192,0.0,0.274169921875
8193,0.0,0.20196914672851562
8194,0.0,0.14101028442382812
8195,0.0,0.11210060119628906
8196,0.0,0.06806182861328125
8197,0.0,0.06590461730957031
8198,0.0,0.03350257873535156
8199,0.0,0.021833419799804688
8200,0.0,0.00232696533203125
8201,0.0,0.09241676330566406
8202,0.0,0.15808868408203125
8203,0.0,0.2371387481689453
8204,0.0,0.3313179016113281
8205,0.0,0.4697227478027344
8206,0.0,0.5935478210449219
8207,0.0,0.7019062042236328
8208,0.0,0.8070278167724609
8209,0.0,0.8637161254882812
8210,0.0,0.8893585205078125
8211,0.0,0.9038333892822266
8212,0.0,0.9383411407470703
8213,0.0,0.9159488677978516
8214,0.0,0.8829574584960938
8215,0.0,0.8576526641845703
8216,0.0,0.8868770599365234
8217,0.0,0.9470176696777344
8218,0.0,0.7561073303222656
8219,0.0,0.4566364288330078
8220,0.0,-0.10936737060546875
8221,0.0,-0.8477077484130859
8222,0.0,-0.9330768585205078
8223,0.0,-0.8410758972167969
8224,0.0,-0.5694408416748047
8225,0.0,0.1914825439453125
8226,0.0,0.9692058563232422
8227,0.0,1.8899173736572266
8228,7.0,3.3241539001464844
8229,17.0,6.340244293212891
8230,45.0,10.439020156860352
8231,71.0,15.709468841552734
8232,104.0,23.454641342163086
8233,168.0,34.378143310546875
8234,176.0,51.05085754394531
8235,193.0,70.408447265625
8236,192.0,86.1594009399414
8237,205.0,94.89764404296875
8238,240.0,102.3000717163086
8239,260.0,107.96619415283203
8240,246.0,105.76387786865234
8241,260.0,98.93946838378906
8242,284.0,90.63138580322266
8243,300.0,82.1912841796875
8244,266.0,74.68739318847656
8245,244.0,68.31204223632812
8246,241.0,63.90541076660156
8247,262.0,61.28204345703125
8248,263.0,59.02357482910156
8249,263.0,54.65663528442383
8250,259.0,31.25267791748047
8251,240.0,14.739977836608887
8252,189.0,7.265655517578125
8253,108.0,3.295063018798828
8254,57.0,1.2915363311767578
8255,13.0,0.4138298034667969
8256,3.0,0.038829803466796875
8257,0.0,-0.41582679748535156
8258,0.0,-0.7666988372802734
8259,0.0,-0.9820289611816406
8260,0.0,-1.040121078491211
8261,0.0,-1.4686698913574219
8262,0.0,-1.6187000274658203
8263,0.0,-1.6142730712890625
8264,0.0,-1.5939693450927734
8265,0.0,-1.7695541381835938
8266,0.0,-1.9324150085449219
8267,0.0,-2.160675048828125
8268,0.0,-2.333740234375
8269,0.0,-2.323732376098633
8270,0.0,-2.1330337524414062
8271,0.0,-1.9564552307128906
8272,0.0,-1.7690563201904297
8273,0.0,-1.373830795288086
8274,0.0,-1.1766700744628906
8275,0.0,-1.035573959350586
8276,0.0,-0.9342079162597656
8277,0.0,-0.7046737670898438
8278,0.0,-0.603240966796875
8279,0.0,-0.5454826354980469
8280,0.0,-0.5418491363525391
8281,0.0,-0.47912025451660156
8282,0.0,-0.5525493621826172
8283,0.0,-0.5901126861572266
8284,0.0,-0.6020317077636719
8285,0.0,0.43987083435058594
8286,0.0,0.8782157897949219
8287,0.0,1.0080146789550781
8288,0.0,1.0898933410644531
8289,0.0,1.1131763458251953
8290,0.0,1.2343025207519531
8291,0.0,1.2723731994628906
8292,0.0,1.2896595001220703
8293,0.0,1.2889461517333984
8294,0.0,1.1682910919189453
8295,0.0,1.0928726196289062
8296,0.0,1.0410289764404297
8297,0.0,1.0244712829589844
8298,0.0,1.0767383575439453
8299,0.0,1.0984210968017578
8300,0.0,1.1088924407958984
8301,0.0,1.1650333404541016
8302,0.0,1.2640113830566406
8303,0.0,1.3437728881835938
8304,0.0,1.4264812469482422
8305,0.0,1.5997352600097656
8306,0.0,1.5693817138671875
8307,0.0,1.5341014862060547
8308,0.0,1.5150833129882812
8309,0.0,1.6335773468017578
8310,0.0,1.5575504302978516
8311,0.0,1.4307022094726562
8312,0.0,1.303670883178711
8313,0.0,1.3027496337890625
8314,0.0,1.3094673156738281
8315,0.0,1.3031692504882812
8316,0.0,1.3741378784179688
8317,0.0,1.628652572631836
8318,0.0,2.291933059692383
8319,0.0,3.619831085205078
8320,0.0,6.348899841308594
8321,0.0,10.888209342956543
8322,7.0,19.49617576599121
8323,23.0,35.67882537841797
8324,77.0,63.84809875488281
8325,121.0,95.41706085205078
8326,167.0,130.3040008544922
8327,211.0,149.11744689941406
8328,251.0,172.0354766845703
8329,308.0,200.5531005859375
8330,440.0,232.0517120361328
8331,703.0,282.0780334472656
8332,960.0,360.1870422363281
8333,843.0,460.4797668457031
8334,1124.0,605.3533325195312
8335,1151.0,726.3857421875
8336,1160.0,824.1251220703125
8337,1196.0,900.186279296875
8338,1232.0,963.841064453125
8339,1245.0,1005.210693359375
8340,1244.0,1044.4251708984375
8341,1288.0,1073.8677978515625
8342,1219.0,1041.0728759765625
8343,1072.0,923.5455932617188
8344,742.0,797.1245727539062
8345,889.0,707.5651245117188
8346,1095.0,625.4452514648438
8347,497.0,537.656005859375
8348,459.0,424.54754638671875
8349,252.0,334.33953857421875
8350,131.0,239.8785400390625
8351,95.0,152.87648010253906
8352,44.0,91.08747863769531
8353,16.0,62.28515625
8354,2.0,29.510177612304688
8355,0.0,4.947164535522461
8356,0.0,-0.6326713562011719
8357,0.0,-0.8785381317138672
8358,0.0,-0.690216064453125
8359,0.0,-0.4300498962402344
8360,0.0,-0.29799461364746094
8361,0.0,-0.20433998107910156
8362,0.0,-0.21014022827148438
8363,0.0,-0.17783164978027344
8364,0.0,-0.11915206909179688
8365,0.0,-0.023532867431640625
8366,0.0,-0.0012798309326171875
8367,0.0,-0.029653549194335938
8368,0.0,-0.0960845947265625
8369,0.0,-0.17295074462890625
8370,0.0,-0.09393310546875
8371,0.0,-0.04445648193359375
8372,0.0,-0.0726318359375
8373,0.0,-0.09390830993652344
8374,0.0,-0.1753997802734375
8375,0.0,-0.27498817443847656
8376,0.0,-0.3484153747558594
8377,0.0,-0.39887428283691406
8378,0.0,-0.44954681396484375
8379,0.0,-0.4636974334716797
8380,0.0,-0.4776935577392578
8381,0.0,0.38652801513671875
8382,0.0,0.8834571838378906
8383,0.0,0.8501796722412109
8384,0.0,0.7937450408935547
8385,0.0,0.7429065704345703
8386,0.0,0.6470050811767578
8387,0.0,0.5563144683837891
8388,0.0,0.46608543395996094
8389,0.0,0.3909149169921875
8390,0.0,0.34456825256347656
8391,0.0,0.2809467315673828
8392,0.0,0.1913013458251953
8393,0.0,0.2093486785888672
8394,0.0,0.023662567138671875
8395,0.0,-0.01866912841796875
8396,0.0,0.0456085205078125
8397,0.0,0.17267990112304688
8398,0.0,0.09959793090820312
8399,0.0,0.08954620361328125
8400,0.0,0.02520751953125
8401,0.0,0.18871688842773438
8402,0.0,0.05497550964355469
8403,0.0,-0.049671173095703125
8404,0.0,-0.23273277282714844
8405,0.0,-0.1667308807373047
8406,0.0,-0.011735916137695312
8407,0.0,-0.151763916015625
8408,0.0,-0.08429718017578125
8409,0.0,0.17018699645996094
8410,0.0,0.3482551574707031
8411,0.0,0.5167388916015625
8412,0.0,0.672332763671875
8413,0.0,0.9252529144287109
8414,0.0,1.6097564697265625
8415,0.0,2.824411392211914
8416,0.0,4.900957107543945
8417,0.0,11.075090408325195
8418,5.0,27.97990608215332
8419,12.0,75.13114929199219
8420,29.0,162.36929321289062
8421,90.0,205.1180877685547
8422,133.0,224.51449584960938
8423,193.0,243.29071044921875
8424,258.0,262.21533203125
8425,282.0,277.77166748046875
8426,288.0,289.8505859375
8427,308.0,298.0755615234375
8428,260.0,302.51885986328125
8429,234.0,304.65594482421875
8430,243.0,299.9105224609375
8431,272.0,300.9652099609375
8432,273.0,302.1846008300781
8433,295.0,301.37701416015625
8434,341.0,288.96856689453125
8435,360.0,270.7673645019531
8436,403.0,251.14109802246094
8437,380.0,258.2927551269531
8438,323.0,250.95091247558594
8439,570.0,227.83465576171875
8440,1078.0,190.44168090820312
8441,1180.0,165.7489013671875
8442,538.0,150.00465393066406
8443,231.0,125.4315185546875
8444,182.0,86.06792449951172
8445,131.0,68.90425109863281
8446,77.0,60.885841369628906
8447,53.0,56.75413513183594
8448,37.0,37.01336669921875
8449,17.0,10.352683067321777
8450,4.0,2.506246566772461
8451,1.0,0.8883743286132812
8452,0.0,0.6393337249755859
8453,0.0,0.48778724670410156
8454,0.0,0.2574291229248047
8455,0.0,0.16994476318359375
8456,0.0,0.11517524719238281
8457,0.0,0.08134269714355469
8458,0.0,0.09402656555175781
8459,0.0,0.21018600463867188
8460,0.0,0.33725929260253906
8461,0.0,0.4450531005859375
8462,0.0,0.43741607666015625
8463,0.0,0.4542121887207031
8464,0.0,0.4587078094482422
8465,0.0,0.4327068328857422
8466,0.0,0.39202117919921875
8467,0.0,0.42661285400390625
8468,0.0,0.4986839294433594
8469,0.0,0.5806045532226562
8470,0.0,0.6008148193359375
8471,0.0,0.5923366546630859
8472,0.0,0.5751171112060547
8473,0.0,0.5441417694091797
8474,0.0,0.4936046600341797
8475,0.0,0.47634315490722656
8476,0.0,0.4557991027832031
8477,0.0,0.2350749969482422
8478,0.0,-0.10095596313476562
8479,0.0,-0.2423114776611328
8480,0.0,-0.4107494354248047
8481,0.0,-0.5498313903808594
8482,0.0,-0.7274703979492188
8483,0.0,-0.8674564361572266
8484,0.0,-0.9569759368896484
8485,0.0,-1.0136985778808594
8486,0.0,-0.98187255859375
8487,0.0,-0.9309940338134766
8488,0.0,-0.8979835510253906
8489,0.0,-0.8408050537109375
8490,0.0,-0.76220703125
8491,0.0,-0.6962795257568359
8492,0.0,-0.6374664306640625
8493,0.0,-0.5759124755859375
8494,0.0,-0.4846687316894531
8495,0.0,-0.4025917053222656
8496,0.0,-0.33785247802734375
8497,0.0,-0.3061943054199219
8498,0.0,-0.2221355438232422
8499,0.0,-0.1497058868408203
8500,0.0,-0.06194877624511719
8501,0.0,-0.009202957153320312
8502,0.0,-0.00016021728515625
8503,0.0,-0.018106460571289062
8504,0.0,0.023040771484375
8505,0.0,0.062152862548828125
8506,0.0,0.19325637817382812
8507,0.0,0.2936725616455078
8508,0.0,0.37854576110839844
8509,0.0,0.5112476348876953
8510,0.0,0.7014350891113281
8511,0.0,0.9792461395263672
8512,0.0,1.3152008056640625
8513,0.0,1.71649169921875
8514,0.0,2.0668697357177734
8515,0.0,2.539226531982422
8516,11.0,3.3318920135498047
8517,13.0,4.645078659057617
8518,44.0,6.083223342895508
8519,77.0,7.832925796508789
8520,82.0,9.806575775146484
8521,107.0,11.93401050567627
8522,127.0,14.374811172485352
8523,165.0,18.412126541137695
8524,173.0,25.318958282470703
8525,152.0,36.72709655761719
8526,189.0,51.054412841796875
8527,232.0,68.8994140625
8528,497.0,96.07310485839844
8529,525.0,119.13673400878906
8530,278.0,116.82665252685547
8531,201.0,110.18097686767578
8532,200.0,100.91259765625
8533,211.0,90.12943267822266
8534,145.0,80.41973876953125
8535,119.0,72.77770233154297
8536,97.0,66.40174102783203
8537,91.0,60.18846130371094
8538,99.0,53.15504455566406
8539,141.0,26.497882843017578
8540,110.0,15.638622283935547
8541,73.0,10.169987678527832
8542,16.0,5.774072647094727
8543,9.0,3.3669166564941406
8544,1.0,2.160226821899414
8545,0.0,1.5193004608154297
8546,0.0,1.1122303009033203
8547,0.0,0.6873378753662109
8548,0.0,0.2975025177001953
8549,0.0,-0.055965423583984375
8550,0.0,0.16295623779296875
8551,0.0,0.3269386291503906
8552,0.0,0.5421638488769531
8553,0.0,0.6729335784912109
8554,0.0,0.7943782806396484
8555,0.0,0.8447647094726562
8556,0.0,0.8304176330566406
8557,0.0,0.7585239410400391
8558,0.0,0.7089767456054688
8559,0.0,0.5890159606933594
8560,0.0,0.4415435791015625
8561,0.0,0.396240234375
8562,0.0,0.4863433837890625
8563,0.0,0.571319580078125
8564,0.0,0.6296577453613281
8565,0.0,0.7216033935546875
8566,0.0,0.6954555511474609
8567,0.0,0.6738777160644531
8568,0.0,0.6391391754150391
8569,0.0,0.6154422760009766
8570,0.0,0.46460723876953125
8571,0.0,0.3383293151855469
8572,0.0,0.2806873321533203
8573,0.0,0.8084869384765625
8574,0.0,1.012735366821289
8575,0.0,1.1540336608886719
8576,0.0,1.2068901062011719
8577,0.0,1.1885490417480469
8578,0.0,1.2253761291503906
8579,0.0,1.2686710357666016
8580,0.0,1.3179569244384766
8581,0.0,1.3449249267578125
8582,0.0,1.31646728515625
8583,0.0,1.2693824768066406
8584,0.0,1.2338790893554688
8585,0.0,1.1482067108154297
8586,0.0,1.0933494567871094
8587,0.0,1.034688949584961
8588,0.0,0.9819583892822266
8589,0.0,0.9004135131835938
8590,0.0,0.9202842712402344
8591,0.0,0.9589004516601562
8592,0.0,0.9980869293212891
8593,0.0,1.0147209167480469
8594,0.0,1.0724964141845703
8595,0.0,1.1438751220703125
8596,0.0,1.2312908172607422
8597,0.0,1.3111763000488281
8598,0.0,1.41131591796875
8599,0.0,1.5267715454101562
8600,0.0,1.6763782501220703
8601,0.0,1.825143814086914
8602,0.0,1.9491462707519531
8603,0.0,2.09515380859375
8604,0.0,2.301992416381836
8605,0.0,2.5354156494140625
8606,0.0,3.0386104583740234
8607,0.0,3.9130191802978516
8608,0.0,5.270639419555664
8609,0.0,7.189382553100586
8610,0.0,9.814908981323242
8611,0.0,13.252164840698242
8612,6.0,17.71408462524414
8613,16.0,22.89299201965332
8614,45.0,29.045305252075195
8615,72.0,36.47240447998047
8616,91.0,45.78355407714844
8617,100.0,56.88670349121094
8618,109.0,70.93351745605469
8619,126.0,96.71969604492188
8620,129.0,102.08025360107422
8621,121.0,101.10202026367188
8622,113.0,105.13369750976562
8623,117.0,111.09419250488281
8624,124.0,117.50347137451172
8625,116.0,123.61804962158203
8626,103.0,130.4703826904297
8627,106.0,137.75340270996094
8628,110.0,144.99156188964844
8629,109.0,149.63682556152344
8630,110.0,151.478515625
8631,112.0,151.5096893310547
8632,102.0,151.06796264648438
8633,83.0,143.87034606933594
8634,80.0,123.27536010742188
8635,69.0,91.94757080078125
8636,49.0,69.04214477539062
8637,39.0,56.65821838378906
8638,20.0,50.92497253417969
8639,5.0,44.25993347167969
8640,5.0,16.518321990966797
8641,0.0,7.743766784667969
8642,0.0,2.3191452026367188
8643,0.0,-0.2671947479248047
8644,0.0,-1.3007183074951172
8645,0.0,-1.049245834350586
8646,0.0,-1.1226463317871094
8647,0.0,-1.1690216064453125
8648,0.0,-1.279470443725586
8649,0.0,-1.1610679626464844
8650,0.0,-1.2775211334228516
8651,0.0,-1.2449722290039062
8652,0.0,-1.2618770599365234
8653,0.0,-1.1019878387451172
8654,0.0,-1.1297740936279297
8655,0.0,-1.0914497375488281
8656,0.0,-1.0859794616699219
8657,0.0,-0.9329357147216797
8658,0.0,-0.9127101898193359
8659,0.0,-0.8447704315185547
8660,0.0,-0.7951202392578125
8661,0.0,-0.6089820861816406
8662,0.0,-0.5382766723632812
8663,0.0,-0.44623565673828125
8664,0.0,-0.3738079071044922
8665,0.0,-0.18946266174316406
8666,0.0,-0.1395587921142578
8667,0.0,-0.12185287475585938
8668,0.0,-0.10204505920410156
8669,0.0,1.03961181640625
8670,0.0,1.5417861938476562
8671,0.0,1.3694953918457031
8672,0.0,1.1821517944335938
8673,0.0,0.9966411590576172
8674,0.0,0.7319431304931641
8675,0.0,0.47356605529785156
8676,0.0,0.2443408966064453
8677,0.0,0.09379196166992188
8678,0.0,-0.05920982360839844
8679,0.0,-0.16286468505859375
8680,0.0,0.005977630615234375
8681,0.0,0.14056015014648438
8682,0.0,0.20659446716308594
8683,0.0,0.29723167419433594
8684,0.0,0.4343910217285156
8685,0.0,0.6273403167724609
8686,0.0,0.7053871154785156
8687,0.0,0.7820377349853516
8688,0.0,0.9776706695556641
8689,0.0,1.2671051025390625
8690,0.0,1.469430923461914
8691,0.0,1.7249031066894531
8692,0.0,2.383646011352539
8693,0.0,2.959075927734375
8694,0.0,3.481748580932617
8695,0.0,4.162910461425781
8696,0.0,5.811655044555664
8697,0.0,6.584842681884766
8698,0.0,7.366306304931641
8699,0.0,8.422941207885742
8700,0.0,10.714334487915039
8701,0.0,11.852165222167969
8702,0.0,14.146167755126953
8703,0.0,18.72284507751465
8704,0.0,28.151342391967773
8705,0.0,41.57538604736328
8706,2.0,65.7995834350586
8707,13.0,112.17447662353516
8708,152.0,174.28675842285156
8709,218.0,231.89544677734375
8710,377.0,305.7628479003906
8711,541.0,397.8019104003906
8712,531.0,516.2197875976562
8713,289.0,662.188720703125
8714,236.0,770.5389404296875
8715,316.0,846.2577514648438
8716,517.0,933.1658935546875
8717,1278.0,999.6433715820312
8718,1432.0,1049.0772705078125
8719,1392.0,1093.528076171875
8720,877.0,1139.0921630859375
8721,433.0,1173.513427734375
8722,485.0,1211.6297607421875
8723,662.0,1241.733154296875
8724,876.0,1254.072265625
8725,910.0,1239.375244140625
8726,792.0,1211.55322265625
8727,551.0,1165.1636962890625
8728,442.0,1105.2103271484375
8729,341.0,1038.7550048828125
8730,280.0,970.9135131835938
8731,251.0,908.55810546875
8732,206.0,795.3385009765625
8733,158.0,604.0247802734375
8734,127.0,355.3491516113281
8735,95.0,175.1967010498047
8736,60.0,78.843994140625
8737,33.0,45.52991485595703
8738,5.0,27.168235778808594
8739,0.0,18.123106002807617
8740,0.0,3.839986801147461
8741,0.0,0.7299652099609375
8742,0.0,-0.32164764404296875
8743,0.0,-0.7210426330566406
8744,0.0,-0.9080257415771484
8745,0.0,-0.7425422668457031
8746,0.0,-0.7442131042480469
8747,0.0,-0.6776237487792969
8748,0.0,-0.6542854309082031
8749,0.0,-0.5067577362060547
8750,0.0,-0.49835968017578125
8751,0.0,-0.45983314514160156
8752,0.0,-0.4349479675292969
8753,0.0,-0.2952880859375
8754,0.0,-0.268707275390625
8755,0.0,-0.2530632019042969
8756,0.0,-0.23945236206054688
8757,0.0,-0.12467575073242188
8758,0.0,-0.10892677307128906
8759,0.0,-0.10808944702148438
8760,0.0,-0.1034698486328125
8761,0.0,-0.0068073272705078125
8762,0.0,-0.0110626220703125
8763,0.0,0.08831214904785156
8764,0.0,0.14093399047851562
8765,0.0,1.1239051818847656
8766,0.0,1.6822338104248047
8767,0.0,1.4711856842041016
8768,0.0,1.2694644927978516
8769,0.0,1.0467586517333984
8770,0.0,0.7771110534667969
8771,0.0,0.5057563781738281
8772,0.0,0.26561546325683594
8773,0.0,0.09754371643066406
8774,0.0,-0.0373077392578125
8775,0.0,-0.09883689880371094
8776,0.0,-0.000385284423828125
8777,0.0,0.0540008544921875
8778,0.0,0.11997413635253906
8779,0.0,0.16717910766601562
8780,0.0,0.21479225158691406
8781,0.0,0.3754138946533203
8782,0.0,0.4584331512451172
8783,0.0,0.5534801483154297
8784,0.0,0.7100734710693359
8785,0.0,1.104269027709961
8786,0.0,1.2308235168457031
8787,0.0,1.3422393798828125
8788,0.0,1.7424068450927734
8789,0.0,2.3448410034179688
8790,0.0,2.7671737670898438
8791,0.0,3.217489242553711
8792,0.0,4.375696182250977
8793,0.0,5.092010498046875
8794,0.0,5.709711074829102
8795,0.0,6.459566116333008
8796,0.0,7.944713592529297
8797,0.0,9.324185371398926
8798,0.0,12.26381778717041
8799,0.0,17.755165100097656
8800,0.0,28.309728622436523
8801,0.0,45.74122619628906
8802,12.0,74.15107727050781
8803,105.0,116.39444732666016
8804,197.0,170.32803344726562
8805,296.0,210.6551971435547
8806,389.0,258.37841796875
8807,494.0,312.1268615722656
8808,605.0,367.7160339355469
8809,712.0,428.5718994140625
8810,808.0,503.6873779296875
8811,888.0,619.7064819335938
8812,951.0,760.744140625
8813,1012.0,872.58544921875
8814,1064.0,967.0221557617188
8815,1104.0,1030.6734619140625
8816,1129.0,1084.1884765625
8817,1154.0,1112.38916015625
8818,1173.0,1132.1292724609375
8819,1190.0,1151.5660400390625
8820,1207.0,1186.916015625
8821,1210.0,1224.4520263671875
8822,1147.0,1253.0247802734375
8823,1078.0,1264.2303466796875
8824,1013.0,1238.16650390625
8825,978.0,1174.8953857421875
8826,947.0,1093.2174072265625
8827,926.0,984.1953735351562
8828,606.0,901.0283203125
8829,641.0,783.6575927734375
8830,366.0,544.586181640625
8831,88.0,309.5845642089844
8832,42.0,139.05836486816406
8833,20.0,85.60444641113281
8834,3.0,56.611778259277344
8835,0.0,33.592010498046875
8836,0.0,3.8227596282958984
8837,0.0,-0.24258995056152344
8838,0.0,-0.6552295684814453
8839,0.0,-0.7525310516357422
8840,0.0,-0.8060894012451172
8841,0.0,-0.6321830749511719
8842,0.0,-0.6392173767089844
8843,0.0,-0.5796298980712891
8844,0.0,-0.5755596160888672
8845,0.0,-0.4049873352050781
8846,0.0,-0.329803466796875
8847,0.0,-0.28875732421875
8848,0.0,-0.2688751220703125
8849,0.0,-0.12998199462890625
8850,0.0,-0.11312103271484375
8851,0.0,-0.07049942016601562
8852,0.0,-0.0615692138671875
8853,0.0,0.05576324462890625
8854,0.0,0.07769393920898438
8855,0.0,0.10283279418945312
8856,0.0,0.115631103515625
8857,0.0,0.21478843688964844
8858,0.0,0.21713829040527344
8859,0.0,0.2263031005859375
8860,0.0,0.2274494171142578
8861,0.0,0.6792373657226562
8862,0.0,0.6166553497314453
8863,0.0,0.4361610412597656
8864,0.0,0.277191162109375
8865,0.0,0.14469337463378906
8866,0.0,-0.0062198638916015625
8867,0.0,-0.14072799682617188
8868,0.0,-0.26648902893066406
8869,0.0,-0.3726806640625
8870,0.0,-0.5670261383056641
8871,0.0,-0.7461414337158203
8872,0.0,-0.9294300079345703
8873,0.0,-0.8518238067626953
8874,0.0,-0.8912906646728516
8875,0.0,-0.9190273284912109
8876,0.0,-0.9391136169433594
8877,0.0,-0.7971897125244141
8878,0.0,-0.8140850067138672
8879,0.0,-0.8327770233154297
8880,0.0,-0.8428096771240234
8881,0.0,-0.5860462188720703
8882,0.0,-0.5522232055664062
8883,0.0,-0.5600357055664062
8884,0.0,-0.5458583831787109
8885,0.0,-0.19869041442871094
8886,0.0,-0.09364891052246094
8887,0.0,-0.05841064453125
8888,0.0,0.070831298828125
8889,0.0,0.5094547271728516
8890,0.0,0.7275581359863281
8891,0.0,0.8930950164794922
8892,0.0,1.4545516967773438
8893,0.0,2.212055206298828
8894,0.0,3.8867645263671875
8895,0.0,7.882373809814453
8896,0.0,22.728450775146484
8897,0.0,56.51875305175781
8898,24.0,124.44385528564453
8899,154.0,193.1101837158203
8900,246.0,240.74545288085938
8901,313.0,321.3977966308594
8902,410.0,430.29388427734375
8903,519.0,515.3012084960938
8904,632.0,626.8743896484375
8905,739.0,732.793701171875
8906,830.0,812.6439208984375
8907,904.0,889.7135009765625
8908,973.0,971.939697265625
8909,1035.0,1027.2576904296875
8910,1085.0,1075.984130859375
8911,1129.0,1148.372802734375
8912,1167.0,1247.7091064453125
8913,1188.0,1281.7860107421875
8914,1219.0,1297.5721435546875
8915,1225.0,1288.238037109375
8916,1241.0,1227.183837890625
8917,1240.0,1175.7340087890625
8918,1174.0,1109.1495361328125
8919,1103.0,1014.2153930664062
8920,1040.0,919.1425170898438
8921,1000.0,836.1405029296875
8922,966.0,739.2076416015625
8923,976.0,605.90380859375
8924,850.0,429.33514404296875
8925,745.0,327.77593994140625
8926,439.0,239.77267456054688
8927,114.0,175.7111053466797
8928,52.0,112.57465362548828
8929,36.0,68.77902221679688
8930,13.0,33.052425384521484
8931,0.0,9.485564231872559
8932,0.0,2.0768375396728516
8933,0.0,1.1844005584716797
8934,0.0,0.5055389404296875
8935,0.0,0.22591781616210938
8936,0.0,0.10200691223144531
8937,0.0,0.02136993408203125
8938,0.0,-0.030736923217773438
8939,0.0,-0.06166648864746094
8940,0.0,-0.09551239013671875
8941,0.0,-0.10734367370605469
8942,0.0,-0.12962722778320312
8943,0.0,-0.1317901611328125
8944,0.0,-0.14535903930664062
8945,0.0,-0.11238861083984375
8946,0.0,-0.10599136352539062
8947,0.0,-0.09689712524414062
8948,0.0,-0.09724998474121094
8949,0.0,-0.04041099548339844
8950,0.0,-0.023050308227539062
8951,0.0,-0.010110855102539062
8952,0.0,-0.0049591064453125
8953,0.0,0.058872222900390625
8954,0.0,0.06189155578613281
8955,0.0,0.06749534606933594
8956,0.0,0.06875038146972656
8957,0.0,0.553558349609375
8958,0.0,0.5342330932617188
8959,0.0,0.8265762329101562
8960,0.0,1.0887184143066406
8961,0.0,1.295583724975586
8962,0.0,1.4602413177490234
8963,0.0,1.613332748413086
8964,0.0,1.73187255859375
8965,0.0,1.8469963073730469
8966,0.0,1.9378890991210938
8967,0.0,2.0273895263671875
8968,0.0,2.1119136810302734
8969,0.0,2.2631359100341797
8970,0.0,2.2497825622558594
8971,0.0,2.2514114379882812
8972,0.0,2.251749038696289
8973,0.0,2.2279396057128906
8974,0.0,2.1276931762695312
8975,0.0,2.0224475860595703
8976,0.0,1.9084129333496094
8977,0.0,1.7367134094238281
8978,0.0,1.3630123138427734
8979,0.0,0.9710369110107422
8980,0.0,0.6085700988769531
8981,0.0,0.3880958557128906
8982,0.0,0.16266822814941406
8983,0.0,0.18233299255371094
8984,0.0,0.2994117736816406
8985,0.0,0.3029975891113281
8986,0.0,0.1291942596435547
8987,0.0,-0.12766265869140625
8988,0.0,-0.14847755432128906
8989,0.0,0.48598670959472656
8990,0.0,2.016864776611328
8991,0.0,4.878473281860352
8992,2.0,13.267181396484375
8993,10.0,30.586366653442383
8994,52.0,73.5168228149414
8995,159.0,163.5841522216797
8996,263.0,270.7096862792969
8997,334.0,377.1622619628906
8998,432.0,443.1234436035156
8999,565.0,499.33135986328125
9000,665.0,562.9573364257812
9001,777.0,606.6475830078125
9002,760.0,647.5558471679688
9003,840.0,686.6567993164062
9004,956.0,722.044921875
9005,1019.0,742.3241577148438
9006,1080.0,765.8505249023438
9007,1112.0,794.0032348632812
9008,583.0,830.289794921875
9009,978.0,865.2614135742188
9010,814.0,897.4513549804688
9011,933.0,917.2002563476562
9012,1100.0,932.5794067382812
9013,883.0,927.8751220703125
9014,1054.0,920.0516357421875
9015,965.0,923.1123657226562
9016,1073.0,938.31005859375
9017,923.0,935.8941040039062
9018,890.0,917.9683227539062
9019,864.0,824.6629638671875
9020,757.0,657.59521484375
9021,558.0,431.7909851074219
9022,171.0,283.0832214355469
9023,133.0,156.4977264404297
9024,90.0,80.38346862792969
9025,51.0,52.50712585449219
9026,11.0,26.65184211730957
9027,4.0,7.813301086425781
9028,0.0,1.3160285949707031
9029,0.0,0.6733036041259766
9030,0.0,0.4795417785644531
9031,0.0,0.45130157470703125
9032,0.0,0.45684051513671875
9033,0.0,0.5906257629394531
9034,0.0,0.6567420959472656
9035,0.0,0.6645889282226562
9036,0.0,0.6425991058349609
9037,0.0,0.7254066467285156
9038,0.0,0.7781391143798828
9039,0.0,0.8292255401611328
9040,0.0,0.8676624298095703
9041,0.0,0.9983844757080078
9042,0.0,1.0169010162353516
9043,0.0,1.0733699798583984
9044,0.0,1.1001396179199219
9045,0.0,1.2097930908203125
9046,0.0,1.3062267303466797
9047,0.0,1.3604183197021484
9048,0.0,1.3688888549804688
9049,0.0,1.3816642761230469
9050,0.0,1.3084430694580078
9051,0.0,1.2091197967529297
9052,0.0,1.1001701354980469
9053,0.0,1.1061992645263672
9054,0.0,0.6163330078125
9055,0.0,0.3059520721435547
9056,0.0,0.1667156219482422
9057,0.0,0.10658454895019531
9058,0.0,0.024383544921875
9059,0.0,-0.04337120056152344
9060,0.0,-0.10605430603027344
9061,0.0,-0.1372699737548828
9062,0.0,-0.26422691345214844
9063,0.0,-0.4396858215332031
9064,0.0,-0.7072257995605469
9065,0.0,-0.767669677734375
9066,0.0,-0.8926677703857422
9067,0.0,-1.0194759368896484
9068,0.0,-1.1297283172607422
9069,0.0,-1.2473793029785156
9070,0.0,-1.3567562103271484
9071,0.0,-1.4168205261230469
9072,0.0,-1.3817367553710938
9073,0.0,-1.2616100311279297
9074,0.0,-1.12921142578125
9075,0.0,-0.9608249664306641
9076,0.0,-0.6422100067138672
9077,0.0,-0.3170928955078125
9078,0.0,-0.06941986083984375
9079,0.0,0.20301437377929688
9080,0.0,0.7835369110107422
9081,0.0,1.2570323944091797
9082,0.0,1.7451171875
9083,0.0,2.371858596801758
9084,0.0,3.600248336791992
9085,0.0,5.35316276550293
9086,0.0,8.636826515197754
9087,0.0,13.838748931884766
9088,0.0,22.88959312438965
9089,1.0,32.23651885986328
9090,16.0,45.9211311340332
9091,57.0,63.503990173339844
9092,109.0,88.15901947021484
9093,141.0,114.30858612060547
9094,176.0,163.62997436523438
9095,228.0,243.94921875
9096,302.0,365.8450012207031
9097,370.0,488.8514709472656
9098,453.0,570.497314453125
9099,534.0,628.9647216796875
9100,549.0,653.6536254882812
9101,594.0,650.5411987304688
9102,651.0,646.80078125
9103,683.0,648.0482788085938
9104,660.0,645.9928588867188
9105,612.0,638.8966064453125
9106,640.0,626.932373046875
9107,554.0,611.8624267578125
9108,535.0,587.0108032226562
9109,494.0,485.5935974121094
9110,486.0,422.2344055175781
9111,513.0,412.3975830078125
9112,470.0,428.295654296875
9113,450.0,436.3808288574219
9114,396.0,427.8683166503906
9115,330.0,331.8183898925781
9116,261.0,258.6617126464844
9117,247.0,222.54649353027344
9118,221.0,144.92384338378906
9119,177.0,60.775840759277344
9120,133.0,18.742568969726562
9121,78.0,7.483381271362305
9122,30.0,3.8056411743164062
9123,5.0,2.032480239868164
9124,0.0,1.207611083984375
9125,0.0,1.2328414916992188
9126,0.0,1.2404365539550781
9127,0.0,1.2211589813232422
9128,0.0,1.1386680603027344
9129,0.0,1.1961326599121094
9130,0.0,1.2085037231445312
9131,0.0,1.2601890563964844
9132,0.0,1.2758121490478516
9133,0.0,1.4042091369628906
9134,0.0,1.4181461334228516
9135,0.0,1.4265861511230469
9136,0.0,1.4083518981933594
9137,0.0,1.4839401245117188
9138,0.0,1.4802055358886719
9139,0.0,1.4509773254394531
9140,0.0,1.4276542663574219
9141,0.0,1.4781150817871094
9142,0.0,1.4476566314697266
9143,0.0,1.4382133483886719
9144,0.0,1.42547607421875
9145,0.0,1.4767570495605469
9146,0.0,1.4003257751464844
9147,0.0,1.3811187744140625
9148,0.0,1.3416595458984375
9149,0.0,1.2919464111328125
9150,0.0,0.8516426086425781
9151,0.0,0.6132850646972656
9152,0.0,0.4383277893066406
9153,0.0,0.3054618835449219
9154,0.0,0.1435089111328125
9155,0.0,0.011646270751953125
9156,0.0,-0.11128616333007812
9157,0.0,-0.19680404663085938
9158,0.0,-0.32301902770996094
9159,0.0,-0.4689922332763672
9160,0.0,-0.6284370422363281
9161,0.0,-0.5492401123046875
9162,0.0,-0.6168727874755859
9163,0.0,-0.6712074279785156
9164,0.0,-0.7116813659667969
9165,0.0,-0.5739765167236328
9166,0.0,-0.6589546203613281
9167,0.0,-0.7968578338623047
9168,0.0,-0.9525012969970703
9169,0.0,-1.0345821380615234
9170,0.0,-1.1010913848876953
9171,0.0,-1.1324539184570312
9172,0.0,-1.071279525756836
9173,0.0,-1.0479145050048828
9174,0.0,-1.0230827331542969
9175,0.0,-0.9391727447509766
9176,0.0,-0.65576171875
9177,0.0,-0.6192378997802734
9178,0.0,-0.5585174560546875
9179,0.0,-0.4079322814941406
9180,0.0,0.008256912231445312
9181,0.0,0.5839862823486328
9182,0.0,1.6893653869628906
9183,0.0,3.498373031616211
9184,7.0,7.7866973876953125
9185,21.0,17.66966438293457
9186,94.0,41.28876495361328
9187,163.0,102.609130859375
9188,243.0,224.33213806152344
9189,304.0,311.3675842285156
9190,423.0,384.01812744140625
9191,619.0,447.0346984863281
9192,584.0,522.7484741210938
9193,558.0,635.23291015625
9194,687.0,724.91455078125
9195,907.0,806.5413818359375
9196,1080.0,867.0025634765625
9197,1122.0,896.0983276367188
9198,1110.0,895.6341552734375
9199,1138.0,858.6476440429688
9200,1177.0,807.9483032226562
9201,1138.0,707.6302490234375
9202,999.0,648.0245361328125
9203,830.0,636.2024536132812
9204,885.0,679.6456298828125
9205,655.0,815.5094604492188
9206,622.0,914.2838745117188
9207,544.0,907.2218627929688
9208,536.0,820.9701538085938
9209,489.0,558.511962890625
9210,429.0,426.0906677246094
9211,451.0,364.5306396484375
9212,475.0,283.5270080566406
9213,331.0,227.953125
9214,230.0,171.5363311767578
9215,146.0,111.88345336914062
9216,93.0,61.695091247558594
9217,74.0,35.514732360839844
9218,32.0,14.015296936035156
9219,6.0,5.236854553222656
9220,0.0,1.3915729522705078
9221,0.0,1.2493476867675781
9222,0.0,1.3647575378417969
9223,0.0,1.3749809265136719
9224,0.0,1.2983226776123047
9225,0.0,1.2008609771728516
9226,0.0,1.1499271392822266
9227,0.0,1.0252227783203125
9228,0.0,0.8663978576660156
9229,0.0,0.7319526672363281
9230,0.0,0.6137905120849609
9231,0.0,0.7034664154052734
9232,0.0,0.8141632080078125
9233,0.0,0.9465866088867188
9234,0.0,1.039876937866211
9235,0.0,1.0967216491699219
9236,0.0,1.1626434326171875
9237,0.0,1.2326107025146484
9238,0.0,1.1524410247802734
9239,0.0,1.1010780334472656
9240,0.0,1.0588741302490234
9241,0.0,0.9976406097412109
9242,0.0,0.9985733032226562
9243,0.0,0.765838623046875
9244,0.0,0.38688087463378906
9245,0.0,0.32245826721191406
9246,0.0,0.1833667755126953
9247,0.0,0.19803619384765625
9248,0.0,0.24768829345703125
9249,0.0,0.3232383728027344
9250,0.0,0.22315025329589844
9251,0.0,0.14748764038085938
9252,0.0,0.08742141723632812
9253,0.0,0.08643150329589844
9254,0.0,0.07895469665527344
9255,0.0,0.07141685485839844
9256,0.0,0.0479736328125
9257,0.0,0.10790634155273438
9258,0.0,0.09175872802734375
9259,0.0,0.08456802368164062
9260,0.0,0.08339309692382812
9261,0.0,0.15613746643066406
9262,0.0,0.16444778442382812
9263,0.0,0.14702224731445312
9264,0.0,0.12893295288085938
9265,0.0,0.1730213165283203
9266,0.0,0.18516159057617188
9267,0.0,0.20650100708007812
9268,0.0,0.25780487060546875
9269,0.0,0.4011344909667969
9270,0.0,0.40439796447753906
9271,0.0,0.41345787048339844
9272,0.0,0.4384193420410156
9273,0.0,0.596160888671875
9274,0.0,0.22920799255371094
9275,0.0,-0.5122222900390625
9276,0.0,-1.4013290405273438
9277,0.0,-1.9350662231445312
9278,0.0,-1.8572654724121094
9279,0.0,-1.725870132446289
9280,2.0,-1.1671810150146484
9281,4.0,-0.37818145751953125
9282,19.0,0.7418041229248047
9283,17.0,2.8790950775146484
9284,14.0,5.786796569824219
9285,28.0,7.5047760009765625
9286,30.0,9.213282585144043
9287,75.0,11.275589942932129
9288,85.0,19.761268615722656
9289,77.0,49.916358947753906
9290,54.0,84.17546081542969
9291,31.0,101.7547836303711
9292,124.0,108.78352355957031
9293,87.0,111.97112274169922
9294,95.0,114.5531234741211
9295,100.0,118.51248168945312
9296,122.0,123.01209259033203
9297,121.0,126.07852935791016
9298,113.0,127.98342895507812
9299,99.0,141.01795959472656
9300,119.0,219.07235717773438
9301,125.0,208.0277557373047
9302,62.0,199.41909790039062
9303,83.0,193.40261840820312
9304,139.0,202.64772033691406
9305,157.0,198.82696533203125
9306,133.0,201.24964904785156
9307,116.0,193.22354125976562
9308,422.0,154.76914978027344
9309,185.0,104.65882110595703
9310,32.0,73.03787994384766
9311,41.0,57.19562530517578
9312,2.0,43.86809158325195
9313,2.0,28.40833854675293
9314,7.0,18.760509490966797
9315,1.0,12.496755599975586
9316,0.0,6.699193954467773
9317,0.0,2.5922508239746094
9318,0.0,1.6009654998779297
9319,0.0,1.2228546142578125
9320,0.0,1.0054740905761719
9321,0.0,0.5322780609130859
9322,0.0,0.26532745361328125
9323,0.0,0.6236248016357422
9324,0.0,1.0613422393798828
9325,0.0,1.2506446838378906
9326,0.0,1.4137687683105469
9327,0.0,1.5584297180175781
9328,0.0,1.6338520050048828
9329,0.0,1.6670284271240234
9330,0.0,1.5044498443603516
9331,0.0,1.242269515991211
9332,0.0,0.9843292236328125
9333,0.0,0.8248462677001953
9334,0.0,0.7964134216308594
9335,0.0,0.7092361450195312
9336,0.0,0.6791324615478516
9337,0.0,0.6727352142333984
9338,0.0,0.6185970306396484
9339,0.0,0.5641574859619141
9340,0.0,0.5414371490478516
9341,0.0,0.6552352905273438
9342,0.0,0.23296737670898438
9343,0.0,0.08822250366210938
9344,0.0,0.03950309753417969
9345,0.0,0.07782936096191406
9346,0.0,0.041492462158203125
9347,0.0,0.0015239715576171875
9348,0.0,-0.0240631103515625
9349,0.0,-0.01860809326171875
9350,0.0,-0.20794105529785156
9351,0.0,-0.20054054260253906
9352,0.0,0.068572998046875
9353,0.0,0.7994384765625
9354,0.0,0.6740932464599609
9355,0.0,0.6079254150390625
9356,0.0,0.4479560852050781
9357,0.0,0.3629932403564453
9358,0.0,0.23053359985351562
9359,0.0,0.07938194274902344
9360,0.0,-0.13545608520507812
9361,0.0,-0.3366718292236328
9362,0.0,-0.3842353820800781
9363,0.0,-0.5005016326904297
9364,0.0,-0.67926025390625
9365,0.0,-0.7254180908203125
9366,0.0,-0.7063865661621094
9367,0.0,-0.5190105438232422
9368,0.0,-0.12350845336914062
9369,0.0,0.7082138061523438
9370,0.0,1.1092033386230469
9371,0.0,1.3995895385742188
9372,0.0,1.7384929656982422
9373,0.0,2.4426841735839844
9374,0.0,3.396230697631836
9375,0.0,4.884361267089844
9376,0.0,7.743709564208984
9377,0.0,18.29011344909668
9378,8.0,43.59822082519531
9379,73.0,97.16667938232422
9380,214.0,239.742431640625
9381,307.0,376.2577209472656
9382,409.0,449.98388671875
9383,526.0,477.8724670410156
9384,638.0,490.4385986328125
9385,761.0,496.5975341796875
9386,560.0,519.5202026367188
9387,757.0,599.0243530273438
9388,989.0,700.7261962890625
9389,892.0,779.3433837890625
9390,514.0,832.979736328125
9391,516.0,848.2733764648438
9392,423.0,850.6947021484375
9393,477.0,830.3123168945312
9394,635.0,773.4315185546875
9395,779.0,638.5192260742188
9396,976.0,525.0692138671875
9397,635.0,437.013916015625
9398,490.0,335.68792724609375
9399,613.0,297.0867919921875
9400,362.0,279.3768005371094
9401,472.0,262.9234924316406
9402,367.0,249.18833923339844
9403,288.0,235.633056640625
9404,243.0,222.5216522216797
9405,154.0,207.80307006835938
9406,189.0,182.87109375
9407,114.0,149.0414276123047
9408,26.0,104.94414520263672
9409,5.0,54.766029357910156
9410,2.0,19.160715103149414
9411,0.0,4.528289794921875
9412,0.0,1.6662712097167969
9413,0.0,1.0195789337158203
9414,0.0,1.0914192199707031
9415,0.0,1.3971881866455078
9416,0.0,1.546701431274414
9417,0.0,1.5435543060302734
9418,0.0,1.5865364074707031
9419,0.0,1.6191730499267578
9420,0.0,1.6639976501464844
9421,0.0,1.5809574127197266
9422,0.0,1.5064563751220703
9423,0.0,1.3869342803955078
9424,0.0,1.3108367919921875
9425,0.0,1.1809539794921875
9426,0.0,1.0165596008300781
9427,0.0,0.9284439086914062
9428,0.0,0.9025058746337891
9429,0.0,0.8134231567382812
9430,0.0,0.5776443481445312
9431,0.0,0.3815784454345703
9432,0.0,0.24109268188476562
9433,0.0,0.16329193115234375
9434,0.0,0.1146240234375
9435,0.0,0.09216499328613281
9436,0.0,0.07377433776855469
9437,0.0,-0.26325416564941406
9438,0.0,-0.6586704254150391
9439,0.0,-0.8275260925292969
9440,0.0,-0.8582668304443359
9441,0.0,-0.7234649658203125
9442,0.0,-0.46197509765625
9443,0.0,-0.178741455078125
9444,0.0,-0.030689239501953125
9445,0.0,-0.023180007934570312
9446,0.0,0.031072616577148438
9447,0.0,0.05781745910644531
9448,0.0,0.07848548889160156
9449,0.0,0.1185302734375
9450,0.0,0.149749755859375
9451,0.0,0.21441268920898438
9452,0.0,0.300506591796875
9453,0.0,0.4595756530761719
9454,0.0,0.5885658264160156
9455,0.0,0.72552490234375
9456,0.0,0.8187332153320312
9457,0.0,0.9428462982177734
9458,0.0,1.2054901123046875
9459,0.0,1.3637027740478516
9460,0.0,1.4452095031738281
9461,0.0,1.333414077758789
9462,0.0,1.041494369506836
9463,0.0,0.8060150146484375
9464,0.0,0.6077861785888672
9465,0.0,0.3886089324951172
9466,0.0,0.39797401428222656
9467,0.0,0.17888259887695312
9468,0.0,-0.09147453308105469
9469,0.0,-0.5733623504638672
9470,0.0,-0.3334159851074219
9471,0.0,0.2911567687988281
9472,0.0,1.3655776977539062
9473,0.0,3.0174121856689453
9474,0.0,5.538045883178711
9475,3.0,9.012250900268555
9476,5.0,14.582992553710938
9477,8.0,24.0496826171875
9478,10.0,39.30258560180664
9479,7.0,57.580116271972656
9480,7.0,76.93429565429688
9481,26.0,93.92447662353516
9482,47.0,110.98050689697266
9483,45.0,131.04969787597656
9484,89.0,154.90281677246094
9485,86.0,176.1231689453125
9486,137.0,185.00894165039062
9487,140.0,184.47113037109375
9488,151.0,178.3435821533203
9489,227.0,174.76828002929688
9490,473.0,172.65245056152344
9491,261.0,170.4340057373047
9492,204.0,168.21873474121094
9493,480.0,173.03445434570312
9494,203.0,191.45455932617188
9495,108.0,208.41839599609375
9496,88.0,205.31414794921875
9497,89.0,200.1533203125
9498,94.0,193.06443786621094
9499,81.0,182.51828002929688
9500,69.0,169.05014038085938
9501,70.0,166.4106903076172
9502,78.0,160.72584533691406
9503,57.0,152.30477905273438
9504,44.0,129.9176025390625
9505,46.0,109.40180206298828
9506,11.0,53.078426361083984
9507,3.0,14.463027000427246
9508,0.0,2.4512367248535156
9509,0.0,0.9912300109863281
9510,0.0,1.1050739288330078
9511,0.0,1.3890361785888672
9512,0.0,1.614278793334961
9513,0.0,1.6799049377441406
9514,0.0,1.6208477020263672
9515,0.0,1.518442153930664
9516,0.0,1.3933601379394531
9517,0.0,1.1861915588378906
9518,0.0,1.2470016479492188
9519,0.0,1.1930713653564453
9520,0.0,0.9207744598388672
9521,0.0,0.48627662658691406
9522,0.0,0.2727851867675781
9523,0.0,0.11972427368164062
9524,0.0,0.017423629760742188
9525,0.0,-0.057598114013671875
9526,0.0,-0.11245536804199219
9527,0.0,-0.1332855224609375
9528,0.0,-0.12941360473632812
9529,0.0,-0.08128929138183594
9530,0.0,-0.04126167297363281
9531,0.0,0.0063724517822265625
9532,0.0,0.06182670593261719
9533,0.0,0.4073638916015625
9534,0.0,0.1814422607421875
9535,0.0,0.1744823455810547
9536,0.0,0.15107345581054688
9537,0.0,0.11837005615234375
9538,0.0,0.029531478881835938
9539,0.0,-0.1083526611328125
9540,0.0,-0.2501182556152344
9541,0.0,-0.377105712890625
9542,0.0,-0.43917083740234375
9543,0.0,-0.4038105010986328
9544,0.0,-0.3327007293701172
9545,0.0,-0.17839622497558594
9546,0.0,-0.07916641235351562
9547,0.0,-0.023387908935546875
9548,0.0,-0.023227691650390625
9549,0.0,0.011051177978515625
9550,0.0,0.04618263244628906
9551,0.0,0.20404815673828125
9552,0.0,0.445556640625
9553,0.0,0.7465839385986328
9554,0.0,0.9907646179199219
9555,0.0,1.097402572631836
9556,0.0,1.1589221954345703
9557,0.0,1.2883014678955078
9558,0.0,1.2930335998535156
9559,0.0,1.277395248413086
9560,0.0,1.2273883819580078
9561,0.0,1.301504135131836
9562,0.0,1.411081314086914
9563,0.0,1.4851036071777344
9564,0.0,1.5762519836425781
9565,0.0,2.5230464935302734
9566,0.0,4.325237274169922
9567,0.0,6.52568244934082
9568,0.0,10.307820320129395
9569,0.0,17.0571231842041
9570,0.0,24.902952194213867
9571,1.0,33.40654373168945
9572,28.0,45.67047882080078
9573,40.0,65.59228515625
9574,89.0,100.99430084228516
9575,93.0,151.51100158691406
9576,168.0,208.1171112060547
9577,171.0,255.81639099121094
9578,166.0,322.16717529296875
9579,248.0,431.1524963378906
9580,298.0,558.5250854492188
9581,409.0,689.6563720703125
9582,391.0,817.2608642578125
9583,352.0,931.6442260742188
9584,367.0,1067.5030517578125
9585,297.0,1093.99951171875
9586,342.0,1020.677001953125
9587,188.0,874.3662719726562
9588,158.0,666.6884765625
9589,174.0,529.0034790039062
9590,217.0,426.1748352050781
9591,224.0,343.5516052246094
9592,116.0,310.69342041015625
9593,68.0,305.9241027832031
9594,87.0,321.9154357910156
9595,93.0,359.3395080566406
9596,128.0,412.4090881347656
9597,63.0,493.757568359375
9598,132.0,513.7915649414062
9599,279.0,404.3146667480469
9600,96.0,243.74462890625
9601,19.0,169.91282653808594
9602,1.0,126.35000610351562
9603,0.0,73.849365234375
9604,0.0,20.160568237304688
9605,0.0,12.592257499694824
9606,0.0,9.887285232543945
9607,0.0,5.922952651977539
9608,0.0,2.0359020233154297
9609,0.0,2.0950965881347656
9610,0.0,1.9063739776611328
9611,0.0,1.7662029266357422
9612,0.0,1.6053581237792969
9613,0.0,1.4293746948242188
9614,0.0,1.2486553192138672
9615,0.0,1.1257705688476562
9616,0.0,1.0474319458007812
9617,0.0,0.9802131652832031
9618,0.0,1.1611194610595703
9619,0.0,1.2154541015625
9620,0.0,1.0213470458984375
9621,0.0,0.6739082336425781
9622,0.0,0.41820716857910156
9623,0.0,0.17036819458007812
9624,0.0,-0.042713165283203125
9625,0.0,-0.20774078369140625
9626,0.0,-0.3410186767578125
9627,0.0,-0.40654945373535156
9628,0.0,-0.42577171325683594
9629,0.0,0.26907920837402344
9630,0.0,0.1936664581298828
9631,0.0,0.3809967041015625
9632,0.0,0.5638675689697266
9633,0.0,0.7354373931884766
9634,0.0,0.7363491058349609
9635,0.0,0.7878704071044922
9636,0.0,0.8334674835205078
9637,0.0,0.9586162567138672
9638,0.0,0.9024677276611328
9639,0.0,0.8776302337646484
9640,0.0,0.8619632720947266
9641,0.0,0.9288158416748047
9642,0.0,0.9876155853271484
9643,0.0,1.073080062866211
9644,0.0,1.2061748504638672
9645,0.0,1.5111846923828125
9646,0.0,1.3903541564941406
9647,0.0,1.1589393615722656
9648,0.0,0.9122676849365234
9649,0.0,0.7588348388671875
9650,0.0,0.7284488677978516
9651,0.0,0.5971450805664062
9652,0.0,0.37082672119140625
9653,0.0,0.013086318969726562
9654,0.0,-0.3268699645996094
9655,0.0,-0.5497913360595703
9656,0.0,-0.6648998260498047
9657,0.0,-0.9207916259765625
9658,0.0,-0.6101245880126953
9659,0.0,-0.5164566040039062
9660,0.0,-0.4538230895996094
9661,0.0,-0.7544136047363281
9662,0.0,-0.9496688842773438
9663,0.0,-0.4135761260986328
9664,0.0,1.1390876770019531
9665,0.0,5.113115310668945
9666,0.0,12.372149467468262
9667,9.0,23.85179328918457
9668,11.0,38.84225082397461
9669,39.0,51.009586334228516
9670,44.0,61.493682861328125
9671,55.0,78.9966812133789
9672,93.0,115.24307250976562
9673,167.0,159.85104370117188
9674,199.0,199.94236755371094
9675,209.0,232.25128173828125
9676,273.0,244.9342498779297
9677,228.0,238.2657012939453
9678,211.0,231.36126708984375
9679,190.0,237.08010864257812
9680,172.0,235.72344970703125
9681,122.0,202.75831604003906
9682,84.0,186.95068359375
9683,115.0,183.45645141601562
9684,136.0,182.78335571289062
9685,123.0,179.89382934570312
9686,76.0,150.37887573242188
9687,131.0,120.3945083618164
9688,189.0,101.98583221435547
9689,137.0,103.06243896484375
9690,91.0,120.25682830810547
9691,119.0,168.52198791503906
9692,451.0,209.91387939453125
9693,271.0,177.78237915039062
9694,665.0,202.8585205078125
9695,240.0,233.44818115234375
9696,85.0,180.8807830810547
9697,33.0,101.09732055664062
9698,21.0,87.04048919677734
9699,0.0,29.6047420501709
9700,0.0,15.194585800170898
9701,0.0,11.347634315490723
9702,0.0,8.345335006713867
9703,0.0,3.8591136932373047
9704,0.0,1.7060432434082031
9705,0.0,0.6679611206054688
9706,0.0,0.4018096923828125
9707,0.0,0.3244762420654297
9708,0.0,0.2146930694580078
9709,0.0,0.09603691101074219
9710,0.0,0.1546192169189453
9711,0.0,0.3534679412841797
9712,0.0,0.5675144195556641
9713,0.0,0.7125701904296875
9714,0.0,0.8063755035400391
9715,0.0,0.8758792877197266
9716,0.0,0.9248847961425781
9717,0.0,0.9265003204345703
9718,0.0,0.8673171997070312
9719,0.0,0.7847747802734375
9720,0.0,0.7334232330322266
9721,0.0,0.6652851104736328
9722,0.0,0.750396728515625
9723,0.0,0.9811496734619141
9724,0.0,1.273324966430664
9725,0.0,1.2556037902832031
9726,0.0,1.3083534240722656
9727,0.0,1.323812484741211
9728,0.0,1.2755928039550781
9729,0.0,1.1363048553466797
9730,0.0,0.8449802398681641
9731,0.0,0.6590042114257812
9732,0.0,0.5215053558349609
9733,0.0,0.4792308807373047
9734,0.0,0.45036888122558594
9735,0.0,0.4303092956542969
9736,0.0,0.39730072021484375
9737,0.0,0.472625732421875
9738,0.0,0.40457916259765625
9739,0.0,0.36730194091796875
9740,0.0,0.3396110534667969
9741,0.0,0.3979301452636719
9742,0.0,0.3488006591796875
9743,0.0,0.3112297058105469
9744,0.0,0.274322509765625
9745,0.0,0.27397727966308594
9746,0.0,0.16721534729003906
9747,0.0,0.06243705749511719
9748,0.0,-0.03558540344238281
9749,0.0,-0.13002586364746094
9750,0.0,-0.2874183654785156
9751,0.0,-0.43009185791015625
9752,0.0,-0.5286483764648438
9753,0.0,-0.6336803436279297
9754,0.0,-0.7308902740478516
9755,0.0,-0.7168464660644531
9756,0.0,0.057621002197265625
9757,0.0,1.9358196258544922
9758,0.0,4.553050994873047
9759,0.0,7.774343490600586
9760,0.0,12.51736831665039
9761,0.0,18.78695297241211
9762,0.0,29.294239044189453
9763,45.0,46.697776794433594
9764,121.0,82.02843475341797
9765,102.0,144.30287170410156
9766,81.0,217.10081481933594
9767,81.0,253.30140686035156
9768,126.0,262.1937561035156
9769,97.0,266.2966613769531
9770,78.0,267.9209289550781
9771,77.0,251.65176391601562
9772,52.0,230.9205322265625
9773,55.0,210.9459228515625
9774,57.0,195.01625061035156
9775,37.0,179.95510864257812
9776,19.0,167.50575256347656
9777,74.0,155.564208984375
9778,79.0,151.2176971435547
9779,45.0,150.69833374023438
9780,71.0,149.727294921875
9781,89.0,145.85838317871094
9782,97.0,137.8695526123047
9783,117.0,124.59467315673828
9784,190.0,105.46670532226562
9785,151.0,84.05073547363281
9786,112.0,68.48538970947266
9787,109.0,58.449066162109375
9788,197.0,52.95439910888672
9789,45.0,50.30765914916992
9790,107.0,48.17667007446289
9791,51.0,44.610755920410156
9792,67.0,29.059946060180664
9793,0.0,9.740744590759277
9794,0.0,5.290777206420898
9795,0.0,2.8940887451171875
9796,0.0,1.4537544250488281
9797,0.0,0.6938533782958984
9798,0.0,0.20546722412109375
9799,0.0,0.16301536560058594
9800,0.0,0.47533226013183594
9801,0.0,0.6036148071289062
9802,0.0,0.4965972900390625
9803,0.0,0.41748809814453125
9804,0.0,0.4734020233154297
9805,0.0,0.4940643310546875
9806,0.0,0.5261116027832031
9807,0.0,0.6977195739746094
9808,0.0,0.8493366241455078
9809,0.0,0.7827281951904297
9810,0.0,0.8077468872070312
9811,0.0,0.86151123046875
9812,0.0,0.9555702209472656
9813,0.0,1.054819107055664
9814,0.0,1.2121696472167969
9815,0.0,1.440603256225586
9816,0.0,1.5806007385253906
9817,0.0,1.5622444152832031
9818,0.0,1.533151626586914
9819,0.0,1.5127887725830078
9820,0.0,1.501739501953125
9821,0.0,0.7940120697021484
9822,0.0,0.8342533111572266
9823,0.0,0.9873085021972656
9824,0.0,1.1389217376708984
9825,0.0,1.2158012390136719
9826,0.0,1.0492000579833984
9827,0.0,0.9603271484375
9828,0.0,0.8521404266357422
9829,0.0,0.7888603210449219
9830,0.0,0.5576381683349609
9831,0.0,0.5360374450683594
9832,0.0,0.4905071258544922
9833,0.0,0.49547576904296875
9834,0.0,0.5981254577636719
9835,0.0,0.6340484619140625
9836,0.0,0.6919288635253906
9837,0.0,0.8411788940429688
9838,0.0,1.0911808013916016
9839,0.0,1.1722583770751953
9840,0.0,1.1874771118164062
9841,0.0,1.242818832397461
9842,0.0,1.1180191040039062
9843,0.0,1.2329044342041016
9844,0.0,1.1720905303955078
9845,0.0,1.1590709686279297
9846,0.0,1.1997737884521484
9847,0.0,1.200326919555664
9848,0.0,1.1504344940185547
9849,0.0,1.1360645294189453
9850,0.0,1.0573539733886719
9851,0.0,1.0546855926513672
9852,0.0,1.2724246978759766
9853,0.0,2.174734115600586
9854,0.0,4.062919616699219
9855,0.0,7.436931610107422
9856,0.0,13.685904502868652
9857,18.0,24.745208740234375
9858,61.0,44.12165069580078
9859,107.0,78.70114135742188
9860,102.0,125.57060241699219
9861,116.0,135.93280029296875
9862,176.0,153.65618896484375
9863,263.0,168.31678771972656
9864,169.0,197.23377990722656
9865,271.0,247.10508728027344
9866,229.0,304.0597839355469
9867,281.0,360.7873840332031
9868,470.0,413.1357421875
9869,671.0,525.238525390625
9870,578.0,655.8600463867188
9871,833.0,741.1964111328125
9872,549.0,736.7025756835938
9873,462.0,772.715087890625
9874,769.0,698.0945434570312
9875,794.0,606.2271118164062
9876,517.0,753.9156494140625
9877,675.0,840.66748046875
9878,673.0,725.726806640625
9879,658.0,608.2884521484375
9880,533.0,548.0077514648438
9881,951.0,507.34259033203125
9882,499.0,491.4820556640625
9883,221.0,508.69110107421875
9884,281.0,496.8409729003906
9885,115.0,448.71075439453125
9886,99.0,383.9122314453125
9887,110.0,361.0333251953125
9888,153.0,326.75421142578125
9889,87.0,242.33413696289062
9890,43.0,187.15487670898438
9891,1.0,119.82521057128906
9892,0.0,32.2457389831543
9893,0.0,15.15043830871582
9894,0.0,10.294914245605469
9895,0.0,6.278535842895508
9896,0.0,4.018001556396484
9897,0.0,2.6499271392822266
9898,0.0,2.139616012573242
9899,0.0,1.9879474639892578
9900,0.0,1.9100322723388672
9901,0.0,1.785390853881836
9902,0.0,1.699441909790039
9903,0.0,1.6684036254882812
9904,0.0,1.63037109375
9905,0.0,1.5803070068359375
9906,0.0,1.510660171508789
9907,0.0,1.319631576538086
9908,0.0,1.0028076171875
9909,0.0,0.7736263275146484
9910,0.0,0.8357505798339844
9911,0.0,0.8155555725097656
9912,0.0,0.83465576171875
9913,0.0,0.8360080718994141
9914,0.0,0.8541355133056641
9915,0.0,0.8596057891845703
9916,0.0,0.9294662475585938
9917,0.0,1.1381721496582031
9918,0.0,0.7677154541015625
9919,0.0,0.6821212768554688
9920,0.0,0.6587257385253906
9921,0.0,0.6850357055664062
9922,0.0,0.907073974609375
9923,0.0,0.9644832611083984
9924,0.0,0.9936275482177734
9925,0.0,0.9645347595214844
9926,0.0,0.6383876800537109
9927,0.0,0.6181907653808594
9928,0.0,0.48024940490722656
9929,0.0,0.4869251251220703
9930,0.0,0.461090087890625
9931,0.0,0.4679412841796875
9932,0.0,0.4542560577392578
9933,0.0,0.5095977783203125
9934,0.0,0.5075359344482422
9935,0.0,0.5587749481201172
9936,0.0,0.6012821197509766
9937,0.0,0.7776031494140625
9938,0.0,0.85491943359375
9939,0.0,0.8392047882080078
9940,0.0,0.81951904296875
9941,0.0,0.8665924072265625
9942,0.0,0.7960338592529297
9943,0.0,0.7455997467041016
9944,0.0,0.7206993103027344
9945,0.0,0.8522071838378906
9946,0.0,0.8060874938964844
9947,0.0,0.8006935119628906
9948,0.0,0.9671211242675781
9949,0.0,2.1056385040283203
9950,0.0,4.010442733764648
9951,0.0,7.177328109741211
9952,0.0,13.287094116210938
9953,0.0,26.758602142333984
9954,13.0,56.55592346191406
9955,31.0,121.03247833251953
9956,103.0,250.3945770263672
9957,194.0,383.01715087890625
9958,252.0,446.104248046875
9959,247.0,485.4452209472656
9960,351.0,544.0549926757812
9961,711.0,564.2385864257812
9962,867.0,584.3072509765625
9963,916.0,604.2495727539062
9964,472.0,615.7017822265625
9965,774.0,606.6858520507812
9966,1162.0,590.6093139648438
9967,904.0,573.77978515625
9968,794.0,562.2947387695312
9969,591.0,570.51220703125
9970,481.0,598.0963745117188
9971,573.0,632.836181640625
9972,814.0,672.3609619140625
9973,707.0,607.3622436523438
9974,973.0,428.0932922363281
9975,1409.0,321.6566467285156
9976,1338.0,282.85601806640625
9977,1151.0,264.86114501953125
9978,1045.0,256.5862731933594
9979,672.0,252.60198974609375
9980,375.0,234.7087860107422
9981,233.0,198.14646911621094
9982,178.0,153.58132934570312
9983,153.0,102.97527313232422
9984,110.0,47.1731071472168
9985,62.0,20.095897674560547
9986,14.0,6.423341751098633
9987,2.0,2.0497283935546875
9988,0.0,0.5766716003417969
9989,0.0,0.3150444030761719
9990,0.0,0.2657947540283203
9991,0.0,0.3195209503173828
9992,0.0,0.38365745544433594
9993,0.0,0.3605995178222656
9994,0.0,0.4600658416748047
9995,0.0,0.526458740234375
9996,0.0,0.5469112396240234
9997,0.0,0.463623046875
9998,0.0,0.3457813262939453
9999,0.0,0.1801280975341797
10000,0.0,0.020986557006835938
10001,0.0,-0.14743614196777344
10002,0.0,-0.1876354217529297
10003,0.0,-0.2046375274658203
10004,0.0,-0.18825149536132812
10005,0.0,-0.13543319702148438
10006,0.0,-0.09751701354980469
10007,0.0,-0.05359840393066406
10008,0.0,-0.007213592529296875
10009,0.0,0.05777931213378906
10010,0.0,0.10260200500488281
10011,0.0,0.20265769958496094
10012,0.0,0.30239105224609375
10013,0.0,0.5033836364746094
10014,0.0,0.43511009216308594
10015,0.0,0.27135467529296875
10016,0.0,0.15598106384277344
10017,0.0,0.11392402648925781
10018,0.0,0.045116424560546875
10019,0.0,0.11940574645996094
10020,0.0,0.26490020751953125
10021,0.0,0.4757976531982422
10022,0.0,0.4008960723876953
10023,0.0,0.3953876495361328
10024,0.0,0.39211082458496094
10025,0.0,0.47594642639160156
10026,0.0,0.5881671905517578
10027,0.0,0.6866092681884766
10028,0.0,0.7880039215087891
10029,0.0,0.9222564697265625
10030,0.0,1.0093154907226562
10031,0.0,1.0468177795410156
10032,0.0,1.0749626159667969
10033,0.0,1.211465835571289
10034,0.0,1.2628250122070312
10035,0.0,1.2750835418701172
10036,0.0,1.2841548919677734
10037,0.0,1.4376888275146484
10038,0.0,1.4572467803955078
10039,0.0,1.4271373748779297
10040,0.0,1.4013843536376953
10041,0.0,1.5215721130371094
10042,0.0,1.5860939025878906
10043,0.0,1.637277603149414
10044,0.0,1.8639106750488281
10045,0.0,2.546396255493164
10046,0.0,3.610736846923828
10047,0.0,5.321811676025391
10048,0.0,9.078896522521973
10049,0.0,19.345130920410156
10050,8.0,43.197044372558594
10051,27.0,79.10356903076172
10052,53.0,116.01839447021484
10053,87.0,148.3079833984375
10054,105.0,187.517822265625
10055,116.0,205.910888671875
10056,160.0,216.31651306152344
10057,158.0,236.87924194335938
10058,198.0,244.61444091796875
10059,189.0,243.98220825195312
10060,202.0,243.88580322265625
10061,241.0,248.99903869628906
10062,266.0,251.2514190673828
10063,317.0,253.12615966796875
10064,389.0,255.58660888671875
10065,412.0,259.4351806640625
10066,428.0,260.37799072265625
10067,445.0,260.9644775390625
10068,370.0,262.6320495605469
10069,299.0,254.74708557128906
10070,282.0,245.37237548828125
10071,248.0,239.017822265625
10072,213.0,239.39907836914062
10073,178.0,222.27731323242188
10074,157.0,202.26092529296875
10075,127.0,189.2738494873047
10076,98.0,172.51380920410156
10077,96.0,101.69794464111328
10078,71.0,67.67252349853516
10079,50.0,58.335235595703125
10080,33.0,50.87284851074219
10081,7.0,30.313865661621094
10082,4.0,16.15298080444336
10083,0.0,6.156885147094727
10084,0.0,2.5011024475097656
10085,0.0,1.9869842529296875
10086,0.0,1.4566688537597656
10087,0.0,1.2201824188232422
10088,0.0,1.0233745574951172
10089,0.0,0.9373741149902344
10090,0.0,0.5796108245849609
10091,0.0,0.47806358337402344
10092,0.0,0.36822509765625
10093,0.0,0.40937232971191406
10094,0.0,0.3583660125732422
10095,0.0,0.32318687438964844
10096,0.0,0.19415283203125
10097,0.0,0.16605567932128906
10098,0.0,0.32157325744628906
10099,0.0,0.7405261993408203
10100,0.0,0.8800220489501953
10101,0.0,0.8846511840820312
10102,0.0,0.6028671264648438
10103,0.0,0.4157123565673828
10104,0.0,0.2832317352294922
10105,0.0,0.2105693817138672
10106,0.0,0.1455821990966797
10107,0.0,0.06373214721679688
10108,0.0,0.02701568603515625
10109,0.0,0.5803127288818359
10110,0.0,0.6445293426513672
10111,0.0,0.5601158142089844
10112,0.0,0.5786228179931641
10113,0.0,0.5870094299316406
10114,0.0,0.6394100189208984
10115,0.0,0.6972904205322266
10116,0.0,0.7536277770996094
10117,0.0,0.8181381225585938
10118,0.0,0.8979415893554688
10119,0.0,0.9253139495849609
10120,0.0,0.9350051879882812
10121,0.0,0.9689350128173828
10122,0.0,0.9771881103515625
10123,0.0,0.9487934112548828
10124,0.0,0.9105262756347656
10125,0.0,0.9156246185302734
10126,0.0,0.8799648284912109
10127,0.0,0.8219585418701172
10128,0.0,0.7640247344970703
10129,0.0,0.82733154296875
10130,0.0,0.8970718383789062
10131,0.0,0.9415435791015625
10132,0.0,0.9860687255859375
10133,0.0,1.2593708038330078
10134,0.0,1.4716606140136719
10135,0.0,1.6391963958740234
10136,0.0,1.8020648956298828
10137,0.0,2.376230239868164
10138,0.0,2.883960723876953
10139,0.0,3.352649688720703
10140,0.0,4.43406867980957
10141,0.0,7.501714706420898
10142,0.0,12.350687980651855
10143,0.0,18.826335906982422
10144,0.0,27.597366333007812
10145,0.0,41.69432830810547
10146,3.0,63.42803955078125
10147,13.0,94.01122283935547
10148,57.0,127.28172302246094
10149,94.0,157.82455444335938
10150,120.0,183.11961364746094
10151,150.0,185.36793518066406
10152,195.0,193.42218017578125
10153,230.0,205.78404235839844
10154,264.0,222.30392456054688
10155,304.0,239.94642639160156
10156,360.0,257.4864807128906
10157,419.0,282.59222412109375
10158,548.0,301.8938293457031
10159,478.0,319.4110107421875
10160,414.0,337.1175842285156
10161,488.0,349.6914978027344
10162,456.0,359.35772705078125
10163,404.0,371.529052734375
10164,401.0,384.5808410644531
10165,375.0,399.4858703613281
10166,524.0,413.2120666503906
10167,1248.0,421.2348327636719
10168,1105.0,398.98004150390625
10169,1165.0,406.82281494140625
10170,1155.0,403.39190673828125
10171,1099.0,380.2989196777344
10172,582.0,301.3757019042969
10173,669.0,278.0251770019531
10174,324.0,243.34246826171875
10175,281.0,187.48558044433594
10176,132.0,129.87307739257812
10177,95.0,95.96414184570312
10178,93.0,71.18447875976562
10179,50.0,45.94438171386719
10180,6.0,11.150294303894043
10181,0.0,2.6058292388916016
10182,0.0,1.0035572052001953
10183,0.0,0.7965736389160156
10184,0.0,0.7346534729003906
10185,0.0,0.7251186370849609
10186,0.0,0.6650180816650391
10187,0.0,0.5392169952392578
10188,0.0,0.2808876037597656
10189,0.0,0.029676437377929688
10190,0.0,0.3340911865234375
10191,0.0,0.6799964904785156
10192,0.0,0.7853584289550781
10193,0.0,0.8211822509765625
10194,0.0,0.8631114959716797
10195,0.0,0.8200798034667969
10196,0.0,0.6690044403076172
10197,0.0,0.5197219848632812
10198,0.0,0.4375953674316406
10199,0.0,0.38390541076660156
10200,0.0,0.37322044372558594
10201,0.0,0.39154052734375
10202,0.0,0.33254432678222656
10203,0.0,0.30901145935058594
10204,0.0,0.3288383483886719
10205,0.0,0.6589508056640625
10206,0.0,0.1363677978515625
10207,0.0,0.042842864990234375
10208,0.0,-0.015605926513671875
10209,0.0,0.010118484497070312
10210,0.0,-0.05995368957519531
10211,0.0,-0.12241363525390625
10212,0.0,-0.17837905883789062
10213,0.0,-0.1639423370361328
10214,0.0,-0.2551383972167969
10215,0.0,-0.2197589874267578
10216,0.0,-0.12344169616699219
10217,0.0,-0.0294342041015625
10218,0.0,-0.02071380615234375
10219,0.0,0.05359840393066406
10220,0.0,0.05869293212890625
10221,0.0,0.21165084838867188
10222,0.0,0.23749542236328125
10223,0.0,0.2519950866699219
10224,0.0,0.28621864318847656
10225,0.0,0.7408771514892578
10226,0.0,0.9270610809326172
10227,0.0,1.0945148468017578
10228,0.0,1.5038948059082031
10229,0.0,2.201099395751953
10230,0.0,2.5659732818603516
10231,0.0,2.928476333618164
10232,0.0,3.841958999633789
10233,0.0,4.846736907958984
10234,0.0,5.942497253417969
10235,0.0,7.401548385620117
10236,0.0,11.488511085510254
10237,0.0,15.643342971801758
10238,0.0,22.383237838745117
10239,0.0,34.51810073852539
10240,5.0,61.98186492919922
10241,73.0,103.56187438964844
10242,149.0,157.54888916015625
10243,187.0,236.86569213867188
10244,280.0,348.175537109375
10245,376.0,448.4698486328125
10246,458.0,523.7110595703125
10247,570.0,590.6239013671875
10248,687.0,678.2257690429688
10249,797.0,778.4761352539062
10250,887.0,850.4169311523438
10251,992.0,912.7310180664062
10252,1084.0,976.1105346679688
10253,1028.0,998.33837890625
10254,1161.0,1015.1720581054688
10255,1209.0,1029.353515625
10256,1249.0,1048.626953125
10257,1286.0,1068.6343994140625
10258,1308.0,1077.9805908203125
10259,1332.0,1100.85302734375
10260,1302.0,1153.720703125
10261,1284.0,1174.7308349609375
10262,1290.0,1188.9453125
10263,1219.0,1204.0797119140625
10264,1168.0,1155.725830078125
10265,1093.0,1016.2738037109375
10266,1077.0,855.4910278320312
10267,1062.0,799.9527587890625
10268,1014.0,898.4754638671875
10269,912.0,956.6026000976562
10270,741.0,943.5
10271,394.0,675.1403198242188
10272,204.0,333.8094482421875
10273,124.0,210.15078735351562
10274,51.0,140.94273376464844
10275,19.0,84.7680435180664
10276,4.0,19.21646499633789
10277,0.0,4.607265472412109
10278,0.0,0.3299064636230469
10279,0.0,-0.3996448516845703
10280,0.0,-0.5506076812744141
10281,0.0,-0.4813976287841797
10282,0.0,-0.45085716247558594
10283,0.0,-0.46514129638671875
10284,0.0,-0.4751434326171875
10285,0.0,-0.381805419921875
10286,0.0,-0.32584381103515625
10287,0.0,-0.31398582458496094
10288,0.0,-0.3055076599121094
10289,0.0,-0.21089553833007812
10290,0.0,-0.20679283142089844
10291,0.0,-0.20622825622558594
10292,0.0,-0.21338844299316406
10293,0.0,-0.12745094299316406
10294,0.0,-0.1566486358642578
10295,0.0,-0.11782646179199219
10296,0.0,-0.09083366394042969
10297,0.0,0.03255462646484375
10298,0.0,0.07196426391601562
10299,0.0,0.11259841918945312
10300,0.0,0.15712356567382812
10301,0.0,0.5732269287109375
10302,0.0,0.36827850341796875
10303,0.0,0.32848548889160156
10304,0.0,0.26042938232421875
10305,0.0,0.18604469299316406
10306,0.0,0.08925056457519531
10307,0.0,0.010753631591796875
10308,0.0,-0.06842803955078125
10309,0.0,-0.11530113220214844
10310,0.0,-0.23077964782714844
10311,0.0,-0.3804893493652344
10312,0.0,-0.5662250518798828
10313,0.0,-0.4600086212158203
10314,0.0,-0.46448707580566406
10315,0.0,-0.45795249938964844
10316,0.0,-0.4427680969238281
10317,0.0,-0.16507911682128906
10318,0.0,-0.07245254516601562
10319,0.0,0.017248153686523438
10320,0.0,0.12420654296875
10321,0.0,0.6694259643554688
10322,0.0,0.9002056121826172
10323,0.0,1.0772266387939453
10324,0.0,1.3229618072509766
10325,0.0,2.097005844116211
10326,0.0,2.484954833984375
10327,0.0,2.8315906524658203
10328,0.0,3.5791244506835938
10329,0.0,4.613653182983398
10330,0.0,5.579669952392578
10331,0.0,6.887758255004883
10332,0.0,11.099193572998047
10333,0.0,15.208524703979492
10334,0.0,21.932403564453125
10335,0.0,35.69960021972656
10336,10.0,72.21159362792969
10337,59.0,131.4622802734375
10338,147.0,197.3966827392578
10339,206.0,276.0970764160156
10340,311.0,379.7615966796875
10341,400.0,459.0
10342,497.0,528.6591796875
10343,612.0,614.8198852539062
10344,726.0,720.7627563476562
10345,837.0,822.6914672851562
10346,931.0,910.3101806640625
10347,1005.0,1003.2973022460938
10348,1078.0,1087.1748046875
10349,1141.0,1129.782470703125
10350,1190.0,1168.3450927734375
10351,1233.0,1217.439697265625
10352,1274.0,1287.5794677734375
10353,1304.0,1322.1429443359375
10354,1325.0,1344.716552734375
10355,1345.0,1361.578125
10356,1350.0,1383.5234375
10357,1345.0,1388.91259765625
10358,1325.0,1392.720703125
10359,1276.0,1396.198974609375
10360,1238.0,1404.0714111328125
10361,1163.0,1399.8072509765625
10362,1123.0,1386.503662109375
10363,1123.0,1349.3487548828125
10364,1087.0,1295.7535400390625
10365,985.0,1186.494873046875
10366,723.0,1044.073486328125
10367,468.0,931.5859985351562
10368,361.0,725.0455932617188
10369,166.0,421.7157287597656
10370,59.0,224.2696075439453
10371,31.0,107.26661682128906
10372,14.0,33.88428497314453
10373,2.0,11.552229881286621
10374,0.0,1.7686958312988281
10375,0.0,-0.2693367004394531
10376,0.0,-0.7043209075927734
10377,0.0,-0.693359375
10378,0.0,-0.6916828155517578
10379,0.0,-0.5981903076171875
10380,0.0,-0.5189590454101562
10381,0.0,-0.3209190368652344
10382,0.0,-0.24918174743652344
10383,0.0,-0.21387863159179688
10384,0.0,-0.1791858673095703
10385,0.0,-0.057071685791015625
10386,0.0,-0.03481292724609375
10387,0.0,-0.0760955810546875
10388,0.0,-0.1121673583984375
10389,0.0,-0.0659942626953125
10390,0.0,-0.061878204345703125
10391,0.0,-0.04582405090332031
10392,0.0,-0.04066658020019531
10393,0.0,0.0487823486328125
10394,0.0,0.05310630798339844
10395,0.0,0.01952362060546875
10396,0.0,0.0007171630859375
10397,0.0,0.6239261627197266
10398,0.0,0.6342201232910156
10399,0.0,0.5492153167724609
10400,0.0,0.4480876922607422
10401,0.0,0.3497581481933594
10402,0.0,0.2277240753173828
10403,0.0,0.11627388000488281
10404,0.0,0.0051326751708984375
10405,0.0,-0.10029220581054688
10406,0.0,-0.2892875671386719
10407,0.0,-0.5082569122314453
10408,0.0,-0.7097606658935547
10409,0.0,-0.6758575439453125
10410,0.0,-0.7082595825195312
10411,0.0,-0.7243404388427734
10412,0.0,-0.7153453826904297
10413,0.0,-0.6680107116699219
10414,0.0,-0.6927909851074219
10415,0.0,-0.7029876708984375
10416,0.0,-0.7218284606933594
10417,0.0,-0.6950969696044922
10418,0.0,-0.7167091369628906
10419,0.0,-0.7058429718017578
10420,0.0,-0.6966419219970703
10421,0.0,-0.6147937774658203
10422,0.0,-0.5262050628662109
10423,0.0,-0.4963722229003906
10424,0.0,-0.42836761474609375
10425,0.0,-0.1614665985107422
10426,0.0,0.043300628662109375
10427,0.0,0.13091468811035156
10428,0.0,0.7862319946289062
10429,0.0,2.642152786254883
10430,2.0,6.515327453613281
10431,1.0,14.767536163330078
10432,16.0,35.12606430053711
10433,54.0,80.41242980957031
10434,122.0,155.32115173339844
10435,221.0,215.93194580078125
10436,288.0,253.6708984375
10437,373.0,315.88751220703125
10438,480.0,419.6136474609375
10439,600.0,514.9632568359375
10440,718.0,676.84228515625
10441,826.0,795.8348388671875
10442,918.0,842.7530517578125
10443,1013.0,738.1812133789062
10444,1101.0,639.0361938476562
10445,1188.0,628.915771484375
10446,671.0,732.0635375976562
10447,397.0,768.3167724609375
10448,439.0,648.107177734375
10449,319.0,515.9439697265625
10450,342.0,418.2091979980469
10451,320.0,378.0693664550781
10452,341.0,355.89227294921875
10453,313.0,322.1637268066406
10454,198.0,282.3114318847656
10455,160.0,241.72901916503906
10456,127.0,209.35104370117188
10457,98.0,181.64720153808594
10458,112.0,153.4580841064453
10459,119.0,118.6797103881836
10460,109.0,78.91333770751953
10461,97.0,61.17083740234375
10462,58.0,47.61339569091797
10463,51.0,11.21903133392334
10464,44.0,3.8533897399902344
10465,25.0,1.2705440521240234
10466,16.0,0.06589698791503906
10467,2.0,-0.7026863098144531
10468,2.0,-1.1503276824951172
10469,0.0,-1.3690853118896484
10470,0.0,-0.6928939819335938
10471,0.0,0.1185302734375
10472,0.0,0.4390430450439453
10473,0.0,0.6558017730712891
10474,0.0,0.6834659576416016
10475,0.0,0.7642688751220703
10476,0.0,0.9180660247802734
10477,0.0,1.1787071228027344
10478,0.0,1.0260581970214844
10479,0.0,1.155344009399414
10480,0.0,1.1629066467285156
10481,0.0,1.4092941284179688
10482,0.0,1.5865821838378906
10483,0.0,1.9339447021484375
10484,0.0,2.3680458068847656
10485,0.0,2.801759719848633
10486,0.0,3.06866455078125
10487,0.0,2.6351146697998047
10488,0.0,2.1638336181640625
10489,0.0,1.647531509399414
10490,0.0,1.0559329986572266
10491,0.0,1.2820625305175781
10492,0.0,1.413778305053711
10493,0.0,0.6406955718994141
10494,0.0,2.5294189453125
10495,0.0,2.539764404296875
10496,0.0,2.528543472290039
10497,0.0,2.4947357177734375
10498,0.0,2.432523727416992
10499,0.0,2.3806514739990234
10500,0.0,2.3880653381347656
10501,0.0,2.520547866821289
10502,0.0,2.699382781982422
10503,0.0,2.8024044036865234
10504,0.0,2.863910675048828
10505,0.0,2.885896682739258
10506,0.0,2.991060256958008
10507,0.0,3.0654354095458984
10508,0.0,3.1347274780273438
10509,0.0,3.1572437286376953
10510,0.0,3.150238037109375
10511,0.0,3.1637020111083984
10512,0.0,3.2266159057617188
10513,0.0,3.266895294189453
10514,0.0,3.458841323852539
10515,0.0,3.700265884399414
10516,0.0,4.021587371826172
10517,0.0,4.224555969238281
10518,0.0,4.37114143371582
10519,0.0,4.053106307983398
10520,0.0,3.652212142944336
10521,0.0,2.684633255004883
10522,0.0,2.109060287475586
10523,0.0,2.366588592529297
10524,0.0,3.4936771392822266
10525,0.0,5.07746696472168
10526,0.0,7.978826522827148
10527,0.0,12.226306915283203
10528,0.0,18.43255615234375
10529,1.0,22.944225311279297
10530,7.0,28.446990966796875
10531,20.0,35.145755767822266
10532,100.0,43.325523376464844
10533,157.0,51.481178283691406
10534,156.0,58.456565856933594
10535,142.0,63.812599182128906
10536,134.0,67.13925170898438
10537,126.0,71.3521957397461
10538,107.0,75.90080261230469
10539,109.0,76.84477996826172
10540,110.0,76.27093505859375
10541,105.0,81.73965454101562
10542,142.0,90.45671081542969
10543,201.0,98.0691146850586
10544,152.0,102.16134643554688
10545,171.0,105.6024398803711
10546,183.0,109.11599731445312
10547,211.0,113.23564910888672
10548,191.0,119.37183380126953
10549,128.0,122.48228454589844
10550,143.0,124.05526733398438
10551,125.0,121.5937271118164
10552,141.0,115.49996948242188
10553,124.0,105.14009094238281
10554,112.0,94.59600067138672
10555,120.0,84.43687438964844
10556,67.0,71.97065734863281
10557,78.0,44.339839935302734
10558,43.0,36.203086853027344
10559,16.0,27.167247772216797
10560,8.0,13.619444847106934
10561,1.0,6.421747207641602
10562,1.0,3.831026077270508
10563,0.0,2.817188262939453
10564,0.0,2.3451786041259766
10565,0.0,1.994894027709961
10566,0.0,1.7673568725585938
10567,0.0,1.6307182312011719
10568,0.0,1.5468711853027344
10569,0.0,1.4998359680175781
10570,0.0,1.449300765991211
10571,0.0,1.3768672943115234
10572,0.0,1.326171875
10573,0.0,1.2906570434570312
10574,0.0,1.2991409301757812
10575,0.0,1.3310298919677734
10576,0.0,1.3592720031738281
10577,0.0,1.3607749938964844
10578,0.0,1.3678836822509766
10579,0.0,1.3785419464111328
10580,0.0,1.5329742431640625
10581,0.0,1.7653007507324219
10582,0.0,1.9216651916503906
10583,0.0,2.0493698120117188
10584,0.0,2.0901927947998047
10585,0.0,2.087522506713867
10586,0.0,2.0017051696777344
10587,0.0,1.9669990539550781
10588,0.0,1.9110298156738281
10589,0.0,1.2379932403564453
10590,0.0,0.3702278137207031
10591,0.0,-0.012014389038085938
10592,0.0,-0.22193145751953125
10593,0.0,-0.34122657775878906
10594,0.0,-0.48101043701171875
10595,0.0,-0.6442050933837891
10596,0.0,-0.8203048706054688
10597,0.0,-1.0447216033935547
10598,0.0,-0.9139747619628906
10599,0.0,-0.7948322296142578
10600,0.0,-0.6854877471923828
10601,0.0,-0.6386203765869141
10602,0.0,-0.631805419921875
10603,0.0,-0.6042594909667969
10604,0.0,-0.5404891967773438
10605,0.0,-0.44908714294433594
10606,0.0,-0.3486289978027344
10607,0.0,-0.28742027282714844
10608,0.0,-0.24509048461914062
10609,0.0,-0.35776519775390625
10610,0.0,-0.42113304138183594
10611,0.0,-0.44443511962890625
10612,0.0,-0.43051910400390625
10613,0.0,-0.4329662322998047
10614,0.0,-0.8292083740234375
10615,0.0,-1.2689685821533203
10616,0.0,-1.6007823944091797
10617,0.0,-1.8359546661376953
10618,0.0,-1.8290538787841797
10619,0.0,-1.7694816589355469
10620,0.0,-1.8743171691894531
10621,0.0,-1.4499588012695312
10622,0.0,0.05252838134765625
10623,0.0,4.009881973266602
10624,6.0,16.257244110107422
10625,10.0,37.392608642578125
10626,114.0,64.4130859375
10627,159.0,93.04012298583984
10628,203.0,112.78487396240234
10629,324.0,129.78758239746094
10630,397.0,143.38803100585938
10631,495.0,157.37159729003906
10632,534.0,184.8377227783203
10633,664.0,201.52047729492188
10634,593.0,232.1427001953125
10635,469.0,303.8681335449219
10636,649.0,384.6691589355469
10637,559.0,465.1213684082031
10638,750.0,573.6893920898438
10639,683.0,745.0371704101562
10640,981.0,948.3236083984375
10641,719.0,1028.5667724609375
10642,665.0,1050.91064453125
10643,497.0,1072.6868896484375
10644,672.0,1078.2646484375
10645,571.0,1022.5685424804688
10646,382.0,945.6945190429688
10647,397.0,875.3623657226562
10648,877.0,800.4164428710938
10649,449.0,713.3209838867188
10650,286.0,622.4321899414062
10651,105.0,573.8521728515625
10652,47.0,467.0711364746094
10653,41.0,339.01806640625
10654,22.0,196.46697998046875
10655,9.0,123.655029296875
10656,8.0,90.43153381347656
10657,4.0,62.928749084472656
10658,0.0,44.51451873779297
10659,0.0,21.73305892944336
10660,0.0,4.338298797607422
10661,0.0,2.204782485961914
10662,0.0,1.7883930206298828
10663,0.0,1.7093257904052734
10664,0.0,1.6634254455566406
10665,0.0,1.6028804779052734
10666,0.0,1.4548530578613281
10667,0.0,1.313180923461914
10668,0.0,1.2147998809814453
10669,0.0,1.1423797607421875
10670,0.0,1.090108871459961
10671,0.0,1.0587940216064453
10672,0.0,1.0345420837402344
10673,0.0,1.0186729431152344
10674,0.0,1.0136909484863281
10675,0.0,0.9791221618652344
10676,0.0,0.8282070159912109
10677,0.0,0.5621719360351562
10678,0.0,0.34899330139160156
10679,0.0,0.2737407684326172
10680,0.0,0.21439170837402344
10681,0.0,0.27117347717285156
10682,0.0,0.21913909912109375
10683,0.0,0.1643829345703125
10684,0.0,0.09073829650878906
10685,0.0,0.55828857421875
10686,0.0,0.5774497985839844
10687,0.0,0.4274253845214844
10688,0.0,0.22148895263671875
10689,0.0,0.06738853454589844
10690,0.0,-0.13600730895996094
10691,0.0,-0.4401397705078125
10692,0.0,-0.7089157104492188
10693,0.0,-0.8690109252929688
10694,0.0,-0.8094711303710938
10695,0.0,-0.7406234741210938
10696,0.0,-0.65142822265625
10697,0.0,-0.5149078369140625
10698,0.0,-0.5360164642333984
10699,0.0,-0.5431365966796875
10700,0.0,-0.4841957092285156
10701,0.0,-0.4158916473388672
10702,0.0,-0.3453369140625
10703,0.0,-0.24852752685546875
10704,0.0,-0.10422515869140625
10705,0.0,0.17207908630371094
10706,0.0,0.19555282592773438
10707,0.0,0.17771339416503906
10708,0.0,0.17417144775390625
10709,0.0,0.5168437957763672
10710,0.0,0.6874542236328125
10711,0.0,0.7393970489501953
10712,0.0,0.8087940216064453
10713,0.0,1.2712230682373047
10714,0.0,1.1239471435546875
10715,0.0,0.7938613891601562
10716,0.0,1.4651527404785156
10717,0.0,3.3379745483398438
10718,0.0,8.088273048400879
10719,0.0,19.787830352783203
10720,15.0,52.916404724121094
10721,60.0,119.57754516601562
10722,115.0,197.3688201904297
10723,183.0,258.5049743652344
10724,261.0,305.6873779296875
10725,352.0,352.55438232421875
10726,490.0,410.6186828613281
10727,565.0,471.0639953613281
10728,576.0,530.5498657226562
10729,649.0,594.3607788085938
10730,835.0,660.55859375
10731,938.0,733.9541625976562
10732,976.0,826.9302978515625
10733,892.0,910.7283325195312
10734,1203.0,983.7346801757812
10735,1241.0,1052.5858154296875
10736,1147.0,1134.8614501953125
10737,1190.0,1205.2923583984375
10738,1316.0,1266.5146484375
10739,1115.0,1319.283447265625
10740,1381.0,1380.89306640625
10741,1365.0,1381.765869140625
10742,1317.0,1349.838134765625
10743,1244.0,927.239013671875
10744,1217.0,523.1627197265625
10745,1182.0,449.1335144042969
10746,1120.0,465.5752258300781
10747,1002.0,505.265625
10748,932.0,470.4692077636719
10749,916.0,411.523681640625
10750,661.0,320.7277526855469
10751,481.0,243.04751586914062
10752,333.0,168.73681640625
10753,159.0,132.17898559570312
10754,82.0,105.21928405761719
10755,57.0,64.18087005615234
10756,24.0,23.638568878173828
10757,2.0,10.230992317199707
10758,0.0,2.026203155517578
10759,0.0,-0.7857513427734375
10760,0.0,-1.4743309020996094
10761,0.0,-1.4826087951660156
10762,0.0,-1.3387126922607422
10763,0.0,-0.8955307006835938
10764,0.0,-0.56048583984375
10765,0.0,-0.16895484924316406
10766,0.0,0.06821823120117188
10767,0.0,0.2113475799560547
10768,0.0,0.29558753967285156
10769,0.0,0.4460105895996094
10770,0.0,0.5565013885498047
10771,0.0,0.6428318023681641
10772,0.0,0.7078342437744141
10773,0.0,0.8182373046875
10774,0.0,0.7235183715820312
10775,0.0,0.618865966796875
10776,0.0,0.5310955047607422
10777,0.0,0.5388545989990234
10778,0.0,0.5226306915283203
10779,0.0,0.5180168151855469
10780,0.0,0.50689697265625
10781,0.0,0.9613990783691406
10782,0.0,0.7069416046142578
10783,0.0,0.5545005798339844
10784,0.0,0.4165630340576172
10785,0.0,0.2946186065673828
10786,0.0,0.16617774963378906
10787,0.0,0.06274223327636719
10788,0.0,-0.034000396728515625
10789,0.0,-0.08862686157226562
10790,0.0,-0.19140243530273438
10791,0.0,-0.305419921875
10792,0.0,-0.42164039611816406
10793,0.0,-0.30096435546875
10794,0.0,-0.2786846160888672
10795,0.0,-0.2573699951171875
10796,0.0,-0.2268810272216797
10797,0.0,0.09972572326660156
10798,0.0,0.20713424682617188
10799,0.0,0.28561973571777344
10800,0.0,0.3837604522705078
10801,0.0,0.9053726196289062
10802,0.0,1.1328277587890625
10803,0.0,1.3208904266357422
10804,0.0,1.633871078491211
10805,0.0,2.378202438354492
10806,0.0,2.88653564453125
10807,0.0,3.4307937622070312
10808,0.0,4.6189727783203125
10809,0.0,5.992609024047852
10810,0.0,7.404115676879883
10811,0.0,9.515069007873535
10812,0.0,15.432168960571289
10813,0.0,22.069255828857422
10814,0.0,34.473899841308594
10815,5.0,62.27275848388672
10816,27.0,115.16201782226562
10817,88.0,172.63975524902344
10818,135.0,242.0809783935547
10819,223.0,345.69781494140625
10820,306.0,442.3334045410156
10821,385.0,510.48345947265625
10822,475.0,580.6947631835938
10823,582.0,670.0682983398438
10824,680.0,760.54150390625
10825,766.0,829.583984375
10826,874.0,897.5662841796875
10827,949.0,960.2883911132812
10828,981.0,1021.0256958007812
10829,1047.0,1052.1575927734375
10830,1122.0,1094.2587890625
10831,1174.0,1149.1234130859375
10832,1210.0,1215.9251708984375
10833,1244.0,1247.3695068359375
10834,1267.0,1268.9918212890625
10835,1282.0,1282.6041259765625
10836,1285.0,1298.840576171875
10837,1286.0,1304.0679931640625
10838,1251.0,1312.2066650390625
10839,1177.0,1328.111083984375
10840,1160.0,1364.7171630859375
10841,1118.0,1354.5926513671875
10842,1045.0,1321.9986572265625
10843,1018.0,1276.9263916015625
10844,972.0,1181.8553466796875
10845,867.0,1030.47216796875
10846,657.0,904.4236450195312
10847,449.0,752.5588989257812
10848,216.0,509.65545654296875
10849,92.0,333.827880859375
10850,36.0,218.56622314453125
10851,19.0,103.78241729736328
10852,2.0,39.18486785888672
10853,0.0,24.422122955322266
10854,0.0,8.49090576171875
10855,0.0,0.5247993469238281
10856,0.0,-0.6527118682861328
10857,0.0,-0.8103313446044922
10858,0.0,-0.7874240875244141
10859,0.0,-0.7267227172851562
10860,0.0,-0.6591949462890625
10861,0.0,-0.5785675048828125
10862,0.0,-0.4491729736328125
10863,0.0,-0.2987861633300781
10864,0.0,-0.13228797912597656
10865,0.0,0.07642555236816406
10866,0.0,0.21280860900878906
10867,0.0,0.3037528991699219
10868,0.0,0.3261146545410156
10869,0.0,0.3161659240722656
10870,0.0,0.22612380981445312
10871,0.0,0.17011260986328125
10872,0.0,0.13271141052246094
10873,0.0,0.13867759704589844
10874,0.0,0.1724872589111328
10875,0.0,0.2745857238769531
10876,0.0,0.42920684814453125
10877,0.0,1.1107769012451172
10878,0.0,0.5177288055419922
10879,0.0,0.28964996337890625
10880,0.0,0.08461570739746094
10881,0.0,-0.046840667724609375
10882,0.0,0.04200172424316406
10883,0.0,0.09821701049804688
10884,0.0,0.1296844482421875
10885,0.0,0.18183326721191406
10886,0.0,0.09943580627441406
10887,0.0,-0.03399085998535156
10888,0.0,-0.1308116912841797
10889,0.0,-0.04035758972167969
10890,0.0,-0.04177093505859375
10891,0.0,-0.0665740966796875
10892,0.0,-0.1039581298828125
10893,0.0,0.0033664703369140625
10894,0.0,0.04294013977050781
10895,0.0,0.10363197326660156
10896,0.0,0.1901073455810547
10897,0.0,0.3843059539794922
10898,0.0,0.42401123046875
10899,0.0,0.3766021728515625
10900,0.0,0.3212394714355469
10901,0.0,0.4211864471435547
10902,0.0,0.42928123474121094
10903,0.0,0.3928699493408203
10904,0.0,0.3463001251220703
10905,0.0,0.56280517578125
10906,0.0,0.6550502777099609
10907,0.0,0.8602962493896484
10908,0.0,1.7331371307373047
10909,0.0,3.780607223510742
10910,0.0,7.471096038818359
10911,0.0,11.931926727294922
10912,9.0,19.233978271484375
10913,27.0,33.53135681152344
10914,45.0,60.38288116455078
10915,88.0,105.8965835571289
10916,124.0,175.66360473632812
10917,176.0,261.6125183105469
10918,234.0,337.6229248046875
10919,276.0,394.631103515625
10920,313.0,443.1769104003906
10921,337.0,491.1001281738281
10922,345.0,570.4946899414062
10923,386.0,620.8109741210938
10924,431.0,649.8898315429688
10925,562.0,649.3546752929688
10926,830.0,664.9170532226562
10927,1465.0,676.2422485351562
10928,1188.0,692.08837890625
10929,788.0,722.3818359375
10930,776.0,784.2012329101562
10931,762.0,842.3143920898438
10932,1082.0,820.0001831054688
10933,1163.0,828.3839721679688
10934,1281.0,864.7400512695312
10935,949.0,938.9990234375
10936,684.0,726.8646850585938
10937,715.0,495.4032897949219
10938,703.0,435.1987609863281
10939,545.0,531.6901245117188
10940,554.0,583.149169921875
10941,591.0,626.2509765625
10942,307.0,667.6702270507812
10943,239.0,652.4844970703125
10944,202.0,562.501953125
10945,147.0,440.5691833496094
10946,93.0,269.8709411621094
10947,32.0,132.51930236816406
10948,3.0,49.001014709472656
10949,0.0,28.089508056640625
10950,0.0,11.56545352935791
10951,0.0,2.6496353149414062
10952,0.0,1.0047473907470703
10953,0.0,0.6278610229492188
10954,0.0,0.4034576416015625
10955,0.0,0.20888710021972656
10956,0.0,0.09605789184570312
10957,0.0,0.06339454650878906
10958,0.0,-0.000736236572265625
10959,0.0,-0.2281780242919922
10960,0.0,-0.5275135040283203
10961,0.0,-0.6483745574951172
10962,0.0,-0.4963722229003906
10963,0.0,-0.2804527282714844
10964,0.0,-0.11109542846679688
10965,0.0,0.129852294921875
10966,0.0,0.24312400817871094
10967,0.0,0.32001495361328125
10968,0.0,0.3471221923828125
10969,0.0,0.42942237854003906
10970,0.0,0.4250164031982422
10971,0.0,0.425567626953125
10972,0.0,0.42958831787109375
10973,0.0,0.7968349456787109
10974,0.0,0.34192466735839844
10975,0.0,0.28891944885253906
10976,0.0,0.2873954772949219
10977,0.0,0.3200092315673828
10978,0.0,0.16075897216796875
10979,0.0,0.1009979248046875
10980,0.0,0.011383056640625
10981,0.0,-0.05301666259765625
10982,0.0,-0.12850570678710938
10983,0.0,-0.28926849365234375
10984,0.0,-0.48473358154296875
10985,0.0,-0.4799480438232422
10986,0.0,-0.5390510559082031
10987,0.0,-0.56549072265625
10988,0.0,-0.5735454559326172
10989,0.0,-0.45066070556640625
10990,0.0,-0.4616661071777344
10991,0.0,-0.4795246124267578
10992,0.0,-0.48946571350097656
10993,0.0,-0.3221473693847656
10994,0.0,-0.2909355163574219
10995,0.0,-0.303314208984375
10996,0.0,-0.2884025573730469
10997,0.0,-0.07202911376953125
10998,0.0,0.023004531860351562
10999,0.0,0.034191131591796875
11000,0.0,0.11691093444824219
11001,0.0,0.38466644287109375
11002,0.0,0.5222015380859375
11003,0.0,0.7863750457763672
11004,0.0,1.9220161437988281
11005,0.0,4.168249130249023
11006,1.0,9.569586753845215
11007,7.0,23.73811149597168
11008,36.0,61.13349914550781
11009,62.0,109.18768310546875
11010,153.0,161.9573516845703
11011,246.0,209.43173217773438
11012,338.0,259.0160217285156
11013,411.0,331.5728759765625
11014,531.0,401.50433349609375
11015,644.0,468.87896728515625
11016,762.0,534.7755737304688
11017,870.0,589.376220703125
11018,937.0,594.8220825195312
11019,1061.0,556.06640625
11020,1155.0,530.4238891601562
11021,1180.0,568.2825927734375
11022,1267.0,641.2962036132812
11023,810.0,682.3455200195312
11024,596.0,583.4432983398438
11025,646.0,453.8662109375
11026,617.0,413.4841003417969
11027,543.0,434.2552490234375
11028,599.0,423.3522644042969
11029,1098.0,413.2062683105469
11030,1535.0,480.30743408203125
11031,1700.0,949.2158203125
11032,1310.0,1152.75048828125
11033,1101.0,1044.890869140625
11034,1417.0,951.7255859375
11035,1375.0,863.1536254882812
11036,887.0,804.2316284179688
11037,1107.0,744.918701171875
11038,951.0,818.2853393554688
11039,464.0,516.0343017578125
11040,186.0,240.30767822265625
11041,197.0,176.20684814453125
11042,138.0,126.32625579833984
11043,78.0,77.14237213134766
11044,21.0,29.252758026123047
11045,0.0,17.918075561523438
11046,0.0,6.081569671630859
11047,0.0,2.5887393951416016
11048,0.0,1.2058830261230469
11049,0.0,0.6837024688720703
11050,0.0,0.4377098083496094
11051,0.0,0.3394908905029297
11052,0.0,0.3251934051513672
11053,0.0,0.2695121765136719
11054,0.0,0.1409015655517578
11055,0.0,-0.05934715270996094
11056,0.0,-0.2322711944580078
11057,0.0,0.023920059204101562
11058,0.0,0.31056976318359375
11059,0.0,0.013395309448242188
11060,0.0,0.021635055541992188
11061,0.0,0.1591014862060547
11062,0.0,0.2513160705566406
11063,0.0,0.23772811889648438
11064,0.0,0.2239246368408203
11065,0.0,0.23324966430664062
11066,0.0,0.21131324768066406
11067,0.0,0.1994037628173828
11068,0.0,0.18449783325195312
11069,0.0,0.7275848388671875
11070,0.0,0.7104511260986328
11071,0.0,0.8104496002197266
11072,0.0,0.8177947998046875
11073,0.0,0.8081817626953125
11074,0.0,0.6551532745361328
11075,0.0,0.6733455657958984
11076,0.0,0.5734977722167969
11077,0.0,0.4740734100341797
11078,0.0,0.46501922607421875
11079,0.0,0.4616279602050781
11080,0.0,0.40032196044921875
11081,0.0,0.4986133575439453
11082,0.0,0.6681671142578125
11083,0.0,0.6866683959960938
11084,0.0,0.6449489593505859
11085,0.0,0.6078166961669922
11086,0.0,0.39083099365234375
11087,0.0,0.3378772735595703
11088,0.0,0.274078369140625
11089,0.0,0.3297100067138672
11090,0.0,0.29962158203125
11091,0.0,0.22089767456054688
11092,0.0,0.13727951049804688
11093,0.0,0.2478618621826172
11094,0.0,0.3726024627685547
11095,0.0,0.3347892761230469
11096,0.0,0.3147392272949219
11097,0.0,0.5840473175048828
11098,0.0,0.4773120880126953
11099,0.0,0.8625240325927734
11100,0.0,2.4662857055664062
11101,0.0,5.935613632202148
11102,0.0,10.606342315673828
11103,0.0,16.478361129760742
11104,6.0,25.82093620300293
11105,16.0,43.495330810546875
11106,66.0,80.14936065673828
11107,120.0,134.4630126953125
11108,169.0,189.5000762939453
11109,231.0,223.9619140625
11110,299.0,264.64654541015625
11111,364.0,304.6742858886719
11112,396.0,330.2141418457031
11113,649.0,349.39569091796875
11114,601.0,363.4106750488281
11115,1122.0,377.38037109375
11116,1096.0,384.4023132324219
11117,1156.0,374.6686706542969
11118,427.0,362.5489807128906
11119,724.0,357.72198486328125
11120,610.0,368.3612976074219
11121,563.0,370.7750549316406
11122,643.0,386.3632507324219
11123,514.0,414.05255126953125
11124,489.0,443.5865173339844
11125,582.0,495.35791015625
11126,733.0,572.1841430664062
11127,883.0,665.9689331054688
11128,968.0,729.5900268554688
11129,363.0,614.3504028320312
11130,363.0,387.4421081542969
11131,266.0,323.33563232421875
11132,121.0,295.7999572753906
11133,120.0,260.7897644042969
11134,107.0,234.01722717285156
11135,72.0,202.5591583251953
11136,46.0,147.71725463867188
11137,10.0,102.33209228515625
11138,7.0,67.16806030273438
11139,0.0,29.699344635009766
11140,0.0,10.054081916809082
11141,0.0,3.5361785888671875
11142,0.0,1.1085205078125
11143,0.0,0.3343486785888672
11144,0.0,0.02112579345703125
11145,0.0,-0.1956043243408203
11146,0.0,-0.28796958923339844
11147,0.0,-0.3000030517578125
11148,0.0,-0.23715782165527344
11149,0.0,-0.21854209899902344
11150,0.0,-0.2430095672607422
11151,0.0,-0.2570209503173828
11152,0.0,-0.25485992431640625
11153,0.0,-0.23431015014648438
11154,0.0,-0.2434406280517578
11155,0.0,-0.22355079650878906
11156,0.0,-0.19150924682617188
11157,0.0,-0.1336078643798828
11158,0.0,-0.13433456420898438
11159,0.0,-0.11845588684082031
11160,0.0,-0.10051918029785156
11161,0.0,-0.06403350830078125
11162,0.0,-0.092498779296875
11163,0.0,-0.10461807250976562
11164,0.0,-0.1163787841796875
11165,0.0,0.3173999786376953
11166,0.0,0.3922100067138672
11167,0.0,0.40059661865234375
11168,0.0,0.4020233154296875
11169,0.0,0.4888458251953125
11170,0.0,0.5610980987548828
11171,0.0,0.5701274871826172
11172,0.0,0.5564308166503906
11173,0.0,0.6531658172607422
11174,0.0,0.6491947174072266
11175,0.0,0.6603546142578125
11176,0.0,0.5826835632324219
11177,0.0,0.638671875
11178,0.0,0.6933727264404297
11179,0.0,0.69866943359375
11180,0.0,0.7028713226318359
11181,0.0,0.7615966796875
11182,0.0,0.7732410430908203
11183,0.0,0.9646720886230469
11184,0.0,1.074869155883789
11185,0.0,1.1452770233154297
11186,0.0,1.113424301147461
11187,0.0,1.0954360961914062
11188,0.0,1.1577301025390625
11189,0.0,1.2977771759033203
11190,0.0,1.4503135681152344
11191,0.0,1.6667442321777344
11192,0.0,1.749420166015625
11193,0.0,1.6840019226074219
11194,0.0,1.6833686828613281
11195,0.0,2.0633182525634766
11196,0.0,2.764842987060547
11197,0.0,3.4456119537353516
11198,0.0,4.794614791870117
11199,0.0,6.565900802612305
11200,0.0,8.929536819458008
11201,0.0,11.458346366882324
11202,0.0,15.667837142944336
11203,0.0,22.191709518432617
11204,0.0,32.913333892822266
11205,4.0,45.75732421875
11206,11.0,66.79411315917969
11207,20.0,93.59588623046875
11208,22.0,122.3025131225586
11209,32.0,142.7118377685547
11210,24.0,166.66241455078125
11211,16.0,178.51995849609375
11212,22.0,177.7946319580078
11213,32.0,177.04066467285156
11214,70.0,174.97071838378906
11215,70.0,164.16258239746094
11216,99.0,148.55313110351562
11217,73.0,131.0855255126953
11218,64.0,121.54923248291016
11219,64.0,117.4646987915039
11220,80.0,118.15768432617188
11221,80.0,118.3042221069336
11222,74.0,115.082763671875
11223,94.0,110.61847686767578
11224,85.0,106.61139678955078
11225,60.0,101.05452728271484
11226,45.0,94.39698028564453
11227,16.0,88.06797790527344
11228,9.0,82.28279876708984
11229,4.0,77.24250793457031
11230,4.0,72.7010269165039
11231,1.0,65.80076599121094
11232,1.0,42.65618896484375
11233,0.0,19.269920349121094
11234,0.0,9.501522064208984
11235,0.0,4.4797210693359375
11236,0.0,2.1770668029785156
11237,0.0,1.3356437683105469
11238,0.0,1.1530628204345703
11239,0.0,1.3564281463623047
11240,0.0,1.5447559356689453
11241,0.0,1.121063232421875
11242,0.0,0.7465190887451172
11243,0.0,0.49201011657714844
11244,0.0,0.2577095031738281
11245,0.0,0.062255859375
11246,0.0,-0.14439773559570312
11247,0.0,-0.218292236328125
11248,0.0,-0.2741279602050781
11249,0.0,-0.2325592041015625
11250,0.0,-0.16035842895507812
11251,0.0,-0.06541252136230469
11252,0.0,-0.1674823760986328
11253,0.0,-0.2469310760498047
11254,0.0,-0.20984268188476562
11255,0.0,-0.0748748779296875
11256,0.0,0.11498832702636719
11257,0.0,0.34882354736328125
11258,0.0,0.2946739196777344
11259,0.0,0.2572059631347656
11260,0.0,0.22216415405273438
11261,0.0,0.2450847625732422
11262,0.0,0.06622505187988281
11263,0.0,0.17276573181152344
11264,0.0,0.1510486602783203
11265,0.0,0.2642097473144531
11266,0.0,-0.1617259979248047
11267,0.0,-0.6855106353759766
11268,0.0,-1.131185531616211
11269,0.0,-1.7676467895507812
11270,0.0,-1.9713897705078125
11271,0.0,-1.9891128540039062
11272,0.0,-1.9642047882080078
11273,0.0,-2.028402328491211
11274,0.0,-1.883096694946289
11275,0.0,-1.6539440155029297
11276,0.0,-1.4307575225830078
11277,0.0,-1.3410816192626953
11278,0.0,-0.6773471832275391
11279,0.0,0.025774002075195312
11280,0.0,0.6313228607177734
11281,0.0,1.1229705810546875
11282,0.0,1.2002182006835938
11283,0.0,1.1753120422363281
11284,0.0,1.1360549926757812
11285,0.0,1.1123714447021484
11286,0.0,1.3082408905029297
11287,0.0,1.4875526428222656
11288,0.0,1.6750431060791016
11289,0.0,1.9126338958740234
11290,0.0,1.9612789154052734
11291,0.0,2.2266311645507812
11292,0.0,2.7143402099609375
11293,0.0,3.4641189575195312
11294,0.0,4.473894119262695
11295,0.0,5.861427307128906
11296,0.0,7.872381210327148
11297,0.0,11.065597534179688
11298,0.0,15.996429443359375
11299,0.0,23.543155670166016
11300,0.0,34.27056121826172
11301,0.0,46.39756774902344
11302,0.0,59.09385681152344
11303,0.0,70.87896728515625
11304,12.0,79.54002380371094
11305,13.0,88.44252014160156
11306,9.0,111.82633972167969
11307,10.0,129.5276641845703
11308,17.0,141.02743530273438
11309,15.0,141.6014862060547
11310,10.0,139.01266479492188
11311,8.0,137.44004821777344
11312,3.0,137.22947692871094
11313,6.0,136.90603637695312
11314,6.0,132.32720947265625
11315,9.0,126.87162017822266
11316,11.0,122.91073608398438
11317,5.0,117.404296875
11318,12.0,118.3149642944336
11319,12.0,129.8038787841797
11320,11.0,153.3277587890625
11321,8.0,190.74241638183594
11322,4.0,247.40798950195312
11323,6.0,349.4494323730469
11324,13.0,496.0209045410156
11325,13.0,518.739013671875
11326,2.0,329.25
11327,20.0,211.943115234375
11328,52.0,151.7102508544922
11329,114.0,106.64614868164062
11330,139.0,49.04616928100586
11331,12.0,17.268245697021484
11332,8.0,4.495159149169922
11333,0.0,1.9008979797363281
11334,0.0,0.6545238494873047
11335,0.0,0.18584060668945312
11336,0.0,-0.053539276123046875
11337,0.0,0.09325981140136719
11338,0.0,0.07994461059570312
11339,0.0,0.19747543334960938
11340,0.0,0.29322052001953125
11341,0.0,0.4842967987060547
11342,0.0,0.5179595947265625
11343,0.0,0.5997467041015625
11344,0.0,0.6760730743408203
11345,0.0,0.7643985748291016
11346,0.0,0.7156963348388672
11347,0.0,0.6443233489990234
11348,0.0,0.6004505157470703
11349,0.0,0.6130638122558594
11350,0.0,0.5178928375244141
11351,0.0,0.5123653411865234
11352,0.0,0.5027217864990234
11353,0.0,0.5566310882568359
11354,0.0,0.46747398376464844
11355,0.0,0.4503173828125
11356,0.0,0.42986488342285156
11357,0.0,0.5468578338623047
11358,0.0,0.036548614501953125
11359,0.0,0.06267929077148438
11360,0.0,0.09060859680175781
11361,0.0,0.08290481567382812
11362,0.0,0.36492156982421875
11363,0.0,0.6075477600097656
11364,0.0,0.7581081390380859
11365,0.0,0.8623752593994141
11366,0.0,0.7579097747802734
11367,0.0,0.6654052734375
11368,0.0,0.6110324859619141
11369,0.0,0.6301765441894531
11370,0.0,0.9338741302490234
11371,0.0,0.9909954071044922
11372,0.0,0.8536338806152344
11373,0.0,0.7618236541748047
11374,0.0,0.6773853302001953
11375,0.0,0.6682109832763672
11376,0.0,0.6820240020751953
11377,0.0,0.7172870635986328
11378,0.0,0.7864170074462891
11379,0.0,0.8491497039794922
11380,0.0,0.9203929901123047
11381,0.0,1.0223846435546875
11382,0.0,1.0026721954345703
11383,0.0,0.9631881713867188
11384,0.0,0.9189682006835938
11385,0.0,0.8728160858154297
11386,0.0,0.7035846710205078
11387,0.0,0.6397972106933594
11388,0.0,0.6685409545898438
11389,0.0,0.96923828125
11390,0.0,1.9356689453125
11391,0.0,3.6671600341796875
11392,0.0,6.683889389038086
11393,0.0,12.284065246582031
11394,0.0,20.947385787963867
11395,0.0,34.92064666748047
11396,7.0,57.05656433105469
11397,13.0,90.4625244140625
11398,20.0,131.80430603027344
11399,31.0,167.7322998046875
11400,35.0,175.42575073242188
11401,34.0,187.32916259765625
11402,93.0,194.31051635742188
11403,408.0,199.04913330078125
11404,445.0,203.93280029296875
11405,414.0,208.93896484375
11406,380.0,212.942626953125
11407,449.0,224.9228973388672
11408,495.0,258.939453125
11409,1003.0,268.3110656738281
11410,1098.0,269.3808288574219
11411,1247.0,267.505126953125
11412,1611.0,263.14141845703125
11413,1434.0,251.62704467773438
11414,1075.0,240.04562377929688
11415,597.0,228.6700439453125
11416,1325.0,216.6343231201172
11417,955.0,200.14462280273438
11418,770.0,182.20962524414062
11419,541.0,163.3400421142578
11420,952.0,142.81817626953125
11421,968.0,114.3851318359375
11422,464.0,93.57051849365234
11423,309.0,79.8511734008789
11424,203.0,65.9184799194336
11425,109.0,54.67760467529297
11426,94.0,37.657928466796875
11427,70.0,11.077079772949219
11428,41.0,2.1280689239501953
11429,5.0,0.41903114318847656
11430,0.0,-0.17457008361816406
11431,0.0,-0.25572776794433594
11432,0.0,-0.1297740936279297
11433,0.0,-0.008386611938476562
11434,0.0,0.010467529296875
11435,0.0,0.20395660400390625
11436,0.0,0.33263397216796875
11437,0.0,0.4024791717529297
11438,0.0,0.49656105041503906
11439,0.0,0.5718288421630859
11440,0.0,0.6337299346923828
11441,0.0,0.6638984680175781
11442,0.0,0.8129978179931641
11443,0.0,0.9324913024902344
11444,0.0,0.8711261749267578
11445,0.0,0.5387172698974609
11446,0.0,0.07605552673339844
11447,0.0,-0.22747230529785156
11448,0.0,-0.5223045349121094
11449,0.0,-0.6931953430175781
11450,0.0,-1.014230728149414
11451,0.0,-1.2517414093017578
11452,0.0,-1.4375076293945312
11453,0.0,-0.7390785217285156
11454,0.0,-0.7315444946289062
11455,0.0,-0.4614105224609375
11456,0.0,-0.3549652099609375
11457,0.0,-0.2880058288574219
11458,0.0,0.2506980895996094
11459,0.0,0.8136825561523438
11460,0.0,1.1713275909423828
11461,0.0,1.3111572265625
11462,0.0,1.2632179260253906
11463,0.0,1.1959304809570312
11464,0.0,1.122720718383789
11465,0.0,1.2358551025390625
11466,0.0,1.2372074127197266
11467,0.0,1.159963607788086
11468,0.0,0.9483928680419922
11469,0.0,0.6370353698730469
11470,0.0,0.6169795989990234
11471,0.0,0.7187480926513672
11472,0.0,0.95770263671875
11473,0.0,1.5747928619384766
11474,0.0,1.7020835876464844
11475,0.0,1.5698261260986328
11476,0.0,1.4094562530517578
11477,0.0,1.4776496887207031
11478,0.0,1.3390083312988281
11479,0.0,1.1758747100830078
11480,0.0,1.1944084167480469
11481,0.0,1.4982795715332031
11482,0.0,2.365510940551758
11483,0.0,4.5397491455078125
11484,0.0,8.64113712310791
11485,0.0,12.95284366607666
11486,0.0,19.068979263305664
11487,0.0,29.44231414794922
11488,9.0,50.88182830810547
11489,20.0,80.5913314819336
11490,57.0,110.54828643798828
11491,129.0,133.27413940429688
11492,189.0,154.1883087158203
11493,177.0,153.55075073242188
11494,143.0,149.86221313476562
11495,263.0,153.22760009765625
11496,271.0,159.978759765625
11497,434.0,169.95684814453125
11498,535.0,186.13075256347656
11499,681.0,212.4047088623047
11500,659.0,256.9111022949219
11501,755.0,326.81585693359375
11502,1202.0,415.3398742675781
11503,1357.0,520.614013671875
11504,830.0,613.080322265625
11505,1259.0,646.844970703125
11506,1493.0,617.3128662109375
11507,473.0,558.8093872070312
11508,649.0,495.96527099609375
11509,719.0,485.3817138671875
11510,717.0,494.71221923828125
11511,433.0,483.6703186035156
11512,304.0,413.4565734863281
11513,263.0,324.142578125
11514,277.0,289.3559265136719
11515,489.0,319.84124755859375
11516,253.0,321.29791259765625
11517,227.0,281.3282470703125
11518,577.0,261.5627746582031
11519,383.0,234.12469482421875
11520,115.0,197.58377075195312
11521,97.0,158.12606811523438
11522,95.0,121.37911224365234
11523,84.0,90.069580078125
11524,54.0,61.210166931152344
11525,21.0,35.60712814331055
11526,0.0,13.84705638885498
11527,0.0,3.0711212158203125
11528,0.0,0.9526424407958984
11529,0.0,0.6542758941650391
11530,0.0,0.5218219757080078
11531,0.0,0.453826904296875
11532,0.0,0.37789344787597656
11533,0.0,0.4134254455566406
11534,0.0,0.21799659729003906
11535,0.0,0.08401870727539062
11536,0.0,0.002086639404296875
11537,0.0,0.08940696716308594
11538,0.0,0.10766220092773438
11539,0.0,0.18285369873046875
11540,0.0,0.2669830322265625
11541,0.0,0.47656822204589844
11542,0.0,0.5877151489257812
11543,0.0,0.6965694427490234
11544,0.0,0.7914829254150391
11545,0.0,0.9430618286132812
11546,0.0,0.9694156646728516
11547,0.0,1.06402587890625
11548,0.0,1.1079597473144531
11549,0.0,1.4896106719970703
11550,0.0,1.5593738555908203
11551,0.0,1.4973697662353516
11552,0.0,1.4040699005126953
11553,0.0,1.2940425872802734
11554,0.0,1.1905937194824219
11555,0.0,1.0888481140136719
11556,0.0,1.0076351165771484
11557,0.0,0.9498157501220703
11558,0.0,0.9196739196777344
11559,0.0,0.9001636505126953
11560,0.0,0.9286022186279297
11561,0.0,1.0143775939941406
11562,0.0,1.1106128692626953
11563,0.0,1.1848888397216797
11564,0.0,1.268096923828125
11565,0.0,1.4679336547851562
11566,0.0,1.5941448211669922
11567,0.0,1.6565704345703125
11568,0.0,1.7220802307128906
11569,0.0,2.036161422729492
11570,0.0,2.4759883880615234
11571,0.0,3.068920135498047
11572,0.0,3.6230030059814453
11573,0.0,4.168449401855469
11574,0.0,4.411140441894531
11575,0.0,4.719715118408203
11576,0.0,5.256753921508789
11577,0.0,6.291698455810547
11578,0.0,7.39903450012207
11579,0.0,9.411614418029785
11580,0.0,14.043875694274902
11581,0.0,23.035953521728516
11582,2.0,40.02833557128906
11583,20.0,67.73493957519531
11584,57.0,88.80943298339844
11585,101.0,104.04643249511719
11586,168.0,126.44292449951172
11587,240.0,174.10154724121094
11588,322.0,254.65872192382812
11589,422.0,354.57220458984375
11590,534.0,445.0270690917969
11591,677.0,516.8934326171875
11592,806.0,604.1473999023438
11593,908.0,671.778564453125
11594,996.0,730.4907836914062
11595,1078.0,783.3761596679688
11596,1146.0,826.8513793945312
11597,1206.0,845.1904296875
11598,1267.0,866.568115234375
11599,1322.0,895.0401000976562
11600,1367.0,930.1414184570312
11601,1387.0,930.822265625
11602,1436.0,876.7731323242188
11603,1442.0,795.2689208984375
11604,945.0,734.1409912109375
11605,1109.0,752.7285766601562
11606,408.0,813.3914794921875
11607,442.0,782.4259643554688
11608,374.0,625.8761596679688
11609,330.0,441.0648498535156
11610,301.0,348.102294921875
11611,275.0,302.672607421875
11612,252.0,261.6548156738281
11613,214.0,204.05743408203125
11614,185.0,162.19052124023438
11615,148.0,136.26031494140625
11616,126.0,111.48133850097656
11617,154.0,90.01383972167969
11618,174.0,64.3780746459961
11619,150.0,34.218284606933594
11620,77.0,19.146453857421875
11621,10.0,13.287939071655273
11622,0.0,7.621212005615234
11623,0.0,4.139991760253906
11624,0.0,2.003702163696289
11625,0.0,1.626169204711914
11626,0.0,1.0494346618652344
11627,0.0,0.7943458557128906
11628,0.0,0.5668621063232422
11629,0.0,0.6454696655273438
11630,0.0,0.5015945434570312
11631,0.0,0.39942359924316406
11632,0.0,0.32677459716796875
11633,0.0,0.42817115783691406
11634,0.0,0.4031791687011719
11635,0.0,0.40781402587890625
11636,0.0,0.44284629821777344
11637,0.0,0.5596485137939453
11638,0.0,0.5590724945068359
11639,0.0,0.5632190704345703
11640,0.0,0.5766944885253906
11641,0.0,0.6070747375488281
11642,0.0,0.5594940185546875
11643,0.0,0.5141239166259766
11644,0.0,0.4934062957763672
11645,0.0,0.65087890625
11646,0.0,0.49180030822753906
11647,0.0,0.44457435607910156
11648,0.0,0.5299434661865234
11649,0.0,0.6082878112792969
11650,0.0,0.7270641326904297
11651,0.0,0.8241405487060547
11652,0.0,0.9258365631103516
11653,0.0,1.0345306396484375
11654,0.0,1.1923828125
11655,0.0,1.3726367950439453
11656,0.0,1.5251903533935547
11657,0.0,1.7375736236572266
11658,0.0,1.7695465087890625
11659,0.0,1.6847267150878906
11660,0.0,1.5483741760253906
11661,0.0,1.604970932006836
11662,0.0,1.6861763000488281
11663,0.0,1.7675151824951172
11664,0.0,1.8199291229248047
11665,0.0,2.2040939331054688
11666,0.0,2.428476333618164
11667,0.0,2.6919479370117188
11668,0.0,3.279024124145508
11669,0.0,4.225542068481445
11670,0.0,5.252592086791992
11671,0.0,6.7890167236328125
11672,0.0,10.399382591247559
11673,0.0,13.169439315795898
11674,0.0,16.487810134887695
11675,0.0,21.019210815429688
11676,0.0,29.416675567626953
11677,0.0,39.90966796875
11678,11.0,59.92857360839844
11679,31.0,90.28694915771484
11680,67.0,131.3887176513672
11681,135.0,190.269775390625
11682,210.0,256.0508728027344
11683,293.0,351.7750244140625
11684,388.0,437.70440673828125
11685,503.0,499.1925964355469
11686,607.0,566.9600219726562
11687,721.0,679.2714233398438
11688,838.0,784.746826171875
11689,934.0,856.7278442382812
11690,1023.0,913.1170654296875
11691,1095.0,959.014892578125
11692,1170.0,1000.9585571289062
11693,1231.0,1016.3652954101562
11694,1280.0,1037.003173828125
11695,1333.0,1064.3623046875
11696,1384.0,1101.3544921875
11697,1423.0,1127.9425048828125
11698,1448.0,1146.2889404296875
11699,1478.0,1153.1812744140625
11700,1495.0,1141.197021484375
11701,1501.0,1067.3206787109375
11702,1506.0,920.5805053710938
11703,1487.0,823.5576782226562
11704,1435.0,718.2955322265625
11705,1399.0,635.5691528320312
11706,1350.0,549.43603515625
11707,1348.0,491.1302185058594
11708,1271.0,456.7522277832031
11709,1189.0,345.7007751464844
11710,1080.0,290.6752014160156
11711,977.0,259.6391906738281
11712,627.0,228.47119140625
11713,552.0,193.7923126220703
11714,317.0,154.63587951660156
11715,140.0,114.87194061279297
11716,26.0,76.41484069824219
11717,11.0,50.7478141784668
11718,0.0,20.392654418945312
11719,0.0,5.557939529418945
11720,0.0,2.841001510620117
11721,0.0,1.8441486358642578
11722,0.0,0.8442134857177734
11723,0.0,0.1599884033203125
11724,0.0,-0.2226848602294922
11725,0.0,-0.26835060119628906
11726,0.0,-0.28740501403808594
11727,0.0,-0.3017139434814453
11728,0.0,-0.3152503967285156
11729,0.0,-0.21918869018554688
11730,0.0,-0.1848468780517578
11731,0.0,-0.1479969024658203
11732,0.0,-0.11297607421875
11733,0.0,-0.001003265380859375
11734,0.0,0.03748893737792969
11735,0.0,0.04244422912597656
11736,0.0,0.056880950927734375
11737,0.0,0.13914108276367188
11738,0.0,0.13051414489746094
11739,0.0,0.13116455078125
11740,0.0,0.13663101196289062
11741,0.0,0.8325481414794922
11742,0.0,0.9241199493408203
11743,0.0,0.8822307586669922
11744,0.0,0.8080902099609375
11745,0.0,0.7500057220458984
11746,0.0,0.6818752288818359
11747,0.0,0.6293792724609375
11748,0.0,0.5831127166748047
11749,0.0,0.6194572448730469
11750,0.0,0.6243820190429688
11751,0.0,0.5811882019042969
11752,0.0,0.513916015625
11753,0.0,0.6790924072265625
11754,0.0,0.6858081817626953
11755,0.0,0.6790637969970703
11756,0.0,0.6840934753417969
11757,0.0,0.9136276245117188
11758,0.0,0.9570751190185547
11759,0.0,0.9853115081787109
11760,0.0,1.0455074310302734
11761,0.0,1.4404354095458984
11762,0.0,1.6387691497802734
11763,0.0,1.8284835815429688
11764,0.0,2.147785186767578
11765,0.0,2.9035568237304688
11766,0.0,3.414478302001953
11767,0.0,3.930418014526367
11768,0.0,4.998006820678711
11769,0.0,6.195995330810547
11770,0.0,7.548181533813477
11771,0.0,9.728256225585938
11772,0.0,15.304990768432617
11773,0.0,21.875425338745117
11774,14.0,37.33757019042969
11775,32.0,71.43311309814453
11776,78.0,124.46904754638672
11777,146.0,184.21035766601562
11778,228.0,251.38119506835938
11779,312.0,341.6868896484375
11780,402.0,433.4435119628906
11781,502.0,506.40594482421875
11782,613.0,600.52880859375
11783,734.0,720.5264282226562
11784,855.0,820.0733642578125
11785,950.0,885.3168334960938
11786,1036.0,938.7911987304688
11787,1115.0,984.7572631835938
11788,1190.0,1035.2423095703125
11789,1287.0,1076.820556640625
11790,1352.0,1122.467529296875
11791,1405.0,1160.7996826171875
11792,1460.0,1193.385009765625
11793,1493.0,1207.5260009765625
11794,1530.0,1215.9605712890625
11795,1561.0,1211.179443359375
11796,1569.0,1171.5633544921875
11797,1567.0,1112.6998291015625
11798,1570.0,1031.783935546875
11799,1546.0,919.2489624023438
11800,1510.0,781.600341796875
11801,1458.0,677.5255737304688
11802,1407.0,570.9733276367188
11803,1404.0,482.4346923828125
11804,1321.0,422.830810546875
11805,1233.0,376.2349548339844
11806,1104.0,333.1184387207031
11807,1002.0,286.9340515136719
11808,725.0,227.0059356689453
11809,625.0,185.75228881835938
11810,411.0,147.27676391601562
11811,212.0,113.67680358886719
11812,28.0,81.3138656616211
11813,12.0,55.80897521972656
11814,2.0,28.830585479736328
11815,0.0,6.492830276489258
11816,0.0,0.07829856872558594
11817,0.0,-0.3484210968017578
11818,0.0,-0.38459205627441406
11819,0.0,-0.382904052734375
11820,0.0,-0.37885284423828125
11821,0.0,-0.27775001525878906
11822,0.0,-0.23859405517578125
11823,0.0,-0.2230243682861328
11824,0.0,-0.2189311981201172
11825,0.0,-0.13091278076171875
11826,0.0,-0.13694381713867188
11827,0.0,-0.16415977478027344
11828,0.0,-0.1951732635498047
11829,0.0,-0.14837646484375
11830,0.0,-0.20154190063476562
11831,0.0,-0.19706344604492188
11832,0.0,-0.19067764282226562
11833,0.0,-0.10100173950195312
11834,0.0,-0.11594200134277344
11835,0.0,-0.11560630798339844
11836,0.0,-0.11252403259277344
11837,0.0,0.5303878784179688
11838,0.0,0.4211235046386719
11839,0.0,0.47010040283203125
11840,0.0,0.44974327087402344
11841,0.0,0.4248847961425781
11842,0.0,0.38204002380371094
11843,0.0,0.33452415466308594
11844,0.0,0.27109718322753906
11845,0.0,0.2241992950439453
11846,0.0,0.10795021057128906
11847,0.0,-0.02036285400390625
11848,0.0,-0.14909744262695312
11849,0.0,-0.05331611633300781
11850,0.0,-0.0607147216796875
11851,0.0,-0.06927490234375
11852,0.0,-0.07018470764160156
11853,0.0,0.08451652526855469
11854,0.0,0.08844757080078125
11855,0.0,0.0783233642578125
11856,0.0,0.07965087890625
11857,0.0,0.3724327087402344
11858,0.0,0.44496726989746094
11859,0.0,0.48471832275390625
11860,0.0,0.5670738220214844
11861,0.0,1.0707206726074219
11862,0.0,1.3749065399169922
11863,0.0,1.6653995513916016
11864,0.0,2.2099552154541016
11865,0.0,3.113058090209961
11866,0.0,4.463964462280273
11867,0.0,6.943735122680664
11868,0.0,13.475192070007324
11869,4.0,24.78335952758789
11870,31.0,52.22480773925781
11871,73.0,104.16094207763672
11872,119.0,165.62191772460938
11873,188.0,226.84762573242188
11874,271.0,299.9438781738281
11875,352.0,390.2931213378906
11876,440.0,461.4979248046875
11877,534.0,525.4130249023438
11878,652.0,615.335693359375
11879,771.0,715.466552734375
11880,876.0,815.7509765625
11881,963.0,885.7991943359375
11882,1051.0,934.266845703125
11883,1128.0,974.93896484375
11884,1192.0,1023.2400512695312
11885,1259.0,1054.109375
11886,1314.0,1087.6409912109375
11887,1363.0,1120.0338134765625
11888,1408.0,1153.66162109375
11889,1437.0,1166.390625
11890,1452.0,1167.1854248046875
11891,1466.0,1129.63330078125
11892,1486.0,1072.4859619140625
11893,1424.0,1038.699951171875
11894,1435.0,996.6908569335938
11895,1439.0,944.2696533203125
11896,1270.0,912.825439453125
11897,1230.0,912.3071899414062
11898,1280.0,896.6251831054688
11899,1285.0,827.7521362304688
11900,1237.0,644.5484008789062
11901,1136.0,557.84033203125
11902,983.0,401.40032958984375
11903,733.0,287.20166015625
11904,508.0,213.7714385986328
11905,144.0,178.05653381347656
11906,103.0,146.39984130859375
11907,58.0,122.00334930419922
11908,19.0,81.91314697265625
11909,8.0,58.88744354248047
11910,2.0,28.534786224365234
11911,0.0,6.227809906005859
11912,0.0,1.2803096771240234
11913,0.0,0.49321937561035156
11914,0.0,0.09925079345703125
11915,0.0,-0.19746780395507812
11916,0.0,-0.40834999084472656
11917,0.0,-0.4892253875732422
11918,0.0,-0.5556564331054688
11919,0.0,-0.6244354248046875
11920,0.0,-0.6963882446289062
11921,0.0,-0.6538982391357422
11922,0.0,-0.6936836242675781
11923,0.0,-0.5915088653564453
11924,0.0,-0.6222476959228516
11925,0.0,-0.6407661437988281
11926,0.0,-0.6661853790283203
11927,0.0,-0.6553611755371094
11928,0.0,-0.5439300537109375
11929,0.0,-0.29347801208496094
11930,0.0,-0.1279315948486328
11931,0.0,0.1578197479248047
11932,0.0,0.33693885803222656
11933,0.0,0.19466781616210938
11934,0.0,-0.04525184631347656
11935,0.0,-0.0026721954345703125
11936,0.0,0.04697227478027344
11937,0.0,0.2387981414794922
11938,0.0,0.21032333374023438
11939,0.0,0.22539901733398438
11940,0.0,0.1757221221923828
11941,0.0,0.14465904235839844
11942,0.0,-0.0005779266357421875
11943,0.0,-0.026655197143554688
11944,0.0,-0.07666969299316406
11945,0.0,-0.10296821594238281
11946,0.0,-0.13733673095703125
11947,0.0,-0.17649269104003906
11948,0.0,-0.2491455078125
11949,0.0,-0.2983741760253906
11950,0.0,-0.4013233184814453
11951,0.0,-0.47202301025390625
11952,0.0,-0.5456390380859375
11953,0.0,-0.5516109466552734
11954,0.0,-0.5883255004882812
11955,0.0,-0.5507621765136719
11956,0.0,-0.42584228515625
11957,0.0,-0.021329879760742188
11958,0.0,0.23691177368164062
11959,0.0,0.41669464111328125
11960,0.0,0.5971870422363281
11961,0.0,1.2302818298339844
11962,0.0,2.2883739471435547
11963,0.0,4.015356063842773
11964,0.0,6.446897506713867
11965,0.0,11.4987211227417
11966,3.0,19.578556060791016
11967,10.0,37.452178955078125
11968,16.0,84.40568542480469
11969,42.0,122.13919067382812
11970,134.0,161.26174926757812
11971,191.0,184.81658935546875
11972,200.0,220.3541259765625
11973,201.0,293.1780090332031
11974,222.0,382.7445373535156
11975,242.0,474.51910400390625
11976,225.0,552.8857421875
11977,322.0,600.8911743164062
11978,319.0,613.6721801757812
11979,366.0,583.7546997070312
11980,398.0,548.0590209960938
11981,344.0,511.1835632324219
11982,303.0,502.50604248046875
11983,284.0,552.6104125976562
11984,342.0,584.3570556640625
11985,362.0,613.4739990234375
11986,431.0,644.1410522460938
11987,523.0,641.2229614257812
11988,531.0,623.6791381835938
11989,439.0,635.3049926757812
11990,358.0,661.197021484375
11991,362.0,657.7197875976562
11992,433.0,595.5949096679688
11993,411.0,532.9622192382812
11994,367.0,443.270263671875
11995,404.0,379.3197326660156
11996,684.0,321.8782958984375
11997,1242.0,262.8481750488281
11998,950.0,228.728515625
11999,823.0,213.12344360351562
12000,569.0,193.73336791992188
12001,378.0,162.59915161132812
12002,315.0,132.74026489257812
12003,132.0,100.93232727050781
12004,57.0,49.24678039550781
12005,33.0,27.295791625976562
12006,11.0,11.596473693847656
12007,0.0,3.434511184692383
12008,0.0,0.19904136657714844
12009,0.0,-0.49611473083496094
12010,0.0,-0.6490554809570312
12011,0.0,-0.7059860229492188
12012,0.0,-0.7133064270019531
12013,0.0,-0.5466117858886719
12014,0.0,-0.32303810119628906
12015,0.0,-0.15805816650390625
12016,0.0,-0.05645561218261719
12017,0.0,0.08350181579589844
12018,0.0,0.11723136901855469
12019,0.0,0.15424346923828125
12020,0.0,0.1889972686767578
12021,0.0,0.2588977813720703
12022,0.0,0.3982887268066406
12023,0.0,0.50830078125
12024,0.0,0.5965480804443359
12025,0.0,0.6489639282226562
12026,0.0,0.5918464660644531
12027,0.0,0.5802879333496094
12028,0.0,0.5750617980957031
12029,0.0,0.9321861267089844
12030,0.0,0.8202934265136719
12031,0.0,0.8547992706298828
12032,0.0,0.8368930816650391
12033,0.0,0.8132228851318359
12034,0.0,0.7831859588623047
12035,0.0,0.7931327819824219
12036,0.0,0.7982292175292969
12037,0.0,0.8647861480712891
12038,0.0,0.9231185913085938
12039,0.0,1.0290756225585938
12040,0.0,1.0766925811767578
12041,0.0,1.2440757751464844
12042,0.0,1.2683773040771484
12043,0.0,1.2380294799804688
12044,0.0,1.180032730102539
12045,0.0,1.2261428833007812
12046,0.0,1.2163276672363281
12047,0.0,1.2187137603759766
12048,0.0,1.2243518829345703
12049,0.0,1.2785568237304688
12050,0.0,1.2400474548339844
12051,0.0,1.1478824615478516
12052,0.0,1.0733661651611328
12053,0.0,1.1118011474609375
12054,0.0,1.0927696228027344
12055,0.0,1.0237159729003906
12056,0.0,0.9973735809326172
12057,0.0,1.0949516296386719
12058,0.0,1.7661628723144531
12059,0.0,4.619085311889648
12060,1.0,11.784645080566406
12061,7.0,28.475173950195312
12062,41.0,65.65668487548828
12063,86.0,134.83448791503906
12064,122.0,219.79339599609375
12065,168.0,291.0812072753906
12066,222.0,370.8262023925781
12067,296.0,444.3668212890625
12068,411.0,523.8819580078125
12069,523.0,647.240234375
12070,636.0,767.8792114257812
12071,749.0,852.654296875
12072,849.0,952.6124877929688
12073,938.0,1003.6842041015625
12074,1025.0,1038.7027587890625
12075,1102.0,1069.4344482421875
12076,1175.0,1106.7122802734375
12077,1243.0,1116.8612060546875
12078,1299.0,1133.8226318359375
12079,1354.0,1163.270263671875
12080,1414.0,1204.995849609375
12081,1467.0,1219.83349609375
12082,1320.0,1214.1058349609375
12083,1458.0,1183.5198974609375
12084,1375.0,1203.69970703125
12085,1250.0,1285.296875
12086,1144.0,1424.230224609375
12087,1048.0,1382.725341796875
12088,682.0,1305.5263671875
12089,1171.0,1272.7271728515625
12090,1177.0,1223.0760498046875
12091,1275.0,1156.6427001953125
12092,1116.0,1076.58447265625
12093,882.0,975.17431640625
12094,860.0,828.6671142578125
12095,742.0,655.138916015625
12096,561.0,477.49786376953125
12097,366.0,353.9612731933594
12098,198.0,258.02276611328125
12099,185.0,173.47361755371094
12100,114.0,109.13517761230469
12101,68.0,70.16108703613281
12102,24.0,39.042423248291016
12103,0.0,16.494667053222656
12104,0.0,2.8156776428222656
12105,0.0,0.3617420196533203
12106,0.0,-0.38837623596191406
12107,0.0,-0.5135269165039062
12108,0.0,-0.46916770935058594
12109,0.0,-0.370391845703125
12110,0.0,-0.2740917205810547
12111,0.0,-0.18524932861328125
12112,0.0,-0.11124610900878906
12113,0.0,-0.05160331726074219
12114,0.0,-0.014102935791015625
12115,0.0,0.015924453735351562
12116,0.0,0.054073333740234375
12117,0.0,0.11194229125976562
12118,0.0,0.12871551513671875
12119,0.0,0.13573455810546875
12120,0.0,0.1334991455078125
12121,0.0,0.1420001983642578
12122,0.0,0.07290458679199219
12123,0.0,0.00074005126953125
12124,0.0,-0.06660652160644531
12125,0.0,0.3363494873046875
12126,0.0,0.1560039520263672
12127,0.0,0.2652721405029297
12128,0.0,0.26980018615722656
12129,0.0,0.31375885009765625
12130,0.0,0.289337158203125
12131,0.0,0.24220848083496094
12132,0.0,0.1740131378173828
12133,0.0,0.14735794067382812
12134,0.0,0.09668922424316406
12135,0.0,0.04811286926269531
12136,0.0,-0.11625862121582031
12137,0.0,-0.105377197265625
12138,0.0,-0.23018646240234375
12139,0.0,-0.3391246795654297
12140,0.0,-0.4992046356201172
12141,0.0,-0.7371025085449219
12142,0.0,-0.7530746459960938
12143,0.0,-0.7662296295166016
12144,0.0,-0.7597618103027344
12145,0.0,-0.7650470733642578
12146,0.0,-0.7840576171875
12147,0.0,-0.8209495544433594
12148,0.0,-0.8823642730712891
12149,0.0,-0.9924507141113281
12150,0.0,-1.0141525268554688
12151,0.0,-1.0174980163574219
12152,0.0,-0.7144813537597656
12153,0.0,-0.35866355895996094
12154,0.0,0.7741107940673828
12155,0.0,3.077390670776367
12156,0.0,8.072805404663086
12157,0.0,14.91404914855957
12158,7.0,25.31599998474121
12159,60.0,46.81193542480469
12160,87.0,82.97307586669922
12161,135.0,102.82807159423828
12162,87.0,122.5303726196289
12163,92.0,140.76263427734375
12164,50.0,163.50820922851562
12165,93.0,183.12474060058594
12166,94.0,194.215576171875
12167,114.0,200.2898406982422
12168,228.0,203.98289489746094
12169,362.0,205.61572265625
12170,368.0,214.99411010742188
12171,414.0,236.67701721191406
12172,555.0,327.54315185546875
12173,586.0,400.7368469238281
12174,547.0,431.88360595703125
12175,611.0,436.8062438964844
12176,254.0,427.17547607421875
12177,238.0,396.1349182128906
12178,298.0,370.97955322265625
12179,357.0,374.6623840332031
12180,192.0,422.8432922363281
12181,217.0,534.5487060546875
12182,257.0,663.548583984375
12183,178.0,762.5609741210938
12184,250.0,728.975830078125
12185,438.0,590.7205810546875
12186,355.0,487.54541015625
12187,400.0,376.67181396484375
12188,529.0,345.16754150390625
12189,384.0,318.4394226074219
12190,302.0,266.1336364746094
12191,114.0,196.5117950439453
12192,104.0,155.3056182861328
12193,139.0,134.91468811035156
12194,144.0,112.38599395751953
12195,118.0,85.98829650878906
12196,78.0,47.62267303466797
12197,28.0,19.616281509399414
12198,4.0,3.1308021545410156
12199,0.0,0.3145904541015625
12200,0.0,-0.4591045379638672
12201,0.0,-0.7154750823974609
12202,0.0,-0.9551753997802734
12203,0.0,-1.1548938751220703
12204,0.0,-1.319387435913086
12205,0.0,-1.2591190338134766
12206,0.0,-1.0840129852294922
12207,0.0,-0.8438167572021484
12208,0.0,-0.5345211029052734
12209,0.0,-0.04248046875
12210,0.0,0.3450183868408203
12211,0.0,0.6423416137695312
12212,0.0,0.8441257476806641
12213,0.0,1.1126842498779297
12214,0.0,1.1801185607910156
12215,0.0,1.2353839874267578
12216,0.0,1.2597885131835938
12217,0.0,1.4029178619384766
12218,0.0,1.3583030700683594
12219,0.0,1.3721923828125
12220,0.0,1.3790531158447266
12221,0.0,2.586587905883789
12222,0.0,0.8277168273925781
12223,0.0,0.18157196044921875
12224,0.0,-0.21021461486816406
12225,0.0,-0.3793792724609375
12226,0.0,-0.45996665954589844
12227,0.0,-0.4871692657470703
12228,0.0,-0.49265289306640625
12229,0.0,-0.47040367126464844
12230,0.0,-0.5230445861816406
12231,0.0,-0.5424575805664062
12232,0.0,-0.4936408996582031
12233,0.0,-0.4799919128417969
12234,0.0,-0.4937114715576172
12235,0.0,-0.5049705505371094
12236,0.0,-0.5126323699951172
12237,0.0,-0.4746055603027344
12238,0.0,-0.5837059020996094
12239,0.0,-0.7363529205322266
12240,0.0,-0.9028511047363281
12241,0.0,-1.0843925476074219
12242,0.0,-1.0948295593261719
12243,0.0,-0.8269767761230469
12244,0.0,-0.3292713165283203
12245,0.0,0.18204689025878906
12246,0.0,0.46886444091796875
12247,0.0,0.6016044616699219
12248,0.0,1.1449317932128906
12249,0.0,1.3726463317871094
12250,0.0,2.1293087005615234
12251,0.0,4.703775405883789
12252,0.0,12.002664566040039
12253,17.0,23.651851654052734
12254,92.0,40.99760055541992
12255,175.0,67.19257354736328
12256,185.0,105.2908935546875
12257,200.0,141.08297729492188
12258,211.0,162.42242431640625
12259,267.0,179.1062774658203
12260,381.0,216.72927856445312
12261,571.0,283.9311828613281
12262,680.0,369.5620422363281
12263,771.0,454.6968078613281
12264,854.0,534.397705078125
12265,966.0,672.9800415039062
12266,1058.0,770.8812255859375
12267,1146.0,831.5313720703125
12268,1236.0,889.199951171875
12269,1287.0,915.4859008789062
12270,1317.0,949.3984375
12271,1377.0,1017.8772583007812
12272,1310.0,1117.8013916015625
12273,1424.0,1193.560302734375
12274,1431.0,1253.5806884765625
12275,1413.0,1319.4136962890625
12276,1466.0,1399.6939697265625
12277,1471.0,1414.7720947265625
12278,1444.0,1391.308349609375
12279,1354.0,1373.541748046875
12280,1262.0,1323.5517578125
12281,1289.0,1264.4822998046875
12282,1454.0,1119.9791259765625
12283,883.0,1016.1209716796875
12284,1245.0,842.8917846679688
12285,1158.0,615.0786743164062
12286,1083.0,493.98876953125
12287,966.0,367.86358642578125
12288,604.0,212.82188415527344
12289,209.0,154.052001953125
12290,119.0,103.8961181640625
12291,48.0,59.8089599609375
12292,10.0,29.17011260986328
12293,4.0,12.723270416259766
12294,0.0,3.6612701416015625
12295,0.0,1.7361717224121094
12296,0.0,1.3308734893798828
12297,0.0,0.9116668701171875
12298,0.0,0.6172618865966797
12299,0.0,0.3908576965332031
12300,0.0,0.2337207794189453
12301,0.0,0.07177925109863281
12302,0.0,-0.004467010498046875
12303,0.0,-0.042224884033203125
12304,0.0,-0.03966522216796875
12305,0.0,-0.01648712158203125
12306,0.0,-0.018877029418945312
12307,0.0,-0.009853363037109375
12308,0.0,0.010553359985351562
12309,0.0,0.055572509765625
12310,0.0,0.07818222045898438
12311,0.0,0.108062744140625
12312,0.0,0.1470966339111328
12313,0.0,0.2400379180908203
12314,0.0,0.24010086059570312
12315,0.0,0.24216651916503906
12316,0.0,0.244293212890625
12317,0.0,1.103139877319336
12318,0.0,0.761322021484375
12319,0.0,0.7603778839111328
12320,0.0,0.7911148071289062
12321,0.0,0.8419895172119141
12322,0.0,0.8215293884277344
12323,0.0,0.8037796020507812
12324,0.0,0.7695274353027344
12325,0.0,0.7900333404541016
12326,0.0,0.7437667846679688
12327,0.0,0.6784000396728516
12328,0.0,0.5883007049560547
12329,0.0,0.5995903015136719
12330,0.0,0.5655231475830078
12331,0.0,0.5304222106933594
12332,0.0,0.46091461181640625
12333,0.0,0.4551048278808594
12334,0.0,0.4288501739501953
12335,0.0,0.3887443542480469
12336,0.0,0.30994415283203125
12337,0.0,0.3425407409667969
12338,0.0,0.6763839721679688
12339,0.0,0.9074611663818359
12340,0.0,0.9381599426269531
12341,0.0,0.7395267486572266
12342,0.0,0.9147834777832031
12343,0.0,1.335723876953125
12344,0.0,1.553131103515625
12345,0.0,2.0468292236328125
12346,0.0,3.1310787200927734
12347,0.0,4.629583358764648
12348,0.0,6.0471038818359375
12349,0.0,8.03463363647461
12350,1.0,12.813594818115234
12351,10.0,19.530946731567383
12352,46.0,28.128185272216797
12353,88.0,39.83467102050781
12354,82.0,50.177032470703125
12355,102.0,59.012786865234375
12356,75.0,70.02392578125
12357,184.0,80.50761413574219
12358,189.0,96.8650894165039
12359,191.0,116.71094512939453
12360,269.0,151.73114013671875
12361,483.0,204.6705780029297
12362,259.0,293.15478515625
12363,142.0,360.29638671875
12364,207.0,399.4361877441406
12365,406.0,502.8500671386719
12366,380.0,667.9890747070312
12367,395.0,742.2371826171875
12368,745.0,756.1290893554688
12369,867.0,762.8405151367188
12370,418.0,764.9370727539062
12371,463.0,731.0361328125
12372,649.0,664.59814453125
12373,584.0,647.2479248046875
12374,450.0,636.90966796875
12375,138.0,656.9548950195312
12376,617.0,696.4489135742188
12377,712.0,716.716552734375
12378,836.0,677.9755859375
12379,410.0,571.44189453125
12380,269.0,442.0408630371094
12381,331.0,399.0859375
12382,532.0,366.2131042480469
12383,785.0,322.8474426269531
12384,434.0,302.43243408203125
12385,174.0,282.07440185546875
12386,108.0,243.98147583007812
12387,84.0,198.2201385498047
12388,47.0,147.8317108154297
12389,18.0,107.8178939819336
12390,4.0,61.56632995605469
12391,0.0,20.939868927001953
12392,0.0,4.078453063964844
12393,0.0,1.16143798828125
12394,0.0,0.185546875
12395,0.0,-0.3215293884277344
12396,0.0,-0.6715450286865234
12397,0.0,-0.8747329711914062
12398,0.0,-0.8859748840332031
12399,0.0,-0.8769207000732422
12400,0.0,-0.8568553924560547
12401,0.0,-0.7859897613525391
12402,0.0,-0.7564640045166016
12403,0.0,-0.7198314666748047
12404,0.0,-0.6819114685058594
12405,0.0,-0.5976943969726562
12406,0.0,-0.5562534332275391
12407,0.0,-0.488555908203125
12408,0.0,-0.4170684814453125
12409,0.0,-0.2939472198486328
12410,0.0,-0.1931324005126953
12411,0.0,-0.15590286254882812
12412,0.0,-0.139801025390625
12413,0.0,0.36847877502441406
12414,0.0,0.6147708892822266
12415,0.0,0.5725917816162109
12416,0.0,0.42593955993652344
12417,0.0,0.3704338073730469
12418,0.0,0.05969810485839844
12419,0.0,-0.4307136535644531
12420,0.0,-0.9398212432861328
12421,0.0,-1.3282814025878906
12422,0.0,-1.253469467163086
12423,0.0,-1.0331001281738281
12424,0.0,-0.9148769378662109
12425,0.0,-0.7191810607910156
12426,0.0,-0.42377662658691406
12427,0.0,-0.104949951171875
12428,0.0,0.2077198028564453
12429,0.0,0.6295909881591797
12430,0.0,0.6107082366943359
12431,0.0,0.41272544860839844
12432,0.0,0.057033538818359375
12433,0.0,-0.3447704315185547
12434,0.0,-0.3842658996582031
12435,0.0,-0.2836170196533203
12436,0.0,-0.21145057678222656
12437,0.0,-0.1313343048095703
12438,0.0,-0.07843589782714844
12439,0.0,-0.024026870727539062
12440,0.0,0.0746307373046875
12441,0.0,0.4718017578125
12442,0.0,1.6507625579833984
12443,0.0,3.8544654846191406
12444,0.0,7.512153625488281
12445,0.0,14.28055191040039
12446,4.0,24.344995498657227
12447,8.0,39.2746467590332
12448,49.0,61.44956970214844
12449,238.0,89.21664428710938
12450,272.0,124.69020080566406
12451,400.0,164.50152587890625
12452,296.0,208.10887145996094
12453,194.0,243.89561462402344
12454,287.0,292.57281494140625
12455,613.0,348.9667663574219
12456,930.0,390.295166015625
12457,929.0,421.313232421875
12458,829.0,473.5458679199219
12459,712.0,539.8571166992188
12460,880.0,618.0845947265625
12461,730.0,679.3359375
12462,869.0,688.8075561523438
12463,925.0,639.600830078125
12464,1359.0,587.4169921875
12465,1080.0,541.9395751953125
12466,519.0,508.5876770019531
12467,352.0,496.8153076171875
12468,353.0,516.3963623046875
12469,414.0,561.6478881835938
12470,398.0,598.50732421875
12471,500.0,624.16845703125
12472,361.0,592.6697387695312
12473,303.0,528.3387451171875
12474,531.0,458.3916320800781
12475,288.0,415.6839904785156
12476,159.0,361.03521728515625
12477,124.0,375.7651062011719
12478,119.0,350.5010070800781
12479,184.0,323.3454284667969
12480,163.0,281.0567321777344
12481,164.0,211.3045654296875
12482,127.0,176.4077606201172
12483,69.0,129.95420837402344
12484,58.0,85.8082275390625
12485,43.0,49.478763580322266
12486,5.0,15.528177261352539
12487,0.0,4.566522598266602
12488,0.0,1.8789691925048828
12489,0.0,0.9267597198486328
12490,0.0,1.056539535522461
12491,0.0,0.5462131500244141
12492,0.0,0.18899917602539062
12493,0.0,0.11942863464355469
12494,0.0,-0.056102752685546875
12495,0.0,-0.15001296997070312
12496,0.0,-0.24181365966796875
12497,0.0,-0.23792266845703125
12498,0.0,-0.38207435607910156
12499,0.0,-0.5355262756347656
12500,0.0,-0.7015266418457031
12501,0.0,-0.7876758575439453
12502,0.0,-0.9326496124267578
12503,0.0,-1.0658817291259766
12504,0.0,-1.0711135864257812
12505,0.0,-0.8794498443603516
12506,0.0,-0.9560298919677734
12507,0.0,-0.9780139923095703
12508,0.0,-0.9850521087646484
12509,0.0,-0.09670829772949219
12510,0.0,-0.35323333740234375
12511,0.0,-0.3778057098388672
12512,0.0,-0.5199699401855469
12513,0.0,-0.6368770599365234
12514,0.0,-1.1526660919189453
12515,0.0,-1.498748779296875
12516,0.0,-1.687490463256836
12517,0.0,-1.7871150970458984
12518,0.0,-1.7376213073730469
12519,0.0,-1.7542171478271484
12520,0.0,-1.76953125
12521,0.0,-1.7616348266601562
12522,0.0,-1.736795425415039
12523,0.0,-1.7015342712402344
12524,0.0,-1.6386337280273438
12525,0.0,-1.5408592224121094
12526,0.0,-1.4371757507324219
12527,0.0,-1.33544921875
12528,0.0,-1.1733875274658203
12529,0.0,-0.9873046875
12530,0.0,-0.6266975402832031
12531,0.0,-0.2334880828857422
12532,0.0,0.3276519775390625
12533,0.0,0.6453113555908203
12534,0.0,1.0673694610595703
12535,0.0,1.5877361297607422
12536,0.0,2.6385669708251953
12537,0.0,3.0605087280273438
12538,0.0,3.2006568908691406
12539,0.0,4.255899429321289
12540,0.0,9.427748680114746
12541,1.0,22.505264282226562
12542,18.0,48.188541412353516
12543,89.0,78.5049819946289
12544,114.0,115.40951538085938
12545,164.0,178.17550659179688
12546,315.0,330.4628601074219
12547,429.0,485.01788330078125
12548,626.0,566.8806762695312
12549,766.0,606.3892211914062
12550,575.0,641.9172973632812
12551,416.0,712.0371704101562
12552,854.0,816.1869506835938
12553,1003.0,887.5037231445312
12554,991.0,952.0430297851562
12555,1170.0,1024.6702880859375
12556,1250.0,1111.35498046875
12557,1314.0,1135.7611083984375
12558,1372.0,1109.470458984375
12559,1437.0,1056.72900390625
12560,1518.0,944.7372436523438
12561,1487.0,868.912353515625
12562,1635.0,903.809326171875
12563,1572.0,1011.79638671875
12564,1150.0,1108.1982421875
12565,974.0,1133.1697998046875
12566,1178.0,1166.47705078125
12567,796.0,1177.943115234375
12568,518.0,1088.6202392578125
12569,378.0,889.5711059570312
12570,463.0,711.6361694335938
12571,281.0,603.1521606445312
12572,203.0,462.79071044921875
12573,140.0,334.17169189453125
12574,102.0,259.1040954589844
12575,81.0,224.5951690673828
12576,107.0,212.58621215820312
12577,145.0,176.96934509277344
12578,57.0,129.09378051757812
12579,29.0,81.58662414550781
12580,19.0,29.378414154052734
12581,6.0,11.887714385986328
12582,2.0,4.909397125244141
12583,0.0,1.685312271118164
12584,0.0,0.7334156036376953
12585,0.0,0.49887657165527344
12586,0.0,0.3711986541748047
12587,0.0,0.2443065643310547
12588,0.0,0.12045478820800781
12589,0.0,-0.03322029113769531
12590,0.0,-0.1833820343017578
12591,0.0,-0.22413063049316406
12592,0.0,-0.016695022583007812
12593,0.0,0.4696483612060547
12594,0.0,1.0784320831298828
12595,0.0,1.6311416625976562
12596,0.0,1.6735000610351562
12597,0.0,1.279550552368164
12598,0.0,0.7722415924072266
12599,0.0,0.7153949737548828
12600,0.0,0.7486705780029297
12601,0.0,0.8614349365234375
12602,0.0,0.8498344421386719
12603,0.0,0.83642578125
12604,0.0,0.8337650299072266
12605,0.0,1.1124343872070312
12606,0.0,-0.04105186462402344
12607,0.0,-0.4273052215576172
12608,0.0,-0.6915779113769531
12609,0.0,-0.8189201354980469
12610,0.0,-0.9279804229736328
12611,0.0,-0.9307708740234375
12612,0.0,-0.9222946166992188
12613,0.0,-0.8974895477294922
12614,0.0,-0.9440822601318359
12615,0.0,-0.9398574829101562
12616,0.0,-0.8989658355712891
12617,0.0,-0.8876895904541016
12618,0.0,-0.8987464904785156
12619,0.0,-0.8792610168457031
12620,0.0,-0.8590526580810547
12621,0.0,-0.7973690032958984
12622,0.0,-0.8076915740966797
12623,0.0,-0.7863178253173828
12624,0.0,-0.7339096069335938
12625,0.0,-0.5247669219970703
12626,0.0,-0.40659141540527344
12627,0.0,-0.31238365173339844
12628,0.0,-0.13788223266601562
12629,0.0,0.21619796752929688
12630,0.0,0.62860107421875
12631,0.0,1.2303237915039062
12632,0.0,2.6049633026123047
12633,0.0,4.793210983276367
12634,0.0,7.929786682128906
12635,0.0,12.790000915527344
12636,0.0,23.49831199645996
12637,26.0,39.57886505126953
12638,37.0,66.76851654052734
12639,157.0,103.69886016845703
12640,267.0,148.2047119140625
12641,247.0,210.7837677001953
12642,355.0,283.1781005859375
12643,457.0,347.5409851074219
12644,400.0,392.01531982421875
12645,490.0,418.9336242675781
12646,477.0,461.02838134765625
12647,567.0,517.24072265625
12648,840.0,563.5767211914062
12649,1071.0,569.392822265625
12650,541.0,559.4222412109375
12651,513.0,515.1841430664062
12652,565.0,437.6403503417969
12653,548.0,414.85430908203125
12654,347.0,416.62701416015625
12655,500.0,434.1856994628906
12656,637.0,487.36846923828125
12657,516.0,659.6928100585938
12658,589.0,972.5230102539062
12659,491.0,1120.4119873046875
12660,375.0,1066.6392822265625
12661,427.0,822.5189819335938
12662,234.0,647.5170288085938
12663,174.0,677.8311767578125
12664,200.0,741.3392333984375
12665,320.0,711.9187622070312
12666,269.0,695.5706787109375
12667,225.0,665.04541015625
12668,675.0,575.0304565429688
12669,338.0,479.4147033691406
12670,333.0,366.92437744140625
12671,427.0,222.79322814941406
12672,885.0,185.841552734375
12673,718.0,320.7486877441406
12674,457.0,204.22625732421875
12675,271.0,99.01498413085938
12676,206.0,72.16816711425781
12677,107.0,71.64694213867188
12678,37.0,37.42845153808594
12679,7.0,0.7797889709472656
12680,0.0,-0.3217048645019531
12681,0.0,-0.3284568786621094
12682,0.0,-0.24082183837890625
12683,0.0,-0.06197357177734375
12684,0.0,0.1387615203857422
12685,0.0,0.3296356201171875
12686,0.0,0.3851032257080078
12687,0.0,0.40668487548828125
12688,0.0,0.40128517150878906
12689,0.0,0.37685394287109375
12690,0.0,0.45105934143066406
12691,0.0,0.4999370574951172
12692,0.0,0.5515842437744141
12693,0.0,0.5959148406982422
12694,0.0,0.5103015899658203
12695,0.0,0.4465522766113281
12696,0.0,0.3527412414550781
12697,0.0,0.2728404998779297
12698,0.0,0.23764610290527344
12699,0.0,0.2775135040283203
12700,0.0,0.3586311340332031
12701,0.0,0.8187942504882812
12702,0.0,1.068593978881836
12703,0.0,1.0286827087402344
12704,0.0,0.8747043609619141
12705,0.0,0.7490139007568359
12706,0.0,0.6814441680908203
12707,0.0,0.6041736602783203
12708,0.0,0.5296611785888672
12709,0.0,0.5218296051025391
12710,0.0,0.5737991333007812
12711,0.0,0.6663742065429688
12712,0.0,0.7053089141845703
12713,0.0,0.8854885101318359
12714,0.0,0.9638156890869141
12715,0.0,0.9722671508789062
12716,0.0,0.9456138610839844
12717,0.0,0.9366397857666016
12718,0.0,0.8515892028808594
12719,0.0,0.6741161346435547
12720,0.0,0.4403648376464844
12721,0.0,0.10480690002441406
12722,0.0,0.2507915496826172
12723,0.0,0.5864028930664062
12724,0.0,0.9297962188720703
12725,0.0,1.2520885467529297
12726,0.0,1.4398746490478516
12727,0.0,1.5044574737548828
12728,0.0,1.5035953521728516
12729,0.0,1.6899662017822266
12730,0.0,1.7500171661376953
12731,0.0,1.8395633697509766
12732,0.0,2.093700408935547
12733,0.0,2.8547401428222656
12734,0.0,4.419525146484375
12735,0.0,6.357259750366211
12736,2.0,8.87998104095459
12737,1.0,12.413775444030762
12738,10.0,19.61421012878418
12739,23.0,33.0660514831543
12740,9.0,54.76555633544922
12741,16.0,95.06536102294922
12742,56.0,100.34717559814453
12743,84.0,105.64632415771484
12744,100.0,118.7032241821289
12745,88.0,138.3110809326172
12746,80.0,153.87339782714844
12747,105.0,165.8448944091797
12748,103.0,174.28463745117188
12749,128.0,183.17332458496094
12750,278.0,191.62460327148438
12751,550.0,198.55038452148438
12752,549.0,206.46188354492188
12753,437.0,212.7762908935547
12754,501.0,225.00611877441406
12755,642.0,249.1806640625
12756,403.0,321.5503845214844
12757,354.0,432.9533386230469
12758,584.0,554.7974243164062
12759,505.0,508.2107238769531
12760,330.0,374.5100402832031
12761,129.0,305.2441711425781
12762,255.0,280.2371826171875
12763,263.0,258.73175048828125
12764,274.0,182.05662536621094
12765,215.0,161.28701782226562
12766,212.0,166.70135498046875
12767,178.0,149.80792236328125
12768,136.0,111.68535614013672
12769,111.0,85.49610900878906
12770,102.0,70.70243835449219
12771,85.0,36.500755310058594
12772,46.0,16.829477310180664
12773,18.0,10.36161994934082
12774,3.0,6.141519546508789
12775,0.0,3.4909744262695312
12776,0.0,1.344320297241211
12777,0.0,0.7258167266845703
12778,0.0,0.5573043823242188
12779,0.0,0.6154899597167969
12780,0.0,0.6505184173583984
12781,0.0,0.9661102294921875
12782,0.0,0.938720703125
12783,0.0,0.9591827392578125
12784,0.0,0.9908180236816406
12785,0.0,1.1471977233886719
12786,0.0,0.7435321807861328
12787,0.0,0.6367340087890625
12788,0.0,0.4222221374511719
12789,0.0,0.2802581787109375
12790,0.0,-0.028781890869140625
12791,0.0,-0.3177299499511719
12792,0.0,-0.6221771240234375
12793,0.0,-0.7175922393798828
12794,0.0,-0.7593193054199219
12795,0.0,-0.48428916931152344
12796,0.0,-0.2451496124267578
12797,0.0,1.146139144897461
12798,0.0,0.6710052490234375
12799,0.0,0.45337677001953125
12800,0.0,0.3833160400390625
12801,0.0,0.38840675354003906
12802,0.0,0.5265636444091797
12803,0.0,0.6459236145019531
12804,0.0,0.7656612396240234
12805,0.0,0.8736095428466797
12806,0.0,0.7815036773681641
12807,0.0,0.7722759246826172
12808,0.0,0.8336620330810547
12809,0.0,0.8662014007568359
12810,0.0,0.9666938781738281
12811,0.0,1.0255260467529297
12812,0.0,0.9698390960693359
12813,0.0,0.7712936401367188
12814,0.0,0.6824855804443359
12815,0.0,0.6071758270263672
12816,0.0,0.5769939422607422
12817,0.0,0.5503902435302734
12818,0.0,0.4150543212890625
12819,0.0,0.016427993774414062
12820,0.0,-0.2798900604248047
12821,0.0,-0.2833824157714844
12822,0.0,0.13601112365722656
12823,0.0,0.8506622314453125
12824,0.0,1.8573188781738281
12825,0.0,2.759685516357422
12826,0.0,3.787710189819336
12827,0.0,5.503623962402344
12828,0.0,7.917598724365234
12829,0.0,10.146547317504883
12830,0.0,13.708840370178223
12831,4.0,18.571823120117188
12832,4.0,25.707883834838867
12833,14.0,35.83528518676758
12834,66.0,57.344322204589844
12835,151.0,91.44548797607422
12836,246.0,102.1642074584961
12837,262.0,117.10374450683594
12838,410.0,139.7859344482422
12839,509.0,169.01966857910156
12840,719.0,215.9207000732422
12841,717.0,285.8075866699219
12842,489.0,368.3006896972656
12843,884.0,436.75616455078125
12844,591.0,494.598876953125
12845,584.0,564.5255737304688
12846,731.0,688.1226806640625
12847,542.0,880.4091796875
12848,527.0,1072.2098388671875
12849,1098.0,1163.256103515625
12850,718.0,1235.897705078125
12851,886.0,1302.4263916015625
12852,1263.0,1337.570068359375
12853,1825.0,1308.998046875
12854,1370.0,1241.763427734375
12855,852.0,1165.867919921875
12856,912.0,1094.4339599609375
12857,1282.0,1052.223388671875
12858,943.0,1024.4833984375
12859,1308.0,987.0892333984375
12860,1264.0,933.4794311523438
12861,1375.0,855.6677856445312
12862,1240.0,728.5556030273438
12863,1050.0,587.1290283203125
12864,910.0,375.881591796875
12865,829.0,255.50521850585938
12866,654.0,172.92678833007812
12867,373.0,119.41687774658203
12868,305.0,84.04252624511719
12869,114.0,67.23760986328125
12870,29.0,47.73847961425781
12871,3.0,25.816316604614258
12872,0.0,5.613473892211914
12873,0.0,1.8988533020019531
12874,0.0,0.7110385894775391
12875,0.0,0.071380615234375
12876,0.0,-0.47054290771484375
12877,0.0,-0.57855224609375
12878,0.0,-0.688323974609375
12879,0.0,-0.6201725006103516
12880,0.0,-0.4668312072753906
12881,0.0,-0.14058303833007812
12882,0.0,0.051361083984375
12883,0.0,0.24658203125
12884,0.0,0.3929100036621094
12885,0.0,0.6007022857666016
12886,0.0,0.6294345855712891
12887,0.0,0.6754589080810547
12888,0.0,0.6755332946777344
12889,0.0,0.7548789978027344
12890,0.0,0.7017726898193359
12891,0.0,0.6912670135498047
12892,0.0,0.675628662109375
12893,0.0,1.2400550842285156
12894,0.0,0.4383716583251953
12895,0.0,0.21814346313476562
12896,0.0,0.10865592956542969
12897,0.0,0.07869529724121094
12898,0.0,0.03352928161621094
12899,0.0,-0.0005626678466796875
12900,0.0,-0.049663543701171875
12901,0.0,-0.056835174560546875
12902,0.0,-0.11663436889648438
12903,0.0,-0.1845855712890625
12904,0.0,-0.19546127319335938
12905,0.0,-0.13295555114746094
12906,0.0,-0.11913681030273438
12907,0.0,-0.1268157958984375
12908,0.0,-0.13229942321777344
12909,0.0,0.021816253662109375
12910,0.0,0.06436538696289062
12911,0.0,0.08238410949707031
12912,0.0,0.11983680725097656
12913,0.0,0.45545005798339844
12914,0.0,0.6279487609863281
12915,0.0,0.7578392028808594
12916,0.0,0.9915447235107422
12917,0.0,1.7027873992919922
12918,0.0,2.2031383514404297
12919,0.0,2.678010940551758
12920,0.0,3.804140090942383
12921,0.0,6.017549514770508
12922,0.0,9.776045799255371
12923,0.0,17.47810173034668
12924,1.0,42.91259002685547
12925,18.0,94.87782287597656
12926,65.0,170.09024047851562
12927,126.0,228.96116638183594
12928,197.0,288.2779541015625
12929,297.0,371.408935546875
12930,396.0,450.4398498535156
12931,406.0,524.5346069335938
12932,513.0,609.6142578125
12933,688.0,685.535400390625
12934,789.0,754.5667114257812
12935,667.0,827.467041015625
12936,877.0,916.070556640625
12937,989.0,974.8026733398438
12938,1070.0,1035.7091064453125
12939,1147.0,1087.969482421875
12940,1168.0,1146.7410888671875
12941,1210.0,1186.006591796875
12942,1402.0,1222.9010009765625
12943,1455.0,1258.294189453125
12944,1475.0,1297.4111328125
12945,1500.0,1288.4754638671875
12946,1531.0,1275.9830322265625
12947,1543.0,1271.7459716796875
12948,1545.0,1263.6356201171875
12949,1564.0,1284.0037841796875
12950,1567.0,1305.80078125
12951,1558.0,1324.983642578125
12952,1542.0,1335.9166259765625
12953,1509.0,1328.0538330078125
12954,1505.0,1309.314453125
12955,1462.0,1281.3216552734375
12956,1397.0,1241.771484375
12957,1297.0,1206.77099609375
12958,1209.0,1156.6790771484375
12959,1047.0,1096.269775390625
12960,738.0,980.433837890625
12961,634.0,818.0145874023438
12962,376.0,557.54638671875
12963,322.0,346.1058654785156
12964,264.0,161.25155639648438
12965,144.0,76.36446380615234
12966,67.0,47.263267517089844
12967,13.0,26.188526153564453
12968,0.0,8.466377258300781
12969,0.0,2.086149215698242
12970,0.0,0.19098472595214844
12971,0.0,-0.3192253112792969
12972,0.0,-0.5061435699462891
12973,0.0,-0.4018974304199219
12974,0.0,-0.3811988830566406
12975,0.0,-0.3715953826904297
12976,0.0,-0.35909461975097656
12977,0.0,-0.23988723754882812
12978,0.0,-0.2152538299560547
12979,0.0,-0.23789024353027344
12980,0.0,-0.25032997131347656
12981,0.0,-0.1874866485595703
12982,0.0,-0.20798492431640625
12983,0.0,-0.2137775421142578
12984,0.0,-0.21499061584472656
12985,0.0,-0.18289947509765625
12986,0.0,-0.2124652862548828
12987,0.0,-0.2590446472167969
12988,0.0,-0.2899055480957031
12989,0.0,0.9915103912353516
12990,0.0,1.1515769958496094
12991,0.0,1.244882583618164
12992,0.0,1.2859115600585938
12993,0.0,1.3488273620605469
12994,0.0,1.3100833892822266
12995,0.0,1.2836418151855469
12996,0.0,1.2314205169677734
12997,0.0,1.1735782623291016
12998,0.0,1.0040512084960938
12999,0.0,0.782073974609375
13000,0.0,0.4701099395751953
13001,0.0,0.5342845916748047
13002,0.0,0.5295791625976562
13003,0.0,0.5380821228027344
13004,0.0,0.5312442779541016
13005,0.0,0.6202793121337891
13006,0.0,0.5894584655761719
13007,0.0,0.5808010101318359
13008,0.0,0.5508403778076172
13009,0.0,0.7102756500244141
13010,0.0,0.7585010528564453
13011,0.0,0.7908420562744141
13012,0.0,0.7897834777832031
13013,0.0,1.0852680206298828
13014,0.0,1.1992683410644531
13015,0.0,1.191781997680664
13016,0.0,1.3343639373779297
13017,0.0,3.2165660858154297
13018,0.0,7.650348663330078
13019,1.0,15.548784255981445
13020,7.0,31.870590209960938
13021,48.0,60.60779571533203
13022,116.0,125.24324035644531
13023,186.0,220.57232666015625
13024,278.0,306.1508483886719
13025,381.0,369.7201232910156
13026,462.0,444.1395568847656
13027,507.0,516.7864990234375
13028,539.0,615.8045654296875
13029,602.0,705.9270629882812
13030,685.0,822.0567016601562
13031,746.0,920.2376098632812
13032,898.0,1014.1771240234375
13033,1035.0,1052.5008544921875
13034,1054.0,1074.7054443359375
13035,1060.0,1094.63330078125
13036,1169.0,1153.3299560546875
13037,1251.0,1218.24951171875
13038,1366.0,1296.8370361328125
13039,1464.0,1333.595458984375
13040,1538.0,1392.796630859375
13041,1559.0,1383.7823486328125
13042,1581.0,1366.19140625
13043,1608.0,1337.5418701171875
13044,1620.0,1357.7926025390625
13045,1638.0,1357.8175048828125
13046,1631.0,1367.2237548828125
13047,1605.0,1366.3839111328125
13048,1551.0,1303.15283203125
13049,1495.0,1248.5477294921875
13050,1387.0,1209.644287109375
13051,1310.0,1143.504638671875
13052,1277.0,1007.4388427734375
13053,1261.0,851.806884765625
13054,1176.0,705.7603149414062
13055,1084.0,530.611083984375
13056,1009.0,380.5145568847656
13057,901.0,305.9077453613281
13058,789.0,257.1126403808594
13059,512.0,213.68658447265625
13060,479.0,138.44009399414062
13061,185.0,110.60414123535156
13062,51.0,70.19994354248047
13063,28.0,29.92660140991211
13064,7.0,4.157978057861328
13065,0.0,1.5322933197021484
13066,0.0,0.8568134307861328
13067,0.0,0.44153594970703125
13068,0.0,0.2267436981201172
13069,0.0,0.1621074676513672
13070,0.0,0.08533287048339844
13071,0.0,-0.0014858245849609375
13072,0.0,-0.0597686767578125
13073,0.0,-0.013093948364257812
13074,0.0,-0.0623931884765625
13075,0.0,-0.09193611145019531
13076,0.0,-0.1336956024169922
13077,0.0,-0.09654808044433594
13078,0.0,-0.1600494384765625
13079,0.0,-0.14255905151367188
13080,0.0,-0.12717247009277344
13081,0.0,-0.043659210205078125
13082,0.0,-0.04331016540527344
13083,0.0,0.0030670166015625
13084,0.0,0.04520225524902344
13085,0.0,0.8274288177490234
13086,0.0,0.6871509552001953
13087,0.0,0.7167930603027344
13088,0.0,0.6641407012939453
13089,0.0,0.6078224182128906
13090,0.0,0.5262584686279297
13091,0.0,0.41993141174316406
13092,0.0,0.30069541931152344
13093,0.0,0.16122817993164062
13094,0.0,-0.007472991943359375
13095,0.0,-0.17336463928222656
13096,0.0,-0.284393310546875
13097,0.0,-0.3263111114501953
13098,0.0,-0.4019737243652344
13099,0.0,-0.4744892120361328
13100,0.0,-0.5206165313720703
13101,0.0,-0.5470733642578125
13102,0.0,-0.6307468414306641
13103,0.0,-0.7218399047851562
13104,0.0,-0.7890300750732422
13105,0.0,-0.7882156372070312
13106,0.0,-0.8394336700439453
13107,0.0,-0.8650856018066406
13108,0.0,-0.8843212127685547
13109,0.0,-0.5569324493408203
13110,0.0,-0.4239082336425781
13111,0.0,-0.37679100036621094
13112,0.0,0.39873313903808594
13113,0.0,7.294828414916992
13114,1.0,20.24428367614746
13115,6.0,46.70182800292969
13116,60.0,99.28324890136719
13117,141.0,174.92666625976562
13118,194.0,235.68368530273438
13119,225.0,275.1534118652344
13120,261.0,308.88372802734375
13121,310.0,356.9547119140625
13122,387.0,406.15167236328125
13123,495.0,460.6708679199219
13124,602.0,563.6368408203125
13125,707.0,717.8490600585938
13126,808.0,870.118896484375
13127,898.0,997.6909790039062
13128,975.0,1106.021240234375
13129,1046.0,1142.03759765625
13130,1119.0,1168.226806640625
13131,1186.0,1191.292236328125
13132,1246.0,1219.91748046875
13133,1307.0,1217.389892578125
13134,1368.0,1209.058837890625
13135,1429.0,1200.9012451171875
13136,1464.0,1205.982666015625
13137,1478.0,1202.36962890625
13138,1492.0,1199.81787109375
13139,1531.0,1193.884033203125
13140,1536.0,1173.4310302734375
13141,1548.0,1193.2774658203125
13142,1551.0,1209.466552734375
13143,1553.0,1225.157470703125
13144,1533.0,1234.515869140625
13145,1508.0,1266.932373046875
13146,1469.0,1289.1070556640625
13147,1426.0,1304.5675048828125
13148,1363.0,1315.7916259765625
13149,1283.0,1305.004638671875
13150,1185.0,1266.27685546875
13151,1094.0,1209.19189453125
13152,987.0,1128.234375
13153,886.0,1032.130126953125
13154,757.0,859.6143188476562
13155,565.0,621.00244140625
13156,474.0,334.9850769042969
13157,219.0,222.7603759765625
13158,59.0,159.06838989257812
13159,38.0,71.26199340820312
13160,8.0,20.1005916595459
13161,1.0,7.049064636230469
13162,0.0,2.598163604736328
13163,0.0,1.2756595611572266
13164,0.0,0.7644977569580078
13165,0.0,0.5953521728515625
13166,0.0,0.5653877258300781
13167,0.0,0.4698009490966797
13168,0.0,0.42873191833496094
13169,0.0,0.4959869384765625
13170,0.0,0.3732452392578125
13171,0.0,0.46060752868652344
13172,0.0,0.488037109375
13173,0.0,0.614349365234375
13174,0.0,0.7251148223876953
13175,0.0,0.833404541015625
13176,0.0,0.9701786041259766
13177,0.0,1.11834716796875
13178,0.0,1.2080192565917969
13179,0.0,1.2555122375488281
13180,0.0,1.3063240051269531
13181,0.0,1.2342815399169922
13182,0.0,0.9792232513427734
13183,0.0,0.8973312377929688
13184,0.0,0.7772560119628906
13185,0.0,0.6454048156738281
13186,0.0,0.5183010101318359
13187,0.0,0.4053802490234375
13188,0.0,0.2888908386230469
13189,0.0,0.13084793090820312
13190,0.0,-0.06394767761230469
13191,0.0,-0.2294940948486328
13192,0.0,-0.3938865661621094
13193,0.0,-0.4675884246826172
13194,0.0,-0.5788612365722656
13195,0.0,-0.6501998901367188
13196,0.0,-0.7157497406005859
13197,0.0,-0.7158069610595703
13198,0.0,-0.7672882080078125
13199,0.0,-0.7579441070556641
13200,0.0,-0.7372856140136719
13201,0.0,-0.3453407287597656
13202,0.0,-0.21486282348632812
13203,0.0,-0.14354896545410156
13204,0.0,-0.08307075500488281
13205,0.0,0.7357807159423828
13206,0.0,1.1280040740966797
13207,0.0,1.4224128723144531
13208,0.0,3.1202774047851562
13209,0.0,9.828520774841309
13210,1.0,21.10462760925293
13211,4.0,41.99354553222656
13212,60.0,106.75394439697266
13213,129.0,176.29299926757812
13214,188.0,234.15257263183594
13215,222.0,299.741455078125
13216,260.0,378.2045593261719
13217,314.0,446.31671142578125
13218,389.0,501.4227600097656
13219,488.0,544.2495727539062
13220,593.0,590.9006958007812
13221,697.0,649.2103271484375
13222,788.0,702.626220703125
13223,874.0,750.9674072265625
13224,945.0,816.9840698242188
13225,1018.0,836.5562133789062
13226,1083.0,845.7750854492188
13227,1149.0,854.9118041992188
13228,1213.0,878.5534057617188
13229,1269.0,887.795166015625
13230,1313.0,894.8737182617188
13231,1357.0,914.5557861328125
13232,1395.0,998.709716796875
13233,1411.0,1078.16015625
13234,1425.0,1145.0418701171875
13235,1447.0,1183.509521484375
13236,1475.0,1178.285888671875
13237,1474.0,1182.02099609375
13238,1470.0,1159.2857666015625
13239,1455.0,1127.4322509765625
13240,1451.0,1121.4495849609375
13241,1440.0,1188.1973876953125
13242,1409.0,1272.13232421875
13243,1370.0,1332.412353515625
13244,1306.0,1327.20263671875
13245,1224.0,1287.4658203125
13246,1094.0,1239.1392822265625
13247,1006.0,1158.5443115234375
13248,897.0,1047.807373046875
13249,816.0,931.5968017578125
13250,676.0,857.7217407226562
13251,520.0,773.139892578125
13252,400.0,573.9126586914062
13253,185.0,453.8440246582031
13254,69.0,339.978759765625
13255,35.0,189.13528442382812
13256,8.0,74.26791381835938
13257,2.0,21.303991317749023
13258,0.0,5.021537780761719
13259,0.0,2.8929615020751953
13260,0.0,2.3827171325683594
13261,0.0,2.2635726928710938
13262,0.0,2.183015823364258
13263,0.0,2.115701675415039
13264,0.0,2.1124820709228516
13265,0.0,2.2457122802734375
13266,0.0,2.2031021118164062
13267,0.0,2.2375049591064453
13268,0.0,2.2393722534179688
13269,0.0,2.2937240600585938
13270,0.0,2.266397476196289
13271,0.0,2.280149459838867
13272,0.0,2.280305862426758
13273,0.0,2.266216278076172
13274,0.0,2.302675247192383
13275,0.0,2.3722667694091797
13276,0.0,2.45672607421875
13277,0.0,1.68212890625
13278,0.0,1.246673583984375
13279,0.0,1.0507049560546875
13280,0.0,0.8681240081787109
13281,0.0,0.7021751403808594
13282,0.0,0.5564689636230469
13283,0.0,0.44956207275390625
13284,0.0,0.33585548400878906
13285,0.0,0.19365501403808594
13286,0.0,-0.0075130462646484375
13287,0.0,-0.2260875701904297
13288,0.0,-0.4690113067626953
13289,0.0,-0.41269874572753906
13290,0.0,-0.4411334991455078
13291,0.0,-0.4631671905517578
13292,0.0,-0.463165283203125
13293,0.0,-0.1767749786376953
13294,0.0,-0.09333992004394531
13295,0.0,-0.06150627136230469
13296,0.0,-0.03973960876464844
13297,0.0,0.4775066375732422
13298,0.0,0.5856056213378906
13299,0.0,0.5807056427001953
13300,0.0,0.6243324279785156
13301,0.0,1.5557975769042969
13302,0.0,1.9726581573486328
13303,0.0,2.3534069061279297
13304,0.0,6.241615295410156
13305,0.0,17.097352981567383
13306,1.0,32.37156295776367
13307,5.0,58.99755859375
13308,38.0,131.29644775390625
13309,124.0,154.64926147460938
13310,198.0,174.58302307128906
13311,243.0,214.85560607910156
13312,284.0,299.0327453613281
13313,336.0,391.83740234375
13314,406.0,462.8997497558594
13315,509.0,510.47308349609375
13316,608.0,566.0291137695312
13317,715.0,637.6812744140625
13318,802.0,687.8602294921875
13319,885.0,738.8580322265625
13320,956.0,815.6719970703125
13321,1029.0,855.2044067382812
13322,1089.0,887.5706787109375
13323,1157.0,923.4630126953125
13324,1221.0,981.5497436523438
13325,1277.0,1027.93603515625
13326,1330.0,1081.4051513671875
13327,1372.0,1119.3355712890625
13328,1403.0,1146.083251953125
13329,1428.0,1165.124755859375
13330,1456.0,1187.7183837890625
13331,1472.0,1214.184814453125
13332,1468.0,1244.5986328125
13333,1464.0,1214.0650634765625
13334,1444.0,1174.648193359375
13335,1427.0,1148.55322265625
13336,1390.0,1153.183349609375
13337,1361.0,1213.6630859375
13338,1335.0,1282.5450439453125
13339,1276.0,1304.41064453125
13340,1197.0,1301.7564697265625
13341,1124.0,1274.291259765625
13342,1004.0,1219.46533203125
13343,905.0,1125.3602294921875
13344,796.0,969.7575073242188
13345,684.0,855.213134765625
13346,565.0,790.751953125
13347,445.0,714.303466796875
13348,344.0,524.3580322265625
13349,178.0,413.48492431640625
13350,85.0,314.6036071777344
13351,46.0,216.6075897216797
13352,7.0,64.06696319580078
13353,2.0,18.377702713012695
13354,0.0,5.780536651611328
13355,0.0,3.8611907958984375
13356,0.0,3.5619754791259766
13357,0.0,3.6366710662841797
13358,0.0,3.557130813598633
13359,0.0,3.546598434448242
13360,0.0,3.5526676177978516
13361,0.0,3.614004135131836
13362,0.0,3.578916549682617
13363,0.0,3.6390552520751953
13364,0.0,3.671171188354492
13365,0.0,3.6929454803466797
13366,0.0,3.712118148803711
13367,0.0,3.727741241455078
13368,0.0,3.7526073455810547
13369,0.0,3.6931591033935547
13370,0.0,3.7647552490234375
13371,0.0,3.7211971282958984
13372,0.0,3.7370567321777344
13373,0.0,2.1672515869140625
13374,0.0,1.7434196472167969
13375,0.0,1.3495426177978516
13376,0.0,1.0960922241210938
13377,0.0,0.8384170532226562
13378,0.0,0.6476325988769531
13379,0.0,0.5128612518310547
13380,0.0,0.3844738006591797
13381,0.0,0.21727371215820312
13382,0.0,0.055164337158203125
13383,0.0,-0.0620574951171875
13384,0.0,-0.18250083923339844
13385,0.0,-0.15683937072753906
13386,0.0,-0.1960010528564453
13387,0.0,-0.2263469696044922
13388,0.0,-0.2562751770019531
13389,0.0,-0.12125587463378906
13390,0.0,-0.060375213623046875
13391,0.0,0.021045684814453125
13392,0.0,0.09470748901367188
13393,0.0,0.6999435424804688
13394,0.0,0.9439811706542969
13395,0.0,1.0709514617919922
13396,0.0,1.241903305053711
13397,0.0,2.3063621520996094
13398,0.0,2.8632888793945312
13399,0.0,3.381521224975586
13400,0.0,6.852687835693359
13401,0.0,15.635497093200684
13402,1.0,30.748859405517578
13403,7.0,68.17232513427734
13404,66.0,137.9801788330078
13405,136.0,183.36717224121094
13406,197.0,259.67108154296875
13407,254.0,347.4198913574219
13408,316.0,416.5469055175781
13409,370.0,470.6529846191406
13410,444.0,522.0240478515625
13411,542.0,564.5809936523438
13412,632.0,614.1350708007812
13413,730.0,670.536865234375
13414,818.0,724.5271606445312
13415,895.0,785.4193115234375
13416,964.0,879.7714233398438
13417,1029.0,942.0804443359375
13418,1093.0,1009.71630859375
13419,1154.0,1075.758056640625
13420,1218.0,1150.613525390625
13421,1277.0,1187.6053466796875
13422,1324.0,1193.8226318359375
13423,1364.0,1187.8265380859375
13424,1398.0,1184.59033203125
13425,1424.0,1193.1871337890625
13426,1448.0,1173.6507568359375
13427,1461.0,1119.8681640625
13428,1472.0,1057.880859375
13429,1481.0,1055.2525634765625
13430,1489.0,1055.978759765625
13431,1456.0,1054.8524169921875
13432,1433.0,1061.8104248046875
13433,1386.0,1150.454345703125
13434,1348.0,1232.0146484375
13435,1314.0,1258.184814453125
13436,1253.0,1247.4744873046875
13437,1179.0,1229.2657470703125
13438,1068.0,1195.6566162109375
13439,959.0,1132.075439453125
13440,853.0,967.1820068359375
13441,741.0,868.3471069335938
13442,631.0,735.2178955078125
13443,525.0,557.0908813476562
13444,404.0,373.9485168457031
13445,209.0,270.82135009765625
13446,85.0,130.87855529785156
13447,44.0,67.417724609375
13448,10.0,12.753235816955566
13449,0.0,4.391567230224609
13450,0.0,3.29498291015625
13451,0.0,3.3545150756835938
13452,0.0,3.3967933654785156
13453,0.0,3.447315216064453
13454,0.0,3.361875534057617
13455,0.0,3.4184513092041016
13456,0.0,3.412260055541992
13457,0.0,3.4943275451660156
13458,0.0,3.4965076446533203
13459,0.0,3.5762977600097656
13460,0.0,3.6227684020996094
13461,0.0,3.6590442657470703
13462,0.0,3.661741256713867
13463,0.0,3.699613571166992
13464,0.0,3.735078811645508
13465,0.0,3.7328357696533203
13466,0.0,3.866016387939453
13467,0.0,3.6197566986083984
13468,0.0,3.2478580474853516
13469,0.0,2.0078601837158203
13470,0.0,1.6359272003173828
13471,0.0,1.255239486694336
13472,0.0,1.0710926055908203
13473,0.0,0.9628887176513672
13474,0.0,0.7987804412841797
13475,0.0,0.6565151214599609
13476,0.0,0.5245761871337891
13477,0.0,0.41979217529296875
13478,0.0,0.2778205871582031
13479,0.0,0.297637939453125
13480,0.0,0.35614585876464844
13481,0.0,0.46146202087402344
13482,0.0,0.4624214172363281
13483,0.0,0.4965095520019531
13484,0.0,0.4934349060058594
13485,0.0,0.4817657470703125
13486,0.0,0.4470386505126953
13487,0.0,0.4694328308105469
13488,0.0,0.4921092987060547
13489,0.0,0.8430976867675781
13490,0.0,1.0456886291503906
13491,0.0,1.3072834014892578
13492,0.0,1.7683887481689453
13493,0.0,3.3136234283447266
13494,0.0,4.847448348999023
13495,0.0,7.588830947875977
13496,0.0,22.211780548095703
13497,0.0,44.4089241027832
13498,0.0,80.74058532714844
13499,0.0,107.6006088256836
13500,6.0,145.68759155273438
13501,96.0,211.37725830078125
13502,193.0,300.60498046875
13503,241.0,377.5337829589844
13504,300.0,427.7356872558594
13505,354.0,460.3917236328125
13506,429.0,498.6959228515625
13507,521.0,548.527099609375
13508,619.0,611.5960693359375
13509,715.0,670.8787231445312
13510,803.0,762.62109375
13511,880.0,911.8683471679688
13512,951.0,1041.000732421875
13513,1019.0,1090.5333251953125
13514,1088.0,1130.9342041015625
13515,1144.0,1178.8651123046875
13516,1203.0,1238.900390625
13517,1253.0,1254.8841552734375
13518,1304.0,1263.8209228515625
13519,1336.0,1249.5714111328125
13520,1378.0,1239.34228515625
13521,1405.0,1185.935546875
13522,1422.0,1086.753173828125
13523,1434.0,990.2776489257812
13524,1440.0,939.81689453125
13525,1440.0,928.5292358398438
13526,1435.0,921.7684936523438
13527,1420.0,919.80322265625
13528,1394.0,934.9797973632812
13529,1363.0,950.966796875
13530,1333.0,969.239990234375
13531,1298.0,1021.6898803710938
13532,1247.0,1125.0701904296875
13533,1167.0,1114.877197265625
13534,1042.0,1011.9624633789062
13535,982.0,935.4912109375
13536,870.0,828.767333984375
13537,727.0,761.6239624023438
13538,633.0,675.4141235351562
13539,467.0,564.056396484375
13540,325.0,303.4604187011719
13541,167.0,241.9140167236328
13542,77.0,177.2005615234375
13543,37.0,92.08708190917969
13544,9.0,20.77013397216797
13545,0.0,5.012321472167969
13546,0.0,4.096248626708984
13547,0.0,3.650890350341797
13548,0.0,2.6627845764160156
13549,0.0,1.9492969512939453
13550,0.0,1.5205345153808594
13551,0.0,1.3826637268066406
13552,0.0,1.40289306640625
13553,0.0,1.7887096405029297
13554,0.0,1.9607009887695312
13555,0.0,2.1841297149658203
13556,0.0,2.344999313354492
13557,0.0,2.4850502014160156
13558,0.0,2.516773223876953
13559,0.0,2.6151657104492188
13560,0.0,2.667196273803711
13561,0.0,2.662199020385742
13562,0.0,2.7315750122070312
13563,0.0,2.8448829650878906
13564,0.0,2.9261817932128906
13565,0.0,1.9741325378417969
13566,0.0,1.7675533294677734
13567,0.0,1.4233894348144531
13568,0.0,1.3423004150390625
13569,0.0,1.359212875366211
13570,0.0,1.4917659759521484
13571,0.0,1.5953807830810547
13572,0.0,1.6222152709960938
13573,0.0,1.4454593658447266
13574,0.0,1.303415298461914
13575,0.0,1.1397705078125
13576,0.0,0.7411022186279297
13577,0.0,0.5912399291992188
13578,0.0,0.5188579559326172
13579,0.0,0.5394649505615234
13580,0.0,0.5862789154052734
13581,0.0,0.6910209655761719
13582,0.0,0.7395668029785156
13583,0.0,0.8044662475585938
13584,0.0,0.8240013122558594
13585,0.0,1.004629135131836
13586,0.0,1.1076164245605469
13587,0.0,1.249246597290039
13588,0.0,1.5035839080810547
13589,0.0,2.359342575073242
13590,0.0,3.629758834838867
13591,0.0,7.74608039855957
13592,0.0,25.884008407592773
13593,0.0,44.20839309692383
13594,0.0,65.07103729248047
13595,3.0,85.63253021240234
13596,40.0,103.26507568359375
13597,97.0,133.5727081298828
13598,177.0,212.57423400878906
13599,230.0,317.366943359375
13600,285.0,375.2156982421875
13601,345.0,416.4089660644531
13602,412.0,491.086669921875
13603,515.0,560.5800170898438
13604,611.0,585.67724609375
13605,714.0,589.5147705078125
13606,801.0,607.59130859375
13607,876.0,765.1964111328125
13608,935.0,933.6181030273438
13609,864.0,984.4736328125
13610,500.0,1020.8912963867188
13611,955.0,1055.2855224609375
13612,1148.0,1099.01025390625
13613,1061.0,1109.0870361328125
13614,1242.0,1117.53271484375
13615,1070.0,1110.4849853515625
13616,1341.0,1067.58056640625
13617,1411.0,991.2665405273438
13618,1460.0,946.4982299804688
13619,1417.0,911.9887084960938
13620,1408.0,858.3546142578125
13621,1411.0,819.015869140625
13622,1397.0,781.4944458007812
13623,1378.0,751.8423461914062
13624,1367.0,672.0523681640625
13625,1337.0,661.8801879882812
13626,1283.0,653.7276611328125
13627,1166.0,618.0485229492188
13628,1172.0,537.7191162109375
13629,1100.0,494.4537048339844
13630,966.0,436.9571533203125
13631,593.0,369.6802062988281
13632,305.0,283.3534851074219
13633,300.0,234.94119262695312
13634,336.0,192.0317840576172
13635,267.0,157.19830322265625
13636,168.0,116.63957214355469
13637,116.0,73.20173645019531
13638,66.0,26.74437713623047
13639,27.0,5.580835342407227
13640,9.0,3.0268630981445312
13641,1.0,2.678731918334961
13642,0.0,2.0544872283935547
13643,0.0,1.5598182678222656
13644,0.0,1.2580833435058594
13645,0.0,1.2823295593261719
13646,0.0,1.314798355102539
13647,0.0,1.293954849243164
13648,0.0,1.2201385498046875
13649,0.0,1.1048526763916016
13650,0.0,0.9880123138427734
13651,0.0,0.8658580780029297
13652,0.0,0.7211685180664062
13653,0.0,0.6123485565185547
13654,0.0,0.5161876678466797
13655,0.0,0.45980072021484375
13656,0.0,0.39958763122558594
13657,0.0,0.4041023254394531
13658,0.0,0.28865623474121094
13659,0.0,0.17081451416015625
13660,0.0,0.029741287231445312
13661,0.0,0.8204364776611328
13662,0.0,0.8434658050537109
13663,0.0,0.9951229095458984
13664,0.0,1.1141643524169922
13665,0.0,1.2484416961669922
13666,0.0,1.31536865234375
13667,0.0,1.3464221954345703
13668,0.0,1.3672561645507812
13669,0.0,1.4650650024414062
13670,0.0,1.4430007934570312
13671,0.0,1.416879653930664
13672,0.0,1.3515357971191406
13673,0.0,1.440591812133789
13674,0.0,1.4214820861816406
13675,0.0,1.4114856719970703
13676,0.0,1.3984031677246094
13677,0.0,1.4727554321289062
13678,0.0,1.5087394714355469
13679,0.0,1.5114192962646484
13680,0.0,1.5274009704589844
13681,0.0,1.6414108276367188
13682,0.0,1.6645431518554688
13683,0.0,1.6936111450195312
13684,0.0,1.728811264038086
13685,0.0,1.8343219757080078
13686,0.0,1.9691638946533203
13687,0.0,2.3164024353027344
13688,0.0,3.7124576568603516
13689,0.0,6.959445953369141
13690,1.0,11.957945823669434
13691,10.0,21.09671974182129
13692,65.0,37.91913986206055
13693,162.0,60.96177673339844
13694,253.0,87.13610076904297
13695,302.0,116.68453216552734
13696,349.0,162.54782104492188
13697,382.0,209.95689392089844
13698,420.0,248.92129516601562
13699,457.0,274.4843444824219
13700,475.0,291.7661437988281
13701,528.0,306.4537353515625
13702,557.0,334.1121520996094
13703,628.0,404.3881530761719
13704,768.0,485.5538024902344
13705,860.0,545.2059936523438
13706,861.0,617.2188110351562
13707,986.0,715.7935180664062
13708,1090.0,841.7990112304688
13709,1059.0,920.83447265625
13710,1147.0,960.2941284179688
13711,1106.0,929.2352905273438
13712,886.0,959.445068359375
13713,725.0,1028.9190673828125
13714,1046.0,1120.834228515625
13715,1283.0,1112.156982421875
13716,1285.0,1061.4344482421875
13717,1269.0,1024.739990234375
13718,1238.0,924.6982421875
13719,1073.0,689.4408569335938
13720,929.0,579.3433227539062
13721,805.0,517.7515869140625
13722,769.0,457.8454895019531
13723,754.0,397.0632019042969
13724,688.0,377.57635498046875
13725,686.0,423.6414489746094
13726,740.0,465.5522766113281
13727,646.0,398.6188659667969
13728,473.0,323.2310791015625
13729,402.0,256.0862731933594
13730,371.0,212.72337341308594
13731,349.0,180.96295166015625
13732,298.0,146.0268096923828
13733,191.0,105.6917495727539
13734,107.0,54.446617126464844
13735,59.0,19.027667999267578
13736,19.0,3.3762874603271484
13737,3.0,1.3218250274658203
13738,0.0,0.6722488403320312
13739,0.0,0.3689250946044922
13740,0.0,1.25506591796875
13741,0.0,2.266195297241211
13742,0.0,2.5827884674072266
13743,0.0,2.960744857788086
13744,0.0,3.233531951904297
13745,0.0,3.411121368408203
13746,0.0,3.438558578491211
13747,0.0,3.5739898681640625
13748,0.0,3.6197586059570312
13749,0.0,3.6395225524902344
13750,0.0,3.4261093139648438
13751,0.0,3.3984718322753906
13752,0.0,3.2434520721435547
13753,0.0,3.0317134857177734
13754,0.0,3.3048839569091797
13755,0.0,3.3893280029296875
13756,0.0,3.48626708984375
13757,0.0,1.7473030090332031
13758,0.0,1.2441940307617188
13759,0.0,0.6353607177734375
13760,0.0,0.24898719787597656
13761,0.0,0.039585113525390625
13762,0.0,-0.29061317443847656
13763,0.0,-0.6937713623046875
13764,0.0,-1.4360408782958984
13765,0.0,-2.3182830810546875
13766,0.0,-2.2093238830566406
13767,0.0,-1.522256851196289
13768,0.0,-1.0821418762207031
13769,0.0,-0.9414348602294922
13770,0.0,-0.9498100280761719
13771,0.0,-0.7413787841796875
13772,0.0,-0.4979114532470703
13773,0.0,-0.3255271911621094
13774,0.0,-0.4023761749267578
13775,0.0,-0.4277610778808594
13776,0.0,-0.44507408142089844
13777,0.0,-0.4881134033203125
13778,0.0,-0.6827144622802734
13779,0.0,-0.8864955902099609
13780,0.0,-1.0415592193603516
13781,0.0,-1.1903152465820312
13782,0.0,-1.1317806243896484
13783,0.0,-1.092782974243164
13784,0.0,-0.6731662750244141
13785,0.0,0.7481098175048828
13786,0.0,3.6408004760742188
13787,2.0,7.936624526977539
13788,9.0,14.15312671661377
13789,11.0,22.862503051757812
13790,38.0,37.931358337402344
13791,19.0,63.38871765136719
13792,22.0,100.66532897949219
13793,160.0,141.92811584472656
13794,135.0,186.67050170898438
13795,144.0,197.49195861816406
13796,162.0,204.49288940429688
13797,196.0,203.86729431152344
13798,312.0,206.41067504882812
13799,248.0,215.91555786132812
13800,303.0,240.68624877929688
13801,205.0,280.8811340332031
13802,226.0,322.92498779296875
13803,211.0,361.2710266113281
13804,193.0,404.0696105957031
13805,193.0,434.1351623535156
13806,216.0,443.9850158691406
13807,253.0,442.9700927734375
13808,190.0,434.45672607421875
13809,146.0,420.5843811035156
13810,132.0,414.9756164550781
13811,144.0,404.21478271484375
13812,150.0,388.18115234375
13813,128.0,370.1308288574219
13814,135.0,343.3780822753906
13815,101.0,304.8503723144531
13816,100.0,267.60650634765625
13817,105.0,236.197998046875
13818,92.0,203.5952606201172
13819,75.0,151.19024658203125
13820,90.0,96.69979858398438
13821,75.0,81.5949935913086
13822,65.0,76.51827239990234
13823,75.0,73.59274291992188
13824,74.0,66.25117492675781
13825,47.0,52.642616271972656
13826,20.0,41.21923828125
13827,8.0,36.12047576904297
13828,8.0,14.376410484313965
13829,12.0,3.837007522583008
13830,10.0,2.4366111755371094
13831,3.0,1.5867881774902344
13832,0.0,0.9302234649658203
13833,0.0,0.6981525421142578
13834,0.0,0.509857177734375
13835,0.0,0.395843505859375
13836,0.0,0.31508827209472656
13837,0.0,0.33629417419433594
13838,0.0,0.49585914611816406
13839,0.0,0.5871295928955078
13840,0.0,0.6540374755859375
13841,0.0,0.6777515411376953
13842,0.0,0.7362632751464844
13843,0.0,0.7487888336181641
13844,0.0,0.6945400238037109
13845,0.0,0.538055419921875
13846,0.0,0.5009708404541016
13847,0.0,0.43082618713378906
13848,0.0,0.3758831024169922
13849,0.0,0.3292884826660156
13850,0.0,0.33594703674316406
13851,0.0,0.34630393981933594
13852,0.0,0.3515758514404297
13853,0.0,0.1888599395751953
13854,0.0,0.33608055114746094
13855,0.0,0.2711143493652344
13856,0.0,0.11402511596679688
13857,0.0,-0.0201263427734375
13858,0.0,-0.09790611267089844
13859,0.0,-0.12241744995117188
13860,0.0,-0.08210182189941406
13861,0.0,0.20389556884765625
13862,0.0,0.47606468200683594
13863,0.0,0.6072788238525391
13864,0.0,0.5608959197998047
13865,0.0,0.7208423614501953
13866,0.0,0.7632770538330078
13867,0.0,0.7130546569824219
13868,0.0,0.6694068908691406
13869,0.0,0.8648948669433594
13870,0.0,0.9330215454101562
13871,0.0,0.9192371368408203
13872,0.0,0.8654422760009766
13873,0.0,0.9916248321533203
13874,0.0,1.1968097686767578
13875,0.0,1.4635372161865234
13876,0.0,1.7657184600830078
13877,0.0,2.3411788940429688
13878,0.0,2.851593017578125
13879,0.0,3.431997299194336
13880,0.0,4.386186599731445
13881,0.0,5.966039657592773
13882,0.0,8.035013198852539
13883,0.0,10.651348114013672
13884,2.0,14.406593322753906
13885,2.0,19.698692321777344
13886,8.0,28.820096969604492
13887,9.0,42.529483795166016
13888,10.0,62.15907287597656
13889,13.0,82.42059326171875
13890,25.0,105.34705352783203
13891,38.0,138.5891876220703
13892,63.0,139.74838256835938
13893,76.0,137.69349670410156
13894,93.0,139.61428833007812
13895,101.0,142.08030700683594
13896,134.0,135.4028778076172
13897,166.0,123.93658447265625
13898,181.0,115.67475891113281
13899,220.0,114.52685546875
13900,235.0,118.70733642578125
13901,339.0,122.41136932373047
13902,397.0,126.65562438964844
13903,388.0,134.25657653808594
13904,381.0,148.76780700683594
13905,420.0,174.03271484375
13906,476.0,212.7134246826172
13907,253.0,255.0546112060547
13908,318.0,282.3190612792969
13909,259.0,291.508544921875
13910,311.0,287.0302429199219
13911,211.0,277.4635314941406
13912,127.0,264.45751953125
13913,165.0,246.8445587158203
13914,154.0,225.767578125
13915,170.0,199.5765838623047
13916,184.0,150.41067504882812
13917,207.0,120.00154876708984
13918,143.0,101.05098724365234
13919,237.0,91.28931427001953
13920,332.0,82.7312240600586
13921,182.0,71.64686584472656
13922,58.0,60.43309020996094
13923,62.0,51.04884719848633
13924,91.0,38.2598876953125
13925,75.0,24.730226516723633
13926,76.0,13.73433780670166
13927,70.0,7.869436264038086
13928,21.0,4.72838020324707
13929,4.0,3.6466827392578125
13930,0.0,3.063974380493164
13931,0.0,2.649240493774414
13932,0.0,2.2522354125976562
13933,0.0,2.2022972106933594
13934,0.0,2.288858413696289
13935,0.0,2.441913604736328
13936,0.0,2.5692195892333984
13937,0.0,2.6935081481933594
13938,0.0,3.1325511932373047
13939,0.0,3.7210636138916016
13940,0.0,4.385419845581055
13941,0.0,4.894248962402344
13942,0.0,4.513360977172852
13943,0.0,3.871763229370117
13944,0.0,3.3517017364501953
13945,0.0,2.888580322265625
13946,0.0,3.4066314697265625
13947,0.0,4.182323455810547
13948,0.0,4.894281387329102
13949,0.0,2.562917709350586
13950,0.0,1.7024726867675781
13951,0.0,1.270864486694336
13952,0.0,1.310821533203125
13953,0.0,1.430776596069336
13954,0.0,1.4110069274902344
13955,0.0,1.3729381561279297
13956,0.0,1.3221473693847656
13957,0.0,1.3468704223632812
13958,0.0,1.359649658203125
13959,0.0,1.3890438079833984
13960,0.0,1.4208736419677734
13961,0.0,1.5553169250488281
13962,0.0,1.3908500671386719
13963,0.0,1.0864601135253906
13964,0.0,0.5769233703613281
13965,0.0,-0.275726318359375
13966,0.0,-0.06837272644042969
13967,0.0,0.7610645294189453
13968,0.0,1.9779777526855469
13969,0.0,2.9444522857666016
13970,0.0,2.658466339111328
13971,0.0,2.413768768310547
13972,0.0,2.4241065979003906
13973,0.0,2.783111572265625
13974,0.0,3.108184814453125
13975,0.0,4.298225402832031
13976,0.0,7.042970657348633
13977,0.0,11.37372875213623
13978,0.0,16.441619873046875
13979,0.0,22.879737854003906
13980,3.0,32.715858459472656
13981,16.0,45.840675354003906
13982,86.0,61.692779541015625
13983,139.0,79.608642578125
13984,133.0,101.70234680175781
13985,114.0,126.03779602050781
13986,170.0,152.2921905517578
13987,290.0,179.9976043701172
13988,198.0,205.21243286132812
13989,281.0,218.39659118652344
13990,375.0,249.04672241210938
13991,367.0,286.50152587890625
13992,291.0,305.4259948730469
13993,207.0,308.8033447265625
13994,154.0,310.32373046875
13995,147.0,311.0400695800781
13996,87.0,308.607666015625
13997,104.0,292.2623596191406
13998,64.0,274.0842590332031
13999,68.0,258.79766845703125
14000,98.0,245.0038604736328
14001,121.0,227.28713989257812
14002,150.0,205.48007202148438
14003,217.0,182.41632080078125
14004,209.0,165.194580078125
14005,190.0,159.18594360351562
14006,204.0,160.4434051513672
14007,229.0,166.87399291992188
14008,218.0,178.1068878173828
14009,139.0,188.71180725097656
14010,132.0,199.65707397460938
14011,155.0,207.91311645507812
14012,124.0,210.0620574951172
14013,133.0,196.77023315429688
14014,87.0,171.925048828125
14015,53.0,138.8260955810547
14016,46.0,100.26571655273438
14017,42.0,78.34221649169922
14018,37.0,63.56150817871094
14019,34.0,52.80960464477539
14020,10.0,41.89011764526367
14021,3.0,29.218814849853516
14022,1.0,12.485575675964355
14023,0.0,4.716327667236328
14024,0.0,2.1003952026367188
14025,0.0,0.9528484344482422
14026,0.0,0.3699913024902344
14027,0.0,0.07263565063476562
14028,0.0,-0.10879325866699219
14029,0.0,-0.22686767578125
14030,0.0,-0.2907524108886719
14031,0.0,-0.3350563049316406
14032,0.0,-0.3557109832763672
14033,0.0,-0.3589458465576172
14034,0.0,-0.28490447998046875
14035,0.0,-0.1929931640625
14036,0.0,-0.11938285827636719
14037,0.0,-0.04252433776855469
14038,0.0,0.037509918212890625
14039,0.0,0.10931968688964844
14040,0.0,0.1558971405029297
14041,0.0,0.24078369140625
14042,0.0,0.42357826232910156
14043,0.0,0.5811176300048828
14044,0.0,0.7025203704833984
14045,0.0,0.8525829315185547
14046,0.0,0.6187820434570312
14047,0.0,0.5006523132324219
14048,0.0,0.2939929962158203
14049,0.0,0.1280689239501953
14050,0.0,0.13245773315429688
14051,0.0,0.17101669311523438
14052,0.0,0.20841026306152344
14053,0.0,0.30460166931152344
14054,0.0,0.42268943786621094
14055,0.0,0.5731258392333984
14056,0.0,0.6231193542480469
14057,0.0,0.7647342681884766
14058,0.0,0.5740871429443359
14059,0.0,0.4283466339111328
14060,0.0,0.39151954650878906
14061,0.0,0.6698703765869141
14062,0.0,0.7760868072509766
14063,0.0,0.7651443481445312
14064,0.0,0.7537002563476562
14065,0.0,0.8054847717285156
14066,0.0,0.47098731994628906
14067,0.0,0.11932945251464844
14068,0.0,-0.2246570587158203
14069,0.0,-0.46053123474121094
14070,0.0,-0.10625076293945312
14071,0.0,0.8020439147949219
14072,0.0,2.2990188598632812
14073,0.0,4.505952835083008
14074,0.0,8.323040962219238
14075,0.0,21.023117065429688
14076,11.0,54.25634765625
14077,56.0,112.17797088623047
14078,87.0,172.70602416992188
14079,214.0,212.28631591796875
14080,310.0,238.29209899902344
14081,392.0,252.36148071289062
14082,469.0,286.66156005859375
14083,623.0,362.02099609375
14084,747.0,479.637451171875
14085,723.0,656.9708862304688
14086,662.0,853.6310424804688
14087,671.0,1013.0242919921875
14088,985.0,1121.2572021484375
14089,1107.0,1148.51123046875
14090,1108.0,1165.92236328125
14091,1220.0,1212.0433349609375
14092,1323.0,1361.1488037109375
14093,1339.0,1416.998779296875
14094,1151.0,1440.4288330078125
14095,1228.0,1453.8311767578125
14096,1530.0,1468.6849365234375
14097,1578.0,1456.9580078125
14098,1169.0,1445.9444580078125
14099,1310.0,1448.0291748046875
14100,1462.0,1466.1207275390625
14101,1381.0,1447.45947265625
14102,1567.0,1452.4630126953125
14103,1486.0,1481.59716796875
14104,1372.0,1507.694091796875
14105,1401.0,1484.33837890625
14106,1419.0,1449.8291015625
14107,1366.0,1417.7333984375
14108,1300.0,1383.930419921875
14109,837.0,1265.0228271484375
14110,1014.0,1126.38037109375
14111,1025.0,1018.2152709960938
14112,924.0,858.5764770507812
14113,856.0,700.425537109375
14114,655.0,557.5046997070312
14115,613.0,430.8609313964844
14116,293.0,338.180419921875
14117,175.0,239.928955078125
14118,127.0,138.32688903808594
14119,66.0,77.12232208251953
14120,21.0,43.491249084472656
14121,2.0,27.167869567871094
14122,0.0,14.834737777709961
14123,0.0,5.959131240844727
14124,0.0,2.7221527099609375
14125,0.0,2.645345687866211
14126,0.0,2.678861618041992
14127,0.0,2.681774139404297
14128,0.0,2.731395721435547
14129,0.0,2.876707077026367
14130,0.0,2.8858165740966797
14131,0.0,2.84869384765625
14132,0.0,2.837993621826172
14133,0.0,2.85626220703125
14134,0.0,2.8249778747558594
14135,0.0,2.8375625610351562
14136,0.0,2.8759536743164062
14137,0.0,2.9047698974609375
14138,0.0,2.9661521911621094
14139,0.0,3.011777877807617
14140,0.0,3.063020706176758
14141,0.0,2.3074588775634766
14142,0.0,1.8072338104248047
14143,0.0,1.501333236694336
14144,0.0,1.2948112487792969
14145,0.0,1.0990829467773438
14146,0.0,0.9043064117431641
14147,0.0,0.7745552062988281
14148,0.0,0.6474742889404297
14149,0.0,0.5153160095214844
14150,0.0,0.39475440979003906
14151,0.0,0.25502586364746094
14152,0.0,0.12368392944335938
14153,0.0,0.2326030731201172
14154,0.0,0.25133514404296875
14155,0.0,0.2893562316894531
14156,0.0,0.3342609405517578
14157,0.0,0.77435302734375
14158,0.0,1.0097999572753906
14159,0.0,1.2233047485351562
14160,0.0,1.4667835235595703
14161,0.0,2.4648170471191406
14162,0.0,3.110698699951172
14163,0.0,3.781587600708008
14164,0.0,5.006307601928711
14165,0.0,7.144826889038086
14166,0.0,9.72697925567627
14167,0.0,15.85034465789795
14168,0.0,40.109352111816406
14169,2.0,61.93329620361328
14170,26.0,85.70155334472656
14171,126.0,107.53516387939453
14172,228.0,144.9631805419922
14173,306.0,208.795654296875
14174,360.0,292.1790466308594
14175,385.0,366.0143737792969
14176,443.0,417.2231750488281
14177,518.0,451.99908447265625
14178,585.0,487.5523986816406
14179,682.0,534.00439453125
14180,782.0,577.7515258789062
14181,875.0,620.20458984375
14182,964.0,701.6309204101562
14183,1044.0,824.5996704101562
14184,1114.0,960.0719604492188
14185,1179.0,1018.51953125
14186,1240.0,1066.395263671875
14187,1274.0,1107.911376953125
14188,1302.0,1166.9033203125
14189,1419.0,1210.272216796875
14190,1475.0,1250.0101318359375
14191,1477.0,1284.66162109375
14192,1470.0,1324.4111328125
14193,1566.0,1344.3189697265625
14194,1576.0,1371.52392578125
14195,1596.0,1459.532470703125
14196,1564.0,1563.2850341796875
14197,1643.0,1558.665283203125
14198,1339.0,1541.4208984375
14199,1165.0,1463.0518798828125
14200,1504.0,1246.5875244140625
14201,1050.0,1042.0465087890625
14202,1131.0,1128.75537109375
14203,1577.0,1169.217529296875
14204,993.0,1106.3160400390625
14205,1165.0,799.4510498046875
14206,1262.0,377.5357360839844
14207,346.0,312.61688232421875
14208,1193.0,303.9947509765625
14209,564.0,302.64703369140625
14210,202.0,298.6380310058594
14211,231.0,288.5950927734375
14212,164.0,260.7803649902344
14213,139.0,226.9633026123047
14214,184.0,187.09397888183594
14215,135.0,127.85851287841797
14216,50.0,46.07952880859375
14217,7.0,15.936408996582031
14218,1.0,2.9224472045898438
14219,0.0,1.1453971862792969
14220,0.0,0.4810943603515625
14221,0.0,0.15314102172851562
14222,0.0,-0.36057472229003906
14223,0.0,-0.47298431396484375
14224,0.0,-0.39746856689453125
14225,0.0,0.058383941650390625
14226,0.0,0.13336181640625
14227,0.0,0.8144149780273438
14228,0.0,1.1725730895996094
14229,0.0,1.444173812866211
14230,0.0,1.4373950958251953
14231,0.0,1.307229995727539
14232,0.0,1.09222412109375
14233,0.0,0.7689285278320312
14234,0.0,0.4404335021972656
14235,0.0,0.33844566345214844
14236,0.0,0.28316307067871094
14237,0.0,0.41380882263183594
14238,0.0,0.3991432189941406
14239,0.0,0.5170116424560547
14240,0.0,0.7561454772949219
14241,0.0,1.1868648529052734
14242,0.0,0.9324855804443359
14243,0.0,0.4784412384033203
14244,0.0,0.06891441345214844
14245,0.0,-0.12897300720214844
14246,0.0,-0.2935066223144531
14247,0.0,-0.2209796905517578
14248,0.0,-0.014303207397460938
14249,0.0,0.1519756317138672
14250,0.0,0.2556171417236328
14251,0.0,0.28256797790527344
14252,0.0,0.2114543914794922
14253,0.0,0.04771995544433594
14254,0.0,-0.19049835205078125
14255,0.0,-0.3514747619628906
14256,0.0,-0.3679542541503906
14257,0.0,-0.4270763397216797
14258,0.0,-0.20258522033691406
14259,0.0,0.11542320251464844
14260,0.0,0.39299964904785156
14261,0.0,0.5541114807128906
14262,0.0,0.4176902770996094
14263,0.0,0.41293907165527344
14264,0.0,0.6730232238769531
14265,0.0,3.654691696166992
14266,4.0,13.21617317199707
14267,26.0,33.995521545410156
14268,68.0,64.81207275390625
14269,134.0,91.15498352050781
14270,292.0,111.10136413574219
14271,329.0,133.73391723632812
14272,379.0,167.59681701660156
14273,451.0,188.2822265625
14274,405.0,210.21331787109375
14275,668.0,329.28790283203125
14276,746.0,556.68310546875
14277,864.0,756.1995849609375
14278,975.0,960.2860717773438
14279,1130.0,1097.4173583984375
14280,1078.0,1166.4302978515625
14281,1116.0,1199.1156005859375
14282,1371.0,1229.8814697265625
14283,1546.0,1264.354736328125
14284,1665.0,1327.5557861328125
14285,1251.0,1338.0234375
14286,1503.0,1335.5478515625
14287,1519.0,1333.33544921875
14288,1517.0,1340.4261474609375
14289,1201.0,1377.2227783203125
14290,1513.0,1413.9136962890625
14291,1690.0,1450.621337890625
14292,1749.0,1451.128662109375
14293,1799.0,1424.6883544921875
14294,1361.0,1412.9522705078125
14295,1741.0,1400.0328369140625
14296,1449.0,930.4932861328125
14297,1468.0,836.82861328125
14298,1699.0,787.6287841796875
14299,1156.0,792.6928100585938
14300,1149.0,967.4075317382812
14301,1230.0,956.044677734375
14302,1153.0,869.6221313476562
14303,1165.0,707.893798828125
14304,1199.0,492.3700256347656
14305,802.0,382.70623779296875
14306,880.0,315.4095764160156
14307,825.0,260.5465087890625
14308,672.0,205.28701782226562
14309,501.0,158.3250732421875
14310,344.0,85.2804183959961
14311,169.0,29.766700744628906
14312,42.0,-0.6850013732910156
14313,15.0,-0.8609695434570312
14314,1.0,-0.8854885101318359
14315,0.0,-0.6644668579101562
14316,0.0,-0.48378944396972656
14317,0.0,-0.19994354248046875
14318,0.0,-0.020654678344726562
14319,0.0,0.06341552734375
14320,0.0,0.1528167724609375
14321,0.0,0.32987403869628906
14322,0.0,0.41398048400878906
14323,0.0,0.5066375732421875
14324,0.0,0.5733203887939453
14325,0.0,0.6855831146240234
14326,0.0,0.7890644073486328
14327,0.0,0.9058380126953125
14328,0.0,1.0159568786621094
14329,0.0,1.0930976867675781
14330,0.0,1.2002277374267578
14331,0.0,1.2912921905517578
14332,0.0,1.3757648468017578
14333,0.0,1.0929641723632812
14334,0.0,1.2732124328613281
14335,0.0,1.146677017211914
14336,0.0,0.9171104431152344
14337,0.0,0.7895584106445312
14338,0.0,0.6859798431396484
14339,0.0,0.4864540100097656
14340,0.0,0.3208637237548828
14341,0.0,0.14232444763183594
14342,0.0,-0.08179092407226562
14343,0.0,-0.2245311737060547
14344,0.0,-0.41344451904296875
14345,0.0,-0.2796192169189453
14346,0.0,-0.2656288146972656
14347,0.0,-0.22663116455078125
14348,0.0,-0.1679706573486328
14349,0.0,0.17771148681640625
14350,0.0,0.22625160217285156
14351,0.0,0.23865699768066406
14352,0.0,0.24837684631347656
14353,0.0,0.7733802795410156
14354,0.0,0.9290180206298828
14355,0.0,1.0030632019042969
14356,0.0,1.1488399505615234
14357,0.0,2.0897464752197266
14358,0.0,3.434925079345703
14359,0.0,7.262823104858398
14360,0.0,18.281726837158203
14361,5.0,41.60111618041992
14362,82.0,88.54049682617188
14363,191.0,154.14013671875
14364,285.0,199.6859130859375
14365,339.0,228.70147705078125
14366,370.0,261.4459228515625
14367,396.0,314.3871154785156
14368,441.0,384.3046875
14369,507.0,447.2560729980469
14370,612.0,523.8859252929688
14371,722.0,635.3328857421875
14372,827.0,780.2095336914062
14373,919.0,912.2481689453125
14374,1009.0,1023.3224487304688
14375,1082.0,1102.8333740234375
14376,1149.0,1163.5626220703125
14377,1215.0,1185.8460693359375
14378,1263.0,1204.3507080078125
14379,1316.0,1220.6083984375
14380,1363.0,1246.690185546875
14381,1411.0,1258.0657958984375
14382,1455.0,1268.8839111328125
14383,1493.0,1280.48583984375
14384,1526.0,1299.903564453125
14385,1563.0,1312.2783203125
14386,1586.0,1331.2803955078125
14387,1595.0,1355.1732177734375
14388,1605.0,1381.57373046875
14389,1605.0,1389.591552734375
14390,1608.0,1392.193359375
14391,1600.0,1381.29931640625
14392,1589.0,1324.87548828125
14393,1569.0,1299.228759765625
14394,1533.0,1281.6781005859375
14395,1500.0,1265.686767578125
14396,1455.0,1238.2261962890625
14397,1394.0,1230.07861328125
14398,1314.0,1200.463134765625
14399,1219.0,1141.9014892578125
14400,1120.0,1025.4688720703125
14401,970.0,902.5087280273438
14402,846.0,805.9813842773438
14403,760.0,693.0313720703125
14404,650.0,543.53173828125
14405,516.0,391.6509094238281
14406,369.0,263.8846435546875
14407,187.0,152.27438354492188
14408,41.0,64.73099517822266
14409,16.0,27.9000244140625
14410,3.0,11.951665878295898
14411,0.0,6.258670806884766
14412,0.0,3.9451045989990234
14413,0.0,2.889108657836914
14414,0.0,2.0409889221191406
14415,0.0,1.3666400909423828
14416,0.0,0.8544807434082031
14417,0.0,0.6523952484130859
14418,0.0,0.4829673767089844
14419,0.0,0.3901081085205078
14420,0.0,0.3489189147949219
14421,0.0,0.4081916809082031
14422,0.0,0.4638385772705078
14423,0.0,0.4913482666015625
14424,0.0,0.5357666015625
14425,0.0,0.5803565979003906
14426,0.0,0.5845909118652344
14427,0.0,0.5716171264648438
14428,0.0,0.5560951232910156
14429,0.0,1.04461669921875
14430,0.0,1.0826435089111328
14431,0.0,1.0419960021972656
14432,0.0,0.9003429412841797
14433,0.0,0.8062953948974609
14434,0.0,0.7099952697753906
14435,0.0,0.5557003021240234
14436,0.0,0.41591835021972656
14437,0.0,0.23714828491210938
14438,0.0,0.012033462524414062
14439,0.0,-0.17758560180664062
14440,0.0,-0.3865089416503906
14441,0.0,-0.45013999938964844
14442,0.0,-0.5571327209472656
14443,0.0,-0.6504077911376953
14444,0.0,-0.7179965972900391
14445,0.0,-0.7385101318359375
14446,0.0,-0.8404026031494141
14447,0.0,-0.9266872406005859
14448,0.0,-0.9868946075439453
14449,0.0,-0.8065814971923828
14450,0.0,-0.7433986663818359
14451,0.0,-0.6686210632324219
14452,0.0,-0.5443172454833984
14453,0.0,0.3083381652832031
14454,0.0,2.268341064453125
14455,0.0,9.112103462219238
14456,0.0,23.50926971435547
14457,3.0,54.891517639160156
14458,97.0,106.20735931396484
14459,198.0,169.2460174560547
14460,280.0,214.58001708984375
14461,335.0,249.8661346435547
14462,362.0,294.92718505859375
14463,399.0,356.8609313964844
14464,446.0,428.1923522949219
14465,523.0,505.5104064941406
14466,618.0,637.3689575195312
14467,727.0,807.4520263671875
14468,830.0,969.862548828125
14469,923.0,1061.2025146484375
14470,1004.0,1120.9310302734375
14471,1075.0,1166.7357177734375
14472,1139.0,1225.348876953125
14473,1198.0,1247.176513671875
14474,1248.0,1265.208740234375
14475,1299.0,1280.5166015625
14476,1340.0,1307.708984375
14477,1382.0,1320.6092529296875
14478,1420.0,1337.4942626953125
14479,1456.0,1358.2708740234375
14480,1486.0,1394.4111328125
14481,1519.0,1412.32177734375
14482,1542.0,1436.1749267578125
14483,1558.0,1483.654052734375
14484,1564.0,1529.3077392578125
14485,1572.0,1534.6663818359375
14486,1565.0,1537.23681640625
14487,1562.0,1536.5206298828125
14488,1546.0,1535.5809326171875
14489,1526.0,1509.7181396484375
14490,1502.0,1464.3072509765625
14491,1468.0,1419.4945068359375
14492,1423.0,1378.330322265625
14493,1393.0,1327.751708984375
14494,1306.0,1275.2025146484375
14495,1199.0,1223.6923828125
14496,1094.0,1149.615478515625
14497,975.0,1067.195556640625
14498,816.0,945.1097412109375
14499,728.0,679.2779541015625
14500,616.0,517.44482421875
14501,490.0,417.7854309082031
14502,372.0,324.23272705078125
14503,205.0,233.6183624267578
14504,27.0,92.76334381103516
14505,9.0,31.497371673583984
14506,0.0,7.515827178955078
14507,0.0,2.739349365234375
14508,0.0,1.5755023956298828
14509,0.0,1.2810516357421875
14510,0.0,1.0206890106201172
14511,0.0,0.9223842620849609
14512,0.0,0.8870716094970703
14513,0.0,1.0180797576904297
14514,0.0,1.1342201232910156
14515,0.0,1.2258548736572266
14516,0.0,1.3214073181152344
14517,0.0,1.4514732360839844
14518,0.0,1.5311870574951172
14519,0.0,1.593942642211914
14520,0.0,1.6338615417480469
14521,0.0,1.6329784393310547
14522,0.0,1.6065254211425781
14523,0.0,1.5688114166259766
14524,0.0,1.5248832702636719
14525,0.0,1.4357357025146484
14526,0.0,1.1066913604736328
14527,0.0,1.0407428741455078
14528,0.0,0.8975887298583984
14529,0.0,0.7929191589355469
14530,0.0,0.6890544891357422
14531,0.0,0.5806388854980469
14532,0.0,0.45964622497558594
14533,0.0,0.28793907165527344
14534,0.0,-0.0064220428466796875
14535,0.0,-0.22806167602539062
14536,0.0,-0.4289054870605469
14537,0.0,-0.39942359924316406
14538,0.0,-0.4587287902832031
14539,0.0,-0.5163402557373047
14540,0.0,-0.5500984191894531
14541,0.0,-0.3349494934082031
14542,0.0,-0.3315582275390625
14543,0.0,-0.33423614501953125
14544,0.0,-0.3148994445800781
14545,0.0,0.3891868591308594
14546,0.0,0.6754417419433594
14547,0.0,0.913543701171875
14548,0.0,1.1937065124511719
14549,0.0,2.7946834564208984
14550,0.0,5.562479019165039
14551,0.0,11.965629577636719
14552,0.0,25.64430809020996
14553,3.0,58.0213623046875
14554,99.0,126.56688690185547
14555,196.0,209.30775451660156
14556,277.0,263.57855224609375
14557,325.0,321.8111572265625
14558,365.0,384.84783935546875
14559,397.0,442.3729248046875
14560,443.0,491.4199523925781
14561,517.0,534.3785400390625
14562,618.0,588.7437744140625
14563,722.0,654.3837890625
14564,822.0,719.5884399414062
14565,916.0,771.2396850585938
14566,991.0,830.3416748046875
14567,1065.0,903.3463745117188
14568,1126.0,966.39599609375
14569,1183.0,963.4307250976562
14570,1226.0,1002.1148681640625
14571,1272.0,1098.3720703125
14572,1309.0,1187.1885986328125
14573,1353.0,1240.5584716796875
14574,1391.0,1290.0712890625
14575,1418.0,1330.2420654296875
14576,1462.0,1380.9412841796875
14577,1487.0,1403.610107421875
14578,1506.0,1432.6448974609375
14579,1514.0,1462.7093505859375
14580,1522.0,1495.2750244140625
14581,1522.0,1486.083984375
14582,1523.0,1478.3050537109375
14583,1506.0,1469.171630859375
14584,1497.0,1405.9578857421875
14585,1468.0,1345.4091796875
14586,1435.0,1293.07666015625
14587,1404.0,1262.6142578125
14588,1361.0,1247.6417236328125
14589,1296.0,1216.013427734375
14590,1214.0,1161.989013671875
14591,1113.0,1081.113037109375
14592,1005.0,992.3930053710938
14593,892.0,900.224853515625
14594,752.0,746.2427978515625
14595,651.0,581.994384765625
14596,552.0,361.91241455078125
14597,422.0,241.87371826171875
14598,287.0,158.5142059326172
14599,84.0,103.537353515625
14600,12.0,28.829347610473633
14601,2.0,10.225452423095703
14602,0.0,3.534688949584961
14603,0.0,1.8277339935302734
14604,0.0,0.7881069183349609
14605,0.0,0.04813385009765625
14606,0.0,0.009464263916015625
14607,0.0,0.12037467956542969
14608,0.0,0.31397056579589844
14609,0.0,0.5457687377929688
14610,0.0,0.7130031585693359
14611,0.0,0.8690032958984375
14612,0.0,0.9738922119140625
14613,0.0,1.1694812774658203
14614,0.0,1.3925666809082031
14615,0.0,1.6483516693115234
14616,0.0,1.8417530059814453
14617,0.0,2.017080307006836
14618,0.0,2.132810592651367
14619,0.0,2.232585906982422
14620,0.0,2.3214378356933594
14621,0.0,1.8442344665527344
14622,0.0,1.5142898559570312
14623,0.0,1.3157768249511719
14624,0.0,1.1164932250976562
14625,0.0,0.9471969604492188
14626,0.0,0.7902851104736328
14627,0.0,0.655242919921875
14628,0.0,0.508270263671875
14629,0.0,0.26371192932128906
14630,0.0,0.017093658447265625
14631,0.0,-0.08327484130859375
14632,0.0,-0.28005218505859375
14633,0.0,-0.17846107482910156
14634,0.0,-0.17019081115722656
14635,0.0,-0.17389869689941406
14636,0.0,-0.18022537231445312
14637,0.0,0.00676727294921875
14638,0.0,0.05792427062988281
14639,0.0,0.04804039001464844
14640,0.0,0.04118156433105469
14641,0.0,0.32624244689941406
14642,0.0,0.5675163269042969
14643,0.0,0.7373886108398438
14644,0.0,0.9560832977294922
14645,0.0,1.5390357971191406
14646,0.0,2.728269577026367
14647,0.0,4.847085952758789
14648,0.0,9.533549308776855
14649,1.0,21.094646453857422
14650,33.0,57.19274139404297
14651,94.0,144.793701171875
14652,200.0,239.4744415283203
14653,272.0,314.1374206542969
14654,325.0,379.25341796875
14655,371.0,429.2804870605469
14656,426.0,474.9283752441406
14657,502.0,516.1255493164062
14658,594.0,552.1507568359375
14659,690.0,593.3200073242188
14660,788.0,651.7997436523438
14661,873.0,718.5152587890625
14662,953.0,812.8162841796875
14663,1021.0,951.3023681640625
14664,1085.0,1103.8037109375
14665,1135.0,1166.785888671875
14666,1191.0,1225.9954833984375
14667,1236.0,1261.932861328125
14668,1279.0,1300.137939453125
14669,1308.0,1324.831787109375
14670,1347.0,1370.5552978515625
14671,1375.0,1444.0718994140625
14672,1416.0,1503.0560302734375
14673,1438.0,1525.0654296875
14674,1453.0,1549.01953125
14675,1473.0,1570.8629150390625
14676,1478.0,1581.864501953125
14677,1474.0,1544.915771484375
14678,1472.0,1495.7647705078125
14679,1468.0,1461.9600830078125
14680,1446.0,1447.62353515625
14681,1411.0,1438.4609375
14682,1375.0,1429.415771484375
14683,1319.0,1418.629150390625
14684,1286.0,1390.4532470703125
14685,1224.0,1362.52294921875
14686,1158.0,1320.6307373046875
14687,1072.0,1240.1036376953125
14688,957.0,1120.2708740234375
14689,839.0,997.5614624023438
14690,707.0,840.022216796875
14691,609.0,709.2322387695312
14692,498.0,517.2972412109375
14693,372.0,411.0713195800781
14694,262.0,339.456787109375
14695,153.0,260.2815856933594
14696,32.0,104.37500762939453
14697,5.0,74.6307144165039
14698,0.0,31.31886863708496
14699,0.0,5.507656097412109
14700,0.0,1.1742515563964844
14701,0.0,1.6018829345703125
14702,0.0,1.984579086303711
14703,0.0,2.1733226776123047
14704,0.0,2.203981399536133
14705,0.0,2.268125534057617
14706,0.0,2.2898616790771484
14707,0.0,2.326730728149414
14708,0.0,2.3614273071289062
14709,0.0,2.3750076293945312
14710,0.0,2.4658851623535156
14711,0.0,2.3987293243408203
14712,0.0,2.4057579040527344
14713,0.0,2.3423690795898438
14714,0.0,2.3902225494384766
14715,0.0,2.3363380432128906
14716,0.0,2.331390380859375
14717,0.0,1.9274539947509766
14718,0.0,1.5174503326416016
14719,0.0,1.5082588195800781
14720,0.0,1.57525634765625
14721,0.0,1.6273212432861328
14722,0.0,1.615091323852539
14723,0.0,1.5433673858642578
14724,0.0,1.4086570739746094
14725,0.0,1.1805591583251953
14726,0.0,0.8203105926513672
14727,0.0,0.5982780456542969
14728,0.0,0.3527717590332031
14729,0.0,0.2420978546142578
14730,0.0,0.1682758331298828
14731,0.0,0.25612640380859375
14732,0.0,0.38724327087402344
14733,0.0,0.48780250549316406
14734,0.0,0.5843410491943359
14735,0.0,0.6267776489257812
14736,0.0,0.6457901000976562
14737,0.0,0.7332210540771484
14738,0.0,0.7283191680908203
14739,0.0,0.6704616546630859
14740,0.0,0.6404247283935547
14741,0.0,1.2440471649169922
14742,0.0,5.248876571655273
14743,0.0,15.515713691711426
14744,0.0,38.56196212768555
14745,4.0,100.97785186767578
14746,75.0,185.85064697265625
14747,164.0,252.11093139648438
14748,246.0,297.1819152832031
14749,307.0,322.112060546875
14750,353.0,350.2103271484375
14751,398.0,390.0230407714844
14752,452.0,491.6914978027344
14753,529.0,630.9900512695312
14754,624.0,805.021728515625
14755,725.0,942.4397583007812
14756,815.0,1047.2838134765625
14757,909.0,1098.2030029296875
14758,988.0,1149.9642333984375
14759,1061.0,1219.0069580078125
14760,1123.0,1322.8671875
14761,1184.0,1366.8475341796875
14762,1242.0,1424.4019775390625
14763,1295.0,1498.258544921875
14764,1335.0,1566.1563720703125
14765,1388.0,1581.3829345703125
14766,1420.0,1589.6053466796875
14767,1471.0,1594.315673828125
14768,1491.0,1604.657470703125
14769,1522.0,1604.5496826171875
14770,1539.0,1603.5382080078125
14771,1549.0,1585.72998046875
14772,1557.0,1518.8072509765625
14773,1534.0,1486.6024169921875
14774,1507.0,1454.3251953125
14775,1492.0,1429.8197021484375
14776,1454.0,1402.6923828125
14777,1426.0,1370.5439453125
14778,1400.0,1304.93505859375
14779,1359.0,1163.0445556640625
14780,1299.0,1080.7940673828125
14781,1140.0,980.5897216796875
14782,1056.0,911.894287109375
14783,976.0,868.8756713867188
14784,685.0,813.0662841796875
14785,346.0,812.580078125
14786,454.0,783.9909057617188
14787,264.0,716.2822875976562
14788,148.0,606.2882690429688
14789,108.0,502.40057373046875
14790,96.0,371.51177978515625
14791,62.0,229.53273010253906
14792,23.0,124.87657165527344
14793,1.0,61.08460235595703
14794,0.0,23.911497116088867
14795,0.0,0.654510498046875
14796,0.0,-1.95623779296875
14797,0.0,-1.718292236328125
14798,0.0,-1.9560565948486328
14799,0.0,-1.952850341796875
14800,0.0,-1.8525428771972656
14801,0.0,-1.6843681335449219
14802,0.0,-1.2520484924316406
14803,0.0,-0.7560958862304688
14804,0.0,-0.2554607391357422
14805,0.0,0.20131683349609375
14806,0.0,0.32365989685058594
14807,0.0,0.5607967376708984
14808,0.0,0.7990322113037109
14809,0.0,1.1014137268066406
14810,0.0,1.0694904327392578
14811,0.0,1.0446701049804688
14812,0.0,0.9068183898925781
14813,0.0,1.2228431701660156
14814,0.0,1.4521465301513672
14815,0.0,1.6013660430908203
14816,0.0,1.7244148254394531
14817,0.0,1.6664867401123047
14818,0.0,1.7311344146728516
14819,0.0,1.7424278259277344
14820,0.0,1.7480850219726562
14821,0.0,1.8255844116210938
14822,0.0,1.7512664794921875
14823,0.0,1.6999664306640625
14824,0.0,1.643350601196289
14825,0.0,1.6610870361328125
14826,0.0,1.6554489135742188
14827,0.0,1.5769271850585938
14828,0.0,1.4474525451660156
14829,0.0,1.3726425170898438
14830,0.0,1.1939849853515625
14831,0.0,1.1725139617919922
14832,0.0,1.0375747680664062
14833,0.0,1.0379142761230469
14834,0.0,0.8592281341552734
14835,0.0,0.7449798583984375
14836,0.0,0.6231346130371094
14837,0.0,0.5624942779541016
14838,0.0,0.57037353515625
14839,0.0,1.7023391723632812
14840,1.0,4.918695449829102
14841,6.0,13.463935852050781
14842,15.0,33.08746337890625
14843,26.0,69.6928939819336
14844,78.0,97.57740020751953
14845,121.0,131.668701171875
14846,140.0,176.7505645751953
14847,137.0,227.4713897705078
14848,192.0,309.8927917480469
14849,231.0,366.25634765625
14850,337.0,406.918701171875
14851,321.0,441.54693603515625
14852,275.0,435.2837829589844
14853,571.0,485.7896423339844
14854,639.0,531.1323852539062
14855,703.0,555.9691162109375
14856,1096.0,540.560791015625
14857,732.0,511.6015930175781
14858,616.0,497.9252014160156
14859,635.0,514.8472900390625
14860,620.0,532.185791015625
14861,564.0,521.435302734375
14862,642.0,493.8064880371094
14863,554.0,445.91064453125
14864,1009.0,425.9024963378906
14865,908.0,489.2577209472656
14866,749.0,487.9658508300781
14867,790.0,485.33038330078125
14868,1243.0,472.98260498046875
14869,1036.0,450.53948974609375
14870,992.0,459.590576171875
14871,669.0,590.0187377929688
14872,693.0,798.1096801757812
14873,582.0,949.2913818359375
14874,571.0,984.8840942382812
14875,618.0,926.2098388671875
14876,677.0,729.066162109375
14877,938.0,543.2554931640625
14878,628.0,435.1888427734375
14879,407.0,361.3630065917969
14880,419.0,316.0352478027344
14881,337.0,275.98345947265625
14882,200.0,227.74449157714844
14883,159.0,175.25701904296875
14884,127.0,114.1444320678711
14885,132.0,74.544189453125
14886,103.0,50.960453033447266
14887,89.0,31.985713958740234
14888,73.0,18.20032501220703
14889,30.0,12.206216812133789
14890,6.0,8.56496810913086
14891,0.0,5.02934455871582
14892,0.0,1.5001850128173828
14893,0.0,1.361307144165039
14894,0.0,1.2591209411621094
14895,0.0,1.2688102722167969
14896,0.0,1.2482051849365234
14897,0.0,1.2852001190185547
14898,0.0,1.3913497924804688
14899,0.0,1.7381343841552734
14900,0.0,2.049837112426758
14901,0.0,2.323314666748047
14902,0.0,2.432718276977539
14903,0.0,2.601268768310547
14904,0.0,2.7421703338623047
14905,0.0,2.7064361572265625
14906,0.0,2.739105224609375
14907,0.0,2.6306705474853516
14908,0.0,2.567598342895508
14909,0.0,2.301767349243164
14910,0.0,1.5553836822509766
14911,0.0,0.6739253997802734
14912,0.0,0.2572135925292969
14913,0.0,-0.11754417419433594
14914,0.0,-0.5490322113037109
14915,0.0,-0.7948513031005859
14916,0.0,-0.9473361968994141
14917,0.0,-1.0628204345703125
14918,0.0,-1.0816059112548828
14919,0.0,-1.031341552734375
14920,0.0,-1.1003265380859375
14921,0.0,-1.2491283416748047
14922,0.0,-1.468069076538086
14923,0.0,-1.3770198822021484
14924,0.0,-1.2334880828857422
14925,0.0,-1.1192550659179688
14926,0.0,-1.0396652221679688
14927,0.0,-0.9418697357177734
14928,0.0,-0.6370639801025391
14929,0.0,-0.46001243591308594
14930,0.0,-0.009563446044921875
14931,0.0,0.6809520721435547
14932,0.0,2.242136001586914
14933,0.0,3.751728057861328
14934,0.0,5.261787414550781
14935,0.0,6.9019927978515625
14936,0.0,10.118695259094238
14937,2.0,13.703680992126465
14938,9.0,20.153818130493164
14939,17.0,31.51129722595215
14940,17.0,51.13520431518555
14941,34.0,73.03299713134766
14942,38.0,92.2209243774414
14943,38.0,114.9495849609375
14944,44.0,148.1703338623047
14945,57.0,156.90853881835938
14946,87.0,168.73553466796875
14947,92.0,181.0042266845703
14948,104.0,193.16476440429688
14949,163.0,207.15382385253906
14950,190.0,241.8187713623047
14951,253.0,285.82232666015625
14952,361.0,328.16778564453125
14953,405.0,376.0600891113281
14954,505.0,415.19866943359375
14955,631.0,458.7320556640625
14956,796.0,571.04638671875
14957,888.0,689.9334106445312
14958,888.0,765.2611083984375
14959,745.0,825.6871337890625
14960,1017.0,879.1541748046875
14961,1213.0,938.480712890625
14962,871.0,989.7716674804688
14963,916.0,989.2107543945312
14964,736.0,911.2841796875
14965,756.0,847.4949951171875
14966,883.0,836.7584228515625
14967,828.0,856.0584106445312
14968,505.0,884.8316650390625
14969,479.0,868.7234497070312
14970,493.0,835.0394897460938
14971,799.0,855.4427490234375
14972,1113.0,874.9832153320312
14973,1313.0,865.918212890625
14974,1262.0,827.8300170898438
14975,908.0,752.615234375
14976,283.0,669.023681640625
14977,713.0,623.1515502929688
14978,737.0,524.6004638671875
14979,511.0,354.731201171875
14980,403.0,231.18017578125
14981,305.0,169.51861572265625
14982,341.0,101.13916778564453
14983,212.0,44.87705993652344
14984,82.0,14.3779296875
14985,28.0,5.53880500793457
14986,6.0,2.7516841888427734
14987,0.0,1.883413314819336
14988,0.0,1.402191162109375
14989,0.0,1.5289554595947266
14990,0.0,1.101755142211914
14991,0.0,1.1554069519042969
14992,0.0,1.0527534484863281
14993,0.0,1.0572395324707031
14994,0.0,0.9835147857666016
14995,0.0,1.0647945404052734
14996,0.0,1.0751895904541016
14997,0.0,1.0811882019042969
14998,0.0,0.7899856567382812
14999,0.0,0.6141624450683594
15000,0.0,0.41941261291503906
15001,0.0,0.23470497131347656
15002,0.0,0.22646331787109375
15003,0.0,-0.22760963439941406
15004,0.0,-1.2711620330810547
15005,0.0,-1.2790641784667969
15006,0.0,-0.6984062194824219
15007,0.0,-0.4026947021484375
15008,0.0,-0.1202850341796875
15009,0.0,0.16924667358398438
15010,0.0,0.26305198669433594
15011,0.0,0.37195777893066406
15012,0.0,0.4094581604003906
15013,0.0,0.6024417877197266
15014,0.0,0.6416015625
15015,0.0,0.6353034973144531
15016,0.0,0.6567211151123047
15017,0.0,0.8298397064208984
15018,0.0,0.9836864471435547
15019,0.0,1.0374565124511719
15020,0.0,1.0563335418701172
15021,0.0,0.6196117401123047
15022,0.0,0.1313610076904297
15023,0.0,-0.31122779846191406
15024,0.0,-0.7362327575683594
15025,0.0,-1.3327865600585938
15026,0.0,-1.675851821899414
15027,0.0,-1.900033950805664
15028,0.0,-1.9658317565917969
15029,0.0,-2.019937515258789
15030,0.0,-1.454568862915039
15031,0.0,-0.10428237915039062
15032,0.0,2.5113468170166016
15033,3.0,8.828864097595215
15034,9.0,19.602874755859375
15035,4.0,35.553470611572266
15036,11.0,60.89530944824219
15037,19.0,92.66838073730469
15038,58.0,126.83618927001953
15039,177.0,161.62899780273438
15040,390.0,185.42420959472656
15041,617.0,187.5903778076172
15042,745.0,207.781005859375
15043,818.0,287.0460205078125
15044,889.0,464.0120544433594
15045,991.0,652.138427734375
15046,1105.0,917.8194580078125
15047,1094.0,1088.637451171875
15048,801.0,1193.0284423828125
15049,740.0,1180.9306640625
15050,771.0,1153.3382568359375
15051,940.0,1079.9500732421875
15052,980.0,966.3090209960938
15053,635.0,837.254638671875
15054,400.0,767.4075317382812
15055,195.0,749.967529296875
15056,207.0,757.0014038085938
15057,289.0,777.8937377929688
15058,365.0,828.6406860351562
15059,533.0,891.7488403320312
15060,600.0,849.3355712890625
15061,617.0,684.6862182617188
15062,998.0,706.1425170898438
15063,1682.0,656.7093505859375
15064,846.0,639.4894409179688
15065,964.0,684.2872924804688
15066,478.0,682.9498901367188
15067,1232.0,673.8031616210938
15068,1286.0,737.3425903320312
15069,517.0,894.56787109375
15070,522.0,1002.897216796875
15071,665.0,1007.899658203125
15072,742.0,934.3528442382812
15073,536.0,748.5067749023438
15074,452.0,536.9810180664062
15075,288.0,425.4617614746094
15076,441.0,348.8948059082031
15077,394.0,249.07406616210938
15078,182.0,147.53579711914062
15079,79.0,54.82269287109375
15080,57.0,9.0390625
15081,46.0,3.2425785064697266
15082,12.0,2.2812252044677734
15083,0.0,2.2256412506103516
15084,0.0,2.3340911865234375
15085,0.0,2.649843215942383
15086,0.0,2.6670169830322266
15087,0.0,2.688983917236328
15088,0.0,2.623859405517578
15089,0.0,2.5155563354492188
15090,0.0,2.1984195709228516
15091,0.0,1.9127178192138672
15092,0.0,1.6090087890625
15093,0.0,1.3089313507080078
15094,0.0,1.014242172241211
15095,0.0,0.8045310974121094
15096,0.0,0.6347084045410156
15097,0.0,0.503448486328125
15098,0.0,0.2568550109863281
15099,0.0,0.1513385772705078
15100,0.0,0.03421592712402344
15101,0.0,1.041738510131836
15102,0.0,0.5549430847167969
15103,0.0,0.608551025390625
15104,0.0,0.6296062469482422
15105,0.0,0.8384475708007812
15106,0.0,0.8050556182861328
15107,0.0,0.7261619567871094
15108,0.0,0.6382026672363281
15109,0.0,0.7230815887451172
15110,0.0,0.8809013366699219
15111,0.0,0.96337890625
15112,0.0,0.9745235443115234
15113,0.0,1.1071815490722656
15114,0.0,1.0440959930419922
15115,0.0,0.8918094635009766
15116,0.0,0.7199382781982422
15117,0.0,0.6654834747314453
15118,0.0,0.6391143798828125
15119,0.0,0.6704063415527344
15120,0.0,0.7268142700195312
15121,0.0,0.8509731292724609
15122,0.0,1.2929439544677734
15123,0.0,1.3645992279052734
15124,0.0,1.205312728881836
15125,0.0,0.8845863342285156
15126,0.0,1.7608413696289062
15127,0.0,3.8914337158203125
15128,0.0,7.602254867553711
15129,5.0,14.117818832397461
15130,9.0,21.377368927001953
15131,13.0,28.771438598632812
15132,27.0,36.49298858642578
15133,61.0,43.275962829589844
15134,124.0,54.63811492919922
15135,150.0,69.08627319335938
15136,217.0,88.96051025390625
15137,239.0,111.05924224853516
15138,282.0,135.5995635986328
15139,417.0,167.42575073242188
15140,321.0,175.2853240966797
15141,121.0,176.805908203125
15142,128.0,181.96762084960938
15143,151.0,191.55856323242188
15144,162.0,209.99974060058594
15145,136.0,221.89398193359375
15146,130.0,223.82711791992188
15147,134.0,227.8076171875
15148,185.0,237.84344482421875
15149,257.0,246.18679809570312
15150,273.0,257.95587158203125
15151,206.0,274.7149353027344
15152,231.0,296.6440124511719
15153,353.0,309.61077880859375
15154,486.0,317.4048156738281
15155,304.0,324.1302795410156
15156,273.0,334.6658020019531
15157,398.0,347.35223388671875
15158,501.0,366.3041687011719
15159,537.0,392.42181396484375
15160,384.0,426.6835021972656
15161,621.0,481.5148010253906
15162,466.0,503.7660827636719
15163,622.0,466.51971435546875
15164,567.0,412.9789123535156
15165,387.0,367.53863525390625
15166,299.0,347.1242980957031
15167,270.0,336.2519226074219
15168,248.0,289.7711486816406
15169,98.0,226.38418579101562
15170,124.0,182.62612915039062
15171,84.0,161.23736572265625
15172,72.0,135.3882598876953
15173,81.0,107.67235565185547
15174,50.0,77.57581329345703
15175,24.0,39.71613311767578
15176,8.0,17.30267906188965
15177,4.0,9.413824081420898
15178,1.0,4.306116104125977
15179,0.0,2.1390933990478516
15180,0.0,1.1592941284179688
15181,0.0,0.9237194061279297
15182,0.0,0.5723609924316406
15183,0.0,0.4808540344238281
15184,0.0,0.39691734313964844
15185,0.0,0.4331378936767578
15186,0.0,0.39182090759277344
15187,0.0,0.0247344970703125
15188,0.0,-0.5562725067138672
15189,0.0,-1.4194755554199219
15190,0.0,-1.704488754272461
15191,0.0,-1.6873455047607422
15192,0.0,-1.7590217590332031
15193,0.0,-1.7662296295166016
15194,0.0,-1.359640121459961
15195,0.0,-0.4601631164550781
15196,0.0,-0.07827949523925781
15197,0.0,1.0707283020019531
15198,0.0,0.1890583038330078
15199,0.0,0.11610221862792969
15200,0.0,-0.05544090270996094
15201,0.0,-0.20894432067871094
15202,0.0,-0.36379051208496094
15203,0.0,-0.3854999542236328
15204,0.0,-0.49822998046875
15205,0.0,-0.4581336975097656
15206,0.0,-0.7392921447753906
15207,0.0,-0.7985019683837891
15208,0.0,-0.7588024139404297
15209,0.0,-0.6386451721191406
15210,0.0,-0.7108554840087891
15211,0.0,-0.6191997528076172
15212,0.0,-0.27344703674316406
15213,0.0,0.18912506103515625
15214,0.0,0.8435611724853516
15215,0.0,0.9774627685546875
15216,0.0,0.9465255737304688
15217,0.0,1.0518665313720703
15218,0.0,1.3020057678222656
15219,0.0,1.3518638610839844
15220,0.0,1.4838695526123047
15221,0.0,2.256216049194336
15222,0.0,4.395803451538086
15223,0.0,7.676792144775391
15224,1.0,14.922523498535156
15225,3.0,22.187978744506836
15226,14.0,33.23846435546875
15227,25.0,48.777313232421875
15228,69.0,71.54915618896484
15229,108.0,83.62395477294922
15230,139.0,96.7698745727539
15231,197.0,114.38900756835938
15232,222.0,137.85211181640625
15233,211.0,146.08033752441406
15234,388.0,152.23373413085938
15235,396.0,157.7002410888672
15236,412.0,163.47354125976562
15237,421.0,169.54559326171875
15238,461.0,174.9398651123047
15239,363.0,185.99554443359375
15240,411.0,217.57437133789062
15241,559.0,245.5905303955078
15242,601.0,280.1792297363281
15243,562.0,311.89105224609375
15244,617.0,359.3662109375
15245,448.0,430.2557373046875
15246,561.0,503.1769104003906
15247,544.0,487.5015563964844
15248,572.0,452.73681640625
15249,436.0,451.8495178222656
15250,506.0,454.6250305175781
15251,724.0,453.8070983886719
15252,716.0,452.75579833984375
15253,709.0,459.8669738769531
15254,956.0,474.147705078125
15255,1032.0,487.3853454589844
15256,552.0,501.62152099609375
15257,766.0,507.23681640625
15258,590.0,499.2245788574219
15259,429.0,482.8525085449219
15260,707.0,463.6875915527344
15261,1003.0,446.2601013183594
15262,893.0,430.7889404296875
15263,341.0,399.3488464355469
15264,768.0,364.8353271484375
15265,697.0,281.7920227050781
15266,908.0,231.98443603515625
15267,776.0,199.39584350585938
15268,603.0,160.724609375
15269,484.0,121.70391845703125
15270,387.0,80.1970443725586
15271,278.0,49.57707595825195
15272,134.0,18.49510383605957
15273,51.0,7.836706161499023
15274,16.0,4.094659805297852
15275,1.0,3.2483882904052734
15276,0.0,2.904561996459961
15277,0.0,3.040956497192383
15278,0.0,2.533374786376953
15279,0.0,2.4719810485839844
15280,0.0,2.3023815155029297
15281,0.0,2.166046142578125
15282,0.0,1.9985542297363281
15283,0.0,1.8757305145263672
15284,0.0,1.747518539428711
15285,0.0,1.5798149108886719
15286,0.0,1.5080146789550781
15287,0.0,1.4262886047363281
15288,0.0,1.386962890625
15289,0.0,1.2729835510253906
15290,0.0,1.3933391571044922
15291,0.0,1.3268508911132812
15292,0.0,1.3839035034179688
15293,0.0,1.5324745178222656
15294,0.0,1.4364376068115234
15295,0.0,1.061716079711914
15296,0.0,0.8781070709228516
15297,0.0,0.5981788635253906
15298,0.0,0.3387718200683594
15299,0.0,0.14697265625
15300,0.0,-0.015890121459960938
15301,0.0,-0.1722431182861328
15302,0.0,-0.33150482177734375
15303,0.0,-0.45380592346191406
15304,0.0,-0.5521984100341797
15305,0.0,-0.5941963195800781
15306,0.0,-0.6312236785888672
15307,0.0,-0.6461429595947266
15308,0.0,-0.6492214202880859
15309,0.0,-0.5053520202636719
15310,0.0,-0.34525108337402344
15311,0.0,-0.1644878387451172
15312,0.0,0.18202781677246094
15313,0.0,0.8503532409667969
15314,0.0,1.6654739379882812
15315,0.0,2.804391860961914
15316,0.0,5.858268737792969
15317,0.0,10.460007667541504
15318,0.0,19.746850967407227
15319,0.0,39.223636627197266
15320,2.0,73.93677520751953
15321,25.0,91.52257537841797
15322,66.0,113.24649047851562
15323,154.0,136.49655151367188
15324,312.0,174.75775146484375
15325,405.0,227.76600646972656
15326,498.0,289.0065002441406
15327,574.0,344.9921875
15328,621.0,388.2441101074219
15329,705.0,428.2191162109375
15330,799.0,496.3496398925781
15331,890.0,613.8901977539062
15332,977.0,780.0336303710938
15333,1072.0,897.0084838867188
15334,1153.0,981.3128051757812
15335,1219.0,1055.5987548828125
15336,1275.0,1137.5645751953125
15337,1321.0,1185.9835205078125
15338,1364.0,1250.2369384765625
15339,1400.0,1315.9927978515625
15340,1431.0,1387.202392578125
15341,1451.0,1420.5941162109375
15342,1479.0,1438.4296875
15343,1511.0,1432.7015380859375
15344,1529.0,1435.82666015625
15345,1553.0,1421.3125
15346,1565.0,1390.63671875
15347,1585.0,1325.3197021484375
15348,1582.0,1201.221435546875
15349,1585.0,1142.6142578125
15350,1576.0,1089.5299072265625
15351,1567.0,1040.4852294921875
15352,1556.0,997.7748413085938
15353,1527.0,980.9580688476562
15354,1509.0,964.601806640625
15355,1454.0,949.319580078125
15356,1410.0,938.2841796875
15357,1346.0,938.5510864257812
15358,1262.0,941.5960693359375
15359,1162.0,943.5067749023438
15360,1084.0,868.2665405273438
15361,1004.0,830.0614013671875
15362,887.0,786.6387329101562
15363,757.0,713.59814453125
15364,585.0,568.451416015625
15365,247.0,413.92462158203125
15366,312.0,251.43666076660156
15367,253.0,133.41004943847656
15368,117.0,46.16815185546875
15369,48.0,18.44145965576172
15370,16.0,5.270368576049805
15371,0.0,3.4310550689697266
15372,0.0,2.3593292236328125
15373,0.0,1.639190673828125
15374,0.0,0.9289531707763672
15375,0.0,0.6803741455078125
15376,0.0,0.5990333557128906
15377,0.0,0.9319667816162109
15378,0.0,1.1520309448242188
15379,0.0,1.4807281494140625
15380,0.0,1.638143539428711
15381,0.0,1.6640033721923828
15382,0.0,1.6189517974853516
15383,0.0,1.5213146209716797
15384,0.0,1.4081172943115234
15385,0.0,1.2351303100585938
15386,0.0,1.0133743286132812
15387,0.0,0.8174037933349609
15388,0.0,0.5635833740234375
15389,0.0,1.285268783569336
15390,0.0,1.3015003204345703
15391,0.0,1.3573150634765625
15392,0.0,1.357889175415039
15393,0.0,1.4404277801513672
15394,0.0,1.4266834259033203
15395,0.0,1.3943767547607422
15396,0.0,1.36553955078125
15397,0.0,1.472900390625
15398,0.0,1.3566036224365234
15399,0.0,1.3103790283203125
15400,0.0,1.1726646423339844
15401,0.0,1.2401409149169922
15402,0.0,1.1887950897216797
15403,0.0,1.0796546936035156
15404,0.0,0.9472599029541016
15405,0.0,0.9824237823486328
15406,0.0,0.8413238525390625
15407,0.0,0.7337112426757812
15408,0.0,0.7318840026855469
15409,0.0,1.1440753936767578
15410,0.0,1.4696331024169922
15411,0.0,1.6975555419921875
15412,0.0,2.0382137298583984
15413,0.0,4.0764617919921875
15414,0.0,7.7435455322265625
15415,0.0,12.72494125366211
15416,0.0,20.48337745666504
15417,5.0,35.773681640625
15418,9.0,65.02848815917969
15419,17.0,100.69834899902344
15420,41.0,136.79122924804688
15421,77.0,176.01214599609375
15422,197.0,225.85171508789062
15423,243.0,283.24615478515625
15424,233.0,345.1246032714844
15425,291.0,392.4472961425781
15426,334.0,430.60247802734375
15427,236.0,455.4790954589844
15428,225.0,465.48797607421875
15429,235.0,463.9762878417969
15430,279.0,461.0613098144531
15431,297.0,453.2186584472656
15432,388.0,466.5075988769531
15433,577.0,471.46710205078125
15434,537.0,482.439697265625
15435,770.0,499.1940612792969
15436,732.0,520.3809204101562
15437,613.0,526.2600708007812
15438,589.0,534.1702880859375
15439,517.0,540.2093505859375
15440,441.0,557.2622680664062
15441,510.0,551.938232421875
15442,594.0,526.57568359375
15443,665.0,504.53411865234375
15444,673.0,496.7900695800781
15445,609.0,541.7000122070312
15446,577.0,609.1514282226562
15447,452.0,660.5842895507812
15448,453.0,654.2009887695312
15449,361.0,537.5982666015625
15450,331.0,467.28302001953125
15451,399.0,416.94622802734375
15452,475.0,385.96893310546875
15453,479.0,347.6145935058594
15454,427.0,309.065673828125
15455,309.0,262.6159973144531
15456,217.0,188.93983459472656
15457,113.0,163.28419494628906
15458,71.0,139.6796417236328
15459,62.0,122.00887298583984
15460,54.0,108.832763671875
15461,48.0,95.48777770996094
15462,42.0,78.88050079345703
15463,27.0,46.67503356933594
15464,14.0,19.439922332763672
15465,2.0,8.007417678833008
15466,0.0,3.5171890258789062
15467,0.0,1.9790687561035156
15468,0.0,1.3874244689941406
15469,0.0,1.305419921875
15470,0.0,1.258880615234375
15471,0.0,1.2905521392822266
15472,0.0,1.2874584197998047
15473,0.0,1.2332019805908203
15474,0.0,1.0216522216796875
15475,0.0,0.8252105712890625
15476,0.0,0.6123867034912109
15477,0.0,0.40694236755371094
15478,0.0,0.5994758605957031
15479,0.0,0.7848129272460938
15480,0.0,1.0576152801513672
15481,0.0,1.08929443359375
15482,0.0,0.5399894714355469
15483,0.0,0.5207500457763672
15484,0.0,0.35668182373046875
15485,0.0,0.4055137634277344
15486,0.0,0.4117298126220703
15487,0.0,0.3807258605957031
15488,0.0,0.6386375427246094
15489,0.0,0.7676639556884766
15490,0.0,0.6744194030761719
15491,0.0,0.6696491241455078
15492,0.0,0.6236476898193359
15493,0.0,0.5692710876464844
15494,0.0,0.5401401519775391
15495,0.0,0.5441360473632812
15496,0.0,0.5651378631591797
15497,0.0,0.5303211212158203
15498,0.0,0.4372673034667969
15499,0.0,0.532684326171875
15500,0.0,0.3871726989746094
15501,0.0,0.2483673095703125
15502,0.0,-0.09018707275390625
15503,0.0,-0.2572746276855469
15504,0.0,-0.3804435729980469
15505,0.0,-0.48369407653808594
15506,0.0,-0.5665969848632812
15507,0.0,-0.5099601745605469
15508,0.0,-0.3593330383300781
15509,0.0,-0.12155342102050781
15510,0.0,1.4701690673828125
15511,2.0,7.89659309387207
15512,32.0,32.322689056396484
15513,189.0,83.5846939086914
15514,282.0,168.69638061523438
15515,353.0,262.0106201171875
15516,518.0,376.49261474609375
15517,492.0,440.5064697265625
15518,452.0,519.8981323242188
15519,469.0,622.6106567382812
15520,611.0,760.5182495117188
15521,738.0,803.0105590820312
15522,788.0,827.1586303710938
15523,732.0,873.1930541992188
15524,784.0,979.0990600585938
15525,891.0,1037.166748046875
15526,840.0,1126.164306640625
15527,819.0,1245.5631103515625
15528,884.0,1375.125244140625
15529,834.0,1236.1336669921875
15530,595.0,965.1141967773438
15531,809.0,864.0046997070312
15532,669.0,702.1035766601562
15533,442.0,633.680908203125
15534,374.0,598.3963012695312
15535,380.0,577.1732788085938
15536,530.0,565.3828735351562
15537,696.0,574.1060791015625
15538,590.0,584.4505004882812
15539,499.0,615.410888671875
15540,398.0,742.9521484375
15541,399.0,1004.4855346679688
15542,346.0,1118.598388671875
15543,251.0,1080.1612548828125
15544,725.0,941.2736206054688
15545,1576.0,884.5914916992188
15546,1223.0,796.8206787109375
15547,1036.0,733.6032104492188
15548,546.0,668.5612182617188
15549,1299.0,580.436767578125
15550,578.0,489.8163146972656
15551,672.0,384.52630615234375
15552,443.0,336.0567932128906
15553,261.0,284.1003723144531
15554,127.0,233.7471466064453
15555,544.0,191.0690460205078
15556,311.0,177.58299255371094
15557,167.0,157.4487762451172
15558,83.0,90.06825256347656
15559,155.0,63.05625915527344
15560,99.0,22.399459838867188
15561,41.0,10.79638671875
15562,34.0,6.352018356323242
15563,0.0,4.375741958618164
15564,0.0,2.944211959838867
15565,0.0,1.6768035888671875
15566,0.0,1.2658958435058594
15567,0.0,1.126169204711914
15568,0.0,1.0290050506591797
15569,0.0,1.0570602416992188
15570,0.0,0.4297008514404297
15571,0.0,-0.2276935577392578
15572,0.0,-0.9936676025390625
15573,0.0,-1.5128746032714844
15574,0.0,-0.7923774719238281
15575,0.0,-0.2827644348144531
15576,0.0,-0.0073680877685546875
15577,0.0,0.18225860595703125
15578,0.0,0.2602348327636719
15579,0.0,0.3452301025390625
15580,0.0,0.3458843231201172
15581,0.0,-0.06375312805175781
15582,0.0,0.3517417907714844
15583,0.0,-0.09267044067382812
15584,0.0,0.03333282470703125
15585,0.0,0.020090103149414062
15586,0.0,0.6435489654541016
15587,0.0,1.060781478881836
15588,0.0,1.3299064636230469
15589,0.0,1.619842529296875
15590,0.0,1.2180233001708984
15591,0.0,0.9241085052490234
15592,0.0,0.6491127014160156
15593,0.0,0.5443859100341797
15594,0.0,0.6686592102050781
15595,0.0,0.8550739288330078
15596,0.0,1.1197490692138672
15597,0.0,1.6492881774902344
15598,0.0,2.234617233276367
15599,0.0,2.678590774536133
15600,0.0,3.068511962890625
15601,0.0,3.9253463745117188
15602,0.0,4.5059967041015625
15603,0.0,4.968805313110352
15604,0.0,5.398359298706055
15605,0.0,6.180013656616211
15606,0.0,6.686468124389648
15607,0.0,7.07257080078125
15608,0.0,8.257773399353027
15609,0.0,10.773046493530273
15610,0.0,15.269989013671875
15611,0.0,22.94451141357422
15612,8.0,36.4559326171875
15613,4.0,56.66497802734375
15614,27.0,85.23086547851562
15615,95.0,117.21946716308594
15616,112.0,173.16537475585938
15617,137.0,246.40200805664062
15618,226.0,343.8345947265625
15619,197.0,441.76654052734375
15620,417.0,518.2610473632812
15621,493.0,603.138427734375
15622,1214.0,774.9384155273438
15623,1661.0,990.7100219726562
15624,1643.0,1119.8662109375
15625,1136.0,1193.577392578125
15626,825.0,1280.4136962890625
15627,1591.0,1416.284912109375
15628,1570.0,1526.4515380859375
15629,983.0,1575.417236328125
15630,1294.0,1570.4228515625
15631,1587.0,1546.4901123046875
15632,449.0,1449.004150390625
15633,846.0,1281.8795166015625
15634,1518.0,1357.802978515625
15635,876.0,1460.096923828125
15636,657.0,1547.9376220703125
15637,1247.0,1574.927978515625
15638,692.0,1563.7470703125
15639,855.0,1467.3548583984375
15640,466.0,1282.2744140625
15641,831.0,1058.733154296875
15642,736.0,934.8642578125
15643,402.0,798.20458984375
15644,1526.0,706.8737182617188
15645,684.0,637.552001953125
15646,831.0,615.3914184570312
15647,798.0,570.7630615234375
15648,681.0,492.72137451171875
15649,1111.0,441.13250732421875
15650,827.0,398.3761901855469
15651,719.0,364.0651550292969
15652,670.0,322.9981384277344
15653,262.0,278.2917785644531
15654,366.0,243.77134704589844
15655,336.0,202.45849609375
15656,186.0,156.072265625
15657,54.0,104.68448638916016
15658,8.0,50.819297790527344
15659,0.0,25.903488159179688
15660,0.0,8.005136489868164
15661,0.0,3.8970947265625
15662,0.0,2.411325454711914
15663,0.0,1.9532909393310547
15664,0.0,1.6739730834960938
15665,0.0,1.563375473022461
15666,0.0,1.42767333984375
15667,0.0,1.3534049987792969
15668,0.0,1.2947406768798828
15669,0.0,1.190511703491211
15670,0.0,1.157583236694336
15671,0.0,1.2953472137451172
15672,0.0,1.4321117401123047
15673,0.0,1.4296875
15674,0.0,1.2967185974121094
15675,0.0,1.0604839324951172
15676,0.0,0.8142662048339844
15677,0.0,1.4096336364746094
15678,0.0,1.2583274841308594
15679,0.0,1.2355403900146484
15680,0.0,1.1085205078125
15681,0.0,1.0457515716552734
15682,0.0,1.0264949798583984
15683,0.0,0.9316291809082031
15684,0.0,0.8101940155029297
15685,0.0,0.68841552734375
15686,0.0,0.40931129455566406
15687,0.0,0.2323932647705078
15688,0.0,0.006900787353515625
15689,0.0,-0.07843399047851562
15690,0.0,-0.022535324096679688
15691,0.0,-0.280364990234375
15692,0.0,-0.5053176879882812
15693,0.0,-0.49713897705078125
15694,0.0,-0.4371299743652344
15695,0.0,-0.24571990966796875
15696,0.0,-0.05677986145019531
15697,0.0,0.5264453887939453
15698,0.0,1.0780220031738281
15699,0.0,1.7695560455322266
15700,0.0,3.0695133209228516
15701,0.0,4.071222305297852
15702,0.0,4.62745475769043
15703,0.0,5.2031707763671875
15704,4.0,8.714662551879883
15705,26.0,18.077560424804688
15706,141.0,40.725128173828125
15707,335.0,97.56416320800781
15708,456.0,191.4011993408203
15709,525.0,276.7892761230469
15710,596.0,365.7845764160156
15711,618.0,460.4035339355469
15712,682.0,565.3442993164062
15713,726.0,608.9515380859375
15714,812.0,616.0811767578125
15715,907.0,657.851318359375
15716,967.0,768.4092407226562
15717,1033.0,884.9000244140625
15718,1069.0,1030.51123046875
15719,1055.0,1149.2694091796875
15720,1001.0,1255.322998046875
15721,1080.0,1293.728759765625
15722,1234.0,1320.8394775390625
15723,1362.0,1353.0538330078125
15724,1387.0,1410.389404296875
15725,1358.0,1445.1907958984375
15726,1454.0,1478.231689453125
15727,1527.0,1509.9171142578125
15728,1513.0,1560.1993408203125
15729,1428.0,1589.1766357421875
15730,1125.0,1603.322265625
15731,1311.0,1601.96142578125
15732,1583.0,1586.3106689453125
15733,1590.0,1555.1280517578125
15734,1730.0,1524.27880859375
15735,1388.0,1472.801513671875
15736,886.0,1436.623779296875
15737,640.0,1410.363037109375
15738,641.0,1394.113525390625
15739,618.0,1374.0035400390625
15740,1099.0,1361.0750732421875
15741,920.0,1401.752197265625
15742,970.0,1407.199951171875
15743,1033.0,1364.1207275390625
15744,1123.0,1296.51806640625
15745,989.0,1219.632568359375
15746,745.0,1142.60595703125
15747,469.0,1069.625
15748,310.0,958.570556640625
15749,275.0,777.784912109375
15750,333.0,559.5020751953125
15751,238.0,421.7744445800781
15752,149.0,299.8780212402344
15753,49.0,213.0721893310547
15754,15.0,121.39234924316406
15755,0.0,41.22346878051758
15756,0.0,8.174676895141602
15757,0.0,2.5069236755371094
15758,0.0,1.1869640350341797
15759,0.0,0.8652000427246094
15760,0.0,0.7424945831298828
15761,0.0,0.7921390533447266
15762,0.0,0.7749900817871094
15763,0.0,0.7257213592529297
15764,0.0,0.7061767578125
15765,0.0,0.7156581878662109
15766,0.0,0.790557861328125
15767,0.0,0.794403076171875
15768,0.0,0.8254508972167969
15769,0.0,0.8266563415527344
15770,0.0,0.9339427947998047
15771,0.0,0.97332763671875
15772,0.0,1.033224105834961
15773,0.0,0.593231201171875
15774,0.0,1.2329940795898438
15775,0.0,1.1100711822509766
15776,0.0,0.9599189758300781
15777,0.0,0.7295169830322266
15778,0.0,0.515167236328125
15779,0.0,0.4275684356689453
15780,0.0,0.30010414123535156
15781,0.0,0.16577720642089844
15782,0.0,0.06159782409667969
15783,0.0,-0.1454181671142578
15784,0.0,-0.35384368896484375
15785,0.0,-0.2921142578125
15786,0.0,-0.2338123321533203
15787,0.0,-0.23674964904785156
15788,0.0,-0.22216224670410156
15789,0.0,0.3065452575683594
15790,0.0,0.6428737640380859
15791,0.0,0.8599414825439453
15792,0.0,1.125864028930664
15793,0.0,2.4757843017578125
15794,0.0,3.220792770385742
15795,0.0,3.7598094940185547
15796,0.0,4.807363510131836
15797,0.0,7.777311325073242
15798,0.0,10.833793640136719
15799,10.0,16.003856658935547
15800,114.0,68.6271743774414
15801,230.0,115.049560546875
15802,353.0,160.40390014648438
15803,433.0,200.55221557617188
15804,481.0,245.8082275390625
15805,507.0,314.5967102050781
15806,534.0,416.65277099609375
15807,576.0,525.424072265625
15808,643.0,614.5786743164062
15809,724.0,656.8526000976562
15810,827.0,698.0167846679688
15811,928.0,755.6235961914062
15812,1022.0,871.2756958007812
15813,1106.0,985.9481811523438
15814,1174.0,1117.4332275390625
15815,1234.0,1185.808837890625
15816,1291.0,1299.14404296875
15817,1334.0,1326.4857177734375
15818,1372.0,1354.5361328125
15819,1400.0,1388.033447265625
15820,1422.0,1442.25634765625
15821,1447.0,1471.33984375
15822,1460.0,1507.97314453125
15823,1475.0,1594.0093994140625
15824,1489.0,1631.9320068359375
15825,1491.0,1637.875244140625
15826,1500.0,1640.687255859375
15827,1517.0,1642.3450927734375
15828,1523.0,1643.7169189453125
15829,1523.0,1643.836181640625
15830,1519.0,1643.83349609375
15831,1519.0,1643.551513671875
15832,1503.0,1641.477294921875
15833,1478.0,1596.27294921875
15834,1446.0,1484.4014892578125
15835,1416.0,1458.60009765625
15836,1377.0,1439.4940185546875
15837,1318.0,1424.1195068359375
15838,1249.0,1399.6015625
15839,1177.0,1359.330078125
15840,1094.0,1302.1260986328125
15841,1002.0,1228.6153564453125
15842,894.0,1109.5030517578125
15843,801.0,960.29736328125
15844,677.0,763.1911010742188
15845,541.0,612.978271484375
15846,429.0,478.72174072265625
15847,312.0,396.610107421875
15848,214.0,278.0362243652344
15849,73.0,198.0531005859375
15850,9.0,119.31461334228516
15851,2.0,46.401039123535156
15852,0.0,11.194242477416992
15853,0.0,3.6720943450927734
15854,0.0,1.5056953430175781
15855,0.0,0.9080276489257812
15856,0.0,0.6098804473876953
15857,0.0,0.5246257781982422
15858,0.0,0.5076713562011719
15859,0.0,0.3828163146972656
15860,0.0,0.3199634552001953
15861,0.0,0.29489898681640625
15862,0.0,0.3181171417236328
15863,0.0,0.3087177276611328
15864,0.0,0.31622314453125
15865,0.0,0.31752586364746094
15866,0.0,0.36800193786621094
15867,0.0,0.3863410949707031
15868,0.0,0.41614341735839844
15869,0.0,0.48622894287109375
15870,0.0,1.2679271697998047
15871,0.0,1.0268211364746094
15872,0.0,0.9663505554199219
15873,0.0,0.7164535522460938
15874,0.0,0.4678993225097656
15875,0.0,0.40221214294433594
15876,0.0,0.2643718719482422
15877,0.0,0.08027458190917969
15878,0.0,-0.0010700225830078125
15879,0.0,-0.2160968780517578
15880,0.0,-0.4150676727294922
15881,0.0,-0.48799705505371094
15882,0.0,-0.4946269989013672
15883,0.0,-0.5447025299072266
15884,0.0,-0.5747318267822266
15885,0.0,-0.3786602020263672
15886,0.0,-0.20511436462402344
15887,0.0,-0.12304496765136719
15888,0.0,0.0376129150390625
15889,0.0,0.7950630187988281
15890,0.0,1.514535903930664
15891,0.0,2.3513965606689453
15892,0.0,4.607477188110352
15893,0.0,8.450517654418945
15894,0.0,15.756805419921875
15895,12.0,38.348567962646484
15896,113.0,100.29806518554688
15897,230.0,155.349365234375
15898,339.0,222.1302947998047
15899,412.0,306.9834289550781
15900,462.0,416.6994934082031
15901,503.0,507.0483093261719
15902,533.0,583.0911254882812
15903,584.0,639.7798461914062
15904,655.0,691.6365966796875
15905,733.0,751.777099609375
15906,821.0,814.7403564453125
15907,913.0,871.8947143554688
15908,1006.0,959.7191162109375
15909,1085.0,1053.2587890625
15910,1151.0,1122.2020263671875
15911,1214.0,1163.6435546875
15912,1265.0,1248.3958740234375
15913,1314.0,1281.1961669921875
15914,1353.0,1305.1815185546875
15915,1383.0,1341.8427734375
15916,1408.0,1409.78271484375
15917,1430.0,1436.81982421875
15918,1442.0,1461.3421630859375
15919,1457.0,1491.5257568359375
15920,1471.0,1582.2078857421875
15921,1489.0,1595.85400390625
15922,1493.0,1603.7696533203125
15923,1496.0,1610.04833984375
15924,1502.0,1618.5963134765625
15925,1500.0,1615.6337890625
15926,1498.0,1602.3602294921875
15927,1475.0,1526.3460693359375
15928,1453.0,1476.384033203125
15929,1439.0,1450.30615234375
15930,1398.0,1422.98876953125
15931,1365.0,1384.70361328125
15932,1324.0,1323.502197265625
15933,1274.0,1283.3839111328125
15934,1208.0,1241.0784912109375
15935,1141.0,1193.312744140625
15936,1060.0,1115.1400146484375
15937,966.0,1009.2704467773438
15938,859.0,877.2965698242188
15939,755.0,760.0736694335938
15940,643.0,602.3079223632812
15941,521.0,475.6733093261719
15942,401.0,365.6817932128906
15943,293.0,246.7596435546875
15944,198.0,156.3144989013672
15945,83.0,114.3961410522461
15946,16.0,65.8985595703125
15947,0.0,26.471036911010742
15948,0.0,5.221384048461914
15949,0.0,1.9886646270751953
15950,0.0,1.3735923767089844
15951,0.0,1.1955299377441406
15952,0.0,1.1237335205078125
15953,0.0,1.1286602020263672
15954,0.0,1.2078590393066406
15955,0.0,1.1292285919189453
15956,0.0,1.116373062133789
15957,0.0,1.0630722045898438
15958,0.0,1.4838008880615234
15959,0.0,2.19610595703125
15960,0.0,2.4442081451416016
15961,0.0,2.183809280395508
15962,0.0,2.0009632110595703
15963,0.0,1.7875995635986328
15964,0.0,1.5918445587158203
15965,0.0,1.2767047882080078
15966,0.0,1.2633724212646484
15967,0.0,1.0676460266113281
15968,0.0,0.9067535400390625
15969,0.0,0.6899089813232422
15970,0.0,0.5242061614990234
15971,0.0,0.45198631286621094
15972,0.0,0.4251594543457031
15973,0.0,0.31899261474609375
15974,0.0,0.10766983032226562
15975,0.0,0.12173843383789062
15976,0.0,-0.1470470428466797
15977,0.0,-0.11062049865722656
15978,0.0,-0.42154884338378906
15979,0.0,-0.5269374847412109
15980,0.0,-0.5736465454101562
15981,0.0,-0.6531887054443359
15982,0.0,-0.4849414825439453
15983,0.0,-0.23537826538085938
15984,0.0,0.06287002563476562
15985,0.0,0.36074256896972656
15986,0.0,0.6515693664550781
15987,0.0,0.8211040496826172
15988,0.0,0.9882297515869141
15989,0.0,1.549276351928711
15990,0.0,2.688030242919922
15991,0.0,4.368322372436523
15992,1.0,10.468684196472168
15993,31.0,27.603689193725586
15994,121.0,94.05833435058594
15995,195.0,216.7515411376953
15996,189.0,320.7202453613281
15997,383.0,395.90966796875
15998,510.0,470.5286865234375
15999,377.0,543.74365234375
16000,439.0,594.266357421875
16001,751.0,623.6107177734375
16002,964.0,654.4930419921875
16003,977.0,642.3466186523438
16004,781.0,637.6492309570312
16005,513.0,644.0869750976562
16006,460.0,747.5811157226562
16007,720.0,908.9720458984375
16008,1137.0,1189.6591796875
16009,1053.0,1326.5902099609375
16010,1309.0,1356.5738525390625
16011,1235.0,1452.2034912109375
16012,1256.0,1546.0277099609375
16013,1762.0,1534.5833740234375
16014,1658.0,1455.7362060546875
16015,1747.0,1426.0552978515625
16016,1385.0,1436.195068359375
16017,1608.0,1493.7333984375
16018,1641.0,1534.657470703125
16019,1613.0,1528.3875732421875
16020,1616.0,1542.417236328125
16021,1613.0,1545.81201171875
16022,1527.0,1550.3515625
16023,1567.0,1529.0966796875
16024,1418.0,1435.5238037109375
16025,1188.0,1389.9259033203125
16026,1447.0,1343.14404296875
16027,1161.0,1282.5203857421875
16028,1192.0,1202.764892578125
16029,1248.0,1125.6832275390625
16030,897.0,1064.3701171875
16031,419.0,1031.200439453125
16032,535.0,1007.1257934570312
16033,282.0,977.4340209960938
16034,350.0,868.8867797851562
16035,299.0,696.124755859375
16036,371.0,536.8151245117188
16037,266.0,425.0442199707031
16038,198.0,342.4778137207031
16039,188.0,279.2513122558594
16040,125.0,204.7318878173828
16041,113.0,142.21920776367188
16042,23.0,82.22527313232422
16043,3.0,37.36380386352539
16044,0.0,11.366903305053711
16045,0.0,3.7896976470947266
16046,0.0,1.2770805358886719
16047,0.0,0.8705539703369141
16048,0.0,0.8247299194335938
16049,0.0,1.1023178100585938
16050,0.0,1.2469005584716797
16051,0.0,1.4009532928466797
16052,0.0,1.5277156829833984
16053,0.0,1.6727561950683594
16054,0.0,1.743539810180664
16055,0.0,1.7155895233154297
16056,0.0,1.7089557647705078
16057,0.0,1.7597179412841797
16058,0.0,1.7789859771728516
16059,0.0,1.8735942840576172
16060,0.0,1.987152099609375
16061,0.0,2.335847854614258
16062,0.0,1.7257766723632812
16063,0.0,1.595998764038086
16064,0.0,1.2993087768554688
16065,0.0,1.1503124237060547
16066,0.0,0.9365444183349609
16067,0.0,0.7965278625488281
16068,0.0,0.649932861328125
16069,0.0,0.5093746185302734
16070,0.0,0.3151836395263672
16071,0.0,0.098968505859375
16072,0.0,-0.1789836883544922
16073,0.0,-0.18003273010253906
16074,0.0,-0.19760513305664062
16075,0.0,-0.2417926788330078
16076,0.0,-0.2551231384277344
16077,0.0,-0.015748977661132812
16078,0.0,0.12118911743164062
16079,0.0,0.22220230102539062
16080,0.0,0.3906822204589844
16081,0.0,1.1626415252685547
16082,0.0,1.7243118286132812
16083,0.0,2.280996322631836
16084,0.0,3.3555221557617188
16085,0.0,5.51463508605957
16086,0.0,7.55024528503418
16087,54.0,11.673500061035156
16088,197.0,32.06526184082031
16089,319.0,69.96839141845703
16090,419.0,140.05133056640625
16091,494.0,235.43356323242188
16092,551.0,365.4275817871094
16093,585.0,475.7546081542969
16094,606.0,574.4463500976562
16095,656.0,641.5827026367188
16096,729.0,687.2568969726562
16097,830.0,727.4974975585938
16098,898.0,784.1945190429688
16099,821.0,871.5244750976562
16100,827.0,995.4957885742188
16101,881.0,1079.609130859375
16102,792.0,1141.96875
16103,847.0,1182.9561767578125
16104,1405.0,1225.566650390625
16105,1795.0,1270.0950927734375
16106,1077.0,1303.3243408203125
16107,803.0,1293.31494140625
16108,815.0,1211.0733642578125
16109,1140.0,1127.921142578125
16110,839.0,1083.3199462890625
16111,762.0,1045.921875
16112,881.0,1034.9683837890625
16113,1101.0,1047.67724609375
16114,1456.0,912.35791015625
16115,991.0,813.1914672851562
16116,1026.0,811.7706909179688
16117,909.0,829.1360473632812
16118,1044.0,1162.166259765625
16119,1093.0,1297.3062744140625
16120,890.0,1256.13134765625
16121,1057.0,1286.0706787109375
16122,1227.0,1237.67578125
16123,1618.0,1192.2822265625
16124,935.0,1120.8123779296875
16125,1052.0,965.2142944335938
16126,1518.0,767.5928955078125
16127,1183.0,665.70703125
16128,1111.0,574.9497680664062
16129,1151.0,447.43218994140625
16130,806.0,378.5771484375
16131,707.0,314.7725830078125
16132,573.0,254.1983184814453
16133,486.0,226.87588500976562
16134,416.0,205.50218200683594
16135,344.0,183.59829711914062
16136,123.0,115.05982208251953
16137,57.0,78.58588409423828
16138,19.0,29.329801559448242
16139,1.0,13.046000480651855
16140,0.0,3.1381969451904297
16141,0.0,2.279600143432617
16142,0.0,2.075174331665039
16143,0.0,2.116334915161133
16144,0.0,2.1646080017089844
16145,0.0,2.2783050537109375
16146,0.0,2.405763626098633
16147,0.0,2.392751693725586
16148,0.0,2.4151058197021484
16149,0.0,2.374666213989258
16150,0.0,2.2070560455322266
16151,0.0,2.546651840209961
16152,0.0,2.1670608520507812
16153,0.0,1.5183868408203125
16154,0.0,0.8242683410644531
16155,0.0,0.5044879913330078
16156,0.0,0.6694049835205078
16157,0.0,1.2080535888671875
16158,0.0,1.3697624206542969
16159,0.0,1.4625244140625
16160,0.0,1.3739814758300781
16161,0.0,1.4174137115478516
16162,0.0,1.4726676940917969
16163,0.0,1.5347309112548828
16164,0.0,1.5875778198242188
16165,0.0,1.7833690643310547
16166,0.0,2.201253890991211
16167,0.0,2.698789596557617
16168,0.0,3.1362533569335938
16169,0.0,3.8491859436035156
16170,0.0,4.140727996826172
16171,0.0,3.912099838256836
16172,0.0,3.5847930908203125
16173,0.0,3.6071014404296875
16174,0.0,3.4473037719726562
16175,0.0,3.120664596557617
16176,0.0,2.6813087463378906
16177,0.0,2.676828384399414
16178,0.0,2.503385543823242
16179,0.0,2.407989501953125
16180,0.0,2.3352909088134766
16181,0.0,3.056528091430664
16182,0.0,3.9556808471679688
16183,1.0,5.816595077514648
16184,8.0,11.1786527633667
16185,11.0,27.983579635620117
16186,33.0,67.53861999511719
16187,77.0,189.52569580078125
16188,98.0,286.64453125
16189,143.0,325.65460205078125
16190,180.0,351.3314208984375
16191,225.0,387.38232421875
16192,255.0,437.6629333496094
16193,284.0,476.4002380371094
16194,309.0,484.2989501953125
16195,340.0,548.5178833007812
16196,346.0,643.894775390625
16197,387.0,778.6279296875
16198,454.0,951.762939453125
16199,563.0,1020.5621948242188
16200,613.0,1108.904541015625
16201,467.0,1237.44677734375
16202,467.0,1329.0570068359375
16203,446.0,1355.2479248046875
16204,608.0,1443.33349609375
16205,610.0,1462.20458984375
16206,618.0,1473.1639404296875
16207,821.0,1465.46044921875
16208,898.0,1474.067626953125
16209,965.0,1299.4462890625
16210,1059.0,904.5816040039062
16211,1120.0,789.6708374023438
16212,1066.0,751.6148071289062
16213,1305.0,740.67822265625
16214,1215.0,879.3777465820312
16215,933.0,868.86474609375
16216,777.0,817.2180786132812
16217,574.0,816.0508422851562
16218,503.0,811.7072143554688
16219,617.0,767.4036865234375
16220,611.0,684.0665283203125
16221,566.0,611.116943359375
16222,552.0,537.1326904296875
16223,654.0,475.3477783203125
16224,511.0,414.4859924316406
16225,364.0,375.0093078613281
16226,388.0,336.392333984375
16227,325.0,297.1934509277344
16228,249.0,246.17245483398438
16229,253.0,229.1376190185547
16230,229.0,215.20648193359375
16231,202.0,194.62567138671875
16232,135.0,133.57896423339844
16233,122.0,95.85306549072266
16234,87.0,57.27674102783203
16235,20.0,27.72128677368164
16236,0.0,13.588278770446777
16237,0.0,7.397153854370117
16238,0.0,4.155035018920898
16239,0.0,2.7637882232666016
16240,0.0,1.7631092071533203
16241,0.0,1.150613784790039
16242,0.0,0.5240688323974609
16243,0.0,0.10553169250488281
16244,0.0,-0.26404571533203125
16245,0.0,-0.49735069274902344
16246,0.0,-1.0272674560546875
16247,0.0,-0.8480052947998047
16248,0.0,-0.4255046844482422
16249,0.0,0.2973957061767578
16250,0.0,0.2024383544921875
16251,0.0,0.4501686096191406
16252,0.0,0.423095703125
16253,0.0,1.0781478881835938
16254,0.0,0.7921657562255859
16255,0.0,0.9814510345458984
16256,0.0,1.4129276275634766
16257,0.0,1.9663867950439453
16258,0.0,1.8846473693847656
16259,0.0,1.3004379272460938
16260,0.0,0.8371677398681641
16261,0.0,0.750396728515625
16262,0.0,0.7414684295654297
16263,0.0,0.8342971801757812
16264,0.0,0.9659423828125
16265,0.0,1.139444351196289
16266,0.0,1.2911491394042969
16267,0.0,1.1482887268066406
16268,0.0,0.7723865509033203
16269,0.0,0.07990646362304688
16270,0.0,0.4065895080566406
16271,0.0,0.5124320983886719
16272,0.0,0.5514621734619141
16273,0.0,1.174285888671875
16274,0.0,1.5554771423339844
16275,0.0,1.7895545959472656
16276,0.0,2.0207271575927734
16277,0.0,3.0412158966064453
16278,0.0,3.5281944274902344
16279,0.0,4.525562286376953
16280,4.0,7.923313140869141
16281,16.0,15.33851432800293
16282,32.0,30.12615966796875
16283,45.0,69.74597930908203
16284,70.0,134.1705322265625
16285,82.0,185.74826049804688
16286,100.0,229.72412109375
16287,126.0,276.8437194824219
16288,151.0,346.80548095703125
16289,188.0,381.6232604980469
16290,290.0,398.090087890625
16291,485.0,487.1634216308594
16292,793.0,746.35302734375
16293,1280.0,837.8860473632812
16294,1327.0,861.8833618164062
16295,1336.0,894.0550537109375
16296,1392.0,1098.8736572265625
16297,1082.0,1221.4495849609375
16298,911.0,1347.54736328125
16299,1518.0,1432.693359375
16300,1628.0,1513.3529052734375
16301,1567.0,1553.3814697265625
16302,1231.0,1593.8983154296875
16303,1209.0,1613.941162109375
16304,415.0,1611.0440673828125
16305,1296.0,1559.4632568359375
16306,652.0,1385.9677734375
16307,1686.0,1138.450927734375
16308,808.0,1098.7572021484375
16309,1476.0,1200.4163818359375
16310,1449.0,1256.794921875
16311,752.0,1305.4864501953125
16312,1784.0,1295.9676513671875
16313,1449.0,1311.392822265625
16314,682.0,1339.8616943359375
16315,1644.0,1325.671142578125
16316,1525.0,1321.680419921875
16317,1449.0,1307.841796875
16318,1286.0,1258.999267578125
16319,358.0,1139.1153564453125
16320,1220.0,990.0051879882812
16321,1094.0,772.9267578125
16322,969.0,589.9088745117188
16323,913.0,444.1504821777344
16324,630.0,385.22406005859375
16325,631.0,333.1373291015625
16326,474.0,261.814453125
16327,353.0,200.20965576171875
16328,239.0,142.26580810546875
16329,57.0,91.31401062011719
16330,31.0,40.590248107910156
16331,6.0,15.504122734069824
16332,0.0,2.2456512451171875
16333,0.0,-0.14676856994628906
16334,0.0,-0.9640140533447266
16335,0.0,-1.1298446655273438
16336,0.0,-1.1254463195800781
16337,0.0,-0.8821678161621094
16338,0.0,-0.7542285919189453
16339,0.0,-0.6116218566894531
16340,0.0,-0.5074996948242188
16341,0.0,-0.3726654052734375
16342,0.0,-0.3153572082519531
16343,0.0,-0.239105224609375
16344,0.0,-0.18270301818847656
16345,0.0,-0.09667015075683594
16346,0.0,-0.26203155517578125
16347,0.0,-0.3891735076904297
16348,0.0,-0.5029544830322266
16349,0.0,1.1325836181640625
16350,0.0,0.7408351898193359
16351,0.0,1.0000934600830078
16352,0.0,1.1349945068359375
16353,0.0,1.3944835662841797
16354,0.0,1.4445247650146484
16355,0.0,1.4143810272216797
16356,0.0,1.3626270294189453
16357,0.0,1.5097084045410156
16358,0.0,1.455810546875
16359,0.0,1.414682388305664
16360,0.0,1.2566661834716797
16361,0.0,1.4039859771728516
16362,0.0,1.630462646484375
16363,0.0,1.7992687225341797
16364,0.0,1.9564437866210938
16365,0.0,2.566640853881836
16366,0.0,2.762542724609375
16367,0.0,2.8649635314941406
16368,0.0,2.888120651245117
16369,0.0,3.278902053833008
16370,0.0,3.4148521423339844
16371,0.0,3.3873119354248047
16372,0.0,3.229372024536133
16373,0.0,3.584959030151367
16374,2.0,3.5659313201904297
16375,17.0,5.1025543212890625
16376,59.0,9.683843612670898
16377,166.0,26.222003936767578
16378,380.0,105.623291015625
16379,374.0,309.704833984375
16380,671.0,417.3125
16381,804.0,510.0384216308594
16382,714.0,589.5941772460938
16383,723.0,659.2738037109375
16384,754.0,736.7920532226562
16385,755.0,789.357421875
16386,704.0,833.0131225585938
16387,943.0,881.2293090820312
16388,803.0,965.7421264648438
16389,1043.0,1038.6868896484375
16390,1370.0,1075.3052978515625
16391,1058.0,1079.2303466796875
16392,870.0,1162.953369140625
16393,1197.0,1254.2613525390625
16394,1431.0,1343.747802734375
16395,1497.0,1371.409423828125
16396,1059.0,1382.4228515625
16397,1015.0,1431.8907470703125
16398,1191.0,1547.014892578125
16399,731.0,1557.84375
16400,714.0,1506.5738525390625
16401,939.0,1434.879150390625
16402,1412.0,1541.8001708984375
16403,1306.0,1544.89306640625
16404,1143.0,1538.7474365234375
16405,875.0,1519.814208984375
16406,642.0,1528.4857177734375
16407,608.0,1483.0430908203125
16408,720.0,1433.2291259765625
16409,812.0,1400.8741455078125
16410,990.0,1359.342041015625
16411,1023.0,1307.0595703125
16412,944.0,1193.0950927734375
16413,686.0,1039.886474609375
16414,324.0,893.3825073242188
16415,128.0,802.7138671875
16416,208.0,715.8092041015625
16417,378.0,618.5533447265625
16418,362.0,506.2274169921875
16419,272.0,427.608154296875
16420,216.0,376.89947509765625
16421,196.0,314.0858459472656
16422,136.0,254.92758178710938
16423,94.0,204.21383666992188
16424,30.0,111.06625366210938
16425,13.0,67.46654510498047
16426,11.0,41.05708312988281
16427,4.0,21.136249542236328
16428,0.0,5.284721374511719
16429,0.0,1.5450458526611328
16430,0.0,0.4169292449951172
16431,0.0,0.0201263427734375
16432,0.0,-0.2663097381591797
16433,0.0,-0.1553802490234375
16434,0.0,-0.2796497344970703
16435,0.0,-0.5977249145507812
16436,0.0,-1.0375423431396484
16437,0.0,-1.4322185516357422
16438,0.0,-1.7568721771240234
16439,0.0,-1.5870475769042969
16440,0.0,-1.3421516418457031
16441,0.0,-0.9728775024414062
16442,0.0,-0.5980281829833984
16443,0.0,-0.16410446166992188
16444,0.0,0.1958446502685547
16445,0.0,0.7655105590820312
16446,0.0,1.451131820678711
16447,0.0,1.6211013793945312
16448,0.0,1.7476119995117188
16449,0.0,2.1053199768066406
16450,0.0,2.3704681396484375
16451,0.0,2.3702774047851562
16452,0.0,2.219625473022461
16453,0.0,2.233705520629883
16454,0.0,2.3949851989746094
16455,0.0,3.1114425659179688
16456,0.0,3.9175243377685547
16457,0.0,4.717473983764648
16458,0.0,5.22962760925293
16459,0.0,5.329534530639648
16460,0.0,5.373798370361328
16461,0.0,6.458354949951172
16462,0.0,7.926565170288086
16463,0.0,8.767444610595703
16464,0.0,9.351692199707031
16465,0.0,10.98058032989502
16466,0.0,12.869338035583496
16467,0.0,15.201460838317871
16468,0.0,18.331253051757812
16469,0.0,22.676790237426758
16470,1.0,28.36776351928711
16471,1.0,39.10137939453125
16472,9.0,57.617454528808594
16473,16.0,69.24508666992188
16474,18.0,72.6406478881836
16475,19.0,73.72001647949219
16476,61.0,82.77350616455078
16477,81.0,95.3425064086914
16478,78.0,115.34796905517578
16479,128.0,135.70350646972656
16480,106.0,143.2704315185547
16481,130.0,135.39756774902344
16482,120.0,124.06702423095703
16483,150.0,120.8936767578125
16484,192.0,126.95907592773438
16485,202.0,144.51416015625
16486,199.0,170.388427734375
16487,337.0,212.62950134277344
16488,375.0,280.6095886230469
16489,378.0,363.6568298339844
16490,333.0,429.55877685546875
16491,411.0,512.7749633789062
16492,499.0,548.579345703125
16493,567.0,558.6973266601562
16494,731.0,526.3921508789062
16495,1011.0,523.0119018554688
16496,1024.0,632.7044067382812
16497,1499.0,801.5033569335938
16498,1147.0,1065.4637451171875
16499,1332.0,1340.627197265625
16500,1267.0,1454.114501953125
16501,1562.0,1409.439208984375
16502,1391.0,1298.30810546875
16503,1267.0,1199.9493408203125
16504,1687.0,1126.0345458984375
16505,1554.0,1022.901123046875
16506,1547.0,1107.51220703125
16507,1515.0,1160.4019775390625
16508,1478.0,1076.689453125
16509,1442.0,1030.646728515625
16510,1203.0,966.022216796875
16511,1190.0,882.4395751953125
16512,1184.0,847.3599243164062
16513,1011.0,825.5059814453125
16514,892.0,775.6102905273438
16515,769.0,687.8463134765625
16516,638.0,591.739990234375
16517,377.0,467.64788818359375
16518,400.0,374.8200378417969
16519,266.0,289.9964904785156
16520,208.0,203.43650817871094
16521,141.0,142.31500244140625
16522,85.0,83.36320495605469
16523,38.0,33.47441864013672
16524,7.0,6.845354080200195
16525,1.0,3.1378002166748047
16526,0.0,1.7974185943603516
16527,0.0,0.9508819580078125
16528,0.0,0.41687774658203125
16529,0.0,0.26760101318359375
16530,0.0,0.00339508056640625
16531,0.0,0.10722923278808594
16532,0.0,0.08532333374023438
16533,0.0,0.21650123596191406
16534,0.0,0.24733734130859375
16535,0.0,0.33750343322753906
16536,0.0,0.4358711242675781
16537,0.0,0.6374397277832031
16538,0.0,0.7847385406494141
16539,0.0,0.8549633026123047
16540,0.0,0.9847736358642578
16541,0.0,2.286966323852539
16542,0.0,2.0878849029541016
16543,0.0,2.3859939575195312
16544,0.0,2.3954925537109375
16545,0.0,2.4470996856689453
16546,0.0,2.2993927001953125
16547,0.0,2.279285430908203
16548,0.0,2.209787368774414
16549,0.0,2.2275428771972656
16550,0.0,2.1041202545166016
16551,0.0,1.9525203704833984
16552,0.0,1.2995758056640625
16553,0.0,1.2758140563964844
16554,0.0,1.5634193420410156
16555,0.0,0.9970302581787109
16556,0.0,0.5470447540283203
16557,0.0,-0.10291481018066406
16558,0.0,0.45709991455078125
16559,0.0,0.4803924560546875
16560,0.0,0.8054275512695312
16561,0.0,0.5697212219238281
16562,0.0,0.5401077270507812
16563,0.0,1.1706428527832031
16564,0.0,2.318675994873047
16565,0.0,3.7322158813476562
16566,0.0,6.696100234985352
16567,48.0,14.480687141418457
16568,51.0,42.654640197753906
16569,33.0,70.62313079833984
16570,11.0,109.39018249511719
16571,14.0,155.3314208984375
16572,37.0,170.68936157226562
16573,92.0,188.12916564941406
16574,157.0,210.457763671875
16575,110.0,234.65087890625
16576,252.0,259.7552185058594
16577,243.0,300.665771484375
16578,290.0,345.57623291015625
16579,298.0,371.681396484375
16580,288.0,407.3670349121094
16581,535.0,447.4843444824219
16582,691.0,494.6562805175781
16583,962.0,560.7522583007812
16584,920.0,716.6204223632812
16585,890.0,938.7867431640625
16586,851.0,1077.27880859375
16587,882.0,1136.431640625
16588,1345.0,1167.690673828125
16589,1235.0,1164.8465576171875
16590,1300.0,1126.4085693359375
16591,1265.0,1068.1947021484375
16592,870.0,1024.7171630859375
16593,1682.0,1045.614501953125
16594,1622.0,1094.8345947265625
16595,1390.0,1146.0572509765625
16596,1477.0,1075.26318359375
16597,1382.0,908.7442626953125
16598,1158.0,817.0723266601562
16599,292.0,754.7979736328125
16600,277.0,770.959716796875
16601,387.0,878.1429443359375
16602,484.0,1066.5999755859375
16603,571.0,1180.3173828125
16604,589.0,1216.2677001953125
16605,519.0,1080.23828125
16606,872.0,790.304443359375
16607,720.0,642.4498291015625
16608,238.0,538.1009521484375
16609,234.0,444.7583923339844
16610,226.0,399.74688720703125
16611,161.0,360.307861328125
16612,145.0,323.6545104980469
16613,128.0,267.5767822265625
16614,136.0,221.44046020507812
16615,116.0,189.14222717285156
16616,101.0,148.1846466064453
16617,46.0,109.68710327148438
16618,23.0,64.70579528808594
16619,4.0,29.547313690185547
16620,0.0,9.348050117492676
16621,0.0,3.9950199127197266
16622,0.0,1.8008060455322266
16623,0.0,0.8296794891357422
16624,0.0,0.17110443115234375
16625,0.0,-0.06616592407226562
16626,0.0,-0.4746818542480469
16627,0.0,-0.6857814788818359
16628,0.0,-0.9941558837890625
16629,0.0,-1.0815200805664062
16630,0.0,-1.1008472442626953
16631,0.0,-0.8485164642333984
16632,0.0,-0.5784950256347656
16633,0.0,-0.2142047882080078
16634,0.0,0.1981792449951172
16635,0.0,0.6515121459960938
16636,0.0,0.7409706115722656
16637,0.0,1.4735527038574219
16638,0.0,0.9866867065429688
16639,0.0,0.23775672912597656
16640,0.0,-0.5074062347412109
16641,0.0,-1.244913101196289
16642,0.0,-1.0134506225585938
16643,0.0,-1.257070541381836
16644,0.0,-1.3324089050292969
16645,0.0,-1.649526596069336
16646,0.0,-0.5221614837646484
16647,0.0,0.14826393127441406
16648,0.0,1.1356754302978516
16649,0.0,1.6480083465576172
16650,0.0,1.6990776062011719
16651,0.0,2.1801109313964844
16652,0.0,2.689065933227539
16653,0.0,3.540109634399414
16654,0.0,3.928119659423828
16655,0.0,4.25169563293457
16656,0.0,4.562534332275391
16657,0.0,5.290159225463867
16658,0.0,6.482093811035156
16659,0.0,7.813411712646484
16660,0.0,9.740618705749512
16661,0.0,13.480167388916016
16662,5.0,20.66122817993164
16663,32.0,42.38551330566406
16664,145.0,91.13703155517578
16665,230.0,169.48582458496094
16666,428.0,269.3163146972656
16667,411.0,366.69036865234375
16668,522.0,471.6224365234375
16669,543.0,525.5357055664062
16670,443.0,589.59228515625
16671,413.0,667.8200073242188
16672,477.0,754.2607421875
16673,610.0,819.3818969726562
16674,876.0,899.5071411132812
16675,822.0,1013.2149047851562
16676,698.0,1090.3658447265625
16677,722.0,1116.4573974609375
16678,730.0,1142.676025390625
16679,1057.0,1184.00390625
16680,1193.0,1315.079345703125
16681,1084.0,1363.255126953125
16682,1225.0,1410.817138671875
16683,878.0,1454.833251953125
16684,1107.0,1508.008544921875
16685,1148.0,1541.337646484375
16686,1380.0,1589.285888671875
16687,1584.0,1633.3548583984375
16688,1579.0,1641.4947509765625
16689,1488.0,1643.493408203125
16690,1550.0,1639.9814453125
16691,1528.0,1618.714599609375
16692,1544.0,1601.91357421875
16693,1482.0,1562.51171875
16694,1490.0,1514.8360595703125
16695,1535.0,1491.5089111328125
16696,1508.0,1399.1763916015625
16697,1498.0,1362.1534423828125
16698,1294.0,1308.5474853515625
16699,1191.0,1240.05224609375
16700,1402.0,1141.6064453125
16701,1286.0,1087.521484375
16702,1191.0,1039.129638671875
16703,1156.0,983.608154296875
16704,1052.0,910.5557250976562
16705,979.0,866.0108032226562
16706,827.0,801.435302734375
16707,717.0,717.2160034179688
16708,607.0,562.5850219726562
16709,495.0,440.8304138183594
16710,379.0,329.7235107421875
16711,264.0,254.99911499023438
16712,221.0,180.03065490722656
16713,148.0,136.1201934814453
16714,78.0,95.77178955078125
16715,31.0,54.009674072265625
16716,5.0,20.49966049194336
16717,1.0,6.83607292175293
16718,0.0,1.8926753997802734
16719,0.0,0.8632545471191406
16720,0.0,0.6434879302978516
16721,0.0,0.7401924133300781
16722,0.0,0.8393611907958984
16723,0.0,0.8417644500732422
16724,0.0,0.8215255737304688
16725,0.0,0.7765102386474609
16726,0.0,0.7659702301025391
16727,0.0,0.8770542144775391
16728,0.0,0.9386730194091797
16729,0.0,0.9385929107666016
16730,0.0,1.245401382446289
16731,0.0,1.5381317138671875
16732,0.0,1.9142379760742188
16733,0.0,2.1500205993652344
16734,0.0,2.6542415618896484
16735,0.0,2.0239181518554688
16736,0.0,1.9283771514892578
16737,0.0,1.664377212524414
16738,0.0,1.498617172241211
16739,0.0,1.3663005828857422
16740,0.0,1.218515396118164
16741,0.0,0.9944801330566406
16742,0.0,0.8697357177734375
16743,0.0,0.7878360748291016
16744,0.0,0.7363910675048828
16745,0.0,0.6059818267822266
16746,0.0,0.5528793334960938
16747,0.0,0.5324382781982422
16748,0.0,0.43824005126953125
16749,0.0,0.4406299591064453
16750,0.0,0.5218791961669922
16751,0.0,0.5631809234619141
16752,0.0,0.6109294891357422
16753,0.0,1.4562149047851562
16754,0.0,2.036497116088867
16755,0.0,2.7813472747802734
16756,0.0,5.98237419128418
16757,4.0,12.790498733520508
16758,26.0,26.794174194335938
16759,147.0,68.37196350097656
16760,292.0,172.80813598632812
16761,411.0,272.0873107910156
16762,492.0,330.6031799316406
16763,564.0,359.9237060546875
16764,631.0,407.931884765625
16765,409.0,469.6530456542969
16766,466.0,550.8284301757812
16767,608.0,624.3386840820312
16768,416.0,687.3612060546875
16769,567.0,754.7116088867188
16770,762.0,824.952880859375
16771,1079.0,931.9864501953125
16772,983.0,1013.8157958984375
16773,1091.0,1076.105712890625
16774,1276.0,1206.7056884765625
16775,1323.0,1310.615478515625
16776,1132.0,1422.1304931640625
16777,1517.0,1465.802490234375
16778,1291.0,1463.0555419921875
16779,1033.0,1435.767822265625
16780,1403.0,1390.3582763671875
16781,1110.0,1393.795654296875
16782,1112.0,1406.5657958984375
16783,1051.0,1424.6455078125
16784,1196.0,1380.318115234375
16785,1632.0,1352.629150390625
16786,1451.0,1328.7286376953125
16787,980.0,1300.70703125
16788,749.0,1173.08544921875
16789,718.0,930.5194702148438
16790,697.0,818.0796508789062
16791,558.0,772.7432861328125
16792,616.0,765.5560913085938
16793,1442.0,743.7888793945312
16794,877.0,730.6552734375
16795,856.0,694.97509765625
16796,522.0,670.2196044921875
16797,227.0,639.9161376953125
16798,143.0,571.2952880859375
16799,241.0,579.3034057617188
16800,198.0,474.0982666015625
16801,158.0,402.6245422363281
16802,436.0,331.6823425292969
16803,612.0,358.5757751464844
16804,522.0,313.4576110839844
16805,314.0,303.2065734863281
16806,209.0,282.6556396484375
16807,140.0,261.1495361328125
16808,108.0,208.28518676757812
16809,75.0,127.00784301757812
16810,14.0,73.22966766357422
16811,3.0,38.690147399902344
16812,1.0,15.735275268554688
16813,0.0,3.3448543548583984
16814,0.0,0.11652946472167969
16815,0.0,-0.40911865234375
16816,0.0,-0.16025924682617188
16817,0.0,0.22913551330566406
16818,0.0,-0.03084564208984375
16819,0.0,0.22753524780273438
16820,0.0,0.2848358154296875
16821,0.0,0.2556438446044922
16822,0.0,0.3393421173095703
16823,0.0,0.2742424011230469
16824,0.0,0.10782623291015625
16825,0.0,-0.04642295837402344
16826,0.0,0.2949867248535156
16827,0.0,0.7602806091308594
16828,0.0,0.7088108062744141
16829,0.0,1.1008491516113281
16830,0.0,1.1903343200683594
16831,0.0,1.2896900177001953
16832,0.0,1.2145919799804688
16833,0.0,1.025299072265625
16834,0.0,0.9016189575195312
16835,0.0,0.7322711944580078
16836,0.0,0.5894584655761719
16837,0.0,0.2854347229003906
16838,0.0,-0.09055709838867188
16839,0.0,-0.495361328125
16840,0.0,-0.7447681427001953
16841,0.0,-0.9266548156738281
16842,0.0,-1.0670166015625
16843,0.0,-1.1785774230957031
16844,0.0,-1.3100738525390625
16845,0.0,-1.5686473846435547
16846,0.0,-1.8607463836669922
16847,0.0,-2.0906829833984375
16848,0.0,-2.053537368774414
16849,0.0,-2.0729522705078125
16850,0.0,-2.032888412475586
16851,0.0,-1.8592166900634766
16852,0.0,-0.6513500213623047
16853,4.0,-0.09792900085449219
16854,46.0,1.8084087371826172
16855,216.0,11.306532859802246
16856,282.0,79.03606414794922
16857,341.0,148.59979248046875
16858,422.0,223.70709228515625
16859,470.0,328.6442565917969
16860,519.0,453.796875
16861,534.0,516.48828125
16862,698.0,573.885498046875
16863,578.0,630.2523193359375
16864,688.0,690.9609375
16865,736.0,751.9171142578125
16866,895.0,836.9667358398438
16867,1020.0,958.4511108398438
16868,1168.0,1063.3258056640625
16869,1172.0,1148.6214599609375
16870,1547.0,1216.105712890625
16871,1370.0,1272.8739013671875
16872,1500.0,1367.3668212890625
16873,746.0,1397.95361328125
16874,1107.0,1431.7650146484375
16875,1120.0,1466.795654296875
16876,1143.0,1503.852294921875
16877,985.0,1533.9102783203125
16878,932.0,1542.97900390625
16879,769.0,1536.7884521484375
16880,810.0,1557.1826171875
16881,1208.0,1535.5357666015625
16882,1291.0,1508.18701171875
16883,1085.0,1448.7344970703125
16884,1097.0,1354.0963134765625
16885,1117.0,1227.5225830078125
16886,1008.0,1147.2596435546875
16887,581.0,955.6073608398438
16888,560.0,821.459228515625
16889,730.0,805.2769775390625
16890,586.0,858.7234497070312
16891,632.0,872.7325439453125
16892,711.0,709.0479736328125
16893,1605.0,611.6511840820312
16894,1357.0,596.226806640625
16895,1219.0,523.4849853515625
16896,1272.0,456.1731262207031
16897,1125.0,423.63055419921875
16898,915.0,388.2524108886719
16899,608.0,354.05780029296875
16900,242.0,314.6739501953125
16901,334.0,282.90972900390625
16902,485.0,236.3909454345703
16903,215.0,178.10433959960938
16904,212.0,122.85049438476562
16905,190.0,88.34255981445312
16906,113.0,56.508750915527344
16907,52.0,28.535219192504883
16908,11.0,9.054211616516113
16909,3.0,3.6362533569335938
16910,0.0,1.5358524322509766
16911,0.0,0.4319725036621094
16912,0.0,-0.322998046875
16913,0.0,-0.37993431091308594
16914,0.0,-0.47473716735839844
16915,0.0,-0.5895290374755859
16916,0.0,-0.6983680725097656
16917,0.0,-0.5270156860351562
16918,0.0,-0.5030918121337891
16919,0.0,-0.5491924285888672
16920,0.0,-0.6346759796142578
16921,0.0,-0.6089878082275391
16922,0.0,-0.6864604949951172
16923,0.0,-0.7449588775634766
16924,0.0,-0.7979526519775391
16925,0.0,0.2720603942871094
16926,0.0,0.9487991333007812
16927,0.0,1.1842517852783203
16928,0.0,1.3488636016845703
16929,0.0,1.5773544311523438
16930,0.0,1.6743831634521484
16931,0.0,1.740072250366211
16932,0.0,1.8297271728515625
16933,0.0,2.046436309814453
16934,0.0,2.1478309631347656
16935,0.0,1.2185916900634766
16936,0.0,0.7553882598876953
16937,0.0,0.976226806640625
16938,0.0,1.0793800354003906
16939,0.0,1.0167579650878906
16940,0.0,1.0328483581542969
16941,0.0,1.0824241638183594
16942,0.0,1.4576702117919922
16943,0.0,2.0045337677001953
16944,0.0,2.8054637908935547
16945,0.0,3.5728225708007812
16946,0.0,4.700786590576172
16947,0.0,5.751640319824219
16948,0.0,7.13557243347168
16949,2.0,8.04196548461914
16950,8.0,10.15363883972168
16951,29.0,17.727048873901367
16952,35.0,48.41495895385742
16953,38.0,100.20191955566406
16954,123.0,156.4732666015625
16955,134.0,225.6209259033203
16956,149.0,305.2530822753906
16957,197.0,406.9361267089844
16958,123.0,491.0753479003906
16959,109.0,535.0340576171875
16960,178.0,530.315673828125
16961,229.0,482.45672607421875
16962,253.0,424.37689208984375
16963,232.0,361.653564453125
16964,260.0,318.54010009765625
16965,391.0,304.1727294921875
16966,433.0,318.383544921875
16967,372.0,315.9452819824219
16968,381.0,312.3298645019531
16969,444.0,309.95703125
16970,542.0,291.5704650878906
16971,773.0,282.7857360839844
16972,692.0,290.4543151855469
16973,517.0,325.0007019042969
16974,508.0,320.1483154296875
16975,562.0,302.6456298828125
16976,517.0,331.6594543457031
16977,368.0,350.9778137207031
16978,375.0,372.5289306640625
16979,410.0,389.4772644042969
16980,349.0,437.66522216796875
16981,442.0,506.90948486328125
16982,391.0,571.2620239257812
16983,597.0,583.4746704101562
16984,1556.0,595.820068359375
16985,793.0,607.8468017578125
16986,526.0,708.7010498046875
16987,543.0,890.622802734375
16988,708.0,990.8510131835938
16989,580.0,1111.2691650390625
16990,586.0,1170.4002685546875
16991,420.0,1170.9654541015625
16992,408.0,1085.80615234375
16993,467.0,976.405029296875
16994,494.0,632.281005859375
16995,983.0,401.2970275878906
16996,818.0,333.52984619140625
16997,544.0,282.8999328613281
16998,503.0,222.1000213623047
16999,442.0,171.56939697265625
17000,250.0,144.2071533203125
17001,151.0,127.1402587890625
17002,82.0,107.82730865478516
17003,30.0,79.19966888427734
17004,5.0,42.761924743652344
17005,1.0,17.373546600341797
17006,0.0,4.422639846801758
17007,0.0,0.3153209686279297
17008,0.0,-1.3220462799072266
17009,0.0,-1.7357196807861328
17010,0.0,-1.6719417572021484
17011,0.0,-1.3653011322021484
17012,0.0,-0.8216037750244141
17013,0.0,0.03864097595214844
17014,0.0,0.03423881530761719
17015,0.0,0.03731346130371094
17016,0.0,-0.23638153076171875
17017,0.0,-0.4169902801513672
17018,0.0,-0.4119701385498047
17019,0.0,-0.4079551696777344
17020,0.0,-0.3890705108642578
17021,0.0,0.3732147216796875
17022,0.0,0.8380889892578125
17023,0.0,0.9789028167724609
17024,0.0,0.8469562530517578
17025,0.0,0.5011501312255859
17026,0.0,0.09836387634277344
17027,0.0,0.18061065673828125
17028,0.0,0.3284912109375
17029,0.0,0.3045177459716797
17030,0.0,0.20192718505859375
17031,0.0,-0.0018100738525390625
17032,0.0,-0.3321857452392578
17033,0.0,-0.2492218017578125
17034,0.0,-0.42961692810058594
17035,0.0,-1.0341739654541016
17036,0.0,-1.5547027587890625
17037,0.0,-1.8047714233398438
17038,0.0,-1.6791191101074219
17039,0.0,-1.5742340087890625
17040,0.0,-1.1741981506347656
17041,0.0,0.26867103576660156
17042,0.0,3.6497039794921875
17043,0.0,9.735494613647461
17044,0.0,25.709129333496094
17045,5.0,46.567543029785156
17046,54.0,85.68942260742188
17047,299.0,143.49729919433594
17048,417.0,189.68405151367188
17049,473.0,231.99671936035156
17050,511.0,286.81561279296875
17051,594.0,343.9792785644531
17052,634.0,390.97705078125
17053,655.0,438.7359924316406
17054,680.0,486.2066955566406
17055,735.0,523.6004028320312
17056,807.0,557.4755249023438
17057,890.0,601.5042724609375
17058,992.0,616.9736328125
17059,1074.0,620.5775756835938
17060,1147.0,663.838134765625
17061,1219.0,857.904052734375
17062,1309.0,957.8695678710938
17063,1329.0,1068.76708984375
17064,1388.0,1160.520263671875
17065,1465.0,1216.892578125
17066,1484.0,1294.7872314453125
17067,1495.0,1394.431884765625
17068,1569.0,1499.4486083984375
17069,1573.0,1529.986572265625
17070,1566.0,1548.21240234375
17071,1503.0,1584.9342041015625
17072,1579.0,1603.9376220703125
17073,1660.0,1554.9427490234375
17074,1624.0,1528.6961669921875
17075,1573.0,1535.314697265625
17076,1395.0,1482.868896484375
17077,1347.0,1451.5606689453125
17078,1611.0,1420.35693359375
17079,1527.0,1389.5777587890625
17080,1433.0,1357.7042236328125
17081,1549.0,1342.149658203125
17082,1347.0,1325.4244384765625
17083,1068.0,1306.3790283203125
17084,1200.0,1288.3475341796875
17085,690.0,1274.425537109375
17086,1011.0,1235.9921875
17087,1021.0,1144.107666015625
17088,579.0,975.4612426757812
17089,640.0,886.8409423828125
17090,825.0,788.0573120117188
17091,719.0,681.5420532226562
17092,509.0,559.8568115234375
17093,559.0,468.6171569824219
17094,480.0,376.6084289550781
17095,296.0,315.2261047363281
17096,175.0,242.44912719726562
17097,90.0,187.71133422851562
17098,67.0,138.23487854003906
17099,40.0,85.36109161376953
17100,10.0,39.3264274597168
17101,0.0,17.202651977539062
17102,0.0,6.602991104125977
17103,0.0,3.1032657623291016
17104,0.0,1.5263290405273438
17105,0.0,1.041494369506836
17106,0.0,0.7742576599121094
17107,0.0,0.5664405822753906
17108,0.0,0.37912750244140625
17109,0.0,0.25293540954589844
17110,0.0,0.2390003204345703
17111,0.0,0.22786712646484375
17112,0.0,0.20614051818847656
17113,0.0,0.10476112365722656
17114,0.0,0.1477947235107422
17115,0.0,0.17877578735351562
17116,0.0,0.21711349487304688
17117,0.0,0.7506694793701172
17118,0.0,2.4747848510742188
17119,0.0,2.4566421508789062
17120,0.0,2.7034034729003906
17121,0.0,1.9511756896972656
17122,0.0,1.2477283477783203
17123,0.0,0.7003192901611328
17124,0.0,0.22904396057128906
17125,0.0,-0.3185863494873047
17126,0.0,-0.8416385650634766
17127,0.0,-1.1966323852539062
17128,0.0,-0.12484169006347656
17129,0.0,0.11451911926269531
17130,0.0,0.1915130615234375
17131,0.0,0.044712066650390625
17132,0.0,0.0006103515625
17133,0.0,0.5860786437988281
17134,0.0,0.7542953491210938
17135,0.0,0.10427093505859375
17136,0.0,-1.404937744140625
17137,0.0,-2.278413772583008
17138,0.0,-2.206796646118164
17139,0.0,-1.2853927612304688
17140,0.0,1.0235786437988281
17141,1.0,4.611368179321289
17142,7.0,16.9688720703125
17143,18.0,46.94868469238281
17144,87.0,86.1029281616211
17145,257.0,120.48331451416016
17146,300.0,188.38455200195312
17147,538.0,359.369384765625
17148,585.0,596.0142822265625
17149,632.0,646.6220092773438
17150,672.0,689.02783203125
17151,731.0,724.72802734375
17152,801.0,768.3062744140625
17153,895.0,841.2244873046875
17154,980.0,924.273681640625
17155,1056.0,992.8649291992188
17156,1142.0,1101.97509765625
17157,1228.0,1166.32861328125
17158,1303.0,1300.391845703125
17159,1369.0,1385.688232421875
17160,1416.0,1433.85546875
17161,1364.0,1450.89453125
17162,1392.0,1480.40869140625
17163,1447.0,1526.110595703125
17164,1420.0,1590.56982421875
17165,1354.0,1603.909912109375
17166,1379.0,1608.1461181640625
17167,1227.0,1604.19189453125
17168,1521.0,1543.9727783203125
17169,1530.0,1464.96728515625
17170,1146.0,1397.4512939453125
17171,1224.0,1345.5296630859375
17172,1274.0,1309.190673828125
17173,953.0,1281.903076171875
17174,846.0,1251.5576171875
17175,838.0,1262.8399658203125
17176,911.0,1263.9564208984375
17177,865.0,1247.327880859375
17178,808.0,1220.161376953125
17179,1133.0,1193.3499755859375
17180,979.0,1158.5740966796875
17181,790.0,1115.763427734375
17182,584.0,1067.80908203125
17183,535.0,1013.0971069335938
17184,530.0,936.6121215820312
17185,458.0,870.1511840820312
17186,373.0,766.0551147460938
17187,343.0,547.1005859375
17188,302.0,423.359130859375
17189,198.0,375.2891845703125
17190,105.0,322.6307373046875
17191,67.0,272.53582763671875
17192,47.0,213.40643310546875
17193,28.0,165.01080322265625
17194,14.0,110.1057357788086
17195,4.0,60.00556182861328
17196,0.0,30.33086585998535
17197,0.0,13.5895414352417
17198,0.0,4.6400299072265625
17199,0.0,0.8683605194091797
17200,0.0,-1.2721061706542969
17201,0.0,-1.7395572662353516
17202,0.0,-2.0793724060058594
17203,0.0,-2.282228469848633
17204,0.0,-3.200542449951172
17205,0.0,-3.680459976196289
17206,0.0,-3.620115280151367
17207,0.0,-3.1605682373046875
17208,0.0,-2.4213333129882812
17209,0.0,-1.2776603698730469
17210,0.0,-0.6563205718994141
17211,0.0,-0.26421165466308594
17212,0.0,-0.020215988159179688
17213,0.0,1.3539657592773438
17214,0.0,2.069845199584961
17215,0.0,1.9407119750976562
17216,0.0,1.6735572814941406
17217,0.0,1.4422893524169922
17218,0.0,1.2065887451171875
17219,0.0,1.107320785522461
17220,0.0,1.064657211303711
17221,0.0,1.1685256958007812
17222,0.0,1.4493789672851562
17223,0.0,2.050497055053711
17224,0.0,3.763774871826172
17225,0.0,3.833658218383789
17226,0.0,3.9186668395996094
17227,0.0,4.266839981079102
17228,0.0,4.813928604125977
17229,0.0,6.208162307739258
17230,0.0,7.384014129638672
17231,0.0,8.02077865600586
17232,0.0,8.162967681884766
17233,0.0,8.899117469787598
17234,0.0,9.19385814666748
17235,0.0,9.8503999710083
17236,0.0,10.805850982666016
17237,0.0,13.145492553710938
17238,0.0,19.01849937438965
17239,4.0,30.005355834960938
17240,5.0,46.992286682128906
17241,9.0,70.16327667236328
17242,10.0,96.12354278564453
17243,12.0,121.87846374511719
17244,12.0,146.15542602539062
17245,24.0,163.89596557617188
17246,46.0,178.44932556152344
17247,66.0,191.2802276611328
17248,82.0,210.08828735351562
17249,97.0,231.82315063476562
17250,176.0,238.51065063476562
17251,166.0,244.2708282470703
17252,68.0,250.3362274169922
17253,87.0,253.85995483398438
17254,121.0,261.4697265625
17255,160.0,271.9884033203125
17256,149.0,282.7620544433594
17257,97.0,289.7783203125
17258,144.0,302.3053894042969
17259,172.0,328.8923645019531
17260,129.0,343.9358215332031
17261,131.0,334.3739929199219
17262,107.0,320.0639953613281
17263,120.0,315.7009582519531
17264,189.0,319.7876281738281
17265,226.0,322.7196350097656
17266,246.0,333.227783203125
17267,212.0,360.0014343261719
17268,207.0,389.81573486328125
17269,158.0,408.5489196777344
17270,132.0,405.1325988769531
17271,163.0,392.2685241699219
17272,153.0,380.7831115722656
17273,147.0,373.7604064941406
17274,139.0,371.2513427734375
17275,138.0,370.2650146484375
17276,196.0,367.52960205078125
17277,242.0,356.9195556640625
17278,166.0,322.8663635253906
17279,195.0,293.2701721191406
17280,142.0,267.5422058105469
17281,149.0,239.60191345214844
17282,141.0,209.86949157714844
17283,195.0,169.1238250732422
17284,121.0,118.2132339477539
17285,107.0,84.291015625
17286,92.0,66.516845703125
17287,50.0,61.44975280761719
17288,25.0,55.55896759033203
17289,9.0,32.40720748901367
17290,15.0,22.559642791748047
17291,3.0,13.000686645507812
17292,1.0,6.22850227355957
17293,0.0,3.0719242095947266
17294,0.0,1.6624717712402344
17295,0.0,0.9338741302490234
17296,0.0,0.5035495758056641
17297,0.0,0.2451190948486328
17298,0.0,0.44974327087402344
17299,0.0,0.6184711456298828
17300,0.0,0.7941684722900391
17301,0.0,0.9395408630371094
17302,0.0,0.7766227722167969
17303,0.0,0.6730918884277344
17304,0.0,0.5903511047363281
17305,0.0,0.5204792022705078
17306,0.0,0.46525001525878906
17307,0.0,0.36186981201171875
17308,0.0,0.24713516235351562
17309,0.0,2.4788150787353516
17310,0.0,2.7677230834960938
17311,0.0,2.532878875732422
17312,0.0,2.150745391845703
17313,0.0,1.9566078186035156
17314,0.0,2.0098876953125
17315,0.0,1.9789409637451172
17316,0.0,1.963174819946289
17317,0.0,2.1327686309814453
17318,0.0,2.1803359985351562
17319,0.0,2.2676429748535156
17320,0.0,2.3722190856933594
17321,0.0,2.7061386108398438
17322,0.0,2.836515426635742
17323,0.0,2.979877471923828
17324,0.0,3.189432144165039
17325,0.0,3.7742919921875
17326,0.0,4.291498184204102
17327,0.0,4.596033096313477
17328,0.0,4.848852157592773
17329,0.0,5.470975875854492
17330,0.0,5.884710311889648
17331,0.0,6.209861755371094
17332,0.0,6.604150772094727
17333,4.0,7.589817047119141
17334,5.0,9.873239517211914
17335,0.0,13.225484848022461
17336,1.0,18.619428634643555
17337,15.0,27.6688175201416
17338,88.0,42.58228302001953
17339,140.0,62.12799072265625
17340,70.0,85.5473861694336
17341,43.0,117.05132293701172
17342,176.0,150.96473693847656
17343,253.0,172.25823974609375
17344,264.0,183.07980346679688
17345,188.0,197.21728515625
17346,280.0,201.36776733398438
17347,503.0,197.70167541503906
17348,467.0,199.32589721679688
17349,345.0,204.3427276611328
17350,349.0,236.16415405273438
17351,406.0,304.18072509765625
17352,523.0,430.8589782714844
17353,588.0,544.1105346679688
17354,758.0,631.1742553710938
17355,587.0,688.1056518554688
17356,346.0,677.9869995117188
17357,512.0,583.45556640625
17358,472.0,494.13446044921875
17359,420.0,448.98858642578125
17360,387.0,424.7398986816406
17361,194.0,417.9543762207031
17362,268.0,392.8935241699219
17363,391.0,370.63812255859375
17364,616.0,340.56231689453125
17365,524.0,319.9896240234375
17366,586.0,313.7657165527344
17367,577.0,326.02642822265625
17368,569.0,359.68798828125
17369,501.0,408.939697265625
17370,510.0,454.2670593261719
17371,580.0,490.95953369140625
17372,457.0,512.6712036132812
17373,216.0,498.9372253417969
17374,116.0,419.3337707519531
17375,139.0,386.6932678222656
17376,163.0,372.248046875
17377,253.0,358.7978515625
17378,376.0,343.74920654296875
17379,356.0,329.1811828613281
17380,302.0,315.0306396484375
17381,246.0,299.4378356933594
17382,178.0,277.2281799316406
17383,121.0,238.69789123535156
17384,58.0,182.1868896484375
17385,28.0,141.8892822265625
17386,7.0,88.56800079345703
17387,1.0,35.674015045166016
17388,0.0,15.27774429321289
17389,0.0,9.582611083984375
17390,0.0,6.155492782592773
17391,0.0,4.497734069824219
17392,0.0,3.632291793823242
17393,0.0,3.390687942504883
17394,0.0,3.1929492950439453
17395,0.0,3.1190338134765625
17396,0.0,3.0618038177490234
17397,0.0,2.874094009399414
17398,0.0,2.855691909790039
17399,0.0,2.7708568572998047
17400,0.0,2.73095703125
17401,0.0,2.4982833862304688
17402,0.0,2.532533645629883
17403,0.0,2.4286231994628906
17404,0.0,2.3957443237304688
17405,0.0,1.370645523071289
17406,0.0,1.6872215270996094
17407,0.0,0.28185462951660156
17408,0.0,-0.4499645233154297
17409,0.0,-0.776885986328125
17410,0.0,-1.1436729431152344
17411,0.0,-1.4515323638916016
17412,0.0,-1.6982345581054688
17413,0.0,-1.9241485595703125
17414,0.0,-2.1062088012695312
17415,0.0,-2.045473098754883
17416,0.0,-1.8161334991455078
17417,0.0,-1.3954143524169922
17418,0.0,-0.6626148223876953
17419,0.0,0.034793853759765625
17420,0.0,0.8238048553466797
17421,0.0,1.4364452362060547
17422,0.0,2.102619171142578
17423,0.0,2.5616283416748047
17424,0.0,3.589111328125
17425,0.0,5.510446548461914
17426,0.0,10.802352905273438
17427,0.0,30.520328521728516
17428,0.0,70.21759796142578
17429,15.0,87.2319564819336
17430,112.0,132.85791015625
17431,276.0,229.85797119140625
17432,400.0,310.59454345703125
17433,494.0,354.5192565917969
17434,562.0,403.0800476074219
17435,617.0,449.2846984863281
17436,655.0,482.4666442871094
17437,681.0,526.3853149414062
17438,721.0,587.734130859375
17439,776.0,680.2646484375
17440,851.0,785.6763916015625
17441,936.0,878.9669799804688
17442,1027.0,966.5009155273438
17443,1120.0,1027.8135986328125
17444,1202.0,1079.1700439453125
17445,1280.0,1114.84423828125
17446,1347.0,1157.92578125
17447,1399.0,1227.1123046875
17448,1447.0,1304.5986328125
17449,1488.0,1324.2735595703125
17450,1524.0,1335.553955078125
17451,1558.0,1314.18603515625
17452,1535.0,1279.503173828125
17453,1548.0,1276.3486328125
17454,1593.0,1272.4207763671875
17455,1546.0,1261.4678955078125
17456,1604.0,1238.6888427734375
17457,1601.0,1189.0540771484375
17458,1554.0,1119.453369140625
17459,1527.0,1025.3896484375
17460,1564.0,909.422119140625
17461,1558.0,870.2539672851562
17462,1524.0,822.0228271484375
17463,1202.0,765.8468017578125
17464,1089.0,676.1907958984375
17465,1538.0,653.911865234375
17466,1220.0,656.4927368164062
17467,1275.0,657.1364135742188
17468,688.0,542.6215209960938
17469,634.0,548.4010620117188
17470,534.0,535.93115234375
17471,399.0,520.0366821289062
17472,244.0,471.93115234375
17473,225.0,509.38623046875
17474,303.0,601.3966674804688
17475,282.0,625.09521484375
17476,474.0,560.1973266601562
17477,529.0,510.12664794921875
17478,484.0,430.73773193359375
17479,236.0,340.7300720214844
17480,170.0,263.19696044921875
17481,100.0,212.52647399902344
17482,36.0,150.4751434326172
17483,12.0,97.44068145751953
17484,4.0,52.75462341308594
17485,0.0,20.226219177246094
17486,0.0,7.682390213012695
17487,0.0,4.86968994140625
17488,0.0,3.0961380004882812
17489,0.0,2.084697723388672
17490,0.0,1.3706912994384766
17491,0.0,1.0553741455078125
17492,0.0,0.6778373718261719
17493,0.0,0.4839668273925781
17494,0.0,0.4329376220703125
17495,0.0,0.6525630950927734
17496,0.0,0.7449855804443359
17497,0.0,0.7996311187744141
17498,0.0,1.0636920928955078
17499,0.0,1.0931434631347656
17500,0.0,1.1437950134277344
17501,0.0,1.1772308349609375
17502,0.0,0.9331493377685547
17503,0.0,0.2541828155517578
17504,0.0,-0.9585990905761719
17505,0.0,-1.6957340240478516
17506,0.0,-2.2352962493896484
17507,0.0,-2.0740928649902344
17508,0.0,-1.2022590637207031
17509,0.0,-1.0169563293457031
17510,0.0,-0.9599838256835938
17511,0.0,-0.9518051147460938
17512,0.0,-0.9821643829345703
17513,0.0,-0.9878578186035156
17514,0.0,-0.8889331817626953
17515,0.0,-0.45693206787109375
17516,0.0,0.14419174194335938
17517,0.0,0.47724342346191406
17518,0.0,0.5393695831298828
17519,0.0,0.5510139465332031
17520,0.0,0.7015132904052734
17521,0.0,0.5450077056884766
17522,0.0,0.4879417419433594
17523,0.0,0.23222923278808594
17524,0.0,-0.02336883544921875
17525,0.0,-0.31744384765625
17526,1.0,2.6522960662841797
17527,3.0,21.980709075927734
17528,2.0,87.37521362304688
17529,12.0,229.7257080078125
17530,83.0,407.8330383300781
17531,145.0,518.8919067382812
17532,158.0,609.3990478515625
17533,257.0,656.4927368164062
17534,222.0,687.6473999023438
17535,265.0,664.9083862304688
17536,263.0,587.18896484375
17537,245.0,453.40179443359375
17538,254.0,382.43902587890625
17539,280.0,393.6923522949219
17540,320.0,403.8828430175781
17541,438.0,415.30804443359375
17542,428.0,442.7907409667969
17543,330.0,491.263916015625
17544,312.0,544.0938720703125
17545,240.0,568.3528442382812
17546,238.0,579.2244262695312
17547,179.0,588.4150390625
17548,230.0,613.854736328125
17549,249.0,632.2962646484375
17550,451.0,661.3076782226562
17551,660.0,637.2140502929688
17552,548.0,598.0718994140625
17553,545.0,566.2459716796875
17554,469.0,565.9827880859375
17555,503.0,540.7935791015625
17556,264.0,466.1220397949219
17557,205.0,467.3758544921875
17558,324.0,471.921142578125
17559,226.0,605.625244140625
17560,275.0,824.7213134765625
17561,356.0,1060.355712890625
17562,362.0,1128.155517578125
17563,291.0,1088.227294921875
17564,187.0,1039.0538330078125
17565,96.0,919.0718994140625
17566,69.0,910.76953125
17567,139.0,893.5225830078125
17568,599.0,908.6817016601562
17569,562.0,855.2402954101562
17570,691.0,726.527587890625
17571,533.0,589.5880737304688
17572,474.0,420.82354736328125
17573,334.0,382.39141845703125
17574,299.0,337.6566162109375
17575,230.0,288.05657958984375
17576,166.0,235.808837890625
17577,118.0,189.91104125976562
17578,76.0,138.95944213867188
17579,51.0,85.74803161621094
17580,10.0,34.51844024658203
17581,0.0,11.537331581115723
17582,0.0,5.843559265136719
17583,0.0,4.461530685424805
17584,0.0,3.740762710571289
17585,0.0,3.4526729583740234
17586,0.0,3.189363479614258
17587,0.0,2.8840808868408203
17588,0.0,2.4749507904052734
17589,0.0,1.8084182739257812
17590,0.0,1.3797378540039062
17591,0.0,1.0683746337890625
17592,0.0,0.8613414764404297
17593,0.0,0.5916633605957031
17594,0.0,0.5206012725830078
17595,0.0,0.5336132049560547
17596,0.0,0.5730094909667969
17597,0.0,0.37561607360839844
17598,0.0,1.4645843505859375
17599,0.0,0.8843917846679688
17600,0.0,0.9161167144775391
17601,0.0,0.5965938568115234
17602,0.0,0.6675357818603516
17603,0.0,0.5655403137207031
17604,0.0,0.6396045684814453
17605,0.0,0.5805416107177734
17606,0.0,0.37056541442871094
17607,0.0,0.9296894073486328
17608,0.0,1.1273212432861328
17609,0.0,1.3976802825927734
17610,0.0,1.7633552551269531
17611,0.0,1.5630874633789062
17612,0.0,1.7070465087890625
17613,0.0,1.5956058502197266
17614,0.0,1.9797534942626953
17615,0.0,1.7646007537841797
17616,0.0,1.7874393463134766
17617,0.0,1.7727432250976562
17618,0.0,2.5079593658447266
17619,0.0,2.4354934692382812
17620,0.0,2.658893585205078
17621,50.0,6.478311538696289
17622,55.0,29.350025177001953
17623,105.0,113.84458923339844
17624,470.0,256.2751159667969
17625,570.0,391.9264831542969
17626,617.0,500.0024108886719
17627,658.0,583.0192260742188
17628,687.0,647.6904907226562
17629,711.0,708.9841918945312
17630,742.0,773.146728515625
17631,796.0,843.5020751953125
17632,876.0,947.6175537109375
17633,975.0,1024.93798828125
17634,1077.0,1072.88623046875
17635,1060.0,1131.3201904296875
17636,964.0,1282.7825927734375
17637,1279.0,1343.34326171875
17638,1080.0,1392.3172607421875
17639,1596.0,1387.162109375
17640,1622.0,1431.3603515625
17641,1744.0,1471.811767578125
17642,1484.0,1560.100830078125
17643,1531.0,1618.2052001953125
17644,910.0,1638.7213134765625
17645,1034.0,1642.625244140625
17646,935.0,1599.5181884765625
17647,987.0,1595.3143310546875
17648,905.0,1612.3203125
17649,1117.0,1593.092041015625
17650,1018.0,1445.82177734375
17651,900.0,1397.9276123046875
17652,814.0,1379.9039306640625
17653,946.0,1331.02392578125
17654,1045.0,1205.5416259765625
17655,976.0,974.50732421875
17656,922.0,757.1016235351562
17657,956.0,747.5532836914062
17658,1045.0,745.179443359375
17659,823.0,742.4627685546875
17660,757.0,716.1886596679688
17661,715.0,692.26904296875
17662,670.0,646.4737548828125
17663,721.0,569.8408813476562
17664,743.0,504.7469482421875
17665,547.0,446.4346923828125
17666,407.0,369.6281433105469
17667,346.0,323.32391357421875
17668,373.0,283.87188720703125
17669,300.0,261.1244812011719
17670,370.0,231.1448516845703
17671,398.0,206.41246032714844
17672,318.0,179.4788055419922
17673,225.0,152.30812072753906
17674,141.0,123.46290588378906
17675,71.0,88.39336395263672
17676,13.0,42.976463317871094
17677,2.0,20.172897338867188
17678,0.0,6.210229873657227
17679,0.0,2.0862979888916016
17680,0.0,1.0481681823730469
17681,0.0,0.8180446624755859
17682,0.0,0.70892333984375
17683,0.0,0.7041816711425781
17684,0.0,0.6852016448974609
17685,0.0,0.6461887359619141
17686,0.0,1.0906352996826172
17687,0.0,1.4326343536376953
17688,0.0,1.7604408264160156
17689,0.0,1.7285423278808594
17690,0.0,1.8158893585205078
17691,0.0,1.8070945739746094
17692,0.0,1.8005218505859375
17693,0.0,1.2433662414550781
17694,0.0,1.4864139556884766
17695,0.0,1.294301986694336
17696,0.0,1.1957588195800781
17697,0.0,1.1311283111572266
17698,0.0,0.8102760314941406
17699,0.0,0.4540290832519531
17700,0.0,0.18689346313476562
17701,0.0,-0.21175765991210938
17702,0.0,-0.1970958709716797
17703,0.0,-0.2707710266113281
17704,0.0,-0.5164012908935547
17705,0.0,-0.9447517395019531
17706,0.0,-0.8765678405761719
17707,0.0,-1.0280075073242188
17708,0.0,-1.0618362426757812
17709,0.0,-1.5499458312988281
17710,0.0,-1.0319595336914062
17711,0.0,0.0343475341796875
17712,0.0,2.4843597412109375
17713,0.0,5.316015243530273
17714,0.0,10.184487342834473
17715,0.0,20.153305053710938
17716,2.0,46.814903259277344
17717,70.0,74.90665435791016
17718,146.0,134.03700256347656
17719,235.0,207.75604248046875
17720,431.0,270.6849670410156
17721,539.0,335.40557861328125
17722,601.0,420.65869140625
17723,655.0,500.047607421875
17724,695.0,561.0971069335938
17725,715.0,626.5234375
17726,764.0,695.7883911132812
17727,828.0,776.5404052734375
17728,880.0,855.9234619140625
17729,906.0,982.7673950195312
17730,962.0,1101.196533203125
17731,1113.0,1168.4869384765625
17732,1039.0,1217.9210205078125
17733,1255.0,1283.131591796875
17734,1254.0,1330.0263671875
17735,1407.0,1393.315673828125
17736,1598.0,1478.557861328125
17737,1615.0,1525.6085205078125
17738,1434.0,1555.5107421875
17739,710.0,1563.937744140625
17740,797.0,1553.5872802734375
17741,984.0,1550.6578369140625
17742,1157.0,1542.8701171875
17743,1174.0,1520.3795166015625
17744,987.0,1411.4825439453125
17745,724.0,1267.728515625
17746,427.0,1039.46533203125
17747,357.0,901.9490966796875
17748,502.0,795.46484375
17749,811.0,796.7222900390625
17750,1314.0,798.6057739257812
17751,976.0,805.4992065429688
17752,1180.0,789.5753784179688
17753,773.0,777.428955078125
17754,629.0,764.8617553710938
17755,535.0,747.332275390625
17756,707.0,725.980712890625
17757,1427.0,718.9696044921875
17758,940.0,703.0049438476562
17759,638.0,674.9743041992188
17760,699.0,549.94580078125
17761,623.0,509.63104248046875
17762,597.0,467.32391357421875
17763,662.0,429.9289245605469
17764,786.0,389.8626708984375
17765,698.0,358.334716796875
17766,426.0,313.2789611816406
17767,339.0,268.74853515625
17768,278.0,214.6075897216797
17769,195.0,176.09811401367188
17770,127.0,142.2772216796875
17771,69.0,106.78494262695312
17772,18.0,59.08404541015625
17773,0.0,26.858562469482422
17774,0.0,9.500640869140625
17775,0.0,3.1627464294433594
17776,0.0,1.730489730834961
17777,0.0,1.5075759887695312
17778,0.0,2.1428680419921875
17779,0.0,2.8303604125976562
17780,0.0,3.0961055755615234
17781,0.0,2.7150001525878906
17782,0.0,2.4244117736816406
17783,0.0,2.183361053466797
17784,0.0,1.855224609375
17785,0.0,1.363180160522461
17786,0.0,1.0769824981689453
17787,0.0,0.9278640747070312
17788,0.0,0.8313636779785156
17789,0.0,-0.4121742248535156
17790,0.0,-0.5848217010498047
17791,0.0,-0.6410312652587891
17792,0.0,-0.7770195007324219
17793,0.0,-0.9032821655273438
17794,0.0,-0.9548187255859375
17795,0.0,-0.9846115112304688
17796,0.0,-0.9709224700927734
17797,0.0,-1.043832778930664
17798,0.0,-1.0822200775146484
17799,0.0,-1.0830211639404297
17800,0.0,-1.5083122253417969
17801,0.0,-1.655954360961914
17802,0.0,-1.727884292602539
17803,0.0,-1.8178462982177734
17804,0.0,-1.8708820343017578
17805,0.0,-1.9656639099121094
17806,0.0,-1.9935245513916016
17807,0.0,-2.0191688537597656
17808,0.0,-1.808614730834961
17809,0.0,-1.8365764617919922
17810,0.0,-1.6203041076660156
17811,0.0,-1.2498931884765625
17812,1.0,0.43536376953125
17813,8.0,3.1900768280029297
17814,29.0,19.647066116333008
17815,72.0,89.73706817626953
17816,160.0,184.04380798339844
17817,409.0,237.719482421875
17818,492.0,301.1263122558594
17819,522.0,356.5169372558594
17820,376.0,386.0055236816406
17821,323.0,386.4454345703125
17822,350.0,386.8045654296875
17823,282.0,385.9176330566406
17824,139.0,388.2822265625
17825,98.0,385.04498291015625
17826,144.0,397.5872497558594
17827,293.0,429.5876770019531
17828,471.0,480.2381286621094
17829,585.0,527.8792724609375
17830,498.0,571.6714477539062
17831,341.0,615.0098876953125
17832,278.0,635.9381103515625
17833,493.0,580.781005859375
17834,378.0,385.5576477050781
17835,184.0,307.1115417480469
17836,178.0,284.5067138671875
17837,163.0,262.35162353515625
17838,82.0,250.6031494140625
17839,64.0,234.36935424804688
17840,94.0,248.0846710205078
17841,105.0,272.4361877441406
17842,109.0,278.207275390625
17843,120.0,269.4757385253906
17844,127.0,257.5224304199219
17845,212.0,237.60914611816406
17846,306.0,224.9143829345703
17847,218.0,218.17237854003906
17848,217.0,213.33860778808594
17849,210.0,203.90342712402344
17850,287.0,206.27679443359375
17851,292.0,219.05538940429688
17852,231.0,231.7539520263672
17853,244.0,236.8388671875
17854,228.0,240.40509033203125
17855,187.0,244.98516845703125
17856,154.0,249.6365203857422
17857,119.0,240.69012451171875
17858,108.0,221.10025024414062
17859,88.0,199.21351623535156
17860,61.0,177.34738159179688
17861,41.0,153.7270965576172
17862,40.0,135.17434692382812
17863,18.0,117.78189849853516
17864,11.0,94.2963638305664
17865,9.0,68.1834945678711
17866,9.0,45.192081451416016
17867,4.0,33.63042449951172
17868,0.0,20.401058197021484
17869,0.0,9.665399551391602
17870,0.0,3.741893768310547
17871,0.0,1.7891616821289062
17872,0.0,1.0706405639648438
17873,0.0,0.8528804779052734
17874,0.0,0.7295284271240234
17875,0.0,0.6558494567871094
17876,0.0,0.6000652313232422
17877,0.0,0.5776252746582031
17878,0.0,0.49805641174316406
17879,0.0,0.4399871826171875
17880,0.0,0.39235877990722656
17881,0.0,0.3841438293457031
17882,0.0,0.45679664611816406
17883,0.0,0.5107364654541016
17884,0.0,0.5328998565673828
17885,0.0,1.5372123718261719
17886,0.0,2.3935508728027344
17887,0.0,2.4995956420898438
17888,0.0,2.495504379272461
17889,0.0,2.5842761993408203
17890,0.0,2.5678939819335938
17891,0.0,2.4598960876464844
17892,0.0,2.3359546661376953
17893,0.0,2.5416736602783203
17894,0.0,2.621091842651367
17895,0.0,2.6464195251464844
17896,0.0,2.6201515197753906
17897,0.0,3.1393604278564453
17898,0.0,3.495647430419922
17899,0.0,3.737751007080078
17900,0.0,3.9204635620117188
17901,0.0,4.77911376953125
17902,0.0,5.25208854675293
17903,0.0,4.931125640869141
17904,0.0,4.0436248779296875
17905,0.0,3.719240188598633
17906,0.0,3.571958541870117
17907,0.0,3.372852325439453
17908,0.0,3.59173583984375
17909,1.0,5.131629943847656
17910,4.0,8.497934341430664
17911,6.0,14.897819519042969
17912,16.0,26.69416618347168
17913,19.0,48.7478141784668
17914,27.0,84.7819595336914
17915,40.0,124.73194122314453
17916,56.0,160.781982421875
17917,98.0,196.5209503173828
17918,148.0,229.85708618164062
17919,162.0,258.7639465332031
17920,123.0,290.8681335449219
17921,157.0,318.1642150878906
17922,308.0,318.70001220703125
17923,358.0,316.91748046875
17924,395.0,321.80615234375
17925,351.0,326.73974609375
17926,444.0,317.4689025878906
17927,606.0,301.33367919921875
17928,421.0,291.21856689453125
17929,230.0,293.68878173828125
17930,584.0,315.97918701171875
17931,873.0,356.2031555175781
17932,800.0,438.8660888671875
17933,1015.0,539.5584716796875
17934,1375.0,600.1441040039062
17935,1134.0,655.376220703125
17936,932.0,713.953369140625
17937,959.0,825.438232421875
17938,1025.0,1030.0242919921875
17939,1007.0,1256.34765625
17940,966.0,1403.7830810546875
17941,958.0,1394.9031982421875
17942,993.0,1302.8681640625
17943,940.0,1210.3629150390625
17944,1066.0,1157.19482421875
17945,940.0,1080.9552001953125
17946,592.0,1008.1575927734375
17947,540.0,962.4588623046875
17948,637.0,917.0030517578125
17949,726.0,882.40576171875
17950,650.0,794.366455078125
17951,516.0,681.0050048828125
17952,642.0,615.442626953125
17953,462.0,574.2559814453125
17954,359.0,524.3871459960938
17955,726.0,494.45233154296875
17956,613.0,456.0012512207031
17957,356.0,394.3415222167969
17958,262.0,290.60455322265625
17959,296.0,212.55384826660156
17960,310.0,158.4523468017578
17961,195.0,119.6678466796875
17962,99.0,83.03138732910156
17963,68.0,44.78108596801758
17964,64.0,16.66053009033203
17965,19.0,6.75782585144043
17966,4.0,4.191562652587891
17967,1.0,3.2486133575439453
17968,0.0,2.590883255004883
17969,0.0,2.2116317749023438
17970,0.0,2.1309661865234375
17971,0.0,2.0925846099853516
17972,0.0,2.1058292388916016
17973,0.0,2.133211135864258
17974,0.0,2.1710586547851562
17975,0.0,2.2812232971191406
17976,0.0,2.3883399963378906
17977,0.0,2.336465835571289
17978,0.0,2.4661026000976562
17979,0.0,2.229227066040039
17980,0.0,1.7451019287109375
17981,0.0,0.6964817047119141
17982,0.0,1.039316177368164
17983,0.0,0.5122871398925781
17984,0.0,0.2507762908935547
17985,0.0,-0.06986236572265625
17986,0.0,-0.14243125915527344
17987,0.0,-0.23483657836914062
17988,0.0,-0.34593772888183594
17989,0.0,-0.7565879821777344
17990,0.0,-0.7758350372314453
17991,0.0,-0.9862689971923828
17992,0.0,-1.1878509521484375
17993,0.0,-1.643381118774414
17994,0.0,-1.4587745666503906
17995,0.0,-1.7400226593017578
17996,0.0,-1.9541149139404297
17997,0.0,-2.341785430908203
17998,0.0,-1.8343467712402344
17999,0.0,-2.044668197631836
18000,0.0,-1.6151657104492188
18001,0.0,0.14411544799804688
18002,0.0,4.599590301513672
18003,2.0,11.984302520751953
18004,43.0,37.377864837646484
18005,193.0,113.73526763916016
18006,365.0,234.02476501464844
18007,480.0,348.3010559082031
18008,573.0,451.2660827636719
18009,646.0,528.3244018554688
18010,700.0,595.5140380859375
18011,742.0,648.4197998046875
18012,771.0,690.4634399414062
18013,802.0,733.1024169921875
18014,835.0,791.6805419921875
18015,900.0,877.9175415039062
18016,977.0,979.4716796875
18017,1071.0,1051.0146484375
18018,1175.0,1104.2947998046875
18019,1272.0,1167.7080078125
18020,1363.0,1289.2325439453125
18021,1435.0,1331.986328125
18022,1502.0,1373.0537109375
18023,1561.0,1411.4320068359375
18024,1605.0,1468.47607421875
18025,1654.0,1504.8714599609375
18026,1701.0,1552.075439453125
18027,1734.0,1591.5831298828125
18028,1756.0,1618.880126953125
18029,1769.0,1627.392578125
18030,1774.0,1632.8148193359375
18031,1774.0,1637.51953125
18032,1788.0,1641.5443115234375
18033,1772.0,1642.767578125
18034,1745.0,1643.3548583984375
18035,1718.0,1643.6427001953125
18036,1702.0,1643.8597412109375
18037,1683.0,1643.82080078125
18038,1672.0,1643.4833984375
18039,1647.0,1641.7271728515625
18040,1621.0,1625.9449462890625
18041,1592.0,1568.4425048828125
18042,1531.0,1502.489990234375
18043,1493.0,1432.8778076171875
18044,1291.0,1396.65771484375
18045,1304.0,1372.21533203125
18046,1342.0,1335.6561279296875
18047,1215.0,1284.542724609375
18048,1196.0,1215.663330078125
18049,1115.0,1143.37646484375
18050,1007.0,1060.1656494140625
18051,919.0,962.20263671875
18052,807.0,843.1193237304688
18053,699.0,746.6936645507812
18054,579.0,595.131591796875
18055,459.0,442.9178161621094
18056,340.0,334.09478759765625
18057,242.0,262.76763916015625
18058,171.0,195.97813415527344
18059,108.0,135.56927490234375
18060,48.0,59.58540344238281
18061,18.0,27.68335723876953
18062,2.0,10.984298706054688
18063,0.0,2.5069751739501953
18064,0.0,0.7160892486572266
18065,0.0,0.5944957733154297
18066,0.0,0.47839927673339844
18067,0.0,0.3723411560058594
18068,0.0,0.2180004119873047
18069,0.0,0.08342170715332031
18070,0.0,0.012170791625976562
18071,0.0,-0.10158538818359375
18072,0.0,-0.17250823974609375
18073,0.0,-0.28495025634765625
18074,0.0,-0.29056358337402344
18075,0.0,-0.3789482116699219
18076,0.0,-0.4396400451660156
18077,0.0,-1.4181194305419922
18078,0.0,-0.5041770935058594
18079,0.0,-0.6136283874511719
18080,0.0,-0.4218921661376953
18081,0.0,-0.6056995391845703
18082,0.0,-0.7529201507568359
18083,0.0,-0.8644123077392578
18084,0.0,-1.0992183685302734
18085,0.0,-1.5125923156738281
18086,0.0,-1.489645004272461
18087,0.0,-1.7707672119140625
18088,0.0,-1.914327621459961
18089,0.0,-2.26263427734375
18090,0.0,-1.9836349487304688
18091,0.0,-2.261991500854492
18092,0.0,-2.494749069213867
18093,0.0,-2.8371829986572266
18094,0.0,-2.2937850952148438
18095,0.0,-2.5625133514404297
18096,0.0,-2.208019256591797
18097,0.0,-0.6078529357910156
18098,1.0,4.294597625732422
18099,2.0,14.215339660644531
18100,50.0,49.202579498291016
18101,213.0,141.76759338378906
18102,396.0,264.44390869140625
18103,518.0,378.22021484375
18104,611.0,476.4272155761719
18105,684.0,551.9979858398438
18106,738.0,616.0399169921875
18107,775.0,664.9180297851562
18108,802.0,708.5736694335938
18109,825.0,758.0072021484375
18110,863.0,821.0328979492188
18111,921.0,886.832275390625
18112,1006.0,1004.5391845703125
18113,1103.0,1074.0921630859375
18114,1210.0,1138.9805908203125
18115,1302.0,1251.294189453125
18116,1387.0,1345.63232421875
18117,1466.0,1406.7109375
18118,1533.0,1459.8782958984375
18119,1591.0,1506.081298828125
18120,1645.0,1572.5010986328125
18121,1686.0,1607.81201171875
18122,1723.0,1629.789794921875
18123,1761.0,1638.4046630859375
18124,1775.0,1642.9447021484375
18125,1795.0,1644.190185546875
18126,1804.0,1644.8365478515625
18127,1790.0,1645.145263671875
18128,1780.0,1645.3953857421875
18129,1775.0,1645.4425048828125
18130,1754.0,1645.45654296875
18131,1736.0,1645.4373779296875
18132,1722.0,1645.443603515625
18133,1684.0,1645.3795166015625
18134,1652.0,1645.26416015625
18135,1632.0,1644.9368896484375
18136,1596.0,1642.8604736328125
18137,1568.0,1628.1854248046875
18138,1545.0,1546.6915283203125
18139,1489.0,1474.708251953125
18140,1448.0,1433.767578125
18141,1396.0,1393.048095703125
18142,1326.0,1342.1356201171875
18143,1171.0,1239.0123291015625
18144,1266.0,1110.17626953125
18145,1107.0,997.5878295898438
18146,996.0,900.527099609375
18147,904.0,823.4968872070312
18148,795.0,735.3905029296875
18149,683.0,660.0606079101562
18150,567.0,562.3937377929688
18151,449.0,449.65673828125
18152,338.0,345.9473571777344
18153,241.0,276.85546875
18154,171.0,201.94703674316406
18155,107.0,131.5323944091797
18156,55.0,53.13239669799805
18157,19.0,25.107759475708008
18158,5.0,9.242931365966797
18159,0.0,0.5058536529541016
18160,0.0,-1.3689689636230469
18161,0.0,-1.2457275390625
18162,0.0,-1.094879150390625
18163,0.0,-1.0134773254394531
18164,0.0,-0.9750709533691406
18165,0.0,-0.9553604125976562
18166,0.0,-0.8000545501708984
18167,0.0,-0.8032417297363281
18168,0.0,-0.7402324676513672
18169,0.0,-0.7697944641113281
18170,0.0,-0.6270713806152344
18171,0.0,-0.5610485076904297
18172,0.0,-0.46334075927734375
18173,0.0,-2.0027999877929688
18174,0.0,-0.8861885070800781
18175,0.0,-0.7642860412597656
18176,0.0,-0.6381778717041016
18177,0.0,-0.8555335998535156
18178,0.0,-0.9005718231201172
18179,0.0,-0.9880466461181641
18180,0.0,-1.184244155883789
18181,0.0,-1.6275825500488281
18182,0.0,-1.5348167419433594
18183,0.0,-1.8800411224365234
18184,0.0,-2.069791793823242
18185,0.0,-2.4873294830322266
18186,0.0,-2.3326969146728516
18187,0.0,-2.6352882385253906
18188,0.0,-2.9008636474609375
18189,0.0,-3.0353965759277344
18190,0.0,-2.332286834716797
18191,0.0,-1.9625263214111328
18192,0.0,-0.5535030364990234
18193,0.0,4.791444778442383
18194,0.0,13.931859016418457
18195,4.0,26.769927978515625
18196,79.0,57.79999542236328
18197,245.0,123.32382202148438
18198,406.0,240.81251525878906
18199,522.0,342.4224853515625
18200,607.0,431.917236328125
18201,675.0,509.1123962402344
18202,724.0,578.6416625976562
18203,767.0,638.264892578125
18204,797.0,694.5481567382812
18205,818.0,749.4214477539062
18206,857.0,793.9526977539062
18207,923.0,833.45654296875
18208,991.0,888.8635864257812
18209,1094.0,963.1693725585938
18210,1206.0,1031.599609375
18211,1305.0,1095.5750732421875
18212,1381.0,1216.051025390625
18213,1451.0,1306.5013427734375
18214,1479.0,1382.0323486328125
18215,1239.0,1452.066650390625
18216,1414.0,1529.186279296875
18217,1524.0,1563.40478515625
18218,1620.0,1593.232421875
18219,1586.0,1616.7432861328125
18220,1721.0,1633.871826171875
18221,1729.0,1639.7213134765625
18222,1749.0,1643.6181640625
18223,1744.0,1645.6014404296875
18224,1733.0,1645.752685546875
18225,1712.0,1645.7540283203125
18226,1710.0,1645.7447509765625
18227,1696.0,1645.706787109375
18228,1670.0,1645.5892333984375
18229,1665.0,1645.479736328125
18230,1584.0,1645.1656494140625
18231,1491.0,1644.114990234375
18232,1451.0,1639.46728515625
18233,1528.0,1630.526611328125
18234,1484.0,1567.4766845703125
18235,1474.0,1451.419189453125
18236,1432.0,1383.2000732421875
18237,1377.0,1331.56689453125
18238,1311.0,1276.864013671875
18239,1232.0,1204.5126953125
18240,1167.0,1071.5233154296875
18241,1086.0,1010.6475830078125
18242,975.0,923.73193359375
18243,885.0,828.8394165039062
18244,779.0,724.64697265625
18245,672.0,612.7379150390625
18246,559.0,492.2930908203125
18247,442.0,395.008544921875
18248,327.0,277.2115478515625
18249,240.0,221.12451171875
18250,172.0,173.7350616455078
18251,114.0,126.18670654296875
18252,61.0,57.33281707763672
18253,24.0,27.592817306518555
18254,6.0,12.865076065063477
18255,0.0,3.814180374145508
18256,0.0,0.6325130462646484
18257,0.0,-0.05220222473144531
18258,0.0,-0.3295764923095703
18259,0.0,-0.6061267852783203
18260,0.0,-0.8174896240234375
18261,0.0,-0.9806537628173828
18262,0.0,-1.0312881469726562
18263,0.0,-1.1861419677734375
18264,0.0,-1.276113510131836
18265,0.0,-1.3559951782226562
18266,0.0,-1.2877311706542969
18267,0.0,-1.339141845703125
18268,0.0,-1.3288459777832031
18269,0.0,-1.101907730102539
18270,0.0,-0.4391956329345703
18271,0.0,-0.9885101318359375
18272,0.0,-0.8555622100830078
18273,0.0,-1.0639076232910156
18274,0.0,-1.0133075714111328
18275,0.0,-0.9944705963134766
18276,0.0,-1.0570240020751953
18277,0.0,-1.438507080078125
18278,0.0,-1.3939189910888672
18279,0.0,-1.5415706634521484
18280,0.0,-1.6403045654296875
18281,0.0,-2.172821044921875
18282,0.0,-1.946146011352539
18283,0.0,-2.228832244873047
18284,0.0,-2.4670333862304688
18285,0.0,-3.0390796661376953
18286,0.0,-2.558563232421875
18287,0.0,-2.802122116088867
18288,0.0,-2.373178482055664
18289,0.0,0.07886314392089844
18290,1.0,7.1004486083984375
18291,3.0,20.978031158447266
18292,43.0,70.7406005859375
18293,167.0,180.1509246826172
18294,328.0,295.9943542480469
18295,476.0,392.543212890625
18296,577.0,476.9520263671875
18297,647.0,546.6649169921875
18298,719.0,617.268798828125
18299,760.0,681.0428466796875
18300,800.0,745.6830444335938
18301,823.0,803.4888305664062
18302,857.0,841.7307739257812
18303,910.0,879.444580078125
18304,991.0,949.2568969726562
18305,1087.0,1039.57373046875
18306,1194.0,1094.2979736328125
18307,1312.0,1141.010009765625
18308,1293.0,1234.1875
18309,1411.0,1277.343994140625
18310,1491.0,1304.676513671875
18311,1513.0,1340.204833984375
18312,1590.0,1412.218017578125
18313,1636.0,1465.450927734375
18314,1668.0,1519.4337158203125
18315,1678.0,1558.322265625
18316,1703.0,1607.3548583984375
18317,1722.0,1624.7457275390625
18318,1717.0,1636.2867431640625
18319,1740.0,1643.946044921875
18320,1528.0,1645.6666259765625
18321,1728.0,1645.6632080078125
18322,1704.0,1645.6275634765625
18323,1683.0,1645.5478515625
18324,1672.0,1645.424072265625
18325,1645.0,1645.1767578125
18326,1622.0,1643.50830078125
18327,1605.0,1629.93994140625
18328,1582.0,1598.6702880859375
18329,1549.0,1473.22216796875
18330,1537.0,1368.1363525390625
18331,1455.0,1239.3590087890625
18332,1142.0,1097.6602783203125
18333,1157.0,1029.0186767578125
18334,1321.0,904.1031494140625
18335,1120.0,827.2771606445312
18336,1158.0,759.0114135742188
18337,1060.0,660.9989624023438
18338,833.0,599.4110107421875
18339,723.0,552.7046508789062
18340,665.0,461.18634033203125
18341,522.0,407.8774719238281
18342,574.0,359.0819091796875
18343,415.0,291.660400390625
18344,301.0,223.3385009765625
18345,207.0,188.50108337402344
18346,159.0,152.53952026367188
18347,117.0,116.80899810791016
18348,65.0,67.55248260498047
18349,29.0,31.589357376098633
18350,8.0,12.411270141601562
18351,1.0,2.5361251831054688
18352,0.0,-0.39293670654296875
18353,0.0,-0.8924350738525391
18354,0.0,-1.1483097076416016
18355,0.0,-1.3090972900390625
18356,0.0,-1.435934066772461
18357,0.0,-1.4655609130859375
18358,0.0,-1.4870891571044922
18359,0.0,-1.5313644409179688
18360,0.0,-1.5374794006347656
18361,0.0,-1.551034927368164
18362,0.0,-1.4110107421875
18363,0.0,-1.3594245910644531
18364,0.0,-1.2467594146728516
18365,0.0,-0.21700096130371094
18366,0.0,0.5474967956542969
18367,0.0,0.3225593566894531
18368,0.0,0.3177471160888672
18369,0.0,-0.19727325439453125
18370,0.0,-0.3179607391357422
18371,0.0,-0.6001739501953125
18372,0.0,-1.0999832153320312
18373,0.0,-1.9631538391113281
18374,0.0,-2.263530731201172
18375,0.0,-2.6112804412841797
18376,0.0,-2.8482208251953125
18377,0.0,-3.2273082733154297
18378,0.0,-3.5481700897216797
18379,0.0,-3.609844207763672
18380,0.0,-3.232440948486328
18381,0.0,-2.623615264892578
18382,0.0,-1.0177268981933594
18383,0.0,-0.030481338500976562
18384,0.0,1.520721435546875
18385,0.0,4.685308456420898
18386,1.0,9.241971969604492
18387,6.0,16.479042053222656
18388,69.0,47.376495361328125
18389,173.0,122.62870025634766
18390,293.0,238.9663543701172
18391,433.0,346.846923828125
18392,536.0,442.38311767578125
18393,614.0,523.435302734375
18394,672.0,604.9443359375
18395,716.0,671.8629760742188
18396,748.0,740.6234130859375
18397,781.0,798.3390502929688
18398,821.0,842.5940551757812
18399,882.0,893.2344360351562
18400,956.0,974.0203857421875
18401,1048.0,1041.657470703125
18402,1141.0,1097.822998046875
18403,1227.0,1158.544921875
18404,1308.0,1276.7431640625
18405,1394.0,1320.7723388671875
18406,1462.0,1363.7630615234375
18407,1511.0,1411.1988525390625
18408,1562.0,1490.5731201171875
18409,1610.0,1537.465087890625
18410,1641.0,1587.366943359375
18411,1663.0,1624.61328125
18412,1688.0,1640.280029296875
18413,1695.0,1643.1148681640625
18414,1716.0,1644.259521484375
18415,1715.0,1644.8079833984375
18416,1720.0,1645.1312255859375
18417,1702.0,1645.1632080078125
18418,1684.0,1645.0999755859375
18419,1667.0,1644.9478759765625
18420,1653.0,1644.46044921875
18421,1619.0,1643.7000732421875
18422,1592.0,1642.1549072265625
18423,1554.0,1637.114501953125
18424,1516.0,1616.771484375
18425,1487.0,1558.0059814453125
18426,1452.0,1424.03125
18427,1424.0,1334.2947998046875
18428,1364.0,1212.378662109375
18429,1331.0,1094.38427734375
18430,1281.0,972.0787963867188
18431,1205.0,873.3298950195312
18432,1128.0,771.8458862304688
18433,1050.0,739.80908203125
18434,951.0,704.3855590820312
18435,871.0,667.7354736328125
18436,754.0,617.5936889648438
18437,659.0,575.31494140625
18438,547.0,480.6897888183594
18439,432.0,367.4696960449219
18440,324.0,270.29901123046875
18441,237.0,216.8058624267578
18442,169.0,165.6326446533203
18443,109.0,127.49773406982422
18444,62.0,74.18635559082031
18445,32.0,37.988094329833984
18446,8.0,16.593524932861328
18447,0.0,4.994773864746094
18448,0.0,1.7481250762939453
18449,0.0,1.4542312622070312
18450,0.0,1.3346576690673828
18451,0.0,1.1405506134033203
18452,0.0,0.8368511199951172
18453,0.0,0.4234027862548828
18454,0.0,0.2513427734375
18455,0.0,0.03145790100097656
18456,0.0,-0.0936279296875
18457,0.0,-0.256561279296875
18458,0.0,-0.20936012268066406
18459,0.0,-0.21774673461914062
18460,0.0,-0.17697525024414062
18461,0.0,0.11175346374511719
18462,0.0,1.8231029510498047
18463,0.0,2.4606685638427734
18464,0.0,3.1680068969726562
18465,0.0,3.3415870666503906
18466,0.0,3.4694747924804688
18467,0.0,3.332235336303711
18468,0.0,3.081033706665039
18469,0.0,2.666128158569336
18470,0.0,2.5731430053710938
18471,0.0,2.1209659576416016
18472,0.0,1.1038570404052734
18473,0.0,1.055612564086914
18474,0.0,1.2390575408935547
18475,0.0,1.0893020629882812
18476,0.0,0.9828510284423828
18477,0.0,1.1885662078857422
18478,0.0,1.9298019409179688
18479,0.0,2.309385299682617
18480,0.0,3.630167007446289
18481,0.0,7.636720657348633
18482,0.0,15.31911849975586
18483,5.0,32.118656158447266
18484,38.0,79.05596160888672
18485,179.0,174.9743194580078
18486,234.0,305.3818359375
18487,187.0,399.8768005371094
18488,317.0,446.22857666015625
18489,628.0,512.9435424804688
18490,682.0,604.8120727539062
18491,726.0,685.4630126953125
18492,843.0,753.1080322265625
18493,547.0,789.2018432617188
18494,713.0,816.309814453125
18495,901.0,866.9591674804688
18496,962.0,924.1080322265625
18497,1067.0,1018.018310546875
18498,1143.0,1126.53466796875
18499,1259.0,1223.4627685546875
18500,1329.0,1315.0089111328125
18501,907.0,1329.8427734375
18502,1217.0,1360.0589599609375
18503,1481.0,1459.43505859375
18504,1634.0,1558.17041015625
18505,1281.0,1599.7427978515625
18506,1712.0,1624.045654296875
18507,1686.0,1636.0145263671875
18508,1687.0,1641.1114501953125
18509,1705.0,1641.294677734375
18510,1743.0,1641.28173828125
18511,1287.0,1640.543701171875
18512,1554.0,1641.3935546875
18513,1780.0,1638.2459716796875
18514,1703.0,1636.37451171875
18515,1748.0,1637.1436767578125
18516,1636.0,1636.728759765625
18517,1670.0,1626.2352294921875
18518,1648.0,1582.388916015625
18519,1311.0,1495.02880859375
18520,1400.0,1464.199462890625
18521,1544.0,1445.390380859375
18522,1518.0,1425.493896484375
18523,1394.0,1386.9066162109375
18524,1396.0,1355.5330810546875
18525,1336.0,1325.60546875
18526,1261.0,1261.190185546875
18527,1177.0,1146.9564208984375
18528,1061.0,1001.1253051757812
18529,1126.0,906.2235107421875
18530,997.0,791.8384399414062
18531,783.0,656.9945068359375
18532,841.0,484.68157958984375
18533,709.0,409.28717041015625
18534,265.0,358.825439453125
18535,206.0,311.374267578125
18536,74.0,249.5574951171875
18537,85.0,193.04725646972656
18538,71.0,144.6170654296875
18539,107.0,109.29684448242188
18540,67.0,65.46218872070312
18541,20.0,35.3813362121582
18542,0.0,17.40427589416504
18543,0.0,6.752328872680664
18544,0.0,3.266254425048828
18545,0.0,2.2865657806396484
18546,0.0,1.7859649658203125
18547,0.0,1.350057601928711
18548,0.0,1.0454902648925781
18549,0.0,0.7724971771240234
18550,0.0,0.5109443664550781
18551,0.0,0.46494483947753906
18552,0.0,0.3237285614013672
18553,0.0,0.16623306274414062
18554,0.0,0.4616127014160156
18555,0.0,0.5315723419189453
18556,0.0,0.7487812042236328
18557,0.0,0.4443702697753906
18558,0.0,1.7507743835449219
18559,0.0,1.0856304168701172
18560,0.0,1.1090106964111328
18561,0.0,0.5991783142089844
18562,0.0,0.4958972930908203
18563,0.0,0.2594470977783203
18564,0.0,0.07967376708984375
18565,0.0,-0.43227577209472656
18566,0.0,-0.7511100769042969
18567,0.0,-0.6903839111328125
18568,0.0,-0.5666141510009766
18569,0.0,-0.6499500274658203
18570,0.0,-1.7034111022949219
18571,0.0,-2.894367218017578
18572,0.0,-3.1404762268066406
18573,0.0,-3.0376949310302734
18574,0.0,-3.0666542053222656
18575,0.0,-2.990964889526367
18576,0.0,-2.005270004272461
18577,0.0,-0.16036415100097656
18578,0.0,2.211385726928711
18579,2.0,4.417152404785156
18580,37.0,10.068336486816406
18581,103.0,25.152606964111328
18582,203.0,86.98816680908203
18583,276.0,183.37652587890625
18584,408.0,267.49542236328125
18585,344.0,382.1224365234375
18586,378.0,468.0922546386719
18587,603.0,508.13446044921875
18588,322.0,513.8280029296875
18589,415.0,627.983642578125
18590,512.0,677.908203125
18591,810.0,520.9970092773438
18592,553.0,329.8756103515625
18593,884.0,343.54730224609375
18594,966.0,430.06671142578125
18595,971.0,899.97412109375
18596,938.0,940.5982055664062
18597,990.0,862.6489868164062
18598,1262.0,780.4470825195312
18599,1252.0,812.6835327148438
18600,1186.0,957.3709106445312
18601,1666.0,1168.369873046875
18602,1236.0,1302.4697265625
18603,1076.0,1321.697998046875
18604,630.0,1336.542724609375
18605,939.0,1343.8134765625
18606,822.0,1364.294189453125
18607,1049.0,1330.7135009765625
18608,879.0,1231.75927734375
18609,908.0,1168.8875732421875
18610,889.0,1136.0303955078125
18611,799.0,1021.9796142578125
18612,415.0,969.5
18613,138.0,925.4258422851562
18614,204.0,808.4633178710938
18615,186.0,680.4447631835938
18616,214.0,479.3697509765625
18617,237.0,405.1642761230469
18618,371.0,385.0302429199219
18619,242.0,372.5513000488281
18620,268.0,376.8807373046875
18621,243.0,389.3447570800781
18622,241.0,400.77667236328125
18623,217.0,379.5945129394531
18624,321.0,358.5686950683594
18625,239.0,417.0057373046875
18626,317.0,479.3435974121094
18627,219.0,512.141845703125
18628,204.0,420.3415832519531
18629,184.0,274.81695556640625
18630,184.0,236.82347106933594
18631,241.0,207.29690551757812
18632,90.0,179.0865478515625
18633,83.0,137.7404327392578
18634,86.0,94.14506530761719
18635,16.0,54.92470932006836
18636,2.0,28.99492835998535
18637,0.0,13.598555564880371
18638,0.0,3.2981338500976562
18639,0.0,-0.5347919464111328
18640,0.0,-1.7295799255371094
18641,0.0,-0.7529163360595703
18642,0.0,-0.4053916931152344
18643,0.0,-0.9039058685302734
18644,0.0,-1.089731216430664
18645,0.0,-0.2954559326171875
18646,0.0,0.16724205017089844
18647,0.0,0.5069351196289062
18648,0.0,0.6569404602050781
18649,0.0,0.6116199493408203
18650,0.0,0.587890625
18651,0.0,0.591552734375
18652,0.0,0.6560478210449219
18653,0.0,0.36150550842285156
18654,0.0,0.26735877990722656
18655,0.0,0.05073356628417969
18656,0.0,0.47307586669921875
18657,0.0,1.2835865020751953
18658,0.0,1.72027587890625
18659,0.0,1.9038848876953125
18660,0.0,2.008289337158203
18661,0.0,2.2863025665283203
18662,0.0,2.3437423706054688
18663,0.0,2.2880077362060547
18664,0.0,2.2281455993652344
18665,0.0,2.2291030883789062
18666,0.0,2.3334617614746094
18667,0.0,2.291362762451172
18668,0.0,2.364591598510742
18669,0.0,2.2265872955322266
18670,0.0,2.512544631958008
18671,0.0,2.471405029296875
18672,0.0,2.5815505981445312
18673,0.0,3.1657447814941406
18674,0.0,4.7849578857421875
18675,0.0,8.5911283493042
18676,6.0,18.56576919555664
18677,49.0,50.423545837402344
18678,436.0,147.9784698486328
18679,462.0,352.4430847167969
18680,653.0,556.0197143554688
18681,513.0,680.684814453125
18682,804.0,762.7166137695312
18683,692.0,809.4509887695312
18684,638.0,817.4705200195312
18685,815.0,795.329833984375
18686,611.0,764.2805786132812
18687,514.0,739.5418090820312
18688,613.0,727.2678833007812
18689,494.0,730.686767578125
18690,612.0,735.38134765625
18691,688.0,726.6268310546875
18692,446.0,640.4215698242188
18693,613.0,616.2666015625
18694,658.0,622.29296875
18695,1041.0,657.095947265625
18696,751.0,746.1712646484375
18697,724.0,764.2631225585938
18698,970.0,757.6201171875
18699,1885.0,753.1174926757812
18700,1525.0,790.7747802734375
18701,1137.0,802.5491333007812
18702,1577.0,808.6742553710938
18703,1341.0,838.0125122070312
18704,879.0,917.1934204101562
18705,927.0,1120.68017578125
18706,911.0,1375.4857177734375
18707,959.0,1510.640380859375
18708,1608.0,1573.1494140625
18709,1445.0,1543.4425048828125
18710,1486.0,1460.31884765625
18711,1144.0,1285.904541015625
18712,1435.0,1100.8046875
18713,867.0,910.10302734375
18714,1108.0,810.275146484375
18715,817.0,784.3218383789062
18716,1021.0,805.845947265625
18717,1035.0,714.7374877929688
18718,585.0,572.3692626953125
18719,834.0,466.7412109375
18720,771.0,396.4096374511719
18721,421.0,340.33154296875
18722,274.0,314.9699401855469
18723,441.0,295.3680419921875
18724,271.0,286.9781799316406
18725,213.0,283.635009765625
18726,234.0,262.94097900390625
18727,174.0,236.19802856445312
18728,251.0,201.42550659179688
18729,206.0,172.09890747070312
18730,188.0,137.07102966308594
18731,130.0,97.9155502319336
18732,82.0,57.284141540527344
18733,44.0,32.445579528808594
18734,18.0,16.159515380859375
18735,2.0,5.518184661865234
18736,0.0,2.536273956298828
18737,0.0,1.792022705078125
18738,0.0,1.2525081634521484
18739,0.0,1.1533126831054688
18740,0.0,1.03094482421875
18741,0.0,0.9658603668212891
18742,0.0,0.9978199005126953
18743,0.0,0.9689750671386719
18744,0.0,0.9844245910644531
18745,0.0,0.8962364196777344
18746,0.0,0.9271068572998047
18747,0.0,1.278604507446289
18748,0.0,1.7572708129882812
18749,0.0,1.0569686889648438
18750,0.0,2.4751968383789062
18751,0.0,2.5031299591064453
18752,0.0,2.3134765625
18753,0.0,1.621591567993164
18754,0.0,1.1546173095703125
18755,0.0,1.048910140991211
18756,0.0,0.9795608520507812
18757,0.0,0.7968368530273438
18758,0.0,0.6144809722900391
18759,0.0,0.36997222900390625
18760,0.0,0.16449546813964844
18761,0.0,-0.484283447265625
18762,0.0,0.6051864624023438
18763,0.0,1.858743667602539
18764,0.0,2.8655223846435547
18765,0.0,4.095985412597656
18766,0.0,4.102396011352539
18767,0.0,3.983875274658203
18768,0.0,4.072969436645508
18769,0.0,4.430978775024414
18770,1.0,4.855804443359375
18771,7.0,5.9113006591796875
18772,6.0,9.13283920288086
18773,13.0,16.26188087463379
18774,35.0,34.32730484008789
18775,56.0,69.30587005615234
18776,86.0,105.91191101074219
18777,151.0,131.7671661376953
18778,175.0,152.01681518554688
18779,309.0,184.77113342285156
18780,520.0,245.70135498046875
18781,337.0,361.18670654296875
18782,355.0,595.792724609375
18783,1011.0,766.4647827148438
18784,1233.0,811.6739501953125
18785,1096.0,850.541015625
18786,915.0,859.7706298828125
18787,723.0,871.5563354492188
18788,883.0,906.0891723632812
18789,1430.0,921.8853759765625
18790,1017.0,971.2655639648438
18791,1541.0,1002.03759765625
18792,1148.0,938.527099609375
18793,1843.0,862.539794921875
18794,1417.0,821.5475463867188
18795,1575.0,815.1751098632812
18796,1509.0,833.574462890625
18797,1830.0,927.568115234375
18798,1645.0,1021.40380859375
18799,1504.0,1095.60986328125
18800,2054.0,1095.1832275390625
18801,2088.0,1003.40478515625
18802,1809.0,927.46142578125
18803,1846.0,876.9053955078125
18804,1853.0,808.33154296875
18805,1366.0,739.8758544921875
18806,1533.0,745.5201416015625
18807,1113.0,762.239990234375
18808,1704.0,781.3267211914062
18809,1925.0,821.6597900390625
18810,1121.0,839.2705078125
18811,841.0,864.4600219726562
18812,1136.0,848.2437133789062
18813,706.0,774.1373291015625
18814,965.0,736.2487182617188
18815,1069.0,752.20361328125
18816,757.0,755.1229248046875
18817,581.0,717.1450805664062
18818,784.0,654.9481201171875
18819,1147.0,580.0658569335938
18820,560.0,469.6288757324219
18821,778.0,455.66796875
18822,784.0,408.88970947265625
18823,506.0,311.1809997558594
18824,323.0,238.21188354492188
18825,206.0,161.52706909179688
18826,178.0,112.16157531738281
18827,142.0,77.3798828125
18828,101.0,45.567527770996094
18829,53.0,26.72356605529785
18830,18.0,14.683247566223145
18831,5.0,4.542264938354492
18832,0.0,0.1470050811767578
18833,0.0,-0.7373256683349609
18834,0.0,-1.1751480102539062
18835,0.0,-1.2882881164550781
18836,0.0,-1.3777542114257812
18837,0.0,-1.2843589782714844
18838,0.0,-1.2660140991210938
18839,0.0,-1.1727046966552734
18840,0.0,-1.0419883728027344
18841,0.0,-0.8761692047119141
18842,0.0,-0.6786861419677734
18843,0.0,-0.4836711883544922
18844,0.0,-0.2938346862792969
18845,0.0,1.5837020874023438
18846,0.0,1.4988594055175781
18847,0.0,1.7651653289794922
18848,0.0,1.8854942321777344
18849,0.0,2.0304927825927734
18850,0.0,1.9556140899658203
18851,0.0,1.6856269836425781
18852,0.0,1.354360580444336
18853,0.0,0.9421615600585938
18854,0.0,0.8843250274658203
18855,0.0,0.83758544921875
18856,0.0,0.546142578125
18857,0.0,0.038333892822265625
18858,0.0,0.4114971160888672
18859,0.0,0.12244224548339844
18860,0.0,-0.11649513244628906
18861,0.0,-0.7284145355224609
18862,0.0,-0.9831809997558594
18863,0.0,-1.4277629852294922
18864,0.0,-1.417440414428711
18865,1.0,4.11180305480957
18866,4.0,40.01468276977539
18867,65.0,118.4384536743164
18868,213.0,205.61358642578125
18869,360.0,363.2616271972656
18870,362.0,482.6567077636719
18871,280.0,560.661376953125
18872,673.0,623.0089721679688
18873,703.0,687.2455444335938
18874,782.0,748.2583618164062
18875,851.0,796.239990234375
18876,882.0,839.316162109375
18877,889.0,887.0830688476562
18878,957.0,947.3045043945312
18879,996.0,1002.302734375
18880,1087.0,1080.632080078125
18881,1152.0,1159.1041259765625
18882,1307.0,1213.6075439453125
18883,1385.0,1294.1026611328125
18884,1510.0,1397.851318359375
18885,1629.0,1445.3341064453125
18886,1706.0,1479.7491455078125
18887,1875.0,1504.5054931640625
18888,1651.0,1534.3812255859375
18889,1598.0,1538.901123046875
18890,1398.0,1535.465087890625
18891,1726.0,1544.0914306640625
18892,2075.0,1581.370849609375
18893,1992.0,1606.7261962890625
18894,1952.0,1590.864501953125
18895,1788.0,1587.588623046875
18896,1936.0,1592.046142578125
18897,1865.0,1614.041259765625
18898,1831.0,1635.0047607421875
18899,1910.0,1640.1932373046875
18900,1852.0,1632.053955078125
18901,1747.0,1598.5260009765625
18902,1789.0,1574.8829345703125
18903,1628.0,1585.7818603515625
18904,1713.0,1572.0877685546875
18905,1654.0,1571.44384765625
18906,1647.0,1544.636962890625
18907,1556.0,1448.9215087890625
18908,1468.0,1327.030029296875
18909,1451.0,1272.76318359375
18910,1378.0,1193.442138671875
18911,1294.0,1116.0035400390625
18912,1211.0,1043.79150390625
18913,1134.0,980.114013671875
18914,1025.0,839.0431518554688
18915,935.0,745.900146484375
18916,816.0,671.1192626953125
18917,715.0,611.49609375
18918,596.0,502.0101013183594
18919,484.0,397.786865234375
18920,369.0,273.90875244140625
18921,274.0,219.11672973632812
18922,195.0,178.59129333496094
18923,135.0,142.25936889648438
18924,83.0,94.57475280761719
18925,50.0,56.439796447753906
18926,16.0,29.629512786865234
18927,6.0,14.891846656799316
18928,0.0,3.643392562866211
18929,0.0,0.9497585296630859
18930,0.0,0.061176300048828125
18931,0.0,-0.16960716247558594
18932,0.0,-0.17330360412597656
18933,0.0,-0.10927200317382812
18934,0.0,-0.08277511596679688
18935,0.0,0.12083244323730469
18936,0.0,0.32312583923339844
18937,0.0,0.5310573577880859
18938,0.0,0.5625457763671875
18939,0.0,0.5937671661376953
18940,0.0,0.5413837432861328
18941,0.0,1.1476268768310547
18942,0.0,2.091287612915039
18943,0.0,2.4375858306884766
18944,0.0,2.6417789459228516
18945,0.0,3.161205291748047
18946,0.0,3.3261051177978516
18947,0.0,3.3221874237060547
18948,0.0,3.1873035430908203
18949,0.0,3.5268192291259766
18950,0.0,3.3280258178710938
18951,0.0,3.0464038848876953
18952,0.0,2.5541019439697266
18953,0.0,2.760547637939453
18954,0.0,2.7220592498779297
18955,0.0,2.682445526123047
18956,0.0,2.693004608154297
18957,0.0,3.2544898986816406
18958,0.0,3.5527114868164062
18959,0.0,3.7621231079101562
18960,0.0,3.9490909576416016
18961,0.0,5.232574462890625
18962,0.0,6.321189880371094
18963,1.0,8.074642181396484
18964,3.0,13.04238224029541
18965,15.0,31.047679901123047
18966,35.0,82.24949645996094
18967,89.0,148.12890625
18968,144.0,176.58279418945312
18969,210.0,215.096923828125
18970,258.0,254.50340270996094
18971,284.0,292.1043701171875
18972,334.0,329.4397888183594
18973,417.0,369.28411865234375
18974,456.0,419.8580627441406
18975,530.0,471.7276611328125
18976,618.0,537.0792846679688
18977,686.0,713.9365844726562
18978,675.0,817.0314331054688
18979,770.0,874.9645385742188
18980,906.0,956.5532836914062
18981,1089.0,1065.5352783203125
18982,1164.0,1202.548583984375
18983,1134.0,1333.19384765625
18984,1142.0,1433.648193359375
18985,1214.0,1447.1812744140625
18986,1227.0,1414.7403564453125
18987,1240.0,1374.022705078125
18988,1317.0,1329.4661865234375
18989,1439.0,1196.048583984375
18990,1553.0,1145.0845947265625
18991,1942.0,1135.119384765625
18992,1784.0,1174.465576171875
18993,2050.0,1126.2225341796875
18994,1975.0,1008.118896484375
18995,481.0,935.1009521484375
18996,230.0,901.3868408203125
18997,292.0,1100.9840087890625
18998,494.0,1300.498291015625
18999,718.0,1400.6136474609375
19000,861.0,1389.35693359375
19001,958.0,1373.8541259765625
19002,1052.0,1355.2796630859375
19003,1245.0,1324.14208984375
19004,1094.0,1245.04638671875
19005,754.0,1207.2288818359375
19006,618.0,1154.864501953125
19007,925.0,1110.4364013671875
19008,649.0,1044.9814453125
19009,783.0,919.4318237304688
19010,465.0,791.3276977539062
19011,401.0,626.9926147460938
19012,522.0,487.0577697753906
19013,342.0,386.47552490234375
19014,444.0,314.8231506347656
19015,372.0,245.26353454589844
19016,241.0,164.54563903808594
19017,207.0,120.77904510498047
19018,152.0,85.59124755859375
19019,105.0,55.64787292480469
19020,49.0,27.651750564575195
19021,24.0,14.619168281555176
19022,2.0,3.482452392578125
19023,1.0,-1.6964225769042969
19024,0.0,-3.2445945739746094
19025,0.0,-3.2008495330810547
19026,0.0,-3.103984832763672
19027,0.0,-2.6798839569091797
19028,0.0,-2.2340259552001953
19029,0.0,-1.7234878540039062
19030,0.0,-1.631479263305664
19031,0.0,-1.595327377319336
19032,0.0,-1.6699485778808594
19033,0.0,-1.7535362243652344
19034,0.0,-1.4914474487304688
19035,0.0,-1.2862396240234375
19036,0.0,-1.095947265625
19037,0.0,0.4391822814941406
19038,0.0,1.4268016815185547
19039,0.0,1.650247573852539
19040,0.0,1.7421283721923828
19041,0.0,1.7835044860839844
19042,0.0,1.7272510528564453
19043,0.0,1.5564861297607422
19044,0.0,1.4102764129638672
19045,0.0,1.357248306274414
19046,0.0,1.2534751892089844
19047,0.0,1.0188980102539062
19048,0.0,0.6486606597900391
19049,0.0,0.544830322265625
19050,0.0,0.4972496032714844
19051,0.0,0.2029399871826172
19052,0.0,-0.17495346069335938
19053,0.0,0.2524871826171875
19054,0.0,0.9858894348144531
19055,0.0,1.9915142059326172
19056,0.0,3.035745620727539
19057,1.0,5.418390274047852
19058,5.0,7.535549163818359
19059,76.0,11.615377426147461
19060,191.0,22.982927322387695
19061,278.0,46.788795471191406
19062,329.0,103.76181030273438
19063,378.0,181.08815002441406
19064,532.0,255.9227752685547
19065,685.0,312.2415466308594
19066,678.0,377.0138854980469
19067,545.0,461.1622619628906
19068,700.0,624.2614135742188
19069,812.0,733.6806640625
19070,891.0,810.46484375
19071,1084.0,864.4384155273438
19072,1167.0,918.9694213867188
19073,1290.0,945.6273803710938
19074,1380.0,974.5344848632812
19075,1121.0,1007.0052490234375
19076,1080.0,1052.680908203125
19077,803.0,1089.035400390625
19078,945.0,1118.97021484375
19079,1432.0,1185.014892578125
19080,1869.0,1314.5274658203125
19081,1768.0,1394.782958984375
19082,1634.0,1441.0194091796875
19083,1619.0,1464.8756103515625
19084,1476.0,1474.2716064453125
19085,1679.0,1486.779052734375
19086,1320.0,1493.404541015625
19087,1762.0,1487.0560302734375
19088,1330.0,1468.98583984375
19089,1550.0,1473.82275390625
19090,1543.0,1475.462158203125
19091,1488.0,1457.7501220703125
19092,1256.0,1418.2755126953125
19093,1617.0,1351.48583984375
19094,1628.0,1125.214111328125
19095,1776.0,915.9790649414062
19096,1260.0,813.1021118164062
19097,1392.0,774.6393432617188
19098,817.0,801.9750366210938
19099,953.0,909.5202026367188
19100,672.0,971.1275024414062
19101,986.0,978.91455078125
19102,556.0,952.5435180664062
19103,910.0,894.8099975585938
19104,597.0,828.598388671875
19105,457.0,757.5404663085938
19106,466.0,732.1722412109375
19107,712.0,673.3883056640625
19108,443.0,592.6710815429688
19109,482.0,516.9976806640625
19110,502.0,358.3557434082031
19111,340.0,309.22698974609375
19112,332.0,264.2370910644531
19113,318.0,229.37210083007812
19114,244.0,195.01943969726562
19115,154.0,153.91148376464844
19116,104.0,103.71114349365234
19117,60.0,64.30323791503906
19118,30.0,27.75802993774414
19119,8.0,11.188730239868164
19120,1.0,4.246158599853516
19121,0.0,2.856761932373047
19122,0.0,2.391347885131836
19123,0.0,2.1113147735595703
19124,0.0,1.8609733581542969
19125,0.0,1.640066146850586
19126,0.0,1.5670833587646484
19127,0.0,1.5695514678955078
19128,0.0,1.6044445037841797
19129,0.0,1.5626678466796875
19130,0.0,1.6873931884765625
19131,0.0,1.8165531158447266
19132,0.0,1.8793926239013672
19133,0.0,2.0485153198242188
19134,0.0,1.6453895568847656
19135,0.0,1.0087509155273438
19136,0.0,0.9685173034667969
19137,0.0,0.7275600433349609
19138,0.0,0.6345386505126953
19139,0.0,0.36229515075683594
19140,0.0,0.1645660400390625
19141,0.0,-0.24971580505371094
19142,0.0,-0.2644786834716797
19143,0.0,-0.4582557678222656
19144,0.0,-0.6050624847412109
19145,0.0,-0.9567279815673828
19146,0.0,-0.5701313018798828
19147,0.0,-0.7962970733642578
19148,0.0,-0.9366092681884766
19149,0.0,-1.304819107055664
19150,0.0,-1.1622390747070312
19151,0.0,-1.2695369720458984
19152,0.0,-0.5367832183837891
19153,0.0,4.3465118408203125
19154,3.0,20.773466110229492
19155,102.0,75.33646392822266
19156,276.0,207.69656372070312
19157,431.0,354.38824462890625
19158,543.0,485.5419006347656
19159,638.0,578.4618530273438
19160,714.0,669.10791015625
19161,770.0,754.4721069335938
19162,813.0,816.03515625
19163,844.0,860.276123046875
19164,870.0,910.7382202148438
19165,889.0,961.5108642578125
19166,929.0,1007.5153198242188
19167,985.0,1050.640625
19168,1071.0,1106.903564453125
19169,1169.0,1162.278564453125
19170,1259.0,1224.877197265625
19171,1349.0,1267.12744140625
19172,1431.0,1368.2523193359375
19173,1505.0,1414.4390869140625
19174,1580.0,1459.6959228515625
19175,1635.0,1495.5106201171875
19176,1687.0,1531.363525390625
19177,1731.0,1568.406005859375
19178,1775.0,1594.9859619140625
19179,1654.0,1595.3231201171875
19180,1292.0,1593.746826171875
19181,1909.0,1592.0870361328125
19182,1677.0,1588.10595703125
19183,1520.0,1587.1015625
19184,1027.0,1586.1126708984375
19185,732.0,1585.709716796875
19186,1577.0,1573.9610595703125
19187,1354.0,1545.5704345703125
19188,1749.0,1546.992919921875
19189,862.0,1512.41357421875
19190,956.0,1485.9788818359375
19191,1871.0,1471.58935546875
19192,830.0,1461.791015625
19193,646.0,1449.344970703125
19194,897.0,1437.0325927734375
19195,1705.0,1434.860595703125
19196,1073.0,1440.267333984375
19197,652.0,1418.4007568359375
19198,1543.0,1377.1094970703125
19199,709.0,1317.283203125
19200,541.0,1259.078857421875
19201,741.0,1202.682861328125
19202,775.0,1096.910400390625
19203,420.0,884.9412231445312
19204,918.0,696.5090942382812
19205,702.0,549.7940673828125
19206,614.0,460.2462158203125
19207,552.0,415.3290710449219
19208,384.0,372.4116516113281
19209,283.0,303.6977844238281
19210,201.0,238.03807067871094
19211,136.0,180.59860229492188
19212,86.0,112.74555206298828
19213,48.0,56.03887176513672
19214,21.0,23.85836410522461
19215,4.0,8.301593780517578
19216,0.0,0.861328125
19217,0.0,0.12216377258300781
19218,0.0,-0.05137443542480469
19219,0.0,-0.10216140747070312
19220,0.0,-0.1378612518310547
19221,0.0,-0.12671661376953125
19222,0.0,-0.15251922607421875
19223,0.0,-0.12279129028320312
19224,0.0,-0.10373115539550781
19225,0.0,-0.12181663513183594
19226,0.0,-0.01993560791015625
19227,0.0,0.0261688232421875
19228,0.0,0.10510444641113281
19229,0.0,0.21556663513183594
19230,0.0,1.2691707611083984
19231,0.0,2.2952117919921875
19232,0.0,2.409564971923828
19233,0.0,1.6235179901123047
19234,0.0,1.2364826202392578
19235,0.0,1.1148548126220703
19236,0.0,1.0818843841552734
19237,0.0,1.2793598175048828
19238,0.0,0.7280330657958984
19239,0.0,0.2635498046875
19240,0.0,0.41291046142578125
19241,0.0,0.5767421722412109
19242,0.0,1.5120124816894531
19243,0.0,1.8193168640136719
19244,0.0,1.7912826538085938
19245,0.0,2.455608367919922
19246,0.0,2.9718475341796875
19247,0.0,3.692333221435547
19248,0.0,4.191280364990234
19249,0.0,7.976930618286133
19250,2.0,16.0019588470459
19251,6.0,41.38325500488281
19252,90.0,103.0316162109375
19253,445.0,233.1607666015625
19254,134.0,325.7664794921875
19255,146.0,387.13787841796875
19256,180.0,476.2995910644531
19257,224.0,565.1976318359375
19258,268.0,626.7006225585938
19259,359.0,660.1741333007812
19260,472.0,672.4349365234375
19261,832.0,665.649658203125
19262,939.0,688.0576171875
19263,998.0,734.491455078125
19264,1071.0,845.2294311523438
19265,1149.0,1008.2864990234375
19266,1310.0,1155.427490234375
19267,1333.0,1251.591796875
19268,1222.0,1331.53955078125
19269,1510.0,1399.4005126953125
19270,1556.0,1484.6209716796875
19271,1561.0,1556.1575927734375
19272,1720.0,1613.83251953125
19273,1784.0,1639.1903076171875
19274,1844.0,1643.4342041015625
19275,1451.0,1644.69921875
19276,1458.0,1645.3123779296875
19277,2157.0,1645.446533203125
19278,1881.0,1645.520751953125
19279,1900.0,1645.552734375
19280,1910.0,1645.5518798828125
19281,2046.0,1645.3621826171875
19282,1707.0,1644.8824462890625
19283,1671.0,1642.7637939453125
19284,1004.0,1640.1593017578125
19285,1146.0,1635.50537109375
19286,1395.0,1626.1365966796875
19287,1264.0,1569.589111328125
19288,1003.0,1502.995849609375
19289,1065.0,1353.9019775390625
19290,934.0,1154.67578125
19291,1153.0,938.3749389648438
19292,1156.0,848.4418334960938
19293,1217.0,801.4240112304688
19294,1559.0,757.8169555664062
19295,1330.0,722.4246826171875
19296,1010.0,673.54052734375
19297,719.0,630.3670654296875
19298,565.0,593.9705200195312
19299,609.0,537.1846313476562
19300,842.0,431.3381652832031
19301,727.0,357.6304931640625
19302,593.0,314.29486083984375
19303,483.0,272.7058410644531
19304,346.0,236.8599395751953
19305,272.0,203.2958526611328
19306,171.0,169.63027954101562
19307,155.0,134.3892059326172
19308,110.0,91.96833038330078
19309,63.0,58.92931365966797
19310,27.0,30.782323837280273
19311,1.0,14.310136795043945
19312,0.0,5.284904479980469
19313,0.0,3.519136428833008
19314,0.0,3.038419723510742
19315,0.0,3.044300079345703
19316,0.0,2.8329601287841797
19317,0.0,2.465951919555664
19318,0.0,2.3169116973876953
19319,0.0,2.2453250885009766
19320,0.0,2.2801551818847656
19321,0.0,2.188810348510742
19322,0.0,2.3380165100097656
19323,0.0,2.467191696166992
19324,0.0,2.5796279907226562
19325,0.0,0.8093204498291016
19326,0.0,0.5767059326171875
19327,0.0,0.2184906005859375
19328,0.0,-0.06658744812011719
19329,0.0,-0.4723701477050781
19330,0.0,-0.8062896728515625
19331,0.0,-1.0528831481933594
19332,0.0,-1.1967830657958984
19333,0.0,-1.4680900573730469
19334,0.0,-1.4632530212402344
19335,0.0,-1.3726119995117188
19336,0.0,-1.3593635559082031
19337,0.0,-1.606729507446289
19338,0.0,-1.1823387145996094
19339,0.0,-0.8522987365722656
19340,0.0,-0.2388477325439453
19341,0.0,0.2672576904296875
19342,0.0,1.8077812194824219
19343,0.0,3.6808395385742188
19344,0.0,10.556899070739746
19345,1.0,21.341596603393555
19346,6.0,41.71507263183594
19347,147.0,80.64830780029297
19348,311.0,106.66059112548828
19349,470.0,153.6485137939453
19350,577.0,214.46507263183594
19351,642.0,277.3829650878906
19352,691.0,328.5595397949219
19353,710.0,389.15301513671875
19354,801.0,479.9415283203125
19355,825.0,602.1239013671875
19356,875.0,722.9049072265625
19357,889.0,833.3619384765625
19358,926.0,939.1864624023438
19359,978.0,1013.43798828125
19360,1059.0,1069.615966796875
19361,1115.0,1122.2706298828125
19362,1242.0,1221.3157958984375
19363,1225.0,1280.1627197265625
19364,1614.0,1361.2327880859375
19365,1701.0,1416.9114990234375
19366,1705.0,1457.8609619140625
19367,1454.0,1501.1956787109375
19368,1774.0,1561.1124267578125
19369,1826.0,1599.234375
19370,1910.0,1627.135009765625
19371,1939.0,1638.81298828125
19372,1623.0,1643.857421875
19373,1879.0,1645.0289306640625
19374,1533.0,1645.343017578125
19375,1363.0,1645.3179931640625
19376,2033.0,1644.9002685546875
19377,1532.0,1641.579345703125
19378,1572.0,1627.150634765625
19379,1814.0,1614.7208251953125
19380,1601.0,1608.5059814453125
19381,1773.0,1569.05078125
19382,1685.0,1512.6119384765625
19383,1684.0,1473.034423828125
19384,1635.0,1460.067138671875
19385,1450.0,1449.6202392578125
19386,1518.0,1453.7205810546875
19387,1546.0,1455.0101318359375
19388,1610.0,1443.8988037109375
19389,1509.0,1425.6451416015625
19390,498.0,1396.0491943359375
19391,932.0,1367.35205078125
19392,966.0,1339.5948486328125
19393,506.0,1302.6976318359375
19394,484.0,1219.62060546875
19395,504.0,1102.24609375
19396,636.0,959.5291748046875
19397,833.0,852.5361938476562
19398,367.0,737.681640625
19399,401.0,573.5507202148438
19400,331.0,392.6250305175781
19401,245.0,286.0863952636719
19402,187.0,220.41651916503906
19403,137.0,170.2209014892578
19404,94.0,124.09921264648438
19405,50.0,87.26939392089844
19406,15.0,48.855445861816406
19407,3.0,23.973800659179688
19408,0.0,7.25604248046875
19409,0.0,3.1738128662109375
19410,0.0,1.7760181427001953
19411,0.0,1.2467594146728516
19412,0.0,0.9062786102294922
19413,0.0,0.6538791656494141
19414,0.0,0.6027584075927734
19415,0.0,0.4944801330566406
19416,0.0,0.4830207824707031
19417,0.0,0.3822021484375
19418,0.0,0.5074405670166016
19419,0.0,0.4569873809814453
19420,0.0,0.45314598083496094
19421,0.0,-0.33728790283203125
19422,0.0,0.6796836853027344
19423,0.0,0.2539100646972656
19424,0.0,0.2955303192138672
19425,0.0,-0.07326698303222656
19426,0.0,-0.16388702392578125
19427,0.0,-0.27298545837402344
19428,0.0,-0.4530677795410156
19429,0.0,-1.0506610870361328
19430,0.0,-1.1597042083740234
19431,0.0,-1.6288528442382812
19432,0.0,-1.9027137756347656
19433,0.0,-2.621185302734375
19434,0.0,-2.7474117279052734
19435,0.0,-3.433544158935547
19436,0.0,-3.7009944915771484
19437,0.0,-1.2130260467529297
19438,0.0,2.6167240142822266
19439,0.0,6.779542922973633
19440,0.0,12.970917701721191
19441,2.0,33.246280670166016
19442,20.0,68.41800689697266
19443,183.0,156.3140106201172
19444,362.0,271.9279479980469
19445,507.0,403.7270202636719
19446,617.0,520.2894897460938
19447,676.0,611.6994018554688
19448,759.0,692.1315307617188
19449,792.0,770.4901123046875
19450,856.0,827.6751708984375
19451,878.0,876.7720947265625
19452,907.0,933.9169921875
19453,926.0,978.3955078125
19454,964.0,1028.3104248046875
19455,1043.0,1083.9404296875
19456,1108.0,1158.39794921875
19457,1209.0,1255.098388671875
19458,1304.0,1311.1409912109375
19459,1393.0,1378.2586669921875
19460,1475.0,1468.5081787109375
19461,1535.0,1524.6175537109375
19462,1599.0,1583.48388671875
19463,1668.0,1617.4315185546875
19464,1722.0,1636.0302734375
19465,1763.0,1640.3037109375
19466,1795.0,1642.498779296875
19467,1818.0,1643.87939453125
19468,1842.0,1644.8077392578125
19469,1860.0,1645.1527099609375
19470,1859.0,1645.34521484375
19471,1848.0,1645.4798583984375
19472,1851.0,1645.598876953125
19473,1850.0,1645.628173828125
19474,1831.0,1645.6419677734375
19475,1797.0,1645.6478271484375
19476,1786.0,1645.6524658203125
19477,1746.0,1645.633056640625
19478,1719.0,1645.593505859375
19479,1675.0,1645.5113525390625
19480,1635.0,1645.2689208984375
19481,1597.0,1644.7987060546875
19482,1548.0,1613.60205078125
19483,1528.0,1474.6385498046875
19484,1477.0,1450.543212890625
19485,1403.0,1411.7923583984375
19486,1336.0,1368.642822265625
19487,1263.0,1301.2037353515625
19488,1196.0,1191.0750732421875
19489,1098.0,1074.35693359375
19490,1002.0,928.2711791992188
19491,893.0,799.12646484375
19492,808.0,687.3438110351562
19493,713.0,611.1678466796875
19494,601.0,527.2724609375
19495,493.0,445.8298645019531
19496,383.0,361.0460510253906
19497,293.0,286.6500244140625
19498,213.0,221.8202667236328
19499,150.0,165.26380920410156
19500,103.0,107.32360076904297
19501,63.0,77.41195678710938
19502,37.0,50.81877517700195
19503,12.0,28.701213836669922
19504,1.0,9.12852668762207
19505,0.0,3.554628372192383
19506,0.0,1.9887332916259766
19507,0.0,1.4463272094726562
19508,0.0,1.126119613647461
19509,0.0,0.8874626159667969
19510,0.0,0.7840347290039062
19511,0.0,0.6516609191894531
19512,0.0,0.5906620025634766
19513,0.0,0.44985198974609375
19514,0.0,0.510101318359375
19515,0.0,0.4671344757080078
19516,0.0,0.4545631408691406
19517,0.0,-0.32036399841308594
19518,0.0,0.31626319885253906
19519,0.0,0.14948081970214844
19520,0.0,0.1891193389892578
19521,0.0,-0.2734508514404297
19522,0.0,-0.28188323974609375
19523,0.0,-0.5174522399902344
19524,0.0,-0.7239723205566406
19525,0.0,-1.3259563446044922
19526,0.0,-1.3365535736083984
19527,0.0,-1.8335380554199219
19528,0.0,-2.066976547241211
19529,0.0,-2.7863502502441406
19530,0.0,-3.0441017150878906
19531,0.0,-3.7415390014648438
19532,0.0,-3.9194564819335938
19533,0.0,-0.5633678436279297
19534,0.0,4.213933944702148
19535,0.0,9.039891242980957
19536,1.0,14.844731330871582
19537,2.0,31.755958557128906
19538,27.0,56.54710388183594
19539,157.0,121.13948059082031
19540,307.0,240.28890991210938
19541,449.0,366.4947814941406
19542,555.0,481.66033935546875
19543,646.0,566.3807373046875
19544,718.0,645.7428588867188
19545,775.0,734.036865234375
19546,817.0,803.5524291992188
19547,853.0,854.98876953125
19548,878.0,906.1209106445312
19549,903.0,960.5322265625
19550,951.0,1009.7740478515625
19551,1008.0,1060.9693603515625
19552,1093.0,1125.9923095703125
19553,1183.0,1212.2806396484375
19554,1276.0,1269.13525390625
19555,1365.0,1329.41796875
19556,1441.0,1437.16796875
19557,1516.0,1491.1363525390625
19558,1581.0,1538.5164794921875
19559,1630.0,1578.826171875
19560,1675.0,1615.0225830078125
19561,1713.0,1626.6827392578125
19562,1758.0,1633.7100830078125
19563,1789.0,1638.04345703125
19564,1799.0,1641.4266357421875
19565,1811.0,1643.1927490234375
19566,1805.0,1644.0789794921875
19567,1791.0,1644.52587890625
19568,1802.0,1644.824951171875
19569,1812.0,1644.8575439453125
19570,1799.0,1644.8126220703125
19571,1775.0,1644.8304443359375
19572,1748.0,1645.0150146484375
19573,1709.0,1644.9599609375
19574,1687.0,1644.57177734375
19575,1649.0,1642.267333984375
19576,1611.0,1629.331298828125
19577,1572.0,1612.35009765625
19578,1523.0,1586.113525390625
19579,1483.0,1499.137451171875
19580,1428.0,1406.7581787109375
19581,1375.0,1367.8914794921875
19582,1321.0,1299.705810546875
19583,1242.0,1200.025146484375
19584,1169.0,1044.4443359375
19585,1081.0,944.9489135742188
19586,988.0,854.1270751953125
19587,896.0,780.01318359375
19588,808.0,708.22802734375
19589,683.0,654.6268310546875
19590,599.0,569.2415161132812
19591,498.0,484.5373840332031
19592,362.0,370.4573974609375
19593,254.0,301.42108154296875
19594,214.0,241.17559814453125
19595,161.0,185.15138244628906
19596,112.0,130.405029296875
19597,82.0,90.4144515991211
19598,51.0,48.16496658325195
19599,15.0,25.853181838989258
19600,1.0,9.646183013916016
19601,0.0,4.414384841918945
19602,0.0,2.2211532592773438
19603,0.0,1.3981590270996094
19604,0.0,1.0498313903808594
19605,0.0,0.9740581512451172
19606,0.0,1.1143302917480469
19607,0.0,1.220611572265625
19608,0.0,1.2748279571533203
19609,0.0,1.2241058349609375
19610,0.0,1.1041851043701172
19611,0.0,0.9334526062011719
19612,0.0,0.8029155731201172
19613,0.0,0.9855251312255859
19614,0.0,1.7902145385742188
19615,0.0,1.8467140197753906
19616,0.0,1.7118206024169922
19617,0.0,1.5367507934570312
19618,0.0,1.5314693450927734
19619,0.0,1.4551925659179688
19620,0.0,1.3551197052001953
19621,0.0,1.1773796081542969
19622,0.0,1.3500652313232422
19623,0.0,1.199880599975586
19624,0.0,0.7541656494140625
19625,0.0,0.5338935852050781
19626,0.0,0.3482017517089844
19627,0.0,0.048938751220703125
19628,0.0,-0.0296630859375
19629,0.0,0.5409564971923828
19630,0.0,1.3375511169433594
19631,0.0,2.2192249298095703
19632,0.0,3.2470626831054688
19633,1.0,5.268589019775391
19634,5.0,8.544583320617676
19635,46.0,16.76812744140625
19636,102.0,33.10637664794922
19637,266.0,64.37581634521484
19638,547.0,105.02299499511719
19639,697.0,148.86123657226562
19640,729.0,202.4751739501953
19641,822.0,262.96405029296875
19642,577.0,337.9935607910156
19643,505.0,430.60577392578125
19644,935.0,541.6332397460938
19645,952.0,701.0851440429688
19646,827.0,821.7361450195312
19647,1045.0,886.20068359375
19648,1092.0,912.4690551757812
19649,1162.0,939.48046875
19650,1204.0,976.7093505859375
19651,1383.0,1054.6907958984375
19652,1372.0,1140.9610595703125
19653,1500.0,1213.097412109375
19654,1569.0,1331.0306396484375
19655,1580.0,1442.887939453125
19656,1592.0,1573.097412109375
19657,1665.0,1590.1341552734375
19658,1638.0,1601.0904541015625
19659,1816.0,1608.670166015625
19660,1739.0,1612.7169189453125
19661,1612.0,1614.9000244140625
19662,1888.0,1616.142822265625
19663,1907.0,1615.6297607421875
19664,1781.0,1614.759521484375
19665,1793.0,1615.7176513671875
19666,1823.0,1615.06982421875
19667,1200.0,1610.776611328125
19668,1716.0,1606.122802734375
19669,1811.0,1602.7645263671875
19670,1623.0,1599.1363525390625
19671,1634.0,1595.7689208984375
19672,1685.0,1590.23681640625
19673,1608.0,1584.3038330078125
19674,1538.0,1563.72021484375
19675,1524.0,1477.35107421875
19676,1458.0,1380.04443359375
19677,1392.0,1264.6890869140625
19678,1314.0,1147.91845703125
19679,1192.0,1082.6015625
19680,1198.0,1073.3309326171875
19681,1173.0,1048.885986328125
19682,645.0,992.3277587890625
19683,536.0,839.69287109375
19684,507.0,647.2423706054688
19685,632.0,504.4210205078125
19686,532.0,425.06048583984375
19687,508.0,382.6438293457031
19688,396.0,334.9923095703125
19689,203.0,266.2767639160156
19690,166.0,198.3448028564453
19691,144.0,154.3257598876953
19692,93.0,118.76294708251953
19693,63.0,93.41100311279297
19694,23.0,62.20320129394531
19695,5.0,26.322921752929688
19696,0.0,4.277353286743164
19697,0.0,0.6858234405517578
19698,0.0,-0.9841442108154297
19699,0.0,-2.0099143981933594
19700,0.0,-2.6923961639404297
19701,0.0,-2.627899169921875
19702,0.0,-2.608785629272461
19703,0.0,-2.6169261932373047
19704,0.0,-2.635599136352539
19705,0.0,-2.5212039947509766
19706,0.0,-2.5054893493652344
19707,0.0,-2.5972366333007812
19708,0.0,-2.6313629150390625
19709,0.0,0.7497634887695312
19710,0.0,1.0849132537841797
19711,0.0,0.55487060546875
19712,0.0,0.4874248504638672
19713,0.0,0.49796104431152344
19714,0.0,0.7941455841064453
19715,0.0,0.9606246948242188
19716,0.0,0.5333099365234375
19717,0.0,0.12868881225585938
19718,0.0,-0.25252532958984375
19719,0.0,-0.7694740295410156
19720,0.0,-0.7364215850830078
19721,0.0,-0.21016311645507812
19722,0.0,0.7376708984375
19723,0.0,1.7171001434326172
19724,0.0,2.9751510620117188
19725,0.0,5.45707893371582
19726,0.0,6.995105743408203
19727,0.0,8.02242660522461
19728,0.0,10.470243453979492
19729,0.0,13.745983123779297
19730,6.0,21.833919525146484
19731,12.0,34.350982666015625
19732,25.0,51.92634963989258
19733,76.0,75.56690216064453
19734,156.0,101.48064422607422
19735,256.0,126.14706420898438
19736,268.0,160.59014892578125
19737,368.0,213.83734130859375
19738,558.0,274.0453796386719
19739,628.0,349.723388671875
19740,938.0,430.8518371582031
19741,449.0,416.090576171875
19742,346.0,528.2587890625
19743,534.0,676.1804809570312
19744,1011.0,770.0574951171875
19745,1244.0,810.674072265625
19746,1188.0,979.6467895507812
19747,1464.0,1059.2030029296875
19748,1647.0,1125.0704345703125
19749,866.0,1150.0780029296875
19750,1723.0,1159.204345703125
19751,1106.0,1164.1026611328125
19752,1935.0,1206.5322265625
19753,1568.0,1250.534423828125
19754,2012.0,1306.022705078125
19755,772.0,1359.6168212890625
19756,1359.0,1392.681640625
19757,1486.0,1385.4498291015625
19758,1386.0,1579.56494140625
19759,1420.0,1586.8201904296875
19760,1199.0,1589.0994873046875
19761,886.0,1586.9117431640625
19762,682.0,1573.9888916015625
19763,931.0,1555.8748779296875
19764,1489.0,1539.7877197265625
19765,1486.0,1532.4112548828125
19766,704.0,1518.4395751953125
19767,825.0,1487.5709228515625
19768,585.0,1297.67236328125
19769,999.0,1255.0157470703125
19770,791.0,1203.744140625
19771,505.0,1167.2435302734375
19772,368.0,1152.7979736328125
19773,246.0,1132.672607421875
19774,252.0,1093.7066650390625
19775,356.0,1050.442138671875
19776,190.0,1016.5751953125
19777,141.0,934.8134765625
19778,181.0,853.4518432617188
19779,354.0,768.7672729492188
19780,413.0,618.2529907226562
19781,598.0,546.8543701171875
19782,694.0,525.7485961914062
19783,128.0,474.81005859375
19784,162.0,259.4995422363281
19785,176.0,214.99856567382812
19786,129.0,172.41244506835938
19787,147.0,141.2710418701172
19788,119.0,102.89893341064453
19789,104.0,70.98089599609375
19790,48.0,42.978851318359375
19791,13.0,21.79591941833496
19792,2.0,5.780097961425781
19793,1.0,1.6467323303222656
19794,0.0,0.4500083923339844
19795,0.0,-0.055652618408203125
19796,0.0,-0.3248271942138672
19797,0.0,-0.48610496520996094
19798,0.0,-0.4077014923095703
19799,0.0,-0.4271812438964844
19800,0.0,-0.3848876953125
19801,0.0,-0.333892822265625
19802,0.0,-0.4051055908203125
19803,0.0,-0.4536323547363281
19804,0.0,-0.5044441223144531
19805,0.0,2.0174102783203125
19806,0.0,2.6776275634765625
19807,0.0,2.3369503021240234
19808,0.0,1.862997055053711
19809,0.0,0.7307243347167969
19810,0.0,1.5452594757080078
19811,0.0,2.248048782348633
19812,0.0,2.702220916748047
19813,0.0,2.509796142578125
19814,0.0,2.553346633911133
19815,0.0,2.3244857788085938
19816,0.0,2.184690475463867
19817,0.0,1.8158092498779297
19818,0.0,1.8529338836669922
19819,0.0,1.5751514434814453
19820,0.0,1.1655635833740234
19821,0.0,0.5281753540039062
19822,0.0,0.509368896484375
19823,0.0,0.2633781433105469
19824,0.0,-0.070098876953125
19825,0.0,0.04907798767089844
19826,1.0,0.3719196319580078
19827,2.0,1.1978015899658203
19828,8.0,4.411163330078125
19829,15.0,23.619277954101562
19830,14.0,91.8287353515625
19831,38.0,191.89053344726562
19832,125.0,265.9825744628906
19833,210.0,320.0442810058594
19834,205.0,363.9917907714844
19835,310.0,410.2017517089844
19836,568.0,450.5405578613281
19837,436.0,465.86590576171875
19838,944.0,481.3028869628906
19839,697.0,530.6331787109375
19840,577.0,602.2528686523438
19841,1010.0,667.4313354492188
19842,1131.0,772.1214599609375
19843,1117.0,967.6477661132812
19844,1207.0,1050.8514404296875
19845,1157.0,1031.3702392578125
19846,960.0,740.0909423828125
19847,1421.0,748.9036254882812
19848,1400.0,825.3758544921875
19849,1287.0,1151.90087890625
19850,1349.0,1176.822265625
19851,1343.0,1199.1756591796875
19852,1935.0,1201.154296875
19853,1608.0,1163.8570556640625
19854,1154.0,1121.886474609375
19855,869.0,1097.61376953125
19856,598.0,1107.384033203125
19857,371.0,1100.4788818359375
19858,646.0,1114.5386962890625
19859,747.0,1141.2169189453125
19860,403.0,1183.21240234375
19861,675.0,1218.89892578125
19862,1125.0,1216.272216796875
19863,1645.0,1217.49609375
19864,1451.0,1220.0247802734375
19865,890.0,1230.2960205078125
19866,1110.0,1237.5440673828125
19867,786.0,1256.035400390625
19868,1785.0,1273.646728515625
19869,1149.0,1263.531494140625
19870,563.0,1218.88427734375
19871,579.0,1078.0455322265625
19872,806.0,873.5535278320312
19873,1258.0,760.9398193359375
19874,597.0,635.77685546875
19875,394.0,531.2991333007812
19876,127.0,452.4222717285156
19877,436.0,372.10430908203125
19878,464.0,302.0273132324219
19879,567.0,275.68939208984375
19880,345.0,244.65284729003906
19881,266.0,215.71798706054688
19882,148.0,185.43051147460938
19883,134.0,154.89100646972656
19884,100.0,112.91240692138672
19885,81.0,76.04517364501953
19886,54.0,42.934364318847656
19887,24.0,21.33148956298828
19888,2.0,5.206214904785156
19889,1.0,1.481363296508789
19890,0.0,0.15840530395507812
19891,0.0,-0.3397941589355469
19892,0.0,-0.5889205932617188
19893,0.0,-0.6226825714111328
19894,0.0,-0.6061649322509766
19895,0.0,-0.4983787536621094
19896,0.0,-0.33496665954589844
19897,0.0,-0.12900352478027344
19898,0.0,0.40988922119140625
19899,0.0,0.9661598205566406
19900,0.0,1.5018234252929688
19901,0.0,2.434467315673828
19902,0.0,1.7935752868652344
19903,0.0,1.5375404357910156
19904,0.0,1.3206062316894531
19905,0.0,1.077066421508789
19906,0.0,0.6419029235839844
19907,0.0,0.32184791564941406
19908,0.0,-0.3295154571533203
19909,0.0,0.08324813842773438
19910,0.0,-0.01172637939453125
19911,0.0,-0.3326396942138672
19912,0.0,-0.17168617248535156
19913,0.0,0.5999565124511719
19914,0.0,1.1939163208007812
19915,0.0,1.5189666748046875
19916,0.0,1.5370941162109375
19917,0.0,1.4658069610595703
19918,0.0,1.7195911407470703
19919,0.0,2.2994956970214844
19920,0.0,3.033853530883789
19921,0.0,5.505243301391602
19922,1.0,9.961519241333008
19923,9.0,22.772907257080078
19924,32.0,57.367576599121094
19925,76.0,126.46766662597656
19926,86.0,224.13937377929688
19927,107.0,341.3117980957031
19928,164.0,448.0075378417969
19929,242.0,511.55267333984375
19930,300.0,541.0438842773438
19931,327.0,550.4375610351562
19932,295.0,582.95751953125
19933,259.0,639.4013061523438
19934,299.0,711.5267944335938
19935,385.0,755.0792846679688
19936,445.0,811.5901489257812
19937,473.0,799.6539916992188
19938,604.0,760.9364624023438
19939,718.0,753.3804931640625
19940,804.0,743.9127807617188
19941,890.0,690.2901000976562
19942,943.0,689.6085815429688
19943,916.0,722.5065307617188
19944,870.0,781.4637451171875
19945,902.0,863.0167846679688
19946,943.0,992.3743286132812
19947,1061.0,1179.786865234375
19948,1115.0,1245.5177001953125
19949,1943.0,1282.053466796875
19950,1797.0,1321.79833984375
19951,1456.0,1373.1458740234375
19952,961.0,1386.209228515625
19953,1138.0,1348.6669921875
19954,1865.0,1333.5595703125
19955,888.0,1360.56103515625
19956,1171.0,1394.0872802734375
19957,1474.0,1422.5048828125
19958,1133.0,1415.018798828125
19959,624.0,1399.619873046875
19960,364.0,1327.6434326171875
19961,369.0,1282.0172119140625
19962,483.0,1173.472900390625
19963,893.0,1055.517333984375
19964,680.0,943.7601318359375
19965,361.0,832.5933227539062
19966,162.0,776.1243896484375
19967,374.0,748.2212524414062
19968,341.0,717.128173828125
19969,130.0,661.6036987304688
19970,107.0,618.6846313476562
19971,261.0,591.3735961914062
19972,139.0,551.9793090820312
19973,91.0,479.480712890625
19974,30.0,406.390380859375
19975,124.0,365.1927490234375
19976,32.0,179.54888916015625
19977,30.0,155.00344848632812
19978,61.0,136.15965270996094
19979,64.0,89.99370574951172
19980,31.0,51.34420394897461
19981,20.0,28.86392593383789
19982,2.0,12.855555534362793
19983,0.0,3.394145965576172
19984,1.0,0.9292831420898438
19985,0.0,0.7301082611083984
19986,0.0,0.5218524932861328
19987,0.0,0.35170745849609375
19988,0.0,0.20525169372558594
19989,0.0,0.07104682922363281
19990,0.0,-0.03119659423828125
19991,0.0,-0.03710365295410156
19992,0.0,0.042583465576171875
19993,0.0,0.2585926055908203
19994,0.0,0.44904136657714844
19995,0.0,0.6929264068603516
19996,0.0,0.9586277008056641
19997,0.0,0.42174530029296875
19998,0.0,0.44851112365722656
19999,0.0,0.33757781982421875
20000,0.0,0.5703811645507812
20001,0.0,0.5034713745117188
20002,0.0,0.3308296203613281
20003,0.0,0.6245365142822266
20004,0.0,0.5221614837646484
20005,0.0,0.4520835876464844
20006,0.0,0.7005214691162109
20007,0.0,0.7469081878662109
20008,0.0,1.0039005279541016
20009,0.0,1.2704696655273438
20010,0.0,1.6088829040527344
20011,0.0,2.3527660369873047
20012,0.0,4.626228332519531
20013,0.0,6.012937545776367
20014,0.0,8.228680610656738
20015,0.0,11.865768432617188
20016,0.0,19.557701110839844
20017,2.0,27.274089813232422
20018,4.0,38.94789123535156
20019,10.0,59.592803955078125
20020,56.0,79.26332092285156
20021,131.0,111.98853302001953
20022,316.0,165.14735412597656
20023,644.0,247.59716796875
20024,672.0,362.72735595703125
20025,771.0,497.3349609375
20026,876.0,633.3264770507812
20027,914.0,735.5531616210938
20028,959.0,789.3964233398438
20029,611.0,824.3484497070312
20030,1020.0,838.2202758789062
20031,1099.0,889.0302124023438
20032,1067.0,1019.6972045898438
20033,811.0,1125.7568359375
20034,943.0,1222.8641357421875
20035,1116.0,1321.2628173828125
20036,1098.0,1389.733642578125
20037,1344.0,1399.603515625
20038,1397.0,1325.956787109375
20039,2041.0,1030.3248291015625
20040,1162.0,896.1492309570312
20041,1008.0,825.7300415039062
20042,1615.0,800.95263671875
20043,1670.0,812.5925903320312
20044,1071.0,882.3140258789062
20045,1352.0,1134.708251953125
20046,1467.0,1060.60205078125
20047,645.0,1026.9130859375
20048,546.0,961.2892456054688
20049,757.0,886.3194580078125
20050,910.0,847.8927612304688
20051,895.0,833.427734375
20052,889.0,864.675537109375
20053,987.0,873.9735717773438
20054,730.0,840.5236206054688
20055,854.0,735.9512329101562
20056,1296.0,643.4153442382812
20057,1868.0,578.7740478515625
20058,1660.0,518.7247314453125
20059,872.0,446.264892578125
20060,348.0,397.8686828613281
20061,885.0,367.1337890625
20062,1514.0,343.12774658203125
20063,855.0,321.6665344238281
20064,726.0,232.63279724121094
20065,793.0,161.34133911132812
20066,815.0,166.7902374267578
20067,242.0,183.37664794921875
20068,285.0,175.416259765625
20069,328.0,148.52093505859375
20070,252.0,124.25062561035156
20071,153.0,109.45048522949219
20072,87.0,97.22026824951172
20073,76.0,86.88878631591797
20074,74.0,75.49712371826172
20075,44.0,56.89173889160156
20076,1.0,37.64570617675781
20077,5.0,22.52065658569336
20078,0.0,6.792396545410156
20079,0.0,0.08043289184570312
20080,0.0,-1.3176727294921875
20081,0.0,-1.4665775299072266
20082,0.0,-1.036428451538086
20083,0.0,-0.4651031494140625
20084,0.0,-0.11090660095214844
20085,0.0,-0.000446319580078125
20086,0.0,-0.030496597290039062
20087,0.0,-0.028532028198242188
20088,0.0,-0.035076141357421875
20089,0.0,-0.013578414916992188
20090,0.0,-0.03107452392578125
20091,0.0,-0.036022186279296875
20092,0.0,-0.05046653747558594
20093,0.0,0.443115234375
20094,0.0,0.9048233032226562
20095,0.0,0.7146320343017578
20096,0.0,0.5352077484130859
20097,0.0,0.4069023132324219
20098,0.0,0.08559608459472656
20099,0.0,0.18035125732421875
20100,0.0,0.4774169921875
20101,0.0,1.1104373931884766
20102,0.0,1.5642566680908203
20103,0.0,1.7782440185546875
20104,0.0,1.8874588012695312
20105,0.0,2.3432960510253906
20106,0.0,2.7796783447265625
20107,0.0,3.1271495819091797
20108,0.0,3.2485084533691406
20109,0.0,3.4853572845458984
20110,0.0,3.6213455200195312
20111,0.0,4.135110855102539
20112,0.0,4.558309555053711
20113,0.0,5.361429214477539
20114,0.0,6.839763641357422
20115,0.0,9.938962936401367
20116,7.0,16.857357025146484
20117,30.0,33.329593658447266
20118,89.0,60.47184753417969
20119,102.0,91.94219207763672
20120,146.0,122.75981140136719
20121,119.0,154.37997436523438
20122,171.0,183.99118041992188
20123,114.0,211.08958435058594
20124,219.0,244.94113159179688
20125,256.0,288.3673095703125
20126,210.0,336.9907531738281
20127,151.0,364.4641418457031
20128,156.0,384.50604248046875
20129,293.0,401.129638671875
20130,344.0,425.3705139160156
20131,412.0,463.2668762207031
20132,245.0,507.449951171875
20133,247.0,562.1470336914062
20134,199.0,606.6087036132812
20135,136.0,661.4667358398438
20136,307.0,705.0086669921875
20137,449.0,715.0594482421875
20138,308.0,703.466552734375
20139,456.0,649.8854370117188
20140,626.0,436.7682800292969
20141,323.0,324.5507507324219
20142,558.0,301.76641845703125
20143,696.0,318.9489440917969
20144,554.0,399.55328369140625
20145,522.0,455.7311706542969
20146,513.0,496.3116455078125
20147,440.0,497.697265625
20148,351.0,426.8390808105469
20149,242.0,395.7528991699219
20150,209.0,384.0429382324219
20151,314.0,365.4414367675781
20152,292.0,340.6905517578125
20153,319.0,315.7161865234375
20154,412.0,306.1255187988281
20155,348.0,304.068359375
20156,325.0,300.87127685546875
20157,383.0,293.4226989746094
20158,361.0,295.820068359375
20159,569.0,301.9598693847656
20160,557.0,301.60906982421875
20161,378.0,309.62567138671875
20162,277.0,306.1006774902344
20163,295.0,285.6603698730469
20164,300.0,246.02723693847656
20165,319.0,186.3708953857422
20166,211.0,125.32013702392578
20167,208.0,90.30255889892578
20168,188.0,75.79299926757812
20169,100.0,69.10248565673828
20170,86.0,63.315887451171875
20171,66.0,56.51825714111328
20172,30.0,46.96649169921875
20173,3.0,37.34375
20174,7.0,28.328216552734375
20175,4.0,19.922351837158203
20176,0.0,12.14903450012207
20177,0.0,7.349969863891602
20178,0.0,4.159219741821289
20179,0.0,2.3077945709228516
20180,0.0,1.2091503143310547
20181,0.0,0.6593799591064453
20182,0.0,0.3926830291748047
20183,0.0,0.24785614013671875
20184,0.0,0.17911338806152344
20185,0.0,0.08617210388183594
20186,0.0,0.9289321899414062
20187,0.0,1.39385986328125
20188,0.0,1.403787612915039
20189,0.0,1.1535873413085938
20190,0.0,0.9727611541748047
20191,0.0,0.5063209533691406
20192,0.0,0.21665000915527344
20193,0.0,-0.28583335876464844
20194,0.0,-0.0958251953125
20195,0.0,-0.06754112243652344
20196,0.0,-0.013906478881835938
20197,0.0,-0.24646568298339844
20198,0.0,-0.1372203826904297
20199,0.0,-0.13190460205078125
20200,0.0,-0.2564220428466797
20201,0.0,-0.5161304473876953
20202,0.0,-0.5435733795166016
20203,0.0,-0.5752811431884766
20204,0.0,0.15267562866210938
20205,0.0,2.0138931274414062
20206,0.0,4.016164779663086
20207,0.0,5.972108840942383
20208,0.0,9.831940650939941
20209,4.0,14.179824829101562
20210,24.0,20.840442657470703
20211,70.0,37.221534729003906
20212,92.0,76.39642333984375
20213,130.0,119.91974639892578
20214,193.0,157.7916717529297
20215,283.0,182.0528564453125
20216,445.0,217.7233428955078
20217,641.0,275.7719421386719
20218,628.0,350.0597839355469
20219,821.0,420.8482360839844
20220,958.0,479.8856506347656
20221,1002.0,508.1535949707031
20222,1167.0,554.114501953125
20223,1170.0,636.1939086914062
20224,952.0,735.3314208984375
20225,727.0,821.6942749023438
20226,557.0,896.2388305664062
20227,770.0,970.019287109375
20228,820.0,1056.010498046875
20229,739.0,1084.2000732421875
20230,728.0,1092.220703125
20231,819.0,1128.2030029296875
20232,900.0,1233.9468994140625
20233,1036.0,1401.06689453125
20234,1094.0,1300.962158203125
20235,1485.0,1320.806884765625
20236,2116.0,1312.5616455078125
20237,1667.0,1107.0384521484375
20238,1669.0,812.177978515625
20239,1213.0,689.446533203125
20240,973.0,699.599853515625
20241,1895.0,698.2071533203125
20242,2106.0,695.0601196289062
20243,2089.0,719.9473876953125
20244,1935.0,743.1153564453125
20245,1228.0,748.6226196289062
20246,1160.0,749.6336669921875
20247,1657.0,753.0092163085938
20248,677.0,773.2520141601562
20249,1237.0,725.555908203125
20250,1748.0,662.3515625
20251,1598.0,680.5823364257812
20252,1596.0,677.1255493164062
20253,1373.0,658.5350952148438
20254,1492.0,634.63134765625
20255,1296.0,588.3141479492188
20256,1223.0,558.0426635742188
20257,788.0,585.5133056640625
20258,1066.0,611.0752563476562
20259,963.0,609.6217651367188
20260,877.0,573.0828247070312
20261,730.0,492.3707580566406
20262,614.0,394.5209045410156
20263,508.0,333.18023681640625
20264,407.0,283.8144836425781
20265,316.0,246.7958221435547
20266,243.0,206.572021484375
20267,170.0,169.38047790527344
20268,138.0,130.92941284179688
20269,87.0,94.67253112792969
20270,63.0,42.955623626708984
20271,29.0,12.193530082702637
20272,5.0,-1.6578083038330078
20273,0.0,-3.255237579345703
20274,0.0,-4.553564071655273
20275,0.0,-4.7728271484375
20276,0.0,-3.839193344116211
20277,0.0,-2.713836669921875
20278,0.0,-0.7354316711425781
20279,0.0,0.2793254852294922
20280,0.0,0.8941364288330078
20281,0.0,1.4474906921386719
20282,0.0,1.3319625854492188
20283,0.0,0.9253730773925781
20284,0.0,0.8771896362304688
20285,0.0,0.7548828125
20286,0.0,1.3313961029052734
20287,0.0,0.8226070404052734
20288,0.0,0.6626510620117188
20289,0.0,0.15386390686035156
20290,0.0,0.7389659881591797
20291,0.0,1.427438735961914
20292,0.0,1.5979042053222656
20293,0.0,1.1633319854736328
20294,0.0,0.9023036956787109
20295,0.0,0.538238525390625
20296,0.0,0.192352294921875
20297,0.0,-0.09788131713867188
20298,0.0,-0.2196025848388672
20299,0.0,-0.8737640380859375
20300,0.0,-1.0169429779052734
20301,0.0,-0.05019187927246094
20302,0.0,0.9979362487792969
20303,0.0,0.9917316436767578
20304,3.0,0.24769210815429688
20305,8.0,0.4670753479003906
20306,32.0,1.7069263458251953
20307,188.0,6.584939956665039
20308,107.0,24.723018646240234
20309,159.0,45.938209533691406
20310,183.0,74.24252319335938
20311,564.0,105.0838851928711
20312,618.0,146.1295166015625
20313,413.0,197.15159606933594
20314,328.0,247.54469299316406
20315,326.0,310.09881591796875
20316,479.0,420.52996826171875
20317,765.0,432.1066589355469
20318,996.0,456.5926513671875
20319,731.0,509.4471130371094
20320,915.0,626.1905517578125
20321,1029.0,899.3997802734375
20322,1297.0,1048.64892578125
20323,1174.0,1106.6741943359375
20324,1114.0,1107.8955078125
20325,861.0,1158.19921875
20326,852.0,1235.2645263671875
20327,1182.0,1378.968505859375
20328,1675.0,1508.5836181640625
20329,1754.0,1581.884033203125
20330,1846.0,1611.6787109375
20331,1836.0,1618.134521484375
20332,1882.0,1558.6414794921875
20333,1891.0,1531.1812744140625
20334,1918.0,1526.0771484375
20335,1920.0,1519.7421875
20336,2010.0,1509.4022216796875
20337,1895.0,1480.9354248046875
20338,1915.0,1525.2030029296875
20339,1761.0,1532.76806640625
20340,1907.0,1552.9603271484375
20341,1443.0,1586.8707275390625
20342,1737.0,1518.8299560546875
20343,1793.0,1481.6435546875
20344,1524.0,1418.2108154296875
20345,1557.0,1468.8197021484375
20346,1523.0,1520.4332275390625
20347,1581.0,1609.8033447265625
20348,1455.0,1598.2867431640625
20349,1356.0,1492.3505859375
20350,1272.0,1296.0462646484375
20351,1337.0,1174.9007568359375
20352,1311.0,1085.3338623046875
20353,1208.0,1022.9879760742188
20354,1111.0,956.208984375
20355,959.0,844.978515625
20356,856.0,707.4545288085938
20357,776.0,617.1582641601562
20358,591.0,528.3563232421875
20359,390.0,418.0820617675781
20360,295.0,326.4709167480469
20361,203.0,255.72682189941406
20362,231.0,190.72164916992188
20363,239.0,142.71568298339844
20364,161.0,103.94451141357422
20365,104.0,75.75718688964844
20366,57.0,47.428279876708984
20367,24.0,26.49737548828125
20368,5.0,9.957235336303711
20369,1.0,3.546274185180664
20370,0.0,1.6040153503417969
20371,0.0,0.9618797302246094
20372,0.0,0.6706333160400391
20373,0.0,0.401885986328125
20374,0.0,0.6191120147705078
20375,0.0,0.6673984527587891
20376,0.0,0.4233074188232422
20377,0.0,-0.08640289306640625
20378,0.0,-0.4359111785888672
20379,0.0,-0.8700599670410156
20380,0.0,-1.5788822174072266
20381,0.0,1.103769302368164
20382,0.0,1.4574947357177734
20383,0.0,1.1668128967285156
20384,0.0,1.1598529815673828
20385,0.0,1.1741886138916016
20386,0.0,1.1118297576904297
20387,0.0,0.9339771270751953
20388,0.0,0.8536739349365234
20389,0.0,0.9841079711914062
20390,0.0,0.8207511901855469
20391,0.0,0.7252674102783203
20392,0.0,0.7795429229736328
20393,0.0,1.0666522979736328
20394,0.0,1.4120979309082031
20395,0.0,1.5546016693115234
20396,0.0,1.5854167938232422
20397,0.0,2.147726058959961
20398,0.0,2.737752914428711
20399,0.0,3.2387218475341797
20400,0.0,3.835092544555664
20401,2.0,5.80943489074707
20402,9.0,10.618802070617676
20403,40.0,21.310415267944336
20404,63.0,44.60289764404297
20405,132.0,101.14436340332031
20406,145.0,216.8589324951172
20407,256.0,341.1532287597656
20408,461.0,398.8057556152344
20409,487.0,423.2319641113281
20410,591.0,441.3445739746094
20411,666.0,463.7242126464844
20412,471.0,424.05853271484375
20413,421.0,414.664794921875
20414,502.0,399.2844543457031
20415,487.0,373.3439025878906
20416,346.0,348.2956848144531
20417,505.0,322.51776123046875
20418,621.0,294.1451110839844
20419,642.0,286.8228759765625
20420,485.0,298.90625
20421,499.0,305.3284606933594
20422,435.0,307.1718444824219
20423,519.0,342.5561828613281
20424,491.0,412.0952453613281
20425,529.0,469.23748779296875
20426,519.0,516.9849243164062
20427,649.0,590.380126953125
20428,799.0,780.5430297851562
20429,890.0,1022.1727294921875
20430,634.0,1176.6353759765625
20431,598.0,1239.442138671875
20432,919.0,1244.797607421875
20433,1161.0,1196.651611328125
20434,1357.0,1116.1221923828125
20435,891.0,1043.6358642578125
20436,996.0,988.7797241210938
20437,1152.0,970.6203002929688
20438,1341.0,1009.185791015625
20439,1504.0,1088.9117431640625
20440,987.0,1140.43017578125
20441,1768.0,1152.035400390625
20442,846.0,1113.438720703125
20443,219.0,1082.515380859375
20444,161.0,1023.624755859375
20445,174.0,948.8995971679688
20446,386.0,890.0377807617188
20447,678.0,888.0377197265625
20448,1362.0,834.2224731445312
20449,715.0,671.1687622070312
20450,736.0,569.2103271484375
20451,1058.0,483.1349792480469
20452,553.0,468.6122131347656
20453,483.0,472.5989685058594
20454,434.0,428.52740478515625
20455,543.0,354.3277893066406
20456,349.0,286.956298828125
20457,289.0,248.89187622070312
20458,255.0,206.216796875
20459,214.0,168.28334045410156
20460,120.0,125.03628540039062
20461,145.0,99.04206848144531
20462,89.0,66.73171997070312
20463,32.0,41.55200958251953
20464,6.0,22.47637367248535
20465,3.0,10.76905345916748
20466,1.0,3.826976776123047
20467,0.0,1.7217025756835938
20468,0.0,1.0594501495361328
20469,0.0,0.7305526733398438
20470,0.0,0.5274620056152344
20471,0.0,0.34247398376464844
20472,0.0,0.21437454223632812
20473,0.0,0.04474830627441406
20474,0.0,0.022481918334960938
20475,0.0,-0.0010356903076171875
20476,0.0,0.010009765625
20477,0.0,0.03257942199707031
20478,0.0,0.47348976135253906
20479,0.0,0.6553764343261719
20480,0.0,0.9298572540283203
20481,0.0,0.5309906005859375
20482,0.0,0.27492713928222656
20483,0.0,-0.3714427947998047
20484,0.0,-0.9511680603027344
20485,0.0,-1.9973506927490234
20486,0.0,-2.2941627502441406
20487,0.0,-3.2598400115966797
20488,0.0,-3.049346923828125
20489,0.0,-5.030181884765625
20490,0.0,-5.851282119750977
20491,0.0,-6.97288703918457
20492,0.0,-6.760503768920898
20493,0.0,-3.6365909576416016
20494,0.0,6.152139663696289
20495,0.0,18.892864227294922
20496,1.0,38.95972442626953
20497,13.0,73.73736572265625
20498,119.0,146.15843200683594
20499,265.0,260.65850830078125
20500,446.0,382.16937255859375
20501,580.0,492.55657958984375
20502,693.0,622.2268676757812
20503,778.0,729.4472045898438
20504,837.0,801.4385986328125
20505,872.0,852.2070922851562
20506,913.0,885.8513793945312
20507,959.0,911.8905639648438
20508,978.0,945.3536376953125
20509,1007.0,981.1968383789062
20510,1051.0,1019.4710083007812
20511,1096.0,1055.4295654296875
20512,1204.0,1122.955322265625
20513,1295.0,1180.744140625
20514,1246.0,1248.919677734375
20515,1230.0,1291.7823486328125
20516,1543.0,1348.175048828125
20517,1567.0,1390.9945068359375
20518,1864.0,1430.01904296875
20519,1212.0,1489.94189453125
20520,1755.0,1538.5186767578125
20521,1119.0,1560.2266845703125
20522,1506.0,1572.503662109375
20523,626.0,1584.979736328125
20524,1591.0,1597.2540283203125
20525,1723.0,1609.0767822265625
20526,1848.0,1621.3363037109375
20527,1985.0,1629.840087890625
20528,1131.0,1635.93994140625
20529,2054.0,1638.6312255859375
20530,1093.0,1640.0399169921875
20531,1427.0,1639.008544921875
20532,1139.0,1632.3406982421875
20533,1854.0,1608.2706298828125
20534,1859.0,1542.4248046875
20535,945.0,1497.6754150390625
20536,1171.0,1532.9591064453125
20537,1716.0,1552.4720458984375
20538,732.0,1550.4322509765625
20539,1566.0,1532.3697509765625
20540,1530.0,1506.26513671875
20541,633.0,1430.4677734375
20542,1552.0,1289.02783203125
20543,865.0,1146.1490478515625
20544,423.0,731.3956909179688
20545,962.0,781.98779296875
20546,1204.0,887.7306518554688
20547,1020.0,935.9072265625
20548,877.0,852.4638061523438
20549,714.0,730.6582641601562
20550,712.0,601.8137817382812
20551,520.0,497.480712890625
20552,333.0,301.36846923828125
20553,331.0,245.68260192871094
20554,280.0,200.36257934570312
20555,217.0,168.73634338378906
20556,141.0,134.55116271972656
20557,91.0,105.43255615234375
20558,67.0,66.47086334228516
20559,36.0,29.85134506225586
20560,11.0,8.942532539367676
20561,1.0,2.072000503540039
20562,0.0,0.6652946472167969
20563,0.0,0.31296348571777344
20564,0.0,0.1718730926513672
20565,0.0,0.1327953338623047
20566,0.0,0.03174781799316406
20567,0.0,-0.12131881713867188
20568,0.0,-0.24237442016601562
20569,0.0,-0.4057140350341797
20570,0.0,-0.5177211761474609
20571,0.0,-0.5294475555419922
20572,0.0,-0.57501220703125
20573,0.0,-0.19567108154296875
20574,0.0,0.4153404235839844
20575,0.0,0.362945556640625
20576,0.0,0.3491687774658203
20577,0.0,0.1532154083251953
20578,0.0,0.37087440490722656
20579,0.0,0.11948394775390625
20580,0.0,-0.0313568115234375
20581,0.0,-0.5897445678710938
20582,0.0,-0.6898612976074219
20583,0.0,-1.2035789489746094
20584,0.0,-1.2844276428222656
20585,0.0,-2.456850051879883
20586,0.0,-3.122049331665039
20587,0.0,-4.978086471557617
20588,0.0,-6.305578231811523
20589,0.0,-8.09638786315918
20590,0.0,-2.3995914459228516
20591,0.0,7.310512542724609
20592,1.0,26.709028244018555
20593,16.0,57.182029724121094
20594,171.0,122.93170166015625
20595,341.0,249.4693145751953
20596,487.0,384.26092529296875
20597,580.0,502.5829772949219
20598,678.0,631.14306640625
20599,748.0,737.5042114257812
20600,820.0,809.1961059570312
20601,897.0,852.5936889648438
20602,899.0,883.1536865234375
20603,958.0,910.9868774414062
20604,955.0,943.4622192382812
20605,981.0,980.8516845703125
20606,1024.0,1021.374755859375
20607,1093.0,1070.552734375
20608,1184.0,1187.0599365234375
20609,1285.0,1290.7769775390625
20610,1532.0,1335.7772216796875
20611,1435.0,1356.03076171875
20612,1688.0,1377.658935546875
20613,426.0,1353.914794921875
20614,1562.0,1357.8201904296875
20615,1475.0,1328.336181640625
20616,1039.0,1357.5303955078125
20617,1879.0,1352.32275390625
20618,725.0,1330.38916015625
20619,1440.0,1267.615478515625
20620,1344.0,1222.0965576171875
20621,1392.0,1246.4439697265625
20622,1880.0,1304.3271484375
20623,1667.0,1298.99072265625
20624,1467.0,1313.3734130859375
20625,2115.0,1333.72607421875
20626,2006.0,1375.154541015625
20627,1710.0,1454.069091796875
20628,2050.0,1507.3941650390625
20629,2005.0,1561.2032470703125
20630,1913.0,1568.0302734375
20631,1767.0,1558.207275390625
20632,1332.0,1545.25439453125
20633,1872.0,1520.2789306640625
20634,1530.0,1490.10888671875
20635,1655.0,1489.560302734375
20636,1564.0,1476.84375
20637,1381.0,1445.50634765625
20638,1477.0,1399.726318359375
20639,1352.0,1348.2105712890625
20640,1115.0,1261.283203125
20641,1185.0,1175.8282470703125
20642,1088.0,1048.072021484375
20643,976.0,861.2393798828125
20644,879.0,752.6563720703125
20645,764.0,689.3692626953125
20646,651.0,611.0569458007812
20647,538.0,507.69482421875
20648,426.0,379.25250244140625
20649,334.0,278.1257629394531
20650,253.0,207.80026245117188
20651,170.0,159.12193298339844
20652,123.0,114.25411987304688
20653,75.0,79.48540496826172
20654,44.0,46.58531188964844
20655,18.0,23.300371170043945
20656,4.0,7.13255500793457
20657,0.0,3.8989334106445312
20658,0.0,2.8486270904541016
20659,0.0,2.0494041442871094
20660,0.0,1.3473796844482422
20661,0.0,0.8504676818847656
20662,0.0,0.6383094787597656
20663,0.0,0.21570968627929688
20664,0.0,-0.09734725952148438
20665,0.0,-0.4544849395751953
20666,0.0,-0.8640346527099609
20667,0.0,-1.0013370513916016
20668,0.0,-1.2060050964355469
20669,0.0,0.4352264404296875
20670,0.0,1.6322345733642578
20671,0.0,1.5261764526367188
20672,0.0,1.5614204406738281
20673,0.0,1.7014656066894531
20674,0.0,1.27728271484375
20675,0.0,0.7167224884033203
20676,0.0,0.4505786895751953
20677,0.0,0.41408538818359375
20678,0.0,0.2564201354980469
20679,0.0,-0.04404449462890625
20680,0.0,-0.21987152099609375
20681,0.0,-0.06926918029785156
20682,0.0,0.1976757049560547
20683,0.0,0.2645435333251953
20684,0.0,0.3210029602050781
20685,0.0,0.7115077972412109
20686,0.0,1.5528297424316406
20687,0.0,2.2954978942871094
20688,0.0,2.781251907348633
20689,1.0,4.332391738891602
20690,8.0,10.72192668914795
20691,15.0,26.808300018310547
20692,45.0,58.78984832763672
20693,87.0,112.99108123779297
20694,169.0,183.48936462402344
20695,207.0,293.08135986328125
20696,175.0,390.74920654296875
20697,251.0,424.8461608886719
20698,399.0,423.6809387207031
20699,719.0,394.8352355957031
20700,1008.0,345.95184326171875
20701,610.0,323.7424621582031
20702,510.0,329.15478515625
20703,414.0,397.3975524902344
20704,291.0,540.2850341796875
20705,466.0,656.1544799804688
20706,581.0,713.4530029296875
20707,493.0,695.9664306640625
20708,530.0,614.1405639648438
20709,798.0,523.6970825195312
20710,1139.0,444.61297607421875
20711,1201.0,395.6385803222656
20712,1092.0,418.51214599609375
20713,841.0,376.74127197265625
20714,893.0,362.9102478027344
20715,687.0,335.8516845703125
20716,535.0,305.8815002441406
20717,490.0,302.19989013671875
20718,462.0,293.0933837890625
20719,408.0,287.2982482910156
20720,363.0,278.3888854980469
20721,378.0,259.80780029296875
20722,337.0,236.18638610839844
20723,235.0,203.1383056640625
20724,443.0,224.92872619628906
20725,581.0,242.77548217773438
20726,722.0,270.6031188964844
20727,985.0,302.0387268066406
20728,873.0,320.73370361328125
20729,953.0,316.3896179199219
20730,1073.0,312.8033142089844
20731,906.0,308.1954345703125
20732,631.0,302.0971374511719
20733,601.0,303.3941955566406
20734,655.0,313.5705261230469
20735,492.0,325.2195129394531
20736,276.0,335.5957336425781
20737,362.0,342.8092346191406
20738,322.0,340.02197265625
20739,330.0,332.3847351074219
20740,283.0,315.12847900390625
20741,148.0,296.6280517578125
20742,184.0,272.5923156738281
20743,200.0,253.28907775878906
20744,193.0,234.34043884277344
20745,264.0,205.53359985351562
20746,318.0,171.49917602539062
20747,210.0,136.91275024414062
20748,142.0,89.97621154785156
20749,86.0,50.62627410888672
20750,25.0,30.997119903564453
20751,9.0,15.899009704589844
20752,6.0,5.322269439697266
20753,0.0,2.799192428588867
20754,0.0,1.8655071258544922
20755,0.0,1.4974594116210938
20756,0.0,1.3070659637451172
20757,0.0,1.2284069061279297
20758,0.0,1.2900142669677734
20759,0.0,1.0334339141845703
20760,0.0,0.8367271423339844
20761,0.0,0.4628143310546875
20762,0.0,0.17215919494628906
20763,0.0,-0.04021453857421875
20764,0.0,-0.13322830200195312
20765,0.0,1.076314926147461
20766,0.0,1.4603137969970703
20767,0.0,1.5874767303466797
20768,0.0,1.9205856323242188
20769,0.0,2.131134033203125
20770,0.0,2.174631118774414
20771,0.0,2.0322914123535156
20772,0.0,1.8823776245117188
20773,0.0,1.6198387145996094
20774,0.0,2.089141845703125
20775,0.0,2.364572525024414
20776,0.0,2.946756362915039
20777,0.0,3.2185840606689453
20778,0.0,3.0733871459960938
20779,0.0,3.934946060180664
20780,0.0,4.040721893310547
20781,0.0,6.164228439331055
20782,0.0,10.852337837219238
20783,0.0,14.177230834960938
20784,0.0,13.95032024383545
20785,1.0,11.508360862731934
20786,0.0,9.98025131225586
20787,8.0,10.861343383789062
20788,17.0,10.891742706298828
20789,88.0,9.926884651184082
20790,83.0,13.399354934692383
20791,134.0,32.89639663696289
20792,76.0,59.762062072753906
20793,77.0,77.17456817626953
20794,71.0,105.44029998779297
20795,138.0,147.82090759277344
20796,210.0,220.6888427734375
20797,345.0,312.26251220703125
20798,310.0,385.7366638183594
20799,307.0,439.28826904296875
20800,425.0,483.8377380371094
20801,413.0,540.5348510742188
20802,606.0,576.1949462890625
20803,1213.0,564.820068359375
20804,1740.0,549.2512817382812
20805,1353.0,514.231201171875
20806,1495.0,467.9195861816406
20807,1702.0,480.9659423828125
20808,1424.0,580.4019775390625
20809,1951.0,625.7769165039062
20810,1733.0,781.8869018554688
20811,1902.0,1113.69775390625
20812,1861.0,1397.2528076171875
20813,1803.0,1394.549560546875
20814,1974.0,1389.162353515625
20815,1968.0,1601.322021484375
20816,1832.0,1611.661865234375
20817,2002.0,1607.048828125
20818,1862.0,1600.337158203125
20819,1342.0,1592.458251953125
20820,1735.0,1581.2568359375
20821,1943.0,1570.733642578125
20822,1808.0,1548.20458984375
20823,1544.0,1508.43017578125
20824,1878.0,1466.0538330078125
20825,1744.0,1419.842041015625
20826,1576.0,1368.3828125
20827,1652.0,1353.958984375
20828,1586.0,1332.6864013671875
20829,1574.0,1294.891845703125
20830,1266.0,1237.5987548828125
20831,1380.0,1154.9825439453125
20832,1276.0,972.59326171875
20833,1233.0,787.0203247070312
20834,1067.0,664.6586303710938
20835,1034.0,583.0549926757812
20836,399.0,518.1936645507812
20837,584.0,474.5677795410156
20838,354.0,404.5300598144531
20839,392.0,336.6359558105469
20840,250.0,267.0935363769531
20841,175.0,222.23187255859375
20842,176.0,183.59359741210938
20843,102.0,146.39837646484375
20844,111.0,101.19878387451172
20845,51.0,69.29540252685547
20846,22.0,43.11061096191406
20847,3.0,23.365962982177734
20848,0.0,8.154504776000977
20849,0.0,1.3424358367919922
20850,0.0,-0.834014892578125
20851,0.0,-1.5167255401611328
20852,0.0,-1.6847171783447266
20853,0.0,-1.5276641845703125
20854,0.0,-1.307748794555664
20855,0.0,-1.1692562103271484
20856,0.0,-1.076913833618164
20857,0.0,-1.0463886260986328
20858,0.0,-0.7214584350585938
20859,0.0,-0.5594081878662109
20860,0.0,-0.6321010589599609
20861,0.0,0.03504180908203125
20862,0.0,0.9786281585693359
20863,0.0,1.3205337524414062
20864,0.0,1.7558021545410156
20865,0.0,2.2188034057617188
20866,0.0,2.750814437866211
20867,0.0,3.2527847290039062
20868,0.0,3.4236202239990234
20869,0.0,3.3378353118896484
20870,0.0,3.1480064392089844
20871,0.0,2.525165557861328
20872,0.0,1.98004150390625
20873,0.0,1.6742134094238281
20874,0.0,1.8700733184814453
20875,0.0,1.8378219604492188
20876,0.0,2.0814476013183594
20877,0.0,2.2706241607666016
20878,0.0,3.018484115600586
20879,0.0,2.8411026000976562
20880,0.0,2.633481979370117
20881,4.0,6.2357635498046875
20882,66.0,23.46404457092285
20883,165.0,77.4311752319336
20884,400.0,164.17166137695312
20885,541.0,271.1874694824219
20886,639.0,430.8280944824219
20887,722.0,608.207275390625
20888,789.0,718.5545654296875
20889,829.0,781.4517822265625
20890,865.0,869.8861083984375
20891,895.0,922.2730102539062
20892,914.0,961.345458984375
20893,946.0,999.2860717773438
20894,984.0,1047.5885009765625
20895,1051.0,1095.3231201171875
20896,1131.0,1184.9237060546875
20897,1244.0,1282.7540283203125
20898,1330.0,1340.5052490234375
20899,1408.0,1394.258544921875
20900,1511.0,1468.3759765625
20901,1229.0,1522.0867919921875
20902,1705.0,1568.11083984375
20903,1142.0,1607.8045654296875
20904,499.0,1631.032470703125
20905,578.0,1631.727294921875
20906,472.0,1632.525390625
20907,958.0,1632.2628173828125
20908,1230.0,1633.810302734375
20909,460.0,1630.67236328125
20910,471.0,1620.3804931640625
20911,638.0,1598.2239990234375
20912,625.0,1553.978271484375
20913,1003.0,1541.4581298828125
20914,722.0,1512.4205322265625
20915,1490.0,1492.365966796875
20916,929.0,1443.2540283203125
20917,587.0,1437.20068359375
20918,774.0,1410.7109375
20919,800.0,1383.3856201171875
20920,859.0,1345.604736328125
20921,904.0,1336.19970703125
20922,915.0,1315.80126953125
20923,1096.0,1287.5322265625
20924,1183.0,1279.977783203125
20925,1477.0,1309.8284912109375
20926,1285.0,1303.7440185546875
20927,806.0,1268.7283935546875
20928,954.0,1184.345458984375
20929,989.0,1068.2979736328125
20930,688.0,946.75390625
20931,946.0,818.6815185546875
20932,846.0,739.6760864257812
20933,568.0,642.2886962890625
20934,281.0,539.575927734375
20935,234.0,438.4964599609375
20936,291.0,338.1864013671875
20937,302.0,263.9543762207031
20938,158.0,210.60862731933594
20939,135.0,166.47689819335938
20940,146.0,120.62547302246094
20941,108.0,85.48574829101562
20942,47.0,48.29747772216797
20943,1.0,22.214466094970703
20944,0.0,4.738588333129883
20945,0.0,0.9422168731689453
20946,0.0,-0.3157939910888672
20947,0.0,-1.0189952850341797
20948,0.0,-1.5524177551269531
20949,0.0,-1.794485092163086
20950,0.0,-2.045612335205078
20951,0.0,-2.2623291015625
20952,0.0,-2.4671268463134766
20953,0.0,-2.5272998809814453
20954,0.0,-2.4594078063964844
20955,0.0,-2.465543746948242
20956,0.0,-2.463634490966797
20957,0.0,1.2211017608642578
20958,0.0,1.6813621520996094
20959,0.0,1.6080398559570312
20960,0.0,1.55413818359375
20961,0.0,1.4869365692138672
20962,0.0,1.3056144714355469
20963,0.0,1.1522083282470703
20964,0.0,0.9949684143066406
20965,0.0,0.9565792083740234
20966,0.0,1.0773601531982422
20967,0.0,0.7934951782226562
20968,0.0,0.5546131134033203
20969,0.0,0.5680160522460938
20970,0.0,1.3486137390136719
20971,0.0,2.2854976654052734
20972,0.0,3.631753921508789
20973,0.0,5.792762756347656
20974,0.0,8.24874496459961
20975,0.0,9.792814254760742
20976,1.0,11.047112464904785
20977,6.0,15.108224868774414
20978,14.0,24.881027221679688
20979,58.0,40.20940399169922
20980,109.0,57.12571716308594
20981,119.0,73.70015716552734
20982,163.0,93.989501953125
20983,113.0,117.29639434814453
20984,147.0,144.1494903564453
20985,448.0,170.07725524902344
20986,261.0,185.95042419433594
20987,192.0,192.0581817626953
20988,362.0,189.08331298828125
20989,487.0,194.7512664794922
20990,205.0,203.6812744140625
20991,188.0,215.4080352783203
20992,400.0,225.849609375
20993,314.0,233.88035583496094
20994,378.0,247.23760986328125
20995,307.0,262.046630859375
20996,271.0,285.94586181640625
20997,292.0,332.0010070800781
20998,219.0,418.2445068359375
20999,216.0,517.4647827148438
21000,220.0,554.042236328125
21001,382.0,578.4881591796875
21002,643.0,612.6273193359375
21003,718.0,664.7955322265625
21004,631.0,760.7259521484375
21005,666.0,804.3894653320312
21006,530.0,961.24365234375
21007,623.0,1249.3387451171875
21008,960.0,1358.4686279296875
21009,1057.0,1397.3350830078125
21010,1931.0,1426.531982421875
21011,2103.0,1431.8831787109375
21012,1508.0,1416.4193115234375
21013,1318.0,1389.4437255859375
21014,1394.0,1323.53271484375
21015,1087.0,1241.15283203125
21016,1206.0,1101.798583984375
21017,585.0,981.0977783203125
21018,65.0,855.1508178710938
21019,63.0,743.4290771484375
21020,38.0,616.9033813476562
21021,42.0,502.2521057128906
21022,86.0,387.3526611328125
21023,145.0,303.4110107421875
21024,195.0,343.6166076660156
21025,394.0,371.0634765625
21026,761.0,330.0570983886719
21027,1288.0,308.0751647949219
21028,735.0,286.30303955078125
21029,476.0,281.394775390625
21030,99.0,263.3912353515625
21031,15.0,252.87632751464844
21032,36.0,214.3688507080078
21033,40.0,180.76626586914062
21034,95.0,148.88572692871094
21035,116.0,118.07819366455078
21036,113.0,76.08495330810547
21037,87.0,45.416526794433594
21038,61.0,23.33477783203125
21039,29.0,8.30248737335205
21040,7.0,3.141359329223633
21041,2.0,1.5858497619628906
21042,0.0,0.38430023193359375
21043,0.0,-0.047847747802734375
21044,0.0,-1.1033992767333984
21045,0.0,-2.1405715942382812
21046,0.0,-2.766561508178711
21047,0.0,-3.2039718627929688
21048,0.0,-3.4684410095214844
21049,0.0,-3.6445693969726562
21050,0.0,-3.3820762634277344
21051,0.0,-3.0126209259033203
21052,0.0,-2.648181915283203
21053,0.0,0.9539852142333984
21054,0.0,0.7318363189697266
21055,0.0,0.13741111755371094
21056,0.0,-0.0673065185546875
21057,0.0,0.2893848419189453
21058,0.0,-0.07760238647460938
21059,0.0,-0.6113605499267578
21060,0.0,-0.9528408050537109
21061,0.0,-1.2460594177246094
21062,0.0,-1.1645183563232422
21063,0.0,-0.8191986083984375
21064,0.0,-0.29596900939941406
21065,0.0,0.2581596374511719
21066,0.0,1.2163639068603516
21067,0.0,1.9146785736083984
21068,0.0,2.3651580810546875
21069,0.0,2.6604690551757812
21070,0.0,2.937376022338867
21071,0.0,3.6692657470703125
21072,1.0,4.85344123840332
21073,8.0,7.381595611572266
21074,14.0,12.136754989624023
21075,14.0,21.6110782623291
21076,64.0,50.68532180786133
21077,92.0,92.9581527709961
21078,105.0,148.62623596191406
21079,127.0,182.28250122070312
21080,190.0,204.71083068847656
21081,303.0,218.34759521484375
21082,364.0,232.5119171142578
21083,373.0,244.51341247558594
21084,268.0,261.2796630859375
21085,186.0,264.9696044921875
21086,504.0,272.7096862792969
21087,596.0,287.93438720703125
21088,909.0,327.6777648925781
21089,762.0,376.2037353515625
21090,1056.0,407.8274841308594
21091,1131.0,445.13897705078125
21092,1251.0,581.5946044921875
21093,759.0,976.7340698242188
21094,380.0,1124.778076171875
21095,1303.0,1182.6031494140625
21096,1327.0,1296.8958740234375
21097,1460.0,1482.320068359375
21098,1470.0,1555.713134765625
21099,1571.0,1584.070068359375
21100,1931.0,1609.300537109375
21101,1461.0,1611.68505859375
21102,2021.0,1616.4114990234375
21103,2110.0,1627.3909912109375
21104,1673.0,1631.0537109375
21105,1215.0,1621.97021484375
21106,1315.0,1590.9552001953125
21107,1344.0,1561.3798828125
21108,1648.0,1539.8953857421875
21109,1573.0,1489.1890869140625
21110,1845.0,1414.9951171875
21111,1547.0,1370.83544921875
21112,1603.0,1363.0194091796875
21113,1916.0,1358.0482177734375
21114,1533.0,1350.216064453125
21115,1563.0,1209.9925537109375
21116,1422.0,1021.7056884765625
21117,1253.0,978.3234252929688
21118,1176.0,860.600830078125
21119,1029.0,643.5175170898438
21120,852.0,500.5722351074219
21121,810.0,432.36578369140625
21122,990.0,382.86212158203125
21123,956.0,361.0546569824219
21124,921.0,318.693359375
21125,788.0,292.1333312988281
21126,545.0,272.2848205566406
21127,641.0,253.5065460205078
21128,424.0,222.19932556152344
21129,403.0,183.1814422607422
21130,316.0,145.42860412597656
21131,214.0,114.11823272705078
21132,165.0,84.50397491455078
21133,80.0,63.79402160644531
21134,60.0,44.6519775390625
21135,25.0,25.883255004882812
21136,5.0,12.21261978149414
21137,1.0,5.136432647705078
21138,0.0,1.6303691864013672
21139,0.0,0.17030906677246094
21140,0.0,-0.4673118591308594
21141,0.0,-0.705108642578125
21142,0.0,-1.137289047241211
21143,0.0,-1.1227588653564453
21144,0.0,-0.9272613525390625
21145,0.0,-0.6289901733398438
21146,0.0,-0.427642822265625
21147,0.0,-0.38808250427246094
21148,0.0,-0.40726280212402344
21149,0.0,1.8262214660644531
21150,0.0,2.190145492553711
21151,0.0,1.8340930938720703
21152,0.0,1.5000762939453125
21153,0.0,1.4301471710205078
21154,0.0,1.3409290313720703
21155,0.0,1.2199268341064453
21156,0.0,1.0735645294189453
21157,0.0,1.0639305114746094
21158,0.0,0.8433685302734375
21159,0.0,0.4772186279296875
21160,0.0,0.08638572692871094
21161,0.0,-0.10512351989746094
21162,0.0,-0.3284187316894531
21163,0.0,-0.405914306640625
21164,0.0,-0.07649040222167969
21165,0.0,0.48127174377441406
21166,0.0,0.9685649871826172
21167,0.0,1.6409187316894531
21168,0.0,2.645109176635742
21169,1.0,5.168737411499023
21170,7.0,9.531718254089355
21171,15.0,16.627586364746094
21172,18.0,27.36132049560547
21173,58.0,49.85481262207031
21174,67.0,82.911376953125
21175,122.0,125.34806823730469
21176,158.0,169.25592041015625
21177,168.0,214.50413513183594
21178,201.0,259.426025390625
21179,198.0,315.778564453125
21180,222.0,464.4394226074219
21181,258.0,473.9068908691406
21182,286.0,476.62078857421875
21183,398.0,472.7503662109375
21184,544.0,464.6778564453125
21185,586.0,455.3604736328125
21186,764.0,511.8479309082031
21187,865.0,687.966064453125
21188,1644.0,835.03564453125
21189,1397.0,873.6963500976562
21190,1626.0,1026.4405517578125
21191,1688.0,1173.8836669921875
21192,1849.0,1357.0999755859375
21193,1889.0,1587.6959228515625
21194,1858.0,1618.7994384765625
21195,1835.0,1630.065673828125
21196,1701.0,1636.26123046875
21197,1542.0,1631.739013671875
21198,1419.0,1628.025634765625
21199,1032.0,1631.46728515625
21200,1106.0,1634.8770751953125
21201,1815.0,1633.903076171875
21202,1792.0,1629.5579833984375
21203,1795.0,1622.74609375
21204,1167.0,1609.1339111328125
21205,1170.0,1557.891357421875
21206,1439.0,1495.98095703125
21207,1743.0,1464.7943115234375
21208,1378.0,1437.9951171875
21209,1624.0,1411.9010009765625
21210,1497.0,1387.531005859375
21211,1031.0,1358.5245361328125
21212,1252.0,1315.1959228515625
21213,960.0,1297.15478515625
21214,1094.0,1267.42333984375
21215,1264.0,1283.1240234375
21216,1217.0,1196.182373046875
21217,991.0,1078.649658203125
21218,879.0,917.604736328125
21219,894.0,820.7266845703125
21220,740.0,718.0047607421875
21221,754.0,666.9619750976562
21222,655.0,582.7582397460938
21223,537.0,494.1234436035156
21224,427.0,391.6702880859375
21225,340.0,323.6600646972656
21226,266.0,255.16893005371094
21227,200.0,196.10765075683594
21228,146.0,142.3068389892578
21229,112.0,110.98271179199219
21230,86.0,76.03556060791016
21231,63.0,38.74176025390625
21232,29.0,12.539451599121094
21233,8.0,3.930898666381836
21234,0.0,1.2865772247314453
21235,0.0,0.41948509216308594
21236,0.0,-0.05496406555175781
21237,0.0,-0.3182964324951172
21238,0.0,-0.5215549468994141
21239,0.0,-0.6916542053222656
21240,0.0,-0.809722900390625
21241,0.0,-0.9607372283935547
21242,0.0,-0.9926300048828125
21243,0.0,-1.0945758819580078
21244,0.0,-1.1351146697998047
21245,0.0,0.4930610656738281
21246,0.0,1.035776138305664
21247,0.0,2.007112503051758
21248,0.0,2.8003082275390625
21249,0.0,3.1081924438476562
21250,0.0,2.811494827270508
21251,0.0,2.3966522216796875
21252,0.0,1.9718647003173828
21253,0.0,1.1795024871826172
21254,0.0,0.45482826232910156
21255,0.0,-0.7329559326171875
21256,0.0,-1.8074111938476562
21257,0.0,-1.6384105682373047
21258,0.0,-1.5667400360107422
21259,0.0,-1.543893814086914
21260,0.0,-1.575387954711914
21261,0.0,-2.149658203125
21262,0.0,-2.709341049194336
21263,0.0,-2.6147327423095703
21264,0.0,-0.9948921203613281
21265,2.0,5.0603790283203125
21266,9.0,20.759572982788086
21267,13.0,51.26120376586914
21268,47.0,99.2618637084961
21269,111.0,153.47406005859375
21270,121.0,223.230224609375
21271,129.0,316.14190673828125
21272,116.0,439.099365234375
21273,160.0,484.2811279296875
21274,590.0,532.6659545898438
21275,923.0,624.2053833007812
21276,570.0,721.622802734375
21277,717.0,713.553466796875
21278,746.0,702.9944458007812
21279,737.0,735.085693359375
21280,1015.0,812.3966674804688
21281,1282.0,901.201416015625
21282,1252.0,975.6094970703125
21283,1348.0,1020.8423461914062
21284,1242.0,1331.716064453125
21285,1033.0,1396.6982421875
21286,1029.0,1437.4666748046875
21287,950.0,1465.3660888671875
21288,906.0,1430.55078125
21289,833.0,1271.571533203125
21290,583.0,904.6879272460938
21291,652.0,555.9304809570312
21292,438.0,468.1590881347656
21293,272.0,613.3265991210938
21294,731.0,694.499755859375
21295,1121.0,710.2205200195312
21296,1016.0,739.723388671875
21297,1861.0,783.4381713867188
21298,1863.0,850.1905517578125
21299,1821.0,1210.9901123046875
21300,1798.0,1451.0478515625
21301,1780.0,1338.67431640625
21302,1677.0,1469.6781005859375
21303,1558.0,1619.54736328125
21304,1728.0,1578.2069091796875
21305,1730.0,1473.6080322265625
21306,1323.0,1275.4515380859375
21307,1553.0,1037.791748046875
21308,1331.0,780.86669921875
21309,1439.0,599.2711791992188
21310,638.0,436.9147033691406
21311,168.0,319.3096923828125
21312,101.0,274.9639892578125
21313,227.0,256.6944580078125
21314,129.0,237.46066284179688
21315,117.0,228.86187744140625
21316,17.0,236.03114318847656
21317,9.0,226.1436767578125
21318,91.0,216.17507934570312
21319,173.0,205.73019409179688
21320,94.0,195.12710571289062
21321,14.0,188.57461547851562
21322,68.0,177.02899169921875
21323,21.0,164.37347412109375
21324,16.0,136.82302856445312
21325,8.0,108.45757293701172
21326,2.0,71.72583770751953
21327,1.0,39.43824005126953
21328,0.0,18.997703552246094
21329,0.0,6.903284072875977
21330,0.0,3.388174057006836
21331,0.0,2.2521820068359375
21332,0.0,1.5733909606933594
21333,0.0,1.2737178802490234
21334,0.0,0.8606548309326172
21335,0.0,0.5217266082763672
21336,0.0,0.41858673095703125
21337,0.0,-0.0019378662109375
21338,0.0,0.2599143981933594
21339,0.0,0.1708221435546875
21340,0.0,-0.13986968994140625
21341,0.0,1.5411128997802734
21342,0.0,1.860504150390625
21343,0.0,1.5944957733154297
21344,0.0,1.3956260681152344
21345,0.0,1.0708122253417969
21346,0.0,0.8384628295898438
21347,0.0,0.6219158172607422
21348,0.0,0.43445587158203125
21349,0.0,0.1853179931640625
21350,0.0,0.1267242431640625
21351,0.0,-0.2631511688232422
21352,0.0,-0.7780189514160156
21353,0.0,-0.8547935485839844
21354,0.0,-0.8096961975097656
21355,0.0,-0.6681842803955078
21356,0.0,-0.4090690612792969
21357,0.0,0.24558639526367188
21358,0.0,0.8279304504394531
21359,0.0,1.2562999725341797
21360,0.0,2.538501739501953
21361,5.0,4.784563064575195
21362,2.0,10.10393238067627
21363,5.0,25.66480827331543
21364,19.0,47.659523010253906
21365,40.0,68.75425720214844
21366,25.0,91.66394805908203
21367,29.0,113.616943359375
21368,51.0,134.9857177734375
21369,58.0,154.06199645996094
21370,87.0,186.58921813964844
21371,97.0,258.84466552734375
21372,119.0,357.31884765625
21373,335.0,456.9202575683594
21374,345.0,572.0382690429688
21375,528.0,738.6688842773438
21376,1170.0,861.5205688476562
21377,1092.0,866.1791381835938
21378,1253.0,785.4915161132812
21379,1181.0,744.5109252929688
21380,1303.0,728.662109375
21381,457.0,707.4744873046875
21382,455.0,675.24267578125
21383,658.0,672.3499755859375
21384,643.0,631.7839965820312
21385,645.0,619.6508178710938
21386,562.0,611.0980834960938
21387,677.0,631.0460815429688
21388,1132.0,606.1390380859375
21389,724.0,687.5765380859375
21390,1710.0,964.964111328125
21391,1470.0,1344.0841064453125
21392,1972.0,1506.22021484375
21393,1391.0,1223.0977783203125
21394,1331.0,880.5913696289062
21395,1195.0,876.0802001953125
21396,990.0,944.0160522460938
21397,1107.0,1168.520263671875
21398,1036.0,1539.905517578125
21399,869.0,1467.8076171875
21400,935.0,1422.3868408203125
21401,1268.0,1354.276123046875
21402,1339.0,1308.4627685546875
21403,1417.0,1260.3773193359375
21404,1225.0,1171.9359130859375
21405,1243.0,998.2222290039062
21406,1161.0,701.4078369140625
21407,952.0,626.9752807617188
21408,762.0,486.15447998046875
21409,745.0,412.0462341308594
21410,666.0,375.5691223144531
21411,509.0,363.80804443359375
21412,496.0,350.1267395019531
21413,572.0,328.34002685546875
21414,340.0,290.0659484863281
21415,307.0,258.7803039550781
21416,323.0,228.6171417236328
21417,125.0,196.60665893554688
21418,63.0,160.93211364746094
21419,30.0,121.85416412353516
21420,11.0,84.75672149658203
21421,0.0,62.78071594238281
21422,0.0,44.25415802001953
21423,0.0,28.494861602783203
21424,0.0,14.889463424682617
21425,0.0,6.374250411987305
21426,0.0,2.9384937286376953
21427,0.0,1.5608062744140625
21428,0.0,0.8130855560302734
21429,0.0,0.4760475158691406
21430,0.0,0.2004871368408203
21431,0.0,0.016408920288085938
21432,0.0,-0.08845901489257812
21433,0.0,-0.09486579895019531
21434,0.0,-0.12147712707519531
21435,0.0,-0.09414863586425781
21436,0.0,-0.110382080078125
21437,0.0,1.2618598937988281
21438,0.0,1.8726463317871094
21439,0.0,1.8653621673583984
21440,0.0,1.8951759338378906
21441,0.0,1.8260765075683594
21442,0.0,1.764272689819336
21443,0.0,1.6397686004638672
21444,0.0,1.489898681640625
21445,0.0,1.344614028930664
21446,0.0,1.1891365051269531
21447,0.0,0.8702793121337891
21448,0.0,0.3766670227050781
21449,0.0,-0.1268749237060547
21450,0.0,-0.43980979919433594
21451,0.0,-0.7421245574951172
21452,0.0,-0.8251056671142578
21453,0.0,-0.6451740264892578
21454,0.0,-0.3680858612060547
21455,0.0,0.02297210693359375
21456,0.0,0.9698143005371094
21457,1.0,3.9100208282470703
21458,22.0,11.191312789916992
21459,52.0,36.63835144042969
21460,80.0,174.62750244140625
21461,130.0,328.61334228515625
21462,456.0,493.2811584472656
21463,431.0,614.2330322265625
21464,582.0,683.1117553710938
21465,554.0,727.4786987304688
21466,788.0,751.4417114257812
21467,747.0,753.21044921875
21468,691.0,741.33984375
21469,904.0,776.41552734375
21470,972.0,923.8638305664062
21471,1052.0,992.0135498046875
21472,1135.0,1079.1737060546875
21473,1218.0,1103.9744873046875
21474,1315.0,1086.8009033203125
21475,1378.0,1134.6322021484375
21476,1478.0,1218.1190185546875
21477,1521.0,1284.0391845703125
21478,1557.0,1338.5936279296875
21479,1696.0,1407.5479736328125
21480,1692.0,1493.0484619140625
21481,1810.0,1553.66357421875
21482,1647.0,1594.3153076171875
21483,1254.0,1612.1636962890625
21484,1371.0,1613.2730712890625
21485,1658.0,1598.7947998046875
21486,1035.0,1578.554443359375
21487,1678.0,1570.0330810546875
21488,2044.0,1565.19482421875
21489,1527.0,1505.563720703125
21490,722.0,1469.8326416015625
21491,1185.0,1479.548583984375
21492,1649.0,1507.615966796875
21493,1545.0,1511.271484375
21494,1260.0,1497.5098876953125
21495,1171.0,1474.3402099609375
21496,782.0,1430.63916015625
21497,631.0,1334.9007568359375
21498,825.0,1225.524658203125
21499,934.0,1136.9112548828125
21500,1431.0,1057.0372314453125
21501,693.0,1020.4334106445312
21502,1184.0,971.9552001953125
21503,655.0,911.2638549804688
21504,485.0,823.8126220703125
21505,501.0,759.3076782226562
21506,890.0,694.6561279296875
21507,710.0,643.282958984375
21508,864.0,590.9249877929688
21509,549.0,551.0112915039062
21510,705.0,478.9749755859375
21511,555.0,394.0580139160156
21512,438.0,330.2378234863281
21513,357.0,284.4625549316406
21514,270.0,236.4757537841797
21515,217.0,196.72854614257812
21516,172.0,157.98793029785156
21517,124.0,128.64271545410156
21518,74.0,96.23049926757812
21519,21.0,58.77705383300781
21520,2.0,26.009401321411133
21521,0.0,9.831064224243164
21522,0.0,3.6812572479248047
21523,0.0,1.8657398223876953
21524,0.0,1.1769771575927734
21525,0.0,0.8298664093017578
21526,0.0,0.6727809906005859
21527,0.0,0.6051902770996094
21528,0.0,0.5605812072753906
21529,0.0,0.46431922912597656
21530,0.0,0.4555549621582031
21531,0.0,0.4587841033935547
21532,0.0,0.5205307006835938
21533,0.0,0.20946502685546875
21534,0.0,0.9442214965820312
21535,0.0,1.0466766357421875
21536,0.0,1.5902080535888672
21537,0.0,1.9939708709716797
21538,0.0,2.6334781646728516
21539,0.0,2.6490859985351562
21540,0.0,2.6013355255126953
21541,0.0,2.250070571899414
21542,0.0,1.9067363739013672
21543,0.0,1.770559310913086
21544,0.0,1.350290298461914
21545,0.0,1.1539726257324219
21546,0.0,1.270965576171875
21547,0.0,1.0229034423828125
21548,0.0,0.8927745819091797
21549,0.0,0.7329254150390625
21550,0.0,0.3243904113769531
21551,0.0,-0.15699195861816406
21552,1.0,1.748147964477539
21553,4.0,27.356536865234375
21554,38.0,109.76947021484375
21555,81.0,336.2934265136719
21556,136.0,526.0050048828125
21557,249.0,596.8495483398438
21558,369.0,623.6036376953125
21559,487.0,601.4422607421875
21560,510.0,544.0452880859375
21561,535.0,524.6690063476562
21562,569.0,518.419921875
21563,827.0,529.3087158203125
21564,898.0,575.3208618164062
21565,937.0,652.790771484375
21566,896.0,808.6959228515625
21567,890.0,899.2322387695312
21568,862.0,914.8583374023438
21569,832.0,839.28369140625
21570,1094.0,870.7904663085938
21571,1215.0,921.272705078125
21572,1400.0,978.6724853515625
21573,1059.0,1149.49951171875
21574,1419.0,1367.5269775390625
21575,872.0,1452.209716796875
21576,1225.0,1515.120361328125
21577,1057.0,1551.2457275390625
21578,420.0,1577.3221435546875
21579,402.0,1585.714111328125
21580,802.0,1612.241455078125
21581,593.0,1604.062744140625
21582,749.0,1347.0390625
21583,689.0,1131.58349609375
21584,706.0,1075.7381591796875
21585,740.0,1471.937255859375
21586,488.0,1595.03369140625
21587,455.0,1593.706787109375
21588,436.0,1542.6590576171875
21589,707.0,1477.3594970703125
21590,1290.0,1381.44140625
21591,1492.0,1132.252685546875
21592,1382.0,908.787841796875
21593,667.0,817.499267578125
21594,840.0,746.235595703125
21595,645.0,695.142578125
21596,787.0,620.8292236328125
21597,772.0,507.7335510253906
21598,380.0,494.76776123046875
21599,395.0,506.47894287109375
21600,557.0,433.67620849609375
21601,553.0,421.358154296875
21602,324.0,403.2637023925781
21603,424.0,337.4899597167969
21604,345.0,282.58489990234375
21605,391.0,239.22625732421875
21606,381.0,195.9881134033203
21607,394.0,160.9676971435547
21608,307.0,142.04464721679688
21609,325.0,159.50125122070312
21610,259.0,160.08229064941406
21611,151.0,134.62716674804688
21612,97.0,103.45368194580078
21613,89.0,75.781005859375
21614,77.0,53.1910400390625
21615,58.0,34.87872314453125
21616,25.0,17.582862854003906
21617,5.0,5.460025787353516
21618,0.0,1.08489990234375
21619,0.0,-0.27316856384277344
21620,0.0,-0.9334754943847656
21621,0.0,-1.1891193389892578
21622,0.0,-1.378396987915039
21623,0.0,-1.4949932098388672
21624,0.0,-1.5601253509521484
21625,0.0,-1.448883056640625
21626,0.0,-1.2860851287841797
21627,0.0,-1.132436752319336
21628,0.0,-1.0259075164794922
21629,0.0,0.9284496307373047
21630,0.0,2.044008255004883
21631,0.0,2.2867431640625
21632,0.0,2.569835662841797
21633,0.0,2.576047897338867
21634,0.0,2.7269554138183594
21635,0.0,2.686098098754883
21636,0.0,2.500223159790039
21637,0.0,1.3706703186035156
21638,0.0,1.4793319702148438
21639,0.0,2.2064857482910156
21640,0.0,2.689809799194336
21641,0.0,3.433523178100586
21642,0.0,4.447343826293945
21643,0.0,5.155338287353516
21644,0.0,5.171592712402344
21645,0.0,5.153369903564453
21646,0.0,4.645776748657227
21647,0.0,4.928178787231445
21648,2.0,5.544307708740234
21649,11.0,8.605225563049316
21650,109.0,17.76043701171875
21651,170.0,40.053680419921875
21652,214.0,78.68595886230469
21653,217.0,97.35743713378906
21654,348.0,121.08722686767578
21655,152.0,157.4137420654297
21656,182.0,217.8770751953125
21657,195.0,334.8812255859375
21658,305.0,608.1441040039062
21659,356.0,545.7023315429688
21660,653.0,714.187255859375
21661,949.0,774.0271606445312
21662,966.0,846.261962890625
21663,1066.0,969.9573974609375
21664,1104.0,1117.35205078125
21665,1184.0,1225.0987548828125
21666,1212.0,1288.55615234375
21667,973.0,1336.767822265625
21668,1407.0,1371.460205078125
21669,1428.0,1389.585693359375
21670,1490.0,1454.0765380859375
21671,1535.0,1534.5799560546875
21672,853.0,1603.1376953125
21673,1008.0,1626.022705078125
21674,1721.0,1635.237060546875
21675,1663.0,1639.2490234375
21676,678.0,1643.174560546875
21677,1289.0,1643.8583984375
21678,1247.0,1643.07568359375
21679,799.0,1634.288330078125
21680,1113.0,1604.2982177734375
21681,645.0,1555.6112060546875
21682,697.0,1518.5423583984375
21683,820.0,1492.635986328125
21684,481.0,1441.936767578125
21685,459.0,1103.516357421875
21686,452.0,923.25439453125
21687,699.0,903.5184326171875
21688,960.0,890.7542724609375
21689,689.0,885.2578125
21690,1216.0,927.9151000976562
21691,1554.0,1050.4830322265625
21692,1486.0,1088.324951171875
21693,1331.0,1157.330810546875
21694,1277.0,1231.1204833984375
21695,1029.0,1264.031494140625
21696,733.0,1220.885986328125
21697,992.0,1191.5225830078125
21698,861.0,1141.6365966796875
21699,624.0,1050.0960693359375
21700,381.0,961.13623046875
21701,500.0,877.3102416992188
21702,612.0,729.2619018554688
21703,428.0,523.6217651367188
21704,402.0,393.6617736816406
21705,334.0,301.2138366699219
21706,91.0,238.9607391357422
21707,113.0,190.90435791015625
21708,114.0,147.60818481445312
21709,65.0,116.57150268554688
21710,23.0,84.51742553710938
21711,11.0,49.958038330078125
21712,6.0,23.959802627563477
21713,4.0,10.909004211425781
21714,0.0,4.901149749755859
21715,0.0,2.422708511352539
21716,0.0,1.2752971649169922
21717,0.0,0.5741043090820312
21718,0.0,0.3831634521484375
21719,0.0,0.1487274169921875
21720,0.0,-0.200775146484375
21721,0.0,-0.47214698791503906
21722,0.0,-0.6728019714355469
21723,0.0,-0.8236236572265625
21724,0.0,-0.9031982421875
21725,0.0,-0.09638214111328125
21726,0.0,1.5645179748535156
21727,0.0,2.0797882080078125
21728,0.0,2.2488555908203125
21729,0.0,2.175090789794922
21730,0.0,1.9426517486572266
21731,0.0,1.5795211791992188
21732,0.0,1.5401477813720703
21733,0.0,1.5047607421875
21734,0.0,1.5949363708496094
21735,0.0,1.5765342712402344
21736,0.0,0.8593235015869141
21737,0.0,1.9433479309082031
21738,0.0,3.849529266357422
21739,0.0,5.258167266845703
21740,0.0,5.988105773925781
21741,0.0,7.046411514282227
21742,0.0,8.360779762268066
21743,0.0,9.479958534240723
21744,0.0,10.98263931274414
21745,2.0,21.137271881103516
21746,4.0,40.299171447753906
21747,16.0,65.38687896728516
21748,37.0,85.88151550292969
21749,83.0,107.03252410888672
21750,144.0,141.04051208496094
21751,194.0,181.6135711669922
21752,269.0,226.5344696044922
21753,253.0,285.3949890136719
21754,237.0,360.65045166015625
21755,272.0,447.9898986816406
21756,499.0,547.1668701171875
21757,408.0,547.1613159179688
21758,431.0,582.3978271484375
21759,427.0,643.3270263671875
21760,685.0,788.02734375
21761,465.0,624.4142456054688
21762,502.0,627.149169921875
21763,464.0,829.9916381835938
21764,514.0,963.0781860351562
21765,879.0,1030.1558837890625
21766,1109.0,1070.6102294921875
21767,950.0,1108.6163330078125
21768,1897.0,1094.405517578125
21769,1883.0,1105.8836669921875
21770,1325.0,1148.75927734375
21771,1253.0,1155.5943603515625
21772,755.0,1167.853515625
21773,892.0,1196.0220947265625
21774,1068.0,1252.199951171875
21775,921.0,938.7569580078125
21776,1435.0,1479.822998046875
21777,758.0,1501.5665283203125
21778,1202.0,1504.655517578125
21779,1019.0,1483.0877685546875
21780,1756.0,1413.49853515625
21781,1677.0,1382.4730224609375
21782,1388.0,1336.497802734375
21783,1099.0,1327.66845703125
21784,1242.0,1355.3599853515625
21785,1033.0,1281.8487548828125
21786,534.0,1198.5494384765625
21787,912.0,1042.950439453125
21788,1085.0,877.3516845703125
21789,1539.0,791.9156494140625
21790,1064.0,767.7944946289062
21791,1068.0,853.4869995117188
21792,906.0,776.4761352539062
21793,972.0,594.735107421875
21794,842.0,389.0229187011719
21795,893.0,292.27862548828125
21796,454.0,261.609619140625
21797,322.0,273.1461181640625
21798,468.0,264.77496337890625
21799,292.0,237.0104522705078
21800,276.0,191.4998779296875
21801,193.0,163.4626007080078
21802,140.0,146.72743225097656
21803,119.0,124.35509490966797
21804,155.0,97.48414611816406
21805,217.0,76.02545928955078
21806,115.0,51.64377212524414
21807,62.0,32.09270477294922
21808,32.0,13.750603675842285
21809,12.0,5.619840621948242
21810,1.0,2.4231739044189453
21811,0.0,1.2233085632324219
21812,0.0,0.6299037933349609
21813,0.0,0.4691905975341797
21814,0.0,0.5616340637207031
21815,0.0,0.5069637298583984
21816,0.0,0.20212364196777344
21817,0.0,-0.18698692321777344
21818,0.0,-0.08193397521972656
21819,0.0,-0.48369789123535156
21820,0.0,-0.6594772338867188
21821,0.0,1.7683639526367188
21822,0.0,3.1138477325439453
21823,0.0,2.6353530883789062
21824,0.0,2.5174694061279297
21825,0.0,2.059549331665039
21826,0.0,1.8794212341308594
21827,0.0,1.7468223571777344
21828,0.0,1.6657238006591797
21829,0.0,1.5330257415771484
21830,0.0,1.6866168975830078
21831,0.0,1.74334716796875
21832,0.0,1.7745780944824219
21833,0.0,1.4744129180908203
21834,0.0,1.718423843383789
21835,0.0,1.5024471282958984
21836,0.0,1.2639579772949219
21837,0.0,0.5883636474609375
21838,0.0,0.6232223510742188
21839,0.0,0.47708892822265625
21840,1.0,1.0053749084472656
21841,45.0,15.04504680633545
21842,46.0,90.38007354736328
21843,81.0,255.1285858154297
21844,110.0,432.1231384277344
21845,218.0,492.0167541503906
21846,171.0,519.9891357421875
21847,268.0,532.8077392578125
21848,343.0,536.734130859375
21849,227.0,586.3119506835938
21850,488.0,650.0576782226562
21851,510.0,691.4108276367188
21852,471.0,701.8663940429688
21853,594.0,664.4668579101562
21854,692.0,602.9890747070312
21855,950.0,568.3331909179688
21856,694.0,602.9862670898438
21857,387.0,727.451904296875
21858,572.0,873.9185180664062
21859,482.0,1004.7687377929688
21860,370.0,1073.1373291015625
21861,440.0,1117.3026123046875
21862,539.0,1122.94873046875
21863,494.0,1151.57958984375
21864,330.0,1143.735595703125
21865,330.0,1016.9910278320312
21866,532.0,968.760009765625
21867,889.0,956.9067993164062
21868,941.0,987.5182495117188
21869,589.0,925.6007080078125
21870,677.0,884.0082397460938
21871,1051.0,957.9390258789062
21872,1081.0,1116.8563232421875
21873,1069.0,1270.8232421875
21874,1339.0,1335.113525390625
21875,1290.0,1277.0189208984375
21876,1576.0,1308.65380859375
21877,2100.0,1380.0618896484375
21878,1393.0,1277.3529052734375
21879,1228.0,1057.1068115234375
21880,1606.0,854.8297729492188
21881,1222.0,813.2395629882812
21882,823.0,770.0894165039062
21883,749.0,719.8674926757812
21884,587.0,659.2591552734375
21885,1262.0,573.5781860351562
21886,498.0,475.7958984375
21887,582.0,416.64666748046875
21888,392.0,386.8711242675781
21889,378.0,372.8188171386719
21890,509.0,344.4502258300781
21891,397.0,307.9141845703125
21892,70.0,284.341552734375
21893,94.0,293.37652587890625
21894,195.0,305.05615234375
21895,137.0,303.1510314941406
21896,153.0,282.2064514160156
21897,179.0,256.2579345703125
21898,62.0,228.51800537109375
21899,141.0,197.82566833496094
21900,154.0,159.89744567871094
21901,69.0,129.82876586914062
21902,49.0,102.6602554321289
21903,10.0,66.64275360107422
21904,1.0,25.35346221923828
21905,4.0,8.71787166595459
21906,0.0,3.777172088623047
21907,0.0,2.3643436431884766
21908,0.0,1.6190185546875
21909,0.0,1.1815605163574219
21910,0.0,0.9497833251953125
21911,0.0,0.7960338592529297
21912,0.0,0.6950759887695312
21913,0.0,0.5611820220947266
21914,0.0,0.5595550537109375
21915,0.0,0.5354442596435547
21916,0.0,0.466217041015625
21917,0.0,0.6999568939208984
21918,0.0,1.3596210479736328
21919,0.0,1.6586418151855469
21920,0.0,1.8386001586914062
21921,0.0,1.9439983367919922
21922,0.0,1.9761886596679688
21923,0.0,1.9212646484375
21924,0.0,1.9183692932128906
21925,0.0,1.9179134368896484
21926,0.0,1.8238601684570312
21927,0.0,1.6875152587890625
21928,0.0,1.6010818481445312
21929,0.0,1.3003597259521484
21930,0.0,1.468454360961914
21931,0.0,1.8134593963623047
21932,0.0,2.450885772705078
21933,0.0,3.7006664276123047
21934,0.0,4.456682205200195
21935,0.0,4.528402328491211
21936,0.0,4.597080230712891
21937,3.0,6.8065032958984375
21938,8.0,15.754400253295898
21939,10.0,40.056251525878906
21940,48.0,75.76319885253906
21941,103.0,109.1120834350586
21942,177.0,140.37869262695312
21943,176.0,173.27598571777344
21944,142.0,221.40426635742188
21945,167.0,260.5056457519531
21946,234.0,319.0729064941406
21947,258.0,549.6260986328125
21948,154.0,877.0529174804688
21949,218.0,875.250244140625
21950,200.0,888.5758056640625
21951,352.0,939.6658325195312
21952,517.0,989.0126342773438
21953,402.0,934.9154663085938
21954,591.0,889.2774047851562
21955,989.0,926.7627563476562
21956,954.0,1002.0455322265625
21957,912.0,991.1363525390625
21958,1053.0,998.8223876953125
21959,440.0,993.5126342773438
21960,1501.0,1059.3502197265625
21961,508.0,1100.669677734375
21962,452.0,1029.4825439453125
21963,1694.0,1037.57275390625
21964,1755.0,1132.675537109375
21965,1802.0,1270.2086181640625
21966,1796.0,1392.4378662109375
21967,1816.0,1504.0550537109375
21968,1119.0,1495.5340576171875
21969,1094.0,1554.7926025390625
21970,1013.0,1565.2698974609375
21971,729.0,1425.772705078125
21972,598.0,1391.346435546875
21973,571.0,1415.2032470703125
21974,183.0,1422.4805908203125
21975,631.0,1410.970703125
21976,1085.0,1406.646728515625
21977,1591.0,1404.8568115234375
21978,1642.0,1413.336181640625
21979,1513.0,1419.437744140625
21980,660.0,1382.748291015625
21981,1221.0,1233.04833984375
21982,1364.0,1093.7462158203125
21983,1199.0,987.9700927734375
21984,795.0,823.1768798828125
21985,1033.0,749.3425903320312
21986,1060.0,676.937255859375
21987,911.0,534.744140625
21988,862.0,470.42059326171875
21989,717.0,468.1465148925781
21990,405.0,409.2828063964844
21991,350.0,361.5975036621094
21992,406.0,319.7376403808594
21993,342.0,292.237548828125
21994,286.0,267.66094970703125
21995,119.0,236.00743103027344
21996,161.0,190.41236877441406
21997,87.0,158.54324340820312
21998,83.0,122.99711608886719
21999,54.0,84.09136199951172
22000,21.0,46.04411697387695
22001,4.0,28.84624481201172
22002,0.0,16.08911895751953
22003,0.0,7.305837631225586
22004,0.0,3.527883529663086
22005,0.0,2.433065414428711
22006,0.0,2.139028549194336
22007,0.0,1.7509098052978516
22008,0.0,1.6222915649414062
22009,0.0,1.5839214324951172
22010,0.0,0.686859130859375
22011,0.0,0.7137432098388672
22012,0.0,0.6197090148925781
22013,0.0,-0.9332637786865234
22014,0.0,2.040027618408203
22015,0.0,1.37255859375
22016,0.0,1.0019550323486328
22017,0.0,0.3252429962158203
22018,0.0,0.2734107971191406
22019,0.0,0.09552955627441406
22020,0.0,0.11051368713378906
22021,0.0,0.1804370880126953
22022,0.0,-1.3571529388427734
22023,0.0,-3.9278125762939453
22024,0.0,-5.9969482421875
22025,0.0,-8.30695915222168
22026,0.0,-7.989198684692383
22027,0.0,-9.232442855834961
22028,0.0,-7.809537887573242
22029,0.0,0.6530437469482422
22030,0.0,19.583370208740234
22031,0.0,52.62181091308594
22032,0.0,76.93879699707031
22033,3.0,39.105037689208984
22034,14.0,54.43199157714844
22035,52.0,121.13871002197266
22036,80.0,210.80450439453125
22037,72.0,262.6966247558594
22038,132.0,286.968994140625
22039,198.0,299.0858154296875
22040,159.0,317.9588928222656
22041,225.0,355.6383361816406
22042,306.0,412.1982421875
22043,443.0,452.632080078125
22044,673.0,506.20330810546875
22045,781.0,620.3424682617188
22046,882.0,825.489013671875
22047,1005.0,1039.701904296875
22048,1109.0,1140.2025146484375
22049,1249.0,1181.4267578125
22050,1329.0,1212.921142578125
22051,1434.0,1240.301513671875
22052,1523.0,1282.883056640625
22053,1623.0,1382.014892578125
22054,1437.0,1446.37353515625
22055,1563.0,1525.9564208984375
22056,1782.0,1572.6019287109375
22057,1846.0,1575.524658203125
22058,1212.0,1583.3443603515625
22059,962.0,1585.4384765625
22060,1376.0,1586.6114501953125
22061,1270.0,1601.9630126953125
22062,1537.0,1610.6868896484375
22063,1419.0,1611.285400390625
22064,1306.0,1596.027587890625
22065,1057.0,1554.221435546875
22066,859.0,1507.5911865234375
22067,1270.0,1483.7369384765625
22068,1514.0,1497.426513671875
22069,1867.0,1520.0245361328125
22070,1604.0,1525.0147705078125
22071,1728.0,1531.7857666015625
22072,1382.0,1516.122314453125
22073,928.0,1470.237060546875
22074,581.0,1424.888916015625
22075,590.0,1392.6876220703125
22076,1280.0,1367.2188720703125
22077,1596.0,1348.856689453125
22078,1443.0,1293.4796142578125
22079,1347.0,1226.9788818359375
22080,1241.0,1187.69091796875
22081,1060.0,1115.3331298828125
22082,1103.0,1030.9349365234375
22083,883.0,940.4130859375
22084,855.0,856.2886962890625
22085,701.0,766.6189575195312
22086,666.0,659.1380004882812
22087,531.0,532.2206420898438
22088,440.0,443.5613098144531
22089,355.0,370.9382019042969
22090,287.0,278.3118896484375
22091,241.0,211.80691528320312
22092,195.0,163.20445251464844
22093,146.0,121.6697006225586
22094,122.0,84.07638549804688
22095,89.0,44.93791961669922
22096,38.0,15.855439186096191
22097,1.0,6.01609992980957
22098,0.0,2.9011268615722656
22099,0.0,1.7941112518310547
22100,0.0,1.1303577423095703
22101,0.0,0.6918888092041016
22102,0.0,0.5392322540283203
22103,0.0,0.5106410980224609
22104,0.0,0.43215370178222656
22105,0.0,0.3016223907470703
22106,0.0,0.5453052520751953
22107,0.0,0.38623809814453125
22108,0.0,0.22265052795410156
22109,0.0,0.5659275054931641
22110,0.0,1.3118095397949219
22111,0.0,1.46661376953125
22112,0.0,1.832550048828125
22113,0.0,2.0298900604248047
22114,0.0,2.075359344482422
22115,0.0,1.9608192443847656
22116,0.0,1.7042732238769531
22117,0.0,1.0389633178710938
22118,0.0,0.2315235137939453
22119,0.0,0.1600189208984375
22120,0.0,0.1633148193359375
22121,0.0,0.9002590179443359
22122,0.0,1.5818710327148438
22123,0.0,1.6039924621582031
22124,0.0,1.7520866394042969
22125,0.0,2.8634262084960938
22126,0.0,4.463172912597656
22127,0.0,6.281435012817383
22128,0.0,8.225348472595215
22129,3.0,16.8668212890625
22130,3.0,44.771324157714844
22131,14.0,116.30044555664062
22132,81.0,228.85662841796875
22133,162.0,323.4518127441406
22134,334.0,395.10345458984375
22135,508.0,494.4241638183594
22136,669.0,615.2745361328125
22137,611.0,656.917724609375
22138,676.0,703.4619140625
22139,763.0,752.8604736328125
22140,704.0,798.5946655273438
22141,775.0,791.031494140625
22142,782.0,777.2762451171875
22143,773.0,667.6483154296875
22144,889.0,987.5454711914062
22145,1184.0,1017.336181640625
22146,1312.0,1080.3394775390625
22147,1284.0,1136.4547119140625
22148,1249.0,1221.041015625
22149,1201.0,1300.1771240234375
22150,1141.0,1334.00146484375
22151,1125.0,1353.81689453125
22152,1095.0,1363.9437255859375
22153,938.0,1388.2479248046875
22154,1251.0,1430.406494140625
22155,1407.0,1456.9598388671875
22156,1620.0,1373.3887939453125
22157,1031.0,1366.4163818359375
22158,992.0,1361.579345703125
22159,1216.0,1354.2431640625
22160,1055.0,1326.43408203125
22161,1074.0,1310.3602294921875
22162,1288.0,1280.5660400390625
22163,1759.0,1234.8426513671875
22164,1017.0,1138.9588623046875
22165,835.0,980.8347778320312
22166,778.0,879.8202514648438
22167,627.0,785.634521484375
22168,742.0,721.2116088867188
22169,802.0,704.7000122070312
22170,806.0,660.7122802734375
22171,931.0,553.07373046875
22172,680.0,465.9964904785156
22173,418.0,361.8663635253906
22174,289.0,316.42022705078125
22175,315.0,359.8084716796875
22176,334.0,388.0406494140625
22177,259.0,365.4766845703125
22178,280.0,398.75689697265625
22179,370.0,482.9217224121094
22180,511.0,534.12939453125
22181,391.0,517.0889892578125
22182,335.0,335.7819519042969
22183,233.0,234.12054443359375
22184,208.0,192.78126525878906
22185,99.0,163.3895721435547
22186,182.0,129.7008514404297
22187,174.0,95.72538757324219
22188,23.0,38.61640167236328
22189,27.0,24.940271377563477
22190,35.0,13.602184295654297
22191,14.0,6.597623825073242
22192,0.0,0.9267425537109375
22193,0.0,-1.9091854095458984
22194,0.0,-1.6129493713378906
22195,0.0,-1.0890998840332031
22196,0.0,-0.16080284118652344
22197,0.0,1.9554100036621094
22198,0.0,1.7031707763671875
22199,0.0,1.151418685913086
22200,0.0,0.5017929077148438
22201,0.0,0.2859001159667969
22202,0.0,0.06087493896484375
22203,0.0,0.03811073303222656
22204,0.0,0.049808502197265625
22205,0.0,1.1929588317871094
22206,0.0,2.2525291442871094
22207,0.0,2.9316864013671875
22208,0.0,2.9335155487060547
22209,0.0,2.6642990112304688
22210,0.0,2.7592029571533203
22211,0.0,2.6651477813720703
22212,0.0,2.5715103149414062
22213,0.0,2.353731155395508
22214,0.0,2.069173812866211
22215,0.0,1.7953033447265625
22216,0.0,2.345285415649414
22217,0.0,3.169412612915039
22218,0.0,3.3790130615234375
22219,0.0,3.6030101776123047
22220,0.0,3.920442581176758
22221,0.0,4.060276031494141
22222,0.0,4.6929168701171875
22223,0.0,7.519723892211914
22224,0.0,18.93631935119629
22225,0.0,34.812034606933594
22226,0.0,67.94750213623047
22227,6.0,89.95101165771484
22228,13.0,106.24252319335938
22229,14.0,125.04658508300781
22230,16.0,146.81207275390625
22231,92.0,168.41282653808594
22232,130.0,187.63645935058594
22233,71.0,202.7691650390625
22234,247.0,217.4212188720703
22235,419.0,234.11895751953125
22236,356.0,255.12413024902344
22237,370.0,280.7337341308594
22238,403.0,296.944091796875
22239,456.0,305.20458984375
22240,504.0,287.2218017578125
22241,481.0,217.591796875
22242,470.0,173.77008056640625
22243,523.0,175.36231994628906
22244,677.0,209.654541015625
22245,710.0,284.9501037597656
22246,586.0,418.7972412109375
22247,538.0,584.3763427734375
22248,957.0,711.2935180664062
22249,662.0,768.364501953125
22250,966.0,828.6900634765625
22251,1049.0,881.6167602539062
22252,952.0,933.5789794921875
22253,1309.0,891.9035034179688
22254,1161.0,944.5138549804688
22255,1089.0,1159.0872802734375
22256,1573.0,1292.26171875
22257,1392.0,1319.66162109375
22258,1908.0,1337.939453125
22259,1514.0,1385.1141357421875
22260,857.0,1409.7525634765625
22261,1337.0,1422.4656982421875
22262,916.0,1437.8848876953125
22263,1748.0,1462.2840576171875
22264,1721.0,1488.1549072265625
22265,1298.0,1495.4014892578125
22266,958.0,1430.6875
22267,1305.0,1393.4019775390625
22268,1163.0,1351.127197265625
22269,625.0,1277.5048828125
22270,1507.0,1173.5133056640625
22271,1340.0,1012.178955078125
22272,849.0,816.9846801757812
22273,1110.0,705.0234375
22274,1008.0,606.8567504882812
22275,565.0,549.468505859375
22276,724.0,493.11383056640625
22277,657.0,457.57476806640625
22278,640.0,440.0987243652344
22279,539.0,417.4440612792969
22280,529.0,366.7574157714844
22281,425.0,324.7833251953125
22282,308.0,276.81512451171875
22283,266.0,236.0646514892578
22284,221.0,191.66815185546875
22285,154.0,159.62477111816406
22286,105.0,125.82063293457031
22287,68.0,78.30583190917969
22288,39.0,31.313486099243164
22289,5.0,11.352157592773438
22290,0.0,1.8775691986083984
22291,0.0,0.18212509155273438
22292,0.0,-0.23491287231445312
22293,0.0,-0.3329601287841797
22294,0.0,-0.377532958984375
22295,0.0,-0.4527416229248047
22296,0.0,-0.5059661865234375
22297,0.0,-0.5836982727050781
22298,0.0,-0.6353244781494141
22299,0.0,-0.6659317016601562
22300,0.0,-0.6617183685302734
22301,0.0,-0.41509246826171875
22302,0.0,-0.18101119995117188
22303,0.0,-0.3340587615966797
22304,0.0,-0.2405548095703125
22305,0.0,-0.33051109313964844
22306,0.0,-0.2678699493408203
22307,0.0,-0.4214191436767578
22308,0.0,-0.6104373931884766
22309,0.0,-1.2199287414550781
22310,0.0,-1.4812850952148438
22311,0.0,-2.1893997192382812
22312,0.0,-3.2590579986572266
22313,0.0,-4.277799606323242
22314,0.0,-4.722257614135742
22315,0.0,-5.263673782348633
22316,0.0,-5.368154525756836
22317,0.0,-1.4494476318359375
22318,0.0,3.1521453857421875
22319,0.0,9.86024284362793
22320,1.0,20.068851470947266
22321,27.0,66.25251007080078
22322,81.0,164.55137634277344
22323,174.0,321.7569580078125
22324,325.0,454.8000793457031
22325,467.0,537.1310424804688
22326,604.0,618.6328125
22327,695.0,708.5462036132812
22328,767.0,786.2481079101562
22329,820.0,843.484130859375
22330,870.0,883.414306640625
22331,910.0,920.0255737304688
22332,942.0,963.71826171875
22333,975.0,1000.3973388671875
22334,1020.0,1042.621337890625
22335,1080.0,1084.0933837890625
22336,1160.0,1150.6798095703125
22337,1243.0,1244.513427734375
22338,1337.0,1325.5614013671875
22339,1420.0,1392.7498779296875
22340,1501.0,1475.810791015625
22341,1575.0,1523.6314697265625
22342,1635.0,1575.5692138671875
22343,1697.0,1621.8033447265625
22344,1733.0,1640.8529052734375
22345,1774.0,1643.7095947265625
22346,1810.0,1644.8399658203125
22347,1845.0,1645.2962646484375
22348,1868.0,1645.480224609375
22349,1878.0,1645.5338134765625
22350,1889.0,1645.5604248046875
22351,1915.0,1645.5850830078125
22352,1913.0,1645.619140625
22353,1895.0,1645.6138916015625
22354,1879.0,1645.5894775390625
22355,1856.0,1645.528076171875
22356,1838.0,1645.2608642578125
22357,1792.0,1644.5794677734375
22358,1763.0,1641.1048583984375
22359,1756.0,1630.4510498046875
22360,1690.0,1600.342041015625
22361,1642.0,1559.6265869140625
22362,1586.0,1515.5721435546875
22363,1538.0,1479.5599365234375
22364,1481.0,1426.9664306640625
22365,1430.0,1400.3251953125
22366,1367.0,1377.131103515625
22367,1296.0,1317.9234619140625
22368,1208.0,1241.4942626953125
22369,1137.0,1168.7490234375
22370,1043.0,1046.8973388671875
22371,955.0,943.8662719726562
22372,854.0,844.6089477539062
22373,762.0,759.16162109375
22374,658.0,660.9331665039062
22375,552.0,560.075927734375
22376,457.0,468.9481201171875
22377,368.0,392.4819641113281
22378,296.0,309.891357421875
22379,231.0,245.01866149902344
22380,177.0,192.8552703857422
22381,137.0,157.27304077148438
22382,103.0,121.61614227294922
22383,74.0,80.64360046386719
22384,42.0,33.189247131347656
22385,12.0,13.456693649291992
22386,0.0,4.093486785888672
22387,0.0,1.254150390625
22388,0.0,0.3638134002685547
22389,0.0,0.018764495849609375
22390,0.0,-0.10145378112792969
22391,0.0,-0.2193889617919922
22392,0.0,-0.29303550720214844
22393,0.0,-0.4586620330810547
22394,0.0,-0.3854198455810547
22395,0.0,-0.4384441375732422
22396,0.0,-0.4074592590332031
22397,0.0,-0.9079093933105469
22398,0.0,-0.06400489807128906
22399,0.0,-0.09006500244140625
22400,0.0,0.1984424591064453
22401,0.0,0.3054676055908203
22402,0.0,0.3479461669921875
22403,0.0,0.5094280242919922
22404,0.0,0.4904289245605469
22405,0.0,0.23060226440429688
22406,0.0,0.032695770263671875
22407,0.0,-0.3981609344482422
22408,0.0,-1.0180988311767578
22409,0.0,-1.96417236328125
22410,0.0,-2.344024658203125
22411,0.0,-3.381155014038086
22412,0.0,-4.817445755004883
22413,0.0,-2.4931583404541016
22414,1.0,1.518514633178711
22415,2.0,8.146018028259277
22416,6.0,19.89288330078125
22417,82.0,71.97257995605469
22418,221.0,193.41122436523438
22419,381.0,377.0647277832031
22420,508.0,505.6819152832031
22421,607.0,607.6435546875
22422,695.0,712.398681640625
22423,749.0,802.0856323242188
22424,819.0,850.511474609375
22425,870.0,888.653564453125
22426,917.0,919.4644165039062
22427,955.0,947.449462890625
22428,974.0,987.4661254882812
22429,941.0,1026.357177734375
22430,1030.0,1071.2596435546875
22431,1103.0,1117.9949951171875
22432,1166.0,1239.809326171875
22433,1248.0,1330.470947265625
22434,1354.0,1381.04345703125
22435,1431.0,1431.274169921875
22436,1511.0,1501.658203125
22437,1584.0,1535.505126953125
22438,1653.0,1575.91943359375
22439,1702.0,1618.3272705078125
22440,1745.0,1638.294677734375
22441,1787.0,1642.3912353515625
22442,1816.0,1644.488037109375
22443,1851.0,1645.2681884765625
22444,1877.0,1645.5546875
22445,1891.0,1645.6278076171875
22446,1896.0,1645.6510009765625
22447,1897.0,1645.6541748046875
22448,1894.0,1645.6612548828125
22449,1889.0,1645.6568603515625
22450,1873.0,1645.6390380859375
22451,1845.0,1645.604736328125
22452,1836.0,1645.5245361328125
22453,1809.0,1645.3184814453125
22454,1783.0,1644.337158203125
22455,1731.0,1634.8170166015625
22456,1719.0,1594.446533203125
22457,1671.0,1548.9681396484375
22458,1622.0,1503.6507568359375
22459,1564.0,1484.2010498046875
22460,1502.0,1442.53173828125
22461,1445.0,1408.6649169921875
22462,1377.0,1365.858154296875
22463,1306.0,1246.1043701171875
22464,1200.0,1115.5557861328125
22465,1137.0,1042.04638671875
22466,1055.0,953.998291015625
22467,965.0,845.23193359375
22468,895.0,754.3742065429688
22469,770.0,691.0750732421875
22470,649.0,623.33154296875
22471,568.0,545.7415161132812
22472,469.0,472.5868835449219
22473,279.0,411.6538391113281
22474,239.0,343.2615051269531
22475,230.0,278.70721435546875
22476,174.0,207.60760498046875
22477,146.0,161.02906799316406
22478,130.0,124.0943603515625
22479,109.0,88.3388671875
22480,74.0,42.16720962524414
22481,30.0,19.056137084960938
22482,8.0,6.764558792114258
22483,2.0,2.569711685180664
22484,0.0,1.191192626953125
22485,0.0,0.7600631713867188
22486,0.0,0.6373691558837891
22487,0.0,0.5490379333496094
22488,0.0,0.5217323303222656
22489,0.0,0.41031455993652344
22490,0.0,0.4385814666748047
22491,0.0,0.4411144256591797
22492,0.0,0.5228157043457031
22493,0.0,0.6770610809326172
22494,0.0,0.6855373382568359
22495,0.0,0.9992141723632812
22496,0.0,1.5206527709960938
22497,0.0,1.7720718383789062
22498,0.0,1.931884765625
22499,0.0,1.9101715087890625
22500,0.0,1.812662124633789
22501,0.0,1.6219654083251953
22502,0.0,1.5386676788330078
22503,0.0,1.2581348419189453
22504,0.0,0.5059051513671875
22505,0.0,-0.2255077362060547
22506,0.0,-0.4189929962158203
22507,0.0,-1.1498832702636719
22508,0.0,-1.6678543090820312
22509,0.0,-2.1058387756347656
22510,0.0,-1.2956771850585938
22511,2.0,3.8945484161376953
22512,6.0,19.494285583496094
22513,72.0,88.1412124633789
22514,186.0,209.91119384765625
22515,342.0,359.39996337890625
22516,480.0,492.32305908203125
22517,591.0,618.1278686523438
22518,683.0,721.1416625976562
22519,760.0,794.5123291015625
22520,816.0,840.493896484375
22521,864.0,874.7153930664062
22522,902.0,905.9620971679688
22523,931.0,939.3741455078125
22524,960.0,984.3228759765625
22525,983.0,1021.5768432617188
22526,1024.0,1066.6151123046875
22527,1080.0,1115.155029296875
22528,1165.0,1219.43896484375
22529,1255.0,1307.839111328125
22530,1337.0,1362.6824951171875
22531,1418.0,1414.1884765625
22532,1493.0,1486.637451171875
22533,1556.0,1518.633544921875
22534,1614.0,1558.32177734375
22535,1673.0,1607.5546875
22536,1726.0,1635.4483642578125
22537,1764.0,1641.3349609375
22538,1807.0,1644.3212890625
22539,1833.0,1645.2685546875
22540,1860.0,1645.5682373046875
22541,1875.0,1645.6365966796875
22542,1895.0,1645.6563720703125
22543,1892.0,1645.661376953125
22544,1881.0,1645.665283203125
22545,1884.0,1645.654296875
22546,1881.0,1645.6356201171875
22547,1858.0,1645.6099853515625
22548,1838.0,1645.56982421875
22549,1817.0,1645.486083984375
22550,1783.0,1645.18798828125
22551,1747.0,1643.8892822265625
22552,1697.0,1628.26220703125
22553,1659.0,1581.6944580078125
22554,1611.0,1527.3414306640625
22555,1558.0,1486.426513671875
22556,1490.0,1449.942626953125
22557,1436.0,1422.7076416015625
22558,1382.0,1365.38818359375
22559,1324.0,1321.2860107421875
22560,1234.0,1264.28759765625
22561,1156.0,1189.18505859375
22562,1064.0,1095.390869140625
22563,982.0,997.5240478515625
22564,871.0,876.4254760742188
22565,771.0,781.3475341796875
22566,674.0,655.260009765625
22567,570.0,535.671630859375
22568,473.0,435.20306396484375
22569,387.0,354.45947265625
22570,311.0,282.0972900390625
22571,242.0,224.1350555419922
22572,188.0,167.25889587402344
22573,149.0,134.1687469482422
22574,119.0,102.13558197021484
22575,89.0,67.0851058959961
22576,53.0,32.44316864013672
22577,20.0,17.605464935302734
22578,4.0,10.403507232666016
22579,0.0,7.497112274169922
22580,0.0,6.168483734130859
22581,0.0,5.588043212890625
22582,0.0,5.261466979980469
22583,0.0,5.054502487182617
22584,0.0,4.885746002197266
22585,0.0,4.801584243774414
22586,0.0,4.775840759277344
22587,0.0,4.737346649169922
22588,0.0,4.718875885009766
22589,0.0,4.625804901123047
22590,0.0,4.151323318481445
22591,0.0,4.219770431518555
22592,0.0,4.202358245849609
22593,0.0,4.218217849731445
22594,0.0,4.231986999511719
22595,0.0,4.136539459228516
22596,0.0,3.9765987396240234
22597,0.0,3.861631393432617
22598,0.0,3.9832115173339844
22599,0.0,3.9602489471435547
22600,0.0,3.1233177185058594
22601,0.0,3.234262466430664
22602,0.0,2.7622432708740234
22603,0.0,1.8265419006347656
22604,0.0,0.6523838043212891
22605,0.0,-0.7497596740722656
22606,1.0,-0.9190750122070312
22607,2.0,0.8862552642822266
22608,7.0,5.783987045288086
22609,59.0,39.635562896728516
22610,138.0,135.3701171875
22611,245.0,300.1947937011719
22612,318.0,425.92938232421875
22613,421.0,491.90704345703125
22614,561.0,567.1196899414062
22615,655.0,615.6209716796875
22616,714.0,654.0413208007812
22617,784.0,697.0628051757812
22618,844.0,736.4977416992188
22619,851.0,776.739501953125
22620,870.0,855.8739013671875
22621,909.0,896.6892700195312
22622,960.0,937.7984008789062
22623,1029.0,991.2711791992188
22624,1102.0,1072.5540771484375
22625,1174.0,1126.2781982421875
22626,1249.0,1183.6241455078125
22627,1322.0,1244.2662353515625
22628,1390.0,1326.875244140625
22629,1454.0,1366.8553466796875
22630,1522.0,1413.4661865234375
22631,1576.0,1470.970458984375
22632,1620.0,1538.198974609375
22633,1657.0,1568.0198974609375
22634,1685.0,1592.44091796875
22635,1717.0,1609.3271484375
22636,1747.0,1625.1988525390625
22637,1765.0,1633.60400390625
22638,1799.0,1638.304443359375
22639,1794.0,1641.3917236328125
22640,1796.0,1642.7301025390625
22641,1808.0,1639.1392822265625
22642,1789.0,1629.9129638671875
22643,1783.0,1610.9779052734375
22644,1753.0,1592.0616455078125
22645,1726.0,1562.70849609375
22646,1696.0,1489.7877197265625
22647,1692.0,1443.9654541015625
22648,1653.0,1410.272216796875
22649,1637.0,1383.62939453125
22650,1542.0,1353.7420654296875
22651,1405.0,1333.019775390625
22652,931.0,1294.974365234375
22653,904.0,1144.184814453125
22654,1160.0,905.8795776367188
22655,948.0,754.9739379882812
22656,834.0,715.5906982421875
22657,535.0,673.9468383789062
22658,317.0,641.2703247070312
22659,233.0,585.2410278320312
22660,152.0,533.2852172851562
22661,83.0,437.28472900390625
22662,39.0,334.2161560058594
22663,6.0,275.5795593261719
22664,3.0,232.9796905517578
22665,1.0,201.80535888671875
22666,4.0,167.70944213867188
22667,3.0,130.1977996826172
22668,3.0,84.97210693359375
22669,7.0,55.19499206542969
22670,8.0,33.957008361816406
22671,8.0,20.0580997467041
22672,7.0,9.359930992126465
22673,2.0,4.3153228759765625
22674,0.0,2.1018543243408203
22675,0.0,0.9069557189941406
22676,0.0,0.1676788330078125
22677,0.0,-0.19779014587402344
22678,0.0,-0.6133136749267578
22679,0.0,-1.1229286193847656
22680,0.0,-1.822134017944336
22681,0.0,-2.4104747772216797
22682,0.0,-2.460206985473633
22683,0.0,-2.2323074340820312
22684,0.0,-1.9156665802001953
22685,0.0,0.3605804443359375
22686,0.0,0.12755393981933594
22687,0.0,-0.16724205017089844
22688,0.0,-0.4151153564453125
22689,0.0,-0.5902080535888672
22690,0.0,-0.6657886505126953
22691,0.0,-0.5628604888916016
22692,0.0,-0.34404563903808594
22693,0.0,-0.021005630493164062
22694,0.0,0.28107261657714844
22695,0.0,0.41669654846191406
22696,0.0,0.4431324005126953
22697,0.0,0.5303287506103516
22698,0.0,0.5973358154296875
22699,0.0,0.6239700317382812
22700,0.0,0.6062126159667969
22701,0.0,0.7744522094726562
22702,0.0,0.5559177398681641
22703,0.0,0.1297626495361328
22704,1.0,-0.09737014770507812
22705,1.0,0.3242225646972656
22706,10.0,1.9366016387939453
22707,16.0,4.990243911743164
22708,14.0,10.487931251525879
22709,30.0,19.02785873413086
22710,92.0,33.546348571777344
22711,77.0,54.61491394042969
22712,93.0,81.19502258300781
22713,141.0,112.13326263427734
22714,160.0,139.8592987060547
22715,191.0,167.2174530029297
22716,234.0,215.0105743408203
22717,304.0,296.5528564453125
22718,374.0,380.7335205078125
22719,361.0,434.5565490722656
22720,423.0,483.3170471191406
22721,514.0,535.612548828125
22722,565.0,549.2322998046875
22723,793.0,572.4365234375
22724,945.0,635.6265258789062
22725,939.0,739.791015625
22726,1431.0,847.7630615234375
22727,1325.0,947.8434448242188
22728,1438.0,922.2552490234375
22729,1641.0,824.4282836914062
22730,1767.0,787.6273803710938
22731,1239.0,751.243408203125
22732,1861.0,750.0777587890625
22733,1637.0,873.9485473632812
22734,1570.0,1028.7701416015625
22735,2202.0,1126.4505615234375
22736,1446.0,1183.81591796875
22737,1528.0,1212.87451171875
22738,1130.0,1243.2410888671875
22739,1434.0,1290.332763671875
22740,1053.0,1290.2286376953125
22741,1179.0,1228.6279296875
22742,838.0,1247.91796875
22743,1067.0,1323.0572509765625
22744,870.0,1366.9215087890625
22745,1166.0,1404.59228515625
22746,955.0,1406.658203125
22747,1276.0,1420.0975341796875
22748,1053.0,1390.44189453125
22749,1043.0,1307.8857421875
22750,701.0,1114.9447021484375
22751,764.0,939.9849243164062
22752,673.0,803.5645141601562
22753,721.0,685.3253784179688
22754,673.0,607.0033569335938
22755,714.0,574.1358642578125
22756,864.0,522.5797729492188
22757,551.0,450.79046630859375
22758,867.0,401.5909423828125
22759,622.0,357.05401611328125
22760,443.0,319.94952392578125
22761,221.0,277.89727783203125
22762,299.0,239.84979248046875
22763,316.0,206.26522827148438
22764,196.0,149.1586151123047
22765,186.0,96.35407257080078
22766,145.0,69.98880767822266
22767,99.0,42.1626091003418
22768,59.0,15.532624244689941
22769,18.0,4.927680969238281
22770,4.0,1.4249992370605469
22771,1.0,0.32988739013671875
22772,0.0,-0.24863243103027344
22773,0.0,-0.5205345153808594
22774,0.0,-0.4711761474609375
22775,0.0,-0.7297019958496094
22776,0.0,-0.8748836517333984
22777,0.0,-0.9533615112304688
22778,0.0,-1.1675643920898438
22779,0.0,-1.366415023803711
