timestamp,actual,predicted
12,0.0,1.4617557525634766
13,0.0,1.4609146118164062
14,0.0,1.4520549774169922
15,0.0,1.4969253540039062
16,0.0,1.3302249908447266
17,0.0,1.192190170288086
18,0.0,1.0754318237304688
19,0.0,1.0170631408691406
20,0.0,0.9767665863037109
21,0.0,0.8509845733642578
22,0.0,0.8403415679931641
23,0.0,0.8018150329589844
24,0.0,0.7664718627929688
25,0.0,0.5934200286865234
26,0.0,0.4891490936279297
27,0.0,0.4352378845214844
28,0.0,0.39707374572753906
29,0.0,-1.1930770874023438
30,0.0,0.2879142761230469
31,0.0,0.48562049865722656
32,0.0,0.38697052001953125
33,0.0,0.17329788208007812
34,0.0,0.10114860534667969
35,0.0,0.04339027404785156
36,0.0,0.04388999938964844
37,0.0,-0.017414093017578125
38,0.0,-0.004543304443359375
39,0.0,0.009881973266601562
40,0.0,0.12310409545898438
41,0.0,0.098358154296875
42,0.0,0.13143539428710938
43,0.0,0.1560688018798828
44,0.0,0.18306541442871094
45,0.0,0.17405128479003906
46,0.0,0.20929336547851562
47,0.0,0.22494125366210938
48,0.0,0.24306297302246094
49,0.0,0.20919227600097656
50,0.0,0.31830787658691406
51,0.0,0.3839550018310547
52,0.0,0.5072479248046875
53,0.0,0.5299263000488281
54,0.0,0.48879051208496094
55,0.0,0.41168212890625
56,0.0,-0.030376434326171875
57,0.0,-0.3984870910644531
58,2.0,0.7999916076660156
59,2.0,2.9093856811523438
60,8.0,10.174022674560547
61,26.0,25.886018753051758
62,40.0,49.30286407470703
63,76.0,76.63264465332031
64,134.0,109.41152954101562
65,224.0,144.68572998046875
66,332.0,199.77828979492188
67,444.0,294.2680969238281
68,556.0,403.1482238769531
69,660.0,489.8472595214844
70,760.0,597.447265625
71,860.0,702.1621704101562
72,952.0,784.9530029296875
73,1040.0,826.2553100585938
74,1080.0,863.5648803710938
75,1118.0,884.814208984375
76,1210.0,908.6533203125
77,1260.0,906.6064453125
78,1260.0,955.8494262695312
79,1302.0,1104.8863525390625
80,1344.0,1223.7149658203125
81,1362.0,1236.5762939453125
82,1356.0,1236.398681640625
83,1344.0,1224.3389892578125
84,1358.0,1197.131103515625
85,1372.0,1177.0372314453125
86,1362.0,1162.29541015625
87,1332.0,1141.830078125
88,1258.0,1121.59716796875
89,1250.0,1128.487548828125
90,1200.0,1102.04052734375
91,1072.0,1059.5745849609375
92,956.0,1018.4628295898438
93,892.0,991.5628051757812
94,782.0,925.0172729492188
95,566.0,741.9608764648438
96,388.0,319.42230224609375
97,308.0,223.72561645507812
98,84.0,139.58514404296875
99,28.0,64.67613220214844
100,8.0,21.007810592651367
101,0.0,3.4668073654174805
102,0.0,0.4574108123779297
103,0.0,-0.3612251281738281
104,0.0,-0.9687709808349609
105,0.0,-1.2631263732910156
106,0.0,-1.4330196380615234
107,0.0,-1.5584125518798828
108,0.0,-1.6566734313964844
109,0.0,-1.763448715209961
110,0.0,-1.762533187866211
111,0.0,-1.7854022979736328
112,0.0,-1.7962360382080078
113,0.0,-1.8299636840820312
114,0.0,-1.7444572448730469
115,0.0,-1.5826492309570312
116,0.0,-1.36279296875
117,0.0,-1.1724605560302734
118,0.0,-0.9497432708740234
119,0.0,-0.8488979339599609
120,0.0,-0.717437744140625
121,0.0,-0.6758594512939453
122,0.0,-0.6325893402099609
123,0.0,-0.5718555450439453
124,0.0,-0.5080223083496094
125,0.0,-0.5534877777099609
126,0.0,-0.1547393798828125
127,0.0,0.026363372802734375
128,0.0,0.1541919708251953
129,0.0,0.23603057861328125
130,0.0,0.3169708251953125
131,0.0,0.3683910369873047
132,0.0,0.3831958770751953
133,0.0,0.40454864501953125
134,0.0,0.3887310028076172
135,0.0,0.3993873596191406
136,0.0,0.43929481506347656
137,0.0,0.42604827880859375
138,0.0,0.4142742156982422
139,0.0,0.3951759338378906
140,0.0,0.36541175842285156
141,0.0,0.05059242248535156
142,0.0,-0.12574386596679688
143,0.0,-0.2457275390625
144,0.0,-0.32146453857421875
145,0.0,-0.4262371063232422
146,0.0,-0.30779457092285156
147,0.0,-0.2241363525390625
148,0.0,-0.1838207244873047
149,0.0,-0.20767974853515625
150,0.0,-0.2174968719482422
151,0.0,0.8290901184082031
152,0.0,2.5830039978027344
153,0.0,3.996884346008301
154,0.0,5.063617706298828
155,0.0,6.151403427124023
156,8.0,10.121217727661133
157,20.0,20.227088928222656
158,34.0,37.5396842956543
159,70.0,61.99739456176758
160,118.0,96.76775360107422
161,178.0,136.85223388671875
162,292.0,188.12506103515625
163,392.0,266.2752380371094
164,492.0,388.386474609375
165,596.0,483.8265380859375
166,688.0,622.3695068359375
167,768.0,764.0503540039062
168,882.0,863.1691284179688
169,604.0,915.42578125
170,562.0,956.6139526367188
171,872.0,959.0025634765625
172,884.0,1006.6463623046875
173,936.0,1024.5537109375
174,1086.0,1034.590576171875
175,1096.0,1045.69140625
176,1190.0,1058.136474609375
177,1196.0,1010.758056640625
178,1084.0,1031.74609375
179,908.0,1035.8155517578125
180,722.0,1025.57861328125
181,282.0,983.6107177734375
182,236.0,839.12158203125
183,224.0,613.9799194335938
184,196.0,616.0282592773438
185,220.0,553.4865112304688
186,270.0,493.5566711425781
187,194.0,367.8150634765625
188,112.0,269.3601989746094
189,72.0,208.62298583984375
190,64.0,180.67092895507812
191,60.0,153.56817626953125
192,44.0,120.5878677368164
193,32.0,91.8790054321289
194,20.0,59.15221405029297
195,16.0,32.10393524169922
196,0.0,12.560638427734375
197,0.0,3.518014907836914
198,0.0,1.2354927062988281
199,0.0,0.6348018646240234
200,0.0,0.451568603515625
201,0.0,0.3280353546142578
202,0.0,0.19351768493652344
203,0.0,0.15090179443359375
204,0.0,0.1402111053466797
205,0.0,0.03996849060058594
206,0.0,-0.07261276245117188
207,0.0,-0.12585830688476562
208,0.0,-0.10581016540527344
209,0.0,-0.15599441528320312
210,0.0,0.010427474975585938
211,0.0,0.0975494384765625
212,0.0,0.1743183135986328
213,0.0,0.147979736328125
214,0.0,0.0006961822509765625
215,0.0,-0.02147674560546875
216,0.0,-0.013666152954101562
217,0.0,-0.037189483642578125
218,0.0,0.020757675170898438
219,0.0,0.04882049560546875
220,0.0,0.07395362854003906
221,0.0,-0.00030517578125
222,0.0,-0.1594390869140625
223,0.0,-0.4190540313720703
224,0.0,-0.5313682556152344
225,0.0,-0.6221408843994141
226,0.0,-0.5717220306396484
227,0.0,-0.5026702880859375
228,0.0,-0.4321613311767578
229,0.0,-0.4714336395263672
230,0.0,-0.38135337829589844
231,0.0,-0.3181724548339844
232,0.0,-0.25289344787597656
233,0.0,-0.3497943878173828
234,0.0,-0.22735595703125
235,0.0,-0.13181686401367188
236,0.0,-0.04463768005371094
237,0.0,-0.08019256591796875
238,0.0,0.01990509033203125
239,0.0,0.09745597839355469
240,0.0,0.08335304260253906
241,0.0,-0.04759788513183594
242,0.0,-0.06782341003417969
243,0.0,-0.010026931762695312
244,0.0,0.17307281494140625
245,0.0,1.2138900756835938
246,0.0,3.004861831665039
247,0.0,4.5521240234375
248,0.0,5.568504333496094
249,0.0,6.737602233886719
250,0.0,8.168940544128418
251,2.0,9.757521629333496
252,10.0,15.008630752563477
253,32.0,28.934782028198242
254,52.0,53.95683288574219
255,76.0,84.59159851074219
256,116.0,92.05750274658203
257,172.0,135.99807739257812
258,260.0,191.81277465820312
259,348.0,245.48159790039062
260,440.0,291.9842224121094
261,548.0,348.3181457519531
262,648.0,394.1736145019531
263,700.0,421.49395751953125
264,814.0,446.0724182128906
265,914.0,487.42657470703125
266,952.0,637.5752563476562
267,876.0,665.622802734375
268,1088.0,851.5744018554688
269,1150.0,951.858154296875
270,1180.0,998.5469360351562
271,1166.0,1062.9844970703125
272,1222.0,1102.9306640625
273,1134.0,1099.5927734375
274,1156.0,1093.6685791015625
275,1196.0,1087.595458984375
276,1140.0,1083.2435302734375
277,856.0,1059.3070068359375
278,950.0,1031.345947265625
279,1030.0,1005.3428955078125
280,1100.0,984.8509521484375
281,728.0,961.9008178710938
282,640.0,927.9065551757812
283,968.0,829.322265625
284,860.0,726.2426147460938
285,438.0,624.40087890625
286,338.0,499.8594970703125
287,236.0,382.3325500488281
288,144.0,252.62359619140625
289,94.0,180.94088745117188
290,58.0,118.14385223388672
291,28.0,70.57008361816406
292,8.0,27.35108184814453
293,0.0,9.828539848327637
294,0.0,3.710354804992676
295,0.0,1.7167072296142578
296,0.0,0.9668827056884766
297,0.0,0.9035987854003906
298,0.0,0.7335624694824219
299,0.0,0.6501140594482422
300,0.0,0.6196556091308594
301,0.0,0.5467567443847656
302,0.0,0.44146156311035156
303,0.0,0.376373291015625
304,0.0,0.34534454345703125
305,0.0,0.2390270233154297
306,0.0,0.24396324157714844
307,0.0,0.42733192443847656
308,0.0,0.8260498046875
309,0.0,1.26593017578125
310,0.0,1.1888008117675781
311,0.0,0.9332809448242188
312,0.0,0.5715236663818359
313,0.0,0.2796955108642578
314,0.0,0.2688484191894531
315,0.0,0.20840072631835938
316,0.0,0.14716720581054688
317,0.0,0.2998199462890625
318,0.0,0.3650779724121094
319,0.0,0.07381057739257812
320,0.0,0.016317367553710938
321,0.0,-0.107940673828125
322,0.0,-0.0022335052490234375
323,0.0,0.05924034118652344
324,0.0,0.1324596405029297
325,0.0,0.135498046875
326,0.0,0.08656883239746094
327,0.0,0.09590530395507812
328,0.0,0.1066436767578125
329,0.0,0.0158843994140625
330,0.0,-0.04549598693847656
331,0.0,-0.10327529907226562
332,0.0,-0.1623058319091797
333,0.0,-0.3537769317626953
334,0.0,-0.5547447204589844
335,0.0,-0.6840381622314453
336,0.0,-0.7731857299804688
337,0.0,-1.0145854949951172
338,0.0,-1.1200523376464844
339,0.0,-1.1669464111328125
340,0.0,-1.2582035064697266
341,0.0,-1.5363807678222656
342,0.0,-1.589395523071289
343,0.0,-1.4826850891113281
344,0.0,-1.2079582214355469
345,0.0,-0.3351612091064453
346,0.0,0.8882484436035156
347,0.0,1.9886951446533203
348,0.0,4.875979423522949
349,4.0,14.305330276489258
350,28.0,33.897117614746094
351,50.0,63.51507568359375
352,66.0,111.59872436523438
353,104.0,184.95147705078125
354,128.0,260.19488525390625
355,284.0,332.3021240234375
356,380.0,404.4291076660156
357,456.0,466.9408874511719
358,528.0,523.4328002929688
359,616.0,589.9188232421875
360,732.0,652.1530151367188
361,496.0,675.6762084960938
362,928.0,740.6574096679688
363,760.0,882.7185668945312
364,696.0,996.9207763671875
365,1038.0,1048.328369140625
366,884.0,1096.4908447265625
367,876.0,1119.3037109375
368,962.0,1067.096923828125
369,1080.0,1077.7103271484375
370,992.0,1032.7413330078125
371,950.0,1107.215087890625
372,962.0,1218.56689453125
373,726.0,1211.4803466796875
374,768.0,1084.0435791015625
375,626.0,956.3319091796875
376,772.0,833.6495361328125
377,800.0,769.6699829101562
378,614.0,672.58447265625
379,492.0,661.5948486328125
380,478.0,679.0379638671875
381,472.0,620.0724487304688
382,396.0,629.74267578125
383,272.0,622.366943359375
384,180.0,538.6731567382812
385,106.0,428.7168273925781
386,64.0,280.652587890625
387,26.0,134.47970581054688
388,4.0,50.79117965698242
389,0.0,14.385247230529785
390,0.0,1.89312744140625
391,0.0,0.7173118591308594
392,0.0,0.6496810913085938
393,0.0,0.7541103363037109
394,0.0,0.61309814453125
395,0.0,0.5072822570800781
396,0.0,0.44326019287109375
397,0.0,0.3760566711425781
398,0.0,0.2971668243408203
399,0.0,0.27009010314941406
400,0.0,0.26946067810058594
401,0.0,0.2078857421875
402,0.0,0.20430946350097656
403,0.0,0.2107105255126953
404,0.0,0.23981094360351562
405,0.0,0.18076324462890625
406,0.0,0.14777374267578125
407,0.0,0.12806320190429688
408,0.0,0.12788009643554688
409,0.0,0.05093574523925781
410,0.0,0.03368377685546875
411,0.0,0.020488739013671875
412,0.0,0.018947601318359375
413,0.0,-0.4752521514892578
414,0.0,-0.5751552581787109
415,0.0,-0.7018070220947266
416,0.0,-0.7392539978027344
417,0.0,-0.7761859893798828
418,0.0,-0.7013263702392578
419,0.0,-0.6120338439941406
420,0.0,-0.5093441009521484
421,0.0,-0.47704315185546875
422,0.0,-0.3581695556640625
423,0.0,-0.2530384063720703
424,0.0,-0.06874656677246094
425,0.0,-0.09926414489746094
426,0.0,-0.19745635986328125
427,0.0,-0.27692413330078125
428,0.0,-0.3867359161376953
429,0.0,-0.6386871337890625
430,0.0,-0.7285785675048828
431,0.0,-0.7981910705566406
432,0.0,-0.8247814178466797
433,0.0,-1.0447120666503906
434,0.0,-0.7794628143310547
435,0.0,-0.7352771759033203
436,0.0,-0.5830478668212891
437,0.0,-0.5930519104003906
438,0.0,-0.5671787261962891
439,0.0,-0.3423938751220703
440,0.0,-0.010669708251953125
441,0.0,0.46170997619628906
442,0.0,1.4513587951660156
443,0.0,3.470973014831543
444,0.0,9.50778579711914
445,8.0,25.08197784423828
446,16.0,49.433860778808594
447,48.0,78.37987518310547
448,104.0,113.66938018798828
449,134.0,150.66891479492188
450,178.0,194.81723022460938
451,338.0,244.46441650390625
452,430.0,298.27581787109375
453,200.0,333.78680419921875
454,274.0,370.8301086425781
455,754.0,425.6458435058594
456,858.0,509.03692626953125
457,928.0,609.8672485351562
458,1014.0,774.1911010742188
459,1048.0,948.7416381835938
460,1100.0,1074.44921875
461,1108.0,1145.358154296875
462,1168.0,1199.645263671875
463,1380.0,1210.0401611328125
464,1320.0,1244.7637939453125
465,1256.0,1258.209228515625
466,1160.0,1255.577392578125
467,1188.0,1242.6375732421875
468,1268.0,1204.6065673828125
469,1246.0,1112.4686279296875
470,1194.0,1061.884521484375
471,1150.0,1038.2181396484375
472,1114.0,996.593994140625
473,1080.0,955.7073364257812
474,870.0,883.8074340820312
475,710.0,771.6105346679688
476,614.0,652.755859375
477,482.0,569.1412963867188
478,408.0,480.13958740234375
479,248.0,359.0234069824219
480,152.0,237.08013916015625
481,104.0,184.81744384765625
482,48.0,125.878662109375
483,16.0,69.27838134765625
484,2.0,26.728368759155273
485,0.0,8.567273139953613
486,0.0,3.529104232788086
487,0.0,1.9134597778320312
488,0.0,1.1026725769042969
489,0.0,0.9554500579833984
490,0.0,0.6427040100097656
491,0.0,0.45537567138671875
492,0.0,0.3352508544921875
493,0.0,0.2366504669189453
494,0.0,0.3603782653808594
495,0.0,0.5396919250488281
496,0.0,0.7368221282958984
497,0.0,0.7287750244140625
498,0.0,0.4474678039550781
499,0.0,0.2657814025878906
500,0.0,0.1542644500732422
501,0.0,0.029829025268554688
502,0.0,0.07430839538574219
503,0.0,0.17704200744628906
504,0.0,0.2943248748779297
505,0.0,0.2557659149169922
506,0.0,0.241363525390625
507,0.0,0.1857929229736328
508,0.0,0.14185714721679688
509,0.0,-0.117950439453125
510,0.0,-0.2871570587158203
511,0.0,-0.4893474578857422
512,0.0,-0.5802536010742188
513,0.0,-0.6438083648681641
514,0.0,-0.5770969390869141
515,0.0,-0.38401222229003906
516,0.0,-0.1435546875
517,0.0,0.035823822021484375
518,0.0,0.1878662109375
519,0.0,0.1417713165283203
520,0.0,0.15187835693359375
521,0.0,-0.028547286987304688
522,0.0,-0.08791351318359375
523,0.0,-0.03657722473144531
524,0.0,-0.0042781829833984375
525,0.0,-0.12376976013183594
526,0.0,-0.05671501159667969
527,0.0,-0.15325927734375
528,0.0,-0.2534503936767578
529,0.0,-0.5215358734130859
530,0.0,-0.7389144897460938
531,0.0,-0.884979248046875
532,0.0,-1.0498180389404297
533,0.0,-1.3196296691894531
534,0.0,-1.4156665802001953
535,0.0,-1.0624752044677734
536,0.0,0.10923194885253906
537,0.0,3.340669631958008
538,0.0,7.075428009033203
539,0.0,10.370427131652832
540,0.0,15.168865203857422
541,0.0,25.695720672607422
542,2.0,42.63401794433594
543,12.0,62.946834564208984
544,52.0,91.19306945800781
545,64.0,136.60223388671875
546,52.0,207.52474975585938
547,64.0,297.8394775390625
548,88.0,385.1118469238281
549,140.0,425.13604736328125
550,228.0,445.8847961425781
551,312.0,441.9475402832031
552,204.0,416.2396545410156
553,492.0,433.5203552246094
554,796.0,495.85015869140625
555,292.0,564.9095458984375
556,344.0,659.32666015625
557,344.0,738.5379028320312
558,382.0,806.0693969726562
559,410.0,815.6812133789062
560,368.0,817.2454833984375
561,160.0,849.5482177734375
562,174.0,864.3157958984375
563,142.0,861.8597412109375
564,128.0,842.1932373046875
565,88.0,865.349365234375
566,100.0,869.672119140625
567,100.0,742.498046875
568,108.0,624.2206420898438
569,144.0,559.7686767578125
570,150.0,495.8828125
571,146.0,422.1310729980469
572,128.0,338.2370910644531
573,120.0,269.7896423339844
574,104.0,207.54412841796875
575,84.0,157.46856689453125
576,60.0,102.5541000366211
577,44.0,62.853275299072266
578,20.0,41.09259796142578
579,4.0,24.36469078063965
580,0.0,10.689014434814453
581,0.0,4.767772674560547
582,0.0,2.4659976959228516
583,0.0,1.6866779327392578
584,0.0,1.4280948638916016
585,0.0,1.2977294921875
586,0.0,1.0660552978515625
587,0.0,0.9280948638916016
588,0.0,0.8432693481445312
589,0.0,0.7030811309814453
590,0.0,0.42250823974609375
591,0.0,0.18607139587402344
592,0.0,0.10004425048828125
593,0.0,0.21337127685546875
594,0.0,0.16507339477539062
595,0.0,0.25397491455078125
596,0.0,0.28465843200683594
597,0.0,0.16269493103027344
598,0.0,0.01650238037109375
599,0.0,0.11459922790527344
600,0.0,0.37168312072753906
601,0.0,0.5325508117675781
602,0.0,0.4027576446533203
603,0.0,0.2680797576904297
604,0.0,0.13800621032714844
605,0.0,0.009540557861328125
606,0.0,0.09058761596679688
607,0.0,-0.12160110473632812
608,0.0,-0.10921478271484375
609,0.0,-0.14170074462890625
610,0.0,-0.0015430450439453125
611,0.0,0.11351394653320312
612,0.0,0.22176742553710938
613,0.0,0.21723175048828125
614,0.0,0.21090316772460938
615,0.0,0.1959686279296875
616,0.0,0.2127838134765625
617,0.0,0.1852703094482422
618,0.0,0.19834327697753906
619,0.0,0.1972789764404297
620,0.0,0.18526268005371094
621,0.0,0.1823711395263672
622,0.0,0.14619064331054688
623,0.0,0.09055137634277344
624,0.0,0.00397491455078125
625,0.0,-0.09910964965820312
626,0.0,-0.09828567504882812
627,0.0,-0.057064056396484375
628,0.0,-0.015211105346679688
629,0.0,0.044071197509765625
630,0.0,0.11858367919921875
631,0.0,0.19624900817871094
632,0.0,0.1358814239501953
633,0.0,0.04474830627441406
634,0.0,-0.03276252746582031
635,0.0,0.28447914123535156
636,0.0,1.1824226379394531
637,2.0,5.0917253494262695
638,18.0,16.175302505493164
639,48.0,43.80592346191406
640,70.0,77.63731384277344
641,60.0,119.33427429199219
642,54.0,166.10037231445312
643,130.0,215.1787109375
644,186.0,271.4627990722656
645,388.0,326.1144104003906
646,614.0,374.8890075683594
647,488.0,405.75567626953125
648,238.0,406.50537109375
649,192.0,359.31768798828125
650,166.0,303.0461120605469
651,100.0,294.982177734375
652,62.0,351.8283996582031
653,64.0,754.5413208007812
654,36.0,762.9518432617188
655,16.0,732.927978515625
656,36.0,730.283203125
657,98.0,644.400146484375
658,84.0,499.82489013671875
659,42.0,365.4376525878906
660,8.0,295.1865539550781
661,8.0,261.8856506347656
662,8.0,258.95770263671875
663,12.0,285.4311828613281
664,8.0,304.83831787109375
665,28.0,309.5404052734375
666,56.0,266.8867492675781
667,72.0,202.453125
668,92.0,137.1483917236328
669,68.0,116.49546813964844
670,40.0,96.54560852050781
671,12.0,79.0152587890625
672,6.0,53.863792419433594
673,2.0,33.358726501464844
674,4.0,12.569665908813477
675,0.0,-0.8655014038085938
676,0.0,-3.494915008544922
677,0.0,-2.9028491973876953
678,0.0,-2.4805564880371094
679,0.0,-1.883636474609375
680,0.0,-1.1292400360107422
681,0.0,-0.14246368408203125
682,0.0,0.12018013000488281
683,0.0,0.3006000518798828
684,0.0,0.52020263671875
685,0.0,0.9178867340087891
686,0.0,1.0718498229980469
687,0.0,1.1528739929199219
688,0.0,1.2160835266113281
689,0.0,1.1995868682861328
690,0.0,1.173370361328125
691,0.0,1.1740550994873047
692,0.0,1.1832408905029297
693,0.0,1.0777034759521484
694,0.0,0.9662609100341797
695,0.0,0.9196395874023438
696,0.0,0.8804035186767578
697,0.0,0.7240734100341797
698,0.0,0.5348415374755859
699,0.0,0.37804603576660156
700,0.0,0.23317337036132812
701,0.0,-0.1792755126953125
702,0.0,-0.19178009033203125
703,0.0,-0.12079238891601562
704,0.0,-0.08921051025390625
705,0.0,-0.032344818115234375
706,0.0,-0.030866622924804688
707,0.0,0.0068378448486328125
708,0.0,0.026544570922851562
709,0.0,0.045490264892578125
710,0.0,0.10512161254882812
711,0.0,0.17497825622558594
712,0.0,0.3244342803955078
713,0.0,0.31575584411621094
714,0.0,0.270477294921875
715,0.0,0.23424530029296875
716,0.0,0.1969890594482422
717,0.0,0.17470932006835938
718,0.0,0.25827789306640625
719,0.0,0.2734203338623047
720,0.0,-0.056613922119140625
721,0.0,-0.9535541534423828
722,0.0,-1.2312183380126953
723,0.0,-1.019613265991211
724,0.0,-0.5808391571044922
725,0.0,0.03751373291015625
726,0.0,1.0135173797607422
727,0.0,2.250324249267578
728,0.0,3.923069953918457
729,0.0,6.214780807495117
730,0.0,9.70760726928711
731,0.0,15.027456283569336
732,0.0,23.45757484436035
733,6.0,37.62548828125
734,32.0,59.822601318359375
735,60.0,91.86489868164062
736,88.0,141.60543823242188
737,120.0,207.7039794921875
738,190.0,281.7904357910156
739,224.0,360.07073974609375
740,306.0,432.24517822265625
741,404.0,491.522216796875
742,450.0,553.4615478515625
743,402.0,629.2406616210938
744,400.0,698.3112182617188
745,504.0,757.296630859375
746,728.0,824.3975219726562
747,816.0,883.824951171875
748,760.0,948.5772094726562
749,644.0,902.5614624023438
750,760.0,1030.555419921875
751,922.0,1114.2991943359375
752,954.0,1158.1561279296875
753,862.0,1140.78515625
754,800.0,1079.1458740234375
755,682.0,1048.5528564453125
756,684.0,1082.551025390625
757,592.0,1042.4642333984375
758,680.0,929.9334716796875
759,804.0,887.132568359375
760,934.0,787.280517578125
761,770.0,686.6361694335938
762,526.0,635.26708984375
763,436.0,599.600830078125
764,488.0,531.5656127929688
765,662.0,506.0715026855469
766,476.0,470.69000244140625
767,404.0,412.99322509765625
768,192.0,346.5573425292969
769,56.0,299.67108154296875
770,24.0,234.3616943359375
771,4.0,150.028564453125
772,0.0,53.69122314453125
773,0.0,13.10013484954834
774,0.0,1.3810005187988281
775,0.0,0.6872463226318359
776,0.0,0.42142677307128906
777,0.0,0.47426795959472656
778,0.0,0.2689781188964844
779,0.0,0.0230712890625
780,0.0,-0.022726058959960938
781,0.0,0.18878936767578125
782,0.0,0.3061199188232422
783,0.0,0.7015724182128906
784,0.0,1.0841732025146484
785,0.0,1.193838119506836
786,0.0,1.1145191192626953
787,0.0,1.0324745178222656
788,0.0,0.9682540893554688
789,0.0,0.8081855773925781
790,0.0,0.7380599975585938
791,0.0,0.7107181549072266
792,0.0,0.7166080474853516
793,0.0,0.5980663299560547
794,0.0,0.5650615692138672
795,0.0,0.556304931640625
796,0.0,0.5653438568115234
797,0.0,-1.4485225677490234
798,0.0,-0.7398338317871094
799,0.0,-0.4958820343017578
800,0.0,-0.3137798309326172
801,0.0,-0.2503166198730469
802,0.0,-0.16632652282714844
803,0.0,-0.1688556671142578
804,0.0,-0.22933387756347656
805,0.0,-0.3242759704589844
806,0.0,-0.40012359619140625
807,0.0,-0.36606597900390625
808,0.0,-0.08488845825195312
809,0.0,-0.07097053527832031
810,0.0,-0.01230621337890625
811,0.0,0.05789756774902344
812,0.0,-0.16332626342773438
813,0.0,-1.3568077087402344
814,0.0,-2.076669692993164
815,0.0,-2.3573989868164062
816,0.0,-2.4884300231933594
817,0.0,-2.432819366455078
818,0.0,-2.379894256591797
819,0.0,-2.4052295684814453
820,0.0,-2.4287338256835938
821,0.0,-2.3388519287109375
822,0.0,-2.3838844299316406
823,0.0,-2.604076385498047
824,0.0,-2.8056907653808594
825,0.0,-2.5486202239990234
826,0.0,-2.036376953125
827,0.0,-1.1409149169921875
828,2.0,0.3419342041015625
829,6.0,5.778495788574219
830,24.0,19.401628494262695
831,58.0,45.514068603515625
832,110.0,81.97038269042969
833,182.0,127.30325317382812
834,260.0,182.02536010742188
835,358.0,244.966796875
836,456.0,318.192626953125
837,552.0,387.7921447753906
838,644.0,464.7959289550781
839,718.0,581.205078125
840,804.0,739.4280395507812
841,878.0,840.1556396484375
842,942.0,902.3153686523438
843,998.0,953.641357421875
844,1056.0,1002.1458740234375
845,1110.0,1022.5989990234375
846,1138.0,1048.765869140625
847,1164.0,1089.7664794921875
848,1184.0,1206.6158447265625
849,1196.0,1244.8741455078125
850,1208.0,1254.59521484375
851,1216.0,1252.51025390625
852,1216.0,1215.6885986328125
853,1164.0,1124.9281005859375
854,1132.0,1063.9580078125
855,1052.0,1022.05810546875
856,1004.0,994.3582153320312
857,928.0,967.4598999023438
858,196.0,919.677001953125
859,142.0,853.6286010742188
860,134.0,655.297607421875
861,88.0,532.6030883789062
862,76.0,468.0592041015625
863,42.0,413.03887939453125
864,54.0,342.03546142578125
865,54.0,265.77545166015625
866,6.0,177.12783813476562
867,0.0,104.94883728027344
868,0.0,46.7627067565918
869,0.0,9.215039253234863
870,0.0,1.5217761993408203
871,0.0,0.7400836944580078
872,0.0,0.6345176696777344
873,0.0,0.8466930389404297
874,0.0,0.8536739349365234
875,0.0,0.8614368438720703
876,0.0,0.8572044372558594
877,0.0,0.8541774749755859
878,0.0,0.8310966491699219
879,0.0,0.8328628540039062
880,0.0,0.8513450622558594
881,0.0,0.8160953521728516
882,0.0,0.7314243316650391
883,0.0,0.7017536163330078
884,0.0,0.6973514556884766
885,0.0,0.6027755737304688
886,0.0,0.5184497833251953
887,0.0,0.46291542053222656
888,0.0,0.42093849182128906
889,0.0,0.28272247314453125
890,0.0,0.21821022033691406
891,0.0,0.17584609985351562
892,0.0,0.14447975158691406
893,0.0,-1.5801010131835938
894,0.0,-0.34735107421875
895,0.0,-0.126251220703125
896,0.0,-0.019369125366210938
897,0.0,-0.024644851684570312
898,0.0,0.04038047790527344
899,0.0,0.07381439208984375
900,0.0,0.09230422973632812
901,0.0,0.06018638610839844
902,0.0,0.09567642211914062
903,0.0,0.06679916381835938
904,0.0,0.07918930053710938
905,0.0,0.018585205078125
906,0.0,0.049091339111328125
907,0.0,0.06749916076660156
908,0.0,0.08077621459960938
909,0.0,0.08757972717285156
910,0.0,0.09174537658691406
911,0.0,0.09468269348144531
912,0.0,0.09286880493164062
913,0.0,0.08408164978027344
914,0.0,0.11236572265625
915,0.0,0.1187744140625
916,0.0,0.14369964599609375
917,0.0,0.19558334350585938
918,0.0,0.23892784118652344
919,0.0,0.2788887023925781
920,0.0,0.27773475646972656
921,0.0,0.27649688720703125
922,0.0,0.05081367492675781
923,0.0,-0.12360572814941406
924,0.0,0.9966259002685547
925,4.0,5.461997032165527
926,20.0,16.394397735595703
927,60.0,37.641578674316406
928,124.0,75.43441009521484
929,180.0,131.74066162109375
930,254.0,213.0067138671875
931,342.0,320.24847412109375
932,444.0,435.45806884765625
933,548.0,530.0676879882812
934,656.0,627.6150512695312
935,744.0,728.2269897460938
936,812.0,814.2979125976562
937,884.0,902.3851928710938
938,948.0,985.2020874023438
939,1006.0,1028.341796875
940,1054.0,1078.9404296875
941,1096.0,1126.377685546875
942,1136.0,1201.321044921875
943,1164.0,1259.534912109375
944,1188.0,1270.095947265625
945,1206.0,1270.9447021484375
946,1214.0,1270.9560546875
947,1220.0,1270.83349609375
948,1204.0,1270.55615234375
949,1156.0,1269.8321533203125
950,1128.0,1266.293701171875
951,1086.0,1244.2647705078125
952,1064.0,1153.8695068359375
953,1040.0,1098.8582763671875
954,1006.0,1060.2030029296875
955,930.0,1007.1387329101562
956,834.0,857.662353515625
957,656.0,764.9904174804688
958,462.0,606.251953125
959,350.0,374.1891174316406
960,216.0,198.83001708984375
961,40.0,128.98495483398438
962,14.0,68.3409423828125
963,2.0,27.82221221923828
964,0.0,3.7543859481811523
965,0.0,1.8737564086914062
966,0.0,1.3060436248779297
967,0.0,1.0699958801269531
968,0.0,0.9453086853027344
969,0.0,0.938507080078125
970,0.0,0.8616657257080078
971,0.0,0.826873779296875
972,0.0,0.8039779663085938
973,0.0,0.7870140075683594
974,0.0,0.6907405853271484
975,0.0,0.6422615051269531
976,0.0,0.6166610717773438
977,0.0,0.5564651489257812
978,0.0,0.5376453399658203
979,0.0,0.5344371795654297
980,0.0,0.5289421081542969
981,0.0,0.42815399169921875
982,0.0,0.3601570129394531
983,0.0,0.32338523864746094
984,0.0,0.30393028259277344
985,0.0,0.18417739868164062
986,0.0,0.135223388671875
987,0.0,0.11308479309082031
988,0.0,0.10521697998046875
989,0.0,-1.720163345336914
990,0.0,-0.3526611328125
991,0.0,-0.07890510559082031
992,0.0,0.02788543701171875
993,0.0,0.022344589233398438
994,0.0,0.055751800537109375
995,0.0,0.06910133361816406
996,0.0,0.08240127563476562
997,0.0,0.04932594299316406
998,0.0,0.10530281066894531
999,0.0,0.14606094360351562
1000,0.0,0.23651123046875
1001,0.0,0.22232627868652344
1002,0.0,0.2193603515625
1003,0.0,0.1860485076904297
1004,0.0,0.15345382690429688
1005,0.0,0.09766387939453125
1006,0.0,0.07268714904785156
1007,0.0,0.03321266174316406
1008,0.0,-0.016279220581054688
1009,0.0,-0.05784797668457031
1010,0.0,-0.10151290893554688
1011,0.0,-0.13404273986816406
1012,0.0,-0.14365577697753906
1013,0.0,-0.18661117553710938
1014,0.0,-0.23264503479003906
1015,0.0,-0.3185901641845703
1016,0.0,-0.4516620635986328
1017,0.0,-0.39490699768066406
1018,0.0,0.3898906707763672
1019,0.0,2.999725341796875
1020,0.0,7.734780311584473
1021,4.0,16.369352340698242
1022,12.0,32.934505462646484
1023,50.0,59.832496643066406
1024,106.0,99.91524505615234
1025,180.0,152.90435791015625
1026,256.0,218.19586181640625
1027,348.0,296.98101806640625
1028,436.0,396.767333984375
1029,528.0,484.7804870605469
1030,628.0,549.71240234375
1031,734.0,622.5755004882812
1032,790.0,718.033935546875
1033,866.0,811.001953125
1034,934.0,880.1514282226562
1035,1020.0,935.0684814453125
1036,1028.0,1004.2608032226562
1037,1078.0,1050.723388671875
1038,1126.0,1130.684326171875
1039,1134.0,1259.76416015625
1040,1166.0,1269.775146484375
1041,1202.0,1270.81982421875
1042,1202.0,1270.82861328125
1043,1176.0,1270.471435546875
1044,1204.0,1269.8802490234375
1045,1132.0,1268.27099609375
1046,1136.0,1262.373779296875
1047,1048.0,1246.2291259765625
1048,980.0,1207.94189453125
1049,894.0,1149.0731201171875
1050,790.0,1081.9063720703125
1051,884.0,1022.9287719726562
1052,842.0,843.1241455078125
1053,632.0,718.6795043945312
1054,494.0,560.3328247070312
1055,284.0,339.94818115234375
1056,144.0,175.51980590820312
1057,24.0,112.41374969482422
1058,12.0,57.9215087890625
1059,4.0,22.4451847076416
1060,0.0,2.4735755920410156
1061,0.0,0.9875698089599609
1062,0.0,0.7581310272216797
1063,0.0,0.791351318359375
1064,0.0,0.8948249816894531
1065,0.0,1.0667476654052734
1066,0.0,0.8877067565917969
1067,0.0,0.8164577484130859
1068,0.0,0.7535228729248047
1069,0.0,0.7292327880859375
1070,0.0,0.6133937835693359
1071,0.0,0.5670700073242188
1072,0.0,0.5353145599365234
1073,0.0,0.48375701904296875
1074,0.0,0.4312763214111328
1075,0.0,0.37450408935546875
1076,0.0,0.33460426330566406
1077,0.0,0.2252368927001953
1078,0.0,0.17366600036621094
1079,0.0,0.14937210083007812
1080,0.0,0.1318359375
1081,0.0,0.03253936767578125
1082,0.0,-0.0016613006591796875
1083,0.0,0.015228271484375
1084,0.0,0.03598213195800781
1085,0.0,-0.7958354949951172
1086,0.0,0.38622093200683594
1087,0.0,0.20650482177734375
1088,0.0,0.054737091064453125
1089,0.0,-0.18357276916503906
1090,0.0,-0.34845542907714844
1091,0.0,-0.5029449462890625
1092,0.0,-0.6419754028320312
1093,0.0,-0.8958988189697266
1094,0.0,-0.6136703491210938
1095,0.0,-0.29313087463378906
1096,0.0,0.12476921081542969
1097,0.0,0.1715850830078125
1098,0.0,0.09569358825683594
1099,0.0,0.03588676452636719
1100,0.0,-0.24495315551757812
1101,0.0,-0.6875991821289062
1102,0.0,-0.7928657531738281
1103,0.0,-0.9220066070556641
1104,0.0,-0.9971847534179688
1105,0.0,-1.2497234344482422
1106,0.0,-1.2168960571289062
1107,0.0,-1.3384952545166016
1108,0.0,-1.4364185333251953
1109,0.0,-1.7195053100585938
1110,0.0,-1.8307533264160156
1111,0.0,-1.800241470336914
1112,0.0,-1.6415214538574219
1113,0.0,-1.6353797912597656
1114,0.0,-1.3480682373046875
1115,0.0,-0.9152297973632812
1116,4.0,0.05908393859863281
1117,16.0,1.5592880249023438
1118,46.0,8.319669723510742
1119,58.0,25.9237060546875
1120,112.0,57.558841705322266
1121,144.0,102.75926971435547
1122,164.0,171.8759765625
1123,284.0,269.59454345703125
1124,412.0,388.159912109375
1125,532.0,477.9374084472656
1126,632.0,544.5220947265625
1127,720.0,602.340087890625
1128,826.0,680.8816528320312
1129,774.0,788.5838623046875
1130,942.0,883.3200073242188
1131,1022.0,960.2920532226562
1132,964.0,1090.3634033203125
1133,728.0,1134.2874755859375
1134,1072.0,1215.048583984375
1135,1158.0,1263.82763671875
1136,1202.0,1267.9013671875
1137,1240.0,1257.913818359375
1138,1134.0,1228.13720703125
1139,1258.0,1193.5264892578125
1140,1212.0,1163.28076171875
1141,1062.0,1095.0560302734375
1142,1158.0,1053.0321044921875
1143,640.0,993.4540405273438
1144,926.0,940.4293823242188
1145,880.0,897.8410034179688
1146,830.0,844.816162109375
1147,748.0,734.6097412109375
1148,430.0,622.4371337890625
1149,166.0,510.914794921875
1150,152.0,354.54608154296875
1151,96.0,245.527099609375
1152,72.0,157.04620361328125
1153,40.0,86.15081787109375
1154,4.0,47.53136444091797
1155,0.0,22.15204620361328
1156,0.0,3.037504196166992
1157,0.0,0.6803112030029297
1158,0.0,0.33637237548828125
1159,0.0,0.238494873046875
1160,0.0,0.1949748992919922
1161,0.0,0.24615097045898438
1162,0.0,0.24151039123535156
1163,0.0,0.2607917785644531
1164,0.0,0.2779712677001953
1165,0.0,0.3377418518066406
1166,0.0,0.3500347137451172
1167,0.0,0.35746002197265625
1168,0.0,0.3639793395996094
1169,0.0,0.3947563171386719
1170,0.0,0.44939613342285156
1171,0.0,0.32286834716796875
1172,0.0,0.16279983520507812
1173,0.0,0.011617660522460938
1174,0.0,-0.1993408203125
1175,0.0,-0.215667724609375
1176,0.0,-0.24705123901367188
1177,0.0,-0.23591041564941406
1178,0.0,-0.2689228057861328
1179,0.0,-0.2921485900878906
1180,0.0,-0.32250022888183594
1181,0.0,-0.06276321411132812
1182,0.0,-0.4650459289550781
1183,0.0,-0.6231021881103516
1184,0.0,-1.0009937286376953
1185,0.0,-1.656576156616211
1186,0.0,-2.1170196533203125
1187,0.0,-2.5573081970214844
1188,0.0,-2.855867385864258
1189,0.0,-3.074535369873047
1190,0.0,-3.1792545318603516
1191,0.0,-3.21002197265625
1192,0.0,-3.147207260131836
1193,0.0,-3.157695770263672
1194,0.0,-3.0737838745117188
1195,0.0,-2.4514102935791016
1196,0.0,-1.6008548736572266
1197,0.0,-0.6834545135498047
1198,0.0,-0.4568004608154297
1199,0.0,-0.5854721069335938
1200,0.0,-0.7006587982177734
1201,0.0,-0.8962955474853516
1202,0.0,-1.0227317810058594
1203,0.0,-1.1484317779541016
1204,0.0,-1.2703380584716797
1205,0.0,-1.4695892333984375
1206,0.0,-1.5702991485595703
1207,0.0,-1.6091060638427734
1208,0.0,-1.6485061645507812
1209,0.0,-1.8786163330078125
1210,0.0,-2.182100296020508
1211,0.0,-1.4349517822265625
1212,0.0,0.6444892883300781
1213,2.0,4.944729804992676
1214,6.0,21.112926483154297
1215,8.0,51.79423904418945
1216,26.0,80.15005493164062
1217,30.0,105.98422241210938
1218,38.0,146.13543701171875
1219,58.0,200.20626831054688
1220,84.0,274.14752197265625
1221,86.0,371.2042541503906
1222,128.0,473.2073974609375
1223,156.0,547.3472900390625
1224,226.0,604.743408203125
1225,262.0,641.8346557617188
1226,438.0,696.9619750976562
1227,490.0,784.59765625
1228,456.0,1021.4802856445312
1229,714.0,1071.6859130859375
1230,916.0,1130.314453125
1231,916.0,1148.4549560546875
1232,1242.0,1148.0831298828125
1233,1246.0,1143.18896484375
1234,984.0,1139.5579833984375
1235,728.0,1130.2335205078125
1236,1272.0,1124.473876953125
1237,328.0,1100.9815673828125
1238,248.0,1054.6600341796875
1239,202.0,958.546142578125
1240,946.0,790.0319213867188
1241,428.0,720.9019775390625
1242,136.0,548.8273315429688
1243,142.0,327.04559326171875
1244,448.0,164.72909545898438
1245,162.0,95.80899810791016
1246,212.0,56.95555114746094
1247,266.0,34.28539276123047
1248,132.0,9.938088417053223
1249,30.0,4.432122230529785
1250,20.0,2.6075820922851562
1251,6.0,1.643819808959961
1252,2.0,0.7167587280273438
1253,0.0,0.4932365417480469
1254,0.0,0.10744667053222656
1255,0.0,-0.04949378967285156
1256,0.0,-0.1505107879638672
1257,0.0,-0.1962909698486328
1258,0.0,-0.2082958221435547
1259,0.0,-0.20586013793945312
1260,0.0,-0.18401145935058594
1261,0.0,-0.1896991729736328
1262,0.0,-0.11884498596191406
1263,0.0,-0.029962539672851562
1264,0.0,0.07158279418945312
1265,0.0,0.13139724731445312
1266,0.0,0.06867408752441406
1267,0.0,0.07153892517089844
1268,0.0,0.09126091003417969
1269,0.0,0.0534515380859375
1270,0.0,0.12564659118652344
1271,0.0,0.1423511505126953
1272,0.0,0.157745361328125
1273,0.0,0.09291267395019531
1274,0.0,-0.024433135986328125
1275,0.0,-0.1251087188720703
1276,0.0,-0.2056446075439453
1277,0.0,-0.2828369140625
1278,0.0,0.23661422729492188
1279,0.0,0.18323516845703125
1280,0.0,0.16838455200195312
1281,0.0,0.18956756591796875
1282,0.0,0.17795944213867188
1283,0.0,0.09412765502929688
1284,0.0,0.001186370849609375
1285,0.0,-0.11087226867675781
1286,0.0,-0.20577239990234375
1287,0.0,-0.18199729919433594
1288,0.0,-0.08498764038085938
1289,0.0,-0.14975738525390625
1290,0.0,-0.028898239135742188
1291,0.0,0.12135124206542969
1292,0.0,0.28998756408691406
1293,0.0,0.27317237854003906
1294,0.0,-0.041717529296875
1295,0.0,-0.13603591918945312
1296,0.0,-0.2915840148925781
1297,0.0,-0.5204372406005859
1298,0.0,-1.3916454315185547
1299,0.0,-1.7103443145751953
1300,0.0,-1.8111629486083984
1301,0.0,-2.0311222076416016
1302,0.0,-1.769287109375
1303,0.0,-1.7528457641601562
1304,0.0,-1.7646102905273438
1305,0.0,-1.692758560180664
1306,0.0,-1.8493843078613281
1307,0.0,0.6793498992919922
1308,0.0,9.214424133300781
1309,0.0,28.418453216552734
1310,4.0,57.1524658203125
1311,4.0,86.69129180908203
1312,16.0,118.07608795166016
1313,40.0,150.67764282226562
1314,84.0,176.4482421875
1315,108.0,193.26943969726562
1316,104.0,199.3660888671875
1317,144.0,201.23342895507812
1318,144.0,221.9617919921875
1319,200.0,240.29525756835938
1320,572.0,272.8710021972656
1321,242.0,295.181884765625
1322,338.0,358.2350769042969
1323,292.0,518.125732421875
1324,880.0,660.1001586914062
1325,488.0,687.256591796875
1326,278.0,637.3270874023438
1327,290.0,900.53466796875
1328,238.0,808.3489379882812
1329,364.0,534.9583740234375
1330,414.0,577.745849609375
1331,448.0,767.0810546875
1332,492.0,882.9970703125
1333,434.0,944.2940673828125
1334,266.0,999.5980224609375
1335,236.0,1013.0816650390625
1336,248.0,1018.7138671875
1337,250.0,980.05322265625
1338,214.0,914.1577758789062
1339,180.0,777.9163818359375
1340,158.0,543.4674072265625
1341,222.0,353.8497009277344
1342,116.0,180.99478149414062
1343,80.0,57.67348861694336
1344,52.0,6.763321876525879
1345,44.0,2.0446643829345703
1346,20.0,1.2649574279785156
1347,4.0,0.9052047729492188
1348,0.0,0.7082061767578125
1349,0.0,0.8695850372314453
1350,0.0,1.0255508422851562
1351,0.0,1.2085990905761719
1352,0.0,1.3649539947509766
1353,0.0,1.510049819946289
1354,0.0,0.965606689453125
1355,0.0,0.6583786010742188
1356,0.0,0.5065116882324219
1357,0.0,0.5210323333740234
1358,0.0,0.7324943542480469
1359,0.0,0.6173458099365234
1360,0.0,0.28826141357421875
1361,0.0,0.028326034545898438
1362,0.0,-0.22020339965820312
1363,0.0,-0.10206413269042969
1364,0.0,-0.043048858642578125
1365,0.0,0.0201568603515625
1366,0.0,0.2122325897216797
1367,0.0,0.2552928924560547
1368,0.0,0.3084297180175781
1369,0.0,0.33954429626464844
1370,0.0,0.27217864990234375
1371,0.0,0.28629493713378906
1372,0.0,0.33586883544921875
1373,0.0,-0.5080070495605469
1374,0.0,-0.17894744873046875
1375,0.0,-0.31351470947265625
1376,0.0,-0.11265754699707031
1377,0.0,-0.06675910949707031
1378,0.0,0.0574951171875
1379,0.0,0.07516098022460938
1380,0.0,-0.05545616149902344
1381,0.0,-0.32059478759765625
1382,0.0,-0.4090862274169922
1383,0.0,-0.4409656524658203
1384,0.0,-0.5707969665527344
1385,0.0,-1.2480831146240234
1386,0.0,-1.0880661010742188
1387,0.0,-1.0575790405273438
1388,0.0,-1.1406002044677734
1389,0.0,-1.3863105773925781
1390,0.0,-1.7817802429199219
1391,0.0,-2.291959762573242
1392,0.0,-2.6194686889648438
1393,0.0,-3.0605697631835938
1394,0.0,-3.5027599334716797
1395,0.0,-3.6731739044189453
1396,0.0,-3.674602508544922
1397,0.0,-3.499134063720703
1398,0.0,-3.119203567504883
1399,0.0,-2.738798141479492
1400,0.0,-2.080890655517578
1401,0.0,-1.0761051177978516
1402,0.0,0.05417823791503906
1403,0.0,1.811391830444336
1404,0.0,4.555084228515625
1405,2.0,9.105134010314941
1406,6.0,15.07601547241211
1407,8.0,21.071002960205078
1408,36.0,26.81639862060547
1409,20.0,33.074790954589844
1410,20.0,39.14549255371094
1411,42.0,46.05791473388672
1412,46.0,58.424583435058594
1413,48.0,76.11211395263672
1414,64.0,95.01536560058594
1415,56.0,113.61417388916016
1416,72.0,130.101806640625
1417,70.0,140.46075439453125
1418,50.0,153.99856567382812
1419,108.0,167.82513427734375
1420,288.0,182.65301513671875
1421,184.0,199.8426513671875
1422,148.0,234.22097778320312
1423,130.0,283.2248840332031
1424,172.0,326.77392578125
1425,114.0,369.15777587890625
1426,144.0,388.83343505859375
1427,150.0,386.22943115234375
1428,204.0,359.042236328125
1429,230.0,315.4353942871094
1430,202.0,272.2856140136719
1431,190.0,225.38674926757812
1432,144.0,182.48675537109375
1433,104.0,149.63714599609375
1434,104.0,117.05001068115234
1435,92.0,87.46101379394531
1436,54.0,60.40182876586914
1437,48.0,41.98850631713867
1438,34.0,21.15412139892578
1439,24.0,2.288583755493164
1440,4.0,-2.4131336212158203
1441,4.0,-2.379436492919922
1442,0.0,-2.0009078979492188
1443,0.0,-1.6268634796142578
1444,0.0,-1.3248748779296875
1445,0.0,-0.9215526580810547
1446,0.0,-0.5922870635986328
1447,0.0,-0.3340911865234375
1448,0.0,-0.15588951110839844
1449,0.0,0.024951934814453125
1450,0.0,0.09924697875976562
1451,0.0,0.1873455047607422
1452,0.0,0.24741172790527344
1453,0.0,0.3364372253417969
1454,0.0,0.30176353454589844
1455,0.0,0.2959022521972656
1456,0.0,0.26189231872558594
1457,0.0,0.2406444549560547
1458,0.0,0.29257965087890625
1459,0.0,0.15127944946289062
1460,0.0,0.05628204345703125
1461,0.0,-0.007856369018554688
1462,0.0,-0.16645431518554688
1463,0.0,-0.030277252197265625
1464,0.0,0.07949447631835938
1465,0.0,0.17948341369628906
1466,0.0,0.3437328338623047
1467,0.0,0.3473548889160156
1468,0.0,0.37431907653808594
1469,0.0,-0.31371307373046875
1470,0.0,-0.1144256591796875
1471,0.0,-0.0060520172119140625
1472,0.0,0.012464523315429688
1473,0.0,-0.0025005340576171875
1474,0.0,0.03156089782714844
1475,0.0,0.05866813659667969
1476,0.0,0.082733154296875
1477,0.0,0.09724044799804688
1478,0.0,0.16536331176757812
1479,0.0,0.19484710693359375
1480,0.0,0.29618263244628906
1481,0.0,0.3061695098876953
1482,0.0,0.34209632873535156
1483,0.0,0.3467235565185547
1484,0.0,0.34548187255859375
1485,0.0,0.330963134765625
1486,0.0,0.3255348205566406
1487,0.0,0.2858772277832031
1488,0.0,0.24272918701171875
1489,0.0,0.2078685760498047
1490,0.0,0.19293785095214844
1491,0.0,0.1728076934814453
1492,0.0,0.2034473419189453
1493,0.0,0.2274322509765625
1494,0.0,0.1854076385498047
1495,0.0,0.09200859069824219
1496,0.0,-0.15255165100097656
1497,0.0,-0.5769290924072266
1498,0.0,-0.6548900604248047
1499,0.0,5.002500534057617
1500,0.0,20.161272048950195
1501,0.0,37.80398178100586
1502,8.0,57.46657943725586
1503,40.0,84.00150299072266
1504,88.0,125.38981628417969
1505,156.0,175.81329345703125
1506,232.0,253.19451904296875
1507,324.0,370.2591247558594
1508,426.0,485.2369079589844
1509,530.0,573.9058227539062
1510,634.0,725.7086181640625
1511,738.0,855.3655395507812
1512,820.0,954.2437133789062
1513,894.0,990.617431640625
1514,958.0,984.0916748046875
1515,1022.0,1029.9345703125
1516,1072.0,1077.3670654296875
1517,1112.0,1132.78466796875
1518,1158.0,1186.76708984375
1519,1194.0,1219.593994140625
1520,1222.0,1242.080078125
1521,1242.0,1250.342529296875
1522,1254.0,1252.9638671875
1523,1254.0,1252.4197998046875
1524,1234.0,1250.8717041015625
1525,1162.0,1243.7662353515625
1526,1116.0,1231.8489990234375
1527,1078.0,1215.234130859375
1528,1058.0,1185.87158203125
1529,1020.0,1136.407470703125
1530,982.0,1080.565185546875
1531,904.0,1018.4195556640625
1532,600.0,868.6415405273438
1533,576.0,661.0505981445312
1534,334.0,304.7868957519531
1535,218.0,78.93684387207031
1536,52.0,7.04207706451416
1537,26.0,1.8783683776855469
1538,10.0,0.9760608673095703
1539,0.0,0.5975780487060547
1540,0.0,0.4205131530761719
1541,0.0,0.5561943054199219
1542,0.0,0.5638599395751953
1543,0.0,0.5876197814941406
1544,0.0,0.6031112670898438
1545,0.0,0.7547531127929688
1546,0.0,0.7286224365234375
1547,0.0,0.6828479766845703
1548,0.0,0.6396694183349609
1549,0.0,0.6500205993652344
1550,0.0,0.6315402984619141
1551,0.0,0.5740127563476562
1552,0.0,0.4962043762207031
1553,0.0,0.3739299774169922
1554,0.0,0.14550209045410156
1555,0.0,0.026479721069335938
1556,0.0,-0.08804893493652344
1557,0.0,-0.21904754638671875
1558,0.0,-0.04663848876953125
1559,0.0,0.11245155334472656
1560,0.0,0.2435741424560547
1561,0.0,0.2160015106201172
1562,0.0,0.2234210968017578
1563,0.0,0.1976757049560547
1564,0.0,0.181121826171875
1565,0.0,0.26071739196777344
1566,0.0,0.3112983703613281
1567,0.0,0.2564868927001953
1568,0.0,0.19577407836914062
1569,0.0,0.15555953979492188
1570,0.0,-0.027345657348632812
1571,0.0,-0.10367393493652344
1572,0.0,-0.15973663330078125
1573,0.0,-0.1914825439453125
1574,0.0,0.008115768432617188
1575,0.0,0.1616077423095703
1576,0.0,0.3835868835449219
1577,0.0,0.42988014221191406
1578,0.0,0.5834980010986328
1579,0.0,0.6008243560791016
1580,0.0,0.5979099273681641
1581,0.0,0.5779266357421875
1582,0.0,0.4653587341308594
1583,0.0,0.3666667938232422
1584,0.0,0.30742835998535156
1585,0.0,0.21389198303222656
1586,0.0,0.23439598083496094
1587,0.0,0.2707653045654297
1588,0.0,0.2934074401855469
1589,0.0,0.25206947326660156
1590,0.0,0.3995513916015625
1591,0.0,0.48633766174316406
1592,0.0,0.5168132781982422
1593,0.0,0.48423194885253906
1594,0.0,0.8155746459960938
1595,0.0,1.2718505859375
1596,0.0,1.7982540130615234
1597,0.0,2.7119579315185547
1598,0.0,4.215843200683594
1599,4.0,6.477490425109863
1600,4.0,9.60473346710205
1601,8.0,14.146759033203125
1602,46.0,20.145906448364258
1603,78.0,27.953229904174805
1604,96.0,37.65272521972656
1605,70.0,47.69015121459961
1606,52.0,63.896705627441406
1607,74.0,85.0726547241211
1608,102.0,110.31768798828125
1609,114.0,144.87344360351562
1610,140.0,256.8390197753906
1611,208.0,473.4828796386719
1612,238.0,628.6644287109375
1613,210.0,730.5806884765625
1614,210.0,801.8173217773438
1615,170.0,848.02490234375
1616,166.0,862.5067749023438
1617,264.0,861.4842529296875
1618,390.0,865.7376708984375
1619,358.0,866.6038208007812
1620,418.0,828.263916015625
1621,456.0,852.9041137695312
1622,366.0,836.8596801757812
1623,424.0,761.7650756835938
1624,242.0,683.5863647460938
1625,260.0,588.1828002929688
1626,328.0,503.053955078125
1627,332.0,446.8689270019531
1628,98.0,415.5444030761719
1629,42.0,374.2417297363281
1630,36.0,287.3191223144531
1631,32.0,180.43194580078125
1632,26.0,87.47150421142578
1633,18.0,40.075347900390625
1634,6.0,7.171165466308594
1635,2.0,-0.9150753021240234
1636,0.0,-1.7542133331298828
1637,0.0,-1.5163459777832031
1638,0.0,-1.400350570678711
1639,0.0,-1.3974628448486328
1640,0.0,-1.4589080810546875
1641,0.0,-1.2257213592529297
1642,0.0,-1.127115249633789
1643,0.0,-0.9239616394042969
1644,0.0,-0.5655651092529297
1645,0.0,-0.2145671844482422
1646,0.0,-0.07459068298339844
1647,0.0,0.07534408569335938
1648,0.0,0.22849273681640625
1649,0.0,0.2778491973876953
1650,0.0,0.6115646362304688
1651,0.0,0.8570079803466797
1652,0.0,1.0338668823242188
1653,0.0,1.122406005859375
1654,0.0,1.014760971069336
1655,0.0,1.0371685028076172
1656,0.0,1.0499439239501953
1657,0.0,0.9531326293945312
1658,0.0,0.9830474853515625
1659,0.0,0.9697322845458984
1660,0.0,0.9643955230712891
1661,0.0,-1.0760345458984375
1662,0.0,0.16432762145996094
1663,0.0,0.5715465545654297
1664,0.0,0.6410560607910156
1665,0.0,0.5082168579101562
1666,0.0,0.5294075012207031
1667,0.0,0.5225505828857422
1668,0.0,0.5633430480957031
1669,0.0,0.5436382293701172
1670,0.0,0.536651611328125
1671,0.0,0.5445919036865234
1672,0.0,0.6642379760742188
1673,0.0,0.7020053863525391
1674,0.0,0.7372722625732422
1675,0.0,0.7071952819824219
1676,0.0,0.6686878204345703
1677,0.0,0.5985851287841797
1678,0.0,0.5624866485595703
1679,0.0,0.50823974609375
1680,0.0,0.46450233459472656
1681,0.0,0.43094825744628906
1682,0.0,0.4769935607910156
1683,0.0,0.5444412231445312
1684,0.0,0.6655101776123047
1685,0.0,0.8816280364990234
1686,0.0,1.085601806640625
1687,0.0,1.1496334075927734
1688,0.0,1.423187255859375
1689,0.0,1.8688316345214844
1690,0.0,4.017067909240723
1691,0.0,9.601757049560547
1692,0.0,20.938440322875977
1693,2.0,39.26287078857422
1694,10.0,69.94232177734375
1695,44.0,121.93158721923828
1696,74.0,201.67047119140625
1697,114.0,294.28076171875
1698,174.0,399.1454162597656
1699,236.0,487.56671142578125
1700,320.0,567.427978515625
1701,386.0,630.5316162109375
1702,468.0,691.354736328125
1703,596.0,745.29443359375
1704,694.0,851.61767578125
1705,754.0,908.8392333984375
1706,740.0,940.336181640625
1707,816.0,972.1746215820312
1708,908.0,1035.283203125
1709,1002.0,1070.6573486328125
1710,1120.0,1105.64208984375
1711,1154.0,1139.0308837890625
1712,1050.0,1168.5859375
1713,1082.0,1189.159912109375
1714,1108.0,1204.0755615234375
1715,1130.0,1207.3153076171875
1716,1146.0,1195.2796630859375
1717,1028.0,1176.4454345703125
1718,1048.0,1152.9263916015625
1719,1032.0,1118.333984375
1720,1016.0,1070.06884765625
1721,1036.0,1026.0980224609375
1722,956.0,928.3555908203125
1723,896.0,719.832275390625
1724,768.0,390.3622741699219
1725,576.0,195.88189697265625
1726,312.0,88.94982147216797
1727,190.0,41.330039978027344
1728,38.0,7.193592071533203
1729,32.0,2.964691162109375
1730,16.0,1.8670387268066406
1731,4.0,1.3310108184814453
1732,0.0,1.1237812042236328
1733,0.0,1.3012371063232422
1734,0.0,1.0657119750976562
1735,0.0,0.9097633361816406
1736,0.0,0.8327159881591797
1737,0.0,0.74951171875
1738,0.0,0.6234531402587891
1739,0.0,0.6034317016601562
1740,0.0,0.6124229431152344
1741,0.0,0.6058750152587891
1742,0.0,0.5651111602783203
1743,0.0,0.54156494140625
1744,0.0,0.5375175476074219
1745,0.0,0.48563385009765625
1746,0.0,0.4051704406738281
1747,0.0,0.3531761169433594
1748,0.0,0.3187713623046875
1749,0.0,0.2035961151123047
1750,0.0,0.22263145446777344
1751,0.0,0.2334766387939453
1752,0.0,0.2664604187011719
1753,0.0,0.2089672088623047
1754,0.0,0.16536903381347656
1755,0.0,0.13634300231933594
1756,0.0,0.11836433410644531
1757,0.0,-0.3514976501464844
1758,0.0,-0.443939208984375
1759,0.0,-0.40851593017578125
1760,0.0,-0.3743000030517578
1761,0.0,-0.34484291076660156
1762,0.0,-0.2780170440673828
1763,0.0,-0.21523475646972656
1764,0.0,-0.1520824432373047
1765,0.0,-0.14834213256835938
1766,0.0,0.20697975158691406
1767,0.0,0.4724903106689453
1768,0.0,0.7429637908935547
1769,0.0,0.6872119903564453
1770,0.0,0.5829124450683594
1771,0.0,0.5635910034179688
1772,0.0,0.49054527282714844
1773,0.0,0.40860748291015625
1774,0.0,0.4128284454345703
1775,0.0,0.5623207092285156
1776,0.0,0.029832839965820312
1777,0.0,-1.3843975067138672
1778,0.0,-2.053516387939453
1779,0.0,-2.372264862060547
1780,0.0,-2.617900848388672
1781,0.0,-2.893218994140625
1782,0.0,-3.0671157836914062
1783,0.0,-3.0796051025390625
1784,0.0,-3.0327205657958984
1785,0.0,-2.8719482421875
1786,0.0,-2.4609947204589844
1787,0.0,-1.372732162475586
1788,0.0,0.7858371734619141
1789,2.0,5.044699668884277
1790,6.0,12.638154983520508
1791,8.0,24.95758819580078
1792,32.0,35.436119079589844
1793,48.0,37.078826904296875
1794,86.0,38.600555419921875
1795,98.0,41.26740264892578
1796,114.0,46.245941162109375
1797,122.0,56.874542236328125
1798,144.0,69.51371765136719
1799,196.0,79.85289001464844
1800,178.0,69.30741882324219
1801,214.0,44.45751953125
1802,240.0,35.23772430419922
1803,288.0,30.528823852539062
1804,314.0,28.180011749267578
1805,640.0,27.23816680908203
1806,914.0,26.556438446044922
1807,632.0,26.59665870666504
1808,280.0,26.254619598388672
1809,196.0,24.92978858947754
1810,174.0,23.903362274169922
1811,190.0,23.197847366333008
1812,188.0,22.618671417236328
1813,168.0,22.017597198486328
1814,160.0,21.057239532470703
1815,140.0,20.225706100463867
1816,140.0,19.681995391845703
1817,120.0,17.928119659423828
1818,100.0,14.82211685180664
1819,106.0,10.544414520263672
1820,88.0,5.2718963623046875
1821,78.0,-3.2113494873046875
1822,44.0,-8.622037887573242
1823,28.0,-9.962787628173828
1824,18.0,-9.719797134399414
1825,6.0,-8.883689880371094
1826,0.0,-8.426279067993164
1827,0.0,-6.938955307006836
1828,0.0,-4.760641098022461
1829,0.0,-2.2897109985351562
1830,0.0,-1.1463508605957031
1831,0.0,-0.5826015472412109
1832,0.0,-0.33548545837402344
1833,0.0,0.21100425720214844
1834,0.0,0.3355693817138672
1835,0.0,0.4424171447753906
1836,0.0,0.4960899353027344
1837,0.0,0.8109855651855469
1838,0.0,0.8878326416015625
1839,0.0,1.0815963745117188
1840,0.0,1.5593624114990234
1841,0.0,1.6771392822265625
1842,0.0,1.4808006286621094
1843,0.0,1.379049301147461
1844,0.0,1.3192920684814453
1845,0.0,1.162750244140625
1846,0.0,1.0579071044921875
1847,0.0,0.995819091796875
1848,0.0,0.9642524719238281
1849,0.0,0.8165779113769531
1850,0.0,0.7394180297851562
1851,0.0,0.6950435638427734
1852,0.0,0.6730136871337891
1853,0.0,-1.1661720275878906
1854,0.0,-0.10762214660644531
1855,0.0,0.043056488037109375
1856,0.0,0.14582443237304688
1857,0.0,0.14159202575683594
1858,0.0,0.16563034057617188
1859,0.0,0.14799880981445312
1860,0.0,0.09868431091308594
1861,0.0,0.011144638061523438
1862,0.0,-0.13761138916015625
1863,0.0,-0.3014945983886719
1864,0.0,-0.27634239196777344
1865,0.0,-0.26045989990234375
1866,0.0,-0.22058868408203125
1867,0.0,-0.20233726501464844
1868,0.0,-0.19099807739257812
1869,0.0,-0.1932544708251953
1870,0.0,-0.19347763061523438
1871,0.0,-0.24318504333496094
1872,0.0,-0.30875587463378906
1873,0.0,-0.6503620147705078
1874,0.0,-1.2556133270263672
1875,0.0,-1.9031333923339844
1876,0.0,-2.4151248931884766
1877,0.0,-2.6185264587402344
1878,0.0,-2.731313705444336
1879,0.0,-2.754152297973633
1880,0.0,-2.7447452545166016
1881,0.0,-2.482624053955078
1882,0.0,-1.8220176696777344
1883,0.0,0.8641529083251953
1884,0.0,7.470787048339844
1885,2.0,20.740474700927734
1886,10.0,42.086021423339844
1887,42.0,73.16019439697266
1888,74.0,118.87867736816406
1889,136.0,190.61300659179688
1890,216.0,296.7964782714844
1891,296.0,414.7056884765625
1892,404.0,504.9546203613281
1893,500.0,577.0946044921875
1894,620.0,669.6832275390625
1895,692.0,790.3255615234375
1896,752.0,915.82080078125
1897,874.0,998.560546875
1898,914.0,1046.36962890625
1899,976.0,1076.9884033203125
1900,1028.0,1137.108154296875
1901,1086.0,1183.5623779296875
1902,1086.0,1225.15283203125
1903,1126.0,1248.49462890625
1904,1194.0,1258.5233154296875
1905,1216.0,1258.991943359375
1906,1200.0,1256.2586669921875
1907,1196.0,1241.36376953125
1908,1130.0,1214.6771240234375
1909,1080.0,1198.2017822265625
1910,1026.0,1125.9747314453125
1911,976.0,1072.89453125
1912,916.0,1003.143798828125
1913,696.0,897.826416015625
1914,652.0,776.9169311523438
1915,372.0,661.2276611328125
1916,224.0,555.7020874023438
1917,184.0,420.73602294921875
1918,132.0,259.0121154785156
1919,104.0,90.62013244628906
1920,80.0,30.958938598632812
1921,44.0,9.599116325378418
1922,10.0,2.632404327392578
1923,2.0,0.6452617645263672
1924,0.0,-0.128204345703125
1925,0.0,-0.11223983764648438
1926,0.0,-0.060962677001953125
1927,0.0,-0.0053234100341796875
1928,0.0,0.049072265625
1929,0.0,0.17235755920410156
1930,0.0,0.21979904174804688
1931,0.0,0.2733573913574219
1932,0.0,0.3388042449951172
1933,0.0,0.37989234924316406
1934,0.0,0.3376598358154297
1935,0.0,0.3331108093261719
1936,0.0,0.3466644287109375
1937,0.0,0.29572105407714844
1938,0.0,0.21672821044921875
1939,0.0,0.17771339416503906
1940,0.0,0.15802574157714844
1941,0.0,0.07353782653808594
1942,0.0,0.06284904479980469
1943,0.0,0.05603218078613281
1944,0.0,0.064544677734375
1945,0.0,-0.008359909057617188
1946,0.0,-0.010868072509765625
1947,0.0,-0.0056934356689453125
1948,0.0,0.012729644775390625
1949,0.0,-0.5085830688476562
1950,0.0,-0.6177425384521484
1951,0.0,-0.6269683837890625
1952,0.0,-0.6205348968505859
1953,0.0,-0.642333984375
1954,0.0,-0.5903167724609375
1955,0.0,-0.5211753845214844
1956,0.0,-0.4450206756591797
1957,0.0,-0.4346446990966797
1958,0.0,-0.3932762145996094
1959,0.0,-0.3407707214355469
1960,0.0,-0.2347259521484375
1961,0.0,-0.32888031005859375
1962,0.0,-0.33072662353515625
1963,0.0,-0.3486347198486328
1964,0.0,-0.35453033447265625
1965,0.0,-0.4120445251464844
1966,0.0,-0.3993072509765625
1967,0.0,-0.4163055419921875
1968,0.0,-0.4220008850097656
1969,0.0,-0.45941925048828125
1970,0.0,-0.40262413024902344
1971,0.0,-0.35346412658691406
1972,0.0,-0.23128890991210938
1973,0.0,-0.07362747192382812
1974,0.0,0.229400634765625
1975,0.0,0.57373046875
1976,0.0,0.9855556488037109
1977,0.0,1.5323047637939453
1978,0.0,2.7002410888671875
1979,0.0,4.693215370178223
1980,0.0,7.443393707275391
1981,0.0,10.976852416992188
1982,0.0,16.865100860595703
1983,0.0,26.724456787109375
1984,4.0,41.76005935668945
1985,8.0,60.268978118896484
1986,8.0,79.69945526123047
1987,8.0,98.87786865234375
1988,36.0,118.44326782226562
1989,40.0,136.75369262695312
1990,52.0,154.48748779296875
1991,50.0,171.31106567382812
1992,54.0,186.53579711914062
1993,54.0,197.19937133789062
1994,54.0,209.35711669921875
1995,72.0,223.8291015625
1996,92.0,242.07962036132812
1997,124.0,262.5681457519531
1998,110.0,296.2922058105469
1999,106.0,354.4315490722656
2000,106.0,430.4773254394531
2001,110.0,488.1732177734375
2002,104.0,525.1083984375
2003,94.0,466.2390441894531
2004,98.0,384.286865234375
2005,80.0,326.0992736816406
2006,64.0,299.01251220703125
2007,60.0,281.9888916015625
2008,60.0,256.69952392578125
2009,48.0,211.03863525390625
2010,32.0,169.40707397460938
2011,32.0,147.72344970703125
2012,36.0,135.56390380859375
2013,28.0,120.841796875
2014,18.0,102.39574432373047
2015,10.0,78.7818832397461
2016,2.0,46.611228942871094
2017,2.0,14.652091979980469
2018,0.0,0.7997055053710938
2019,0.0,-0.6811809539794922
2020,0.0,-0.9880504608154297
2021,0.0,-0.8601131439208984
2022,0.0,-0.8713932037353516
2023,0.0,-0.9227619171142578
2024,0.0,-1.0241813659667969
2025,0.0,-0.8270359039306641
2026,0.0,-0.7349815368652344
2027,0.0,-0.6584758758544922
2028,0.0,-0.5773429870605469
2029,0.0,-0.34592628479003906
2030,0.0,-0.22100067138671875
2031,0.0,-0.11757087707519531
2032,0.0,-0.013164520263671875
2033,0.0,0.09233474731445312
2034,0.0,0.15979957580566406
2035,0.0,0.2408618927001953
2036,0.0,0.2594718933105469
2037,0.0,0.23752593994140625
2038,0.0,0.22774887084960938
2039,0.0,0.21709823608398438
2040,0.0,0.20954322814941406
2041,0.0,0.1846599578857422
2042,0.0,0.23073387145996094
2043,0.0,0.2734642028808594
2044,0.0,0.32657623291015625
2045,0.0,0.3551673889160156
2046,0.0,0.6054630279541016
2047,0.0,0.32938194274902344
2048,0.0,0.2928466796875
2049,0.0,0.36382293701171875
2050,0.0,0.5347766876220703
2051,0.0,-0.13483238220214844
2052,0.0,-2.3194923400878906
2053,0.0,-2.9751853942871094
2054,0.0,-3.138113021850586
2055,0.0,-3.1822071075439453
2056,0.0,-3.1585559844970703
2057,0.0,-3.133401870727539
2058,0.0,-3.065084457397461
2059,0.0,-3.054920196533203
2060,0.0,-3.069936752319336
2061,0.0,-3.062519073486328
2062,0.0,-2.996236801147461
2063,0.0,-2.953298568725586
2064,0.0,-2.92889404296875
2065,0.0,-2.8427867889404297
2066,0.0,-2.7637062072753906
2067,0.0,-2.7438182830810547
2068,0.0,-2.7492828369140625
2069,0.0,-2.6857528686523438
2070,0.0,-2.645557403564453
2071,0.0,-2.616870880126953
2072,0.0,-2.6037254333496094
2073,0.0,-2.4731178283691406
2074,0.0,-2.3661441802978516
2075,0.0,-2.114105224609375
2076,0.0,-1.7764625549316406
2077,0.0,-1.0903682708740234
2078,0.0,-0.4746360778808594
2079,0.0,0.2630195617675781
2080,0.0,1.052999496459961
2081,0.0,2.30657958984375
2082,4.0,3.318366050720215
2083,6.0,4.573319435119629
2084,8.0,6.368675231933594
2085,10.0,9.920452117919922
2086,24.0,14.818127632141113
2087,30.0,21.05377197265625
2088,38.0,26.765071868896484
2089,42.0,29.753345489501953
2090,46.0,30.700668334960938
2091,44.0,30.741859436035156
2092,56.0,30.05982208251953
2093,64.0,28.677467346191406
2094,72.0,26.949462890625
2095,82.0,25.75975227355957
2096,86.0,25.002685546875
2097,102.0,24.263046264648438
2098,118.0,23.132301330566406
2099,116.0,21.992176055908203
2100,124.0,20.878421783447266
2101,152.0,19.09282684326172
2102,148.0,16.635372161865234
2103,132.0,14.15800666809082
2104,116.0,11.91877555847168
2105,96.0,8.118428230285645
2106,86.0,4.066922187805176
2107,70.0,0.6926860809326172
2108,52.0,-2.0436153411865234
2109,34.0,-3.957164764404297
2110,26.0,-5.792116165161133
2111,8.0,-7.263790130615234
2112,4.0,-8.428979873657227
2113,0.0,-7.643013000488281
2114,0.0,-6.686403274536133
2115,0.0,-5.601146697998047
2116,0.0,-4.790569305419922
2117,0.0,-3.4136600494384766
2118,0.0,-2.760723114013672
2119,0.0,-2.4273033142089844
2120,0.0,-2.186006546020508
2121,0.0,-1.5650825500488281
2122,0.0,-1.2000503540039062
2123,0.0,-0.7906723022460938
2124,0.0,-0.39582061767578125
2125,0.0,-0.01395416259765625
2126,0.0,0.05483055114746094
2127,0.0,0.08110809326171875
2128,0.0,0.11204910278320312
2129,0.0,0.17731475830078125
2130,0.0,0.2729148864746094
2131,0.0,0.4059600830078125
2132,0.0,0.4446983337402344
2133,0.0,0.4308128356933594
2134,0.0,0.4416828155517578
2135,0.0,0.4438362121582031
2136,0.0,0.44664764404296875
2137,0.0,0.4389839172363281
2138,0.0,0.44635009765625
2139,0.0,0.4425773620605469
2140,0.0,0.4418926239013672
2141,0.0,0.023197174072265625
2142,0.0,0.5032386779785156
2143,0.0,0.27544403076171875
2144,0.0,0.3454303741455078
2145,0.0,0.3424415588378906
2146,0.0,-0.32232093811035156
2147,0.0,-2.4380359649658203
2148,0.0,-3.0943641662597656
2149,0.0,-3.2129859924316406
2150,0.0,-3.2318153381347656
2151,0.0,-3.2940807342529297
2152,0.0,-3.3297481536865234
2153,0.0,-3.3397445678710938
2154,0.0,-3.2736740112304688
2155,0.0,-3.2665977478027344
2156,0.0,-3.281343460083008
2157,0.0,-3.314298629760742
2158,0.0,-3.2764644622802734
2159,0.0,-3.247690200805664
2160,0.0,-3.2494049072265625
2161,0.0,-3.250356674194336
2162,0.0,-3.2060909271240234
2163,0.0,-3.25238037109375
2164,0.0,-3.3188304901123047
2165,0.0,-3.391998291015625
2166,0.0,-3.440359115600586
2167,0.0,-3.466825485229492
2168,0.0,-3.5144424438476562
2169,0.0,-3.5479660034179688
2170,0.0,-3.536428451538086
2171,0.0,-3.314119338989258
2172,0.0,-2.8673095703125
2173,0.0,-1.7740058898925781
2174,0.0,0.3497333526611328
2175,0.0,3.606478691101074
2176,2.0,7.869204521179199
2177,8.0,15.062929153442383
2178,22.0,33.63002014160156
2179,32.0,76.58626556396484
2180,44.0,135.95266723632812
2181,56.0,175.43911743164062
2182,62.0,190.23291015625
2183,90.0,192.14718627929688
2184,94.0,193.52810668945312
2185,132.0,185.59646606445312
2186,102.0,183.33840942382812
2187,272.0,190.669677734375
2188,162.0,213.37255859375
2189,318.0,259.69329833984375
2190,472.0,353.62786865234375
2191,264.0,487.58544921875
2192,418.0,650.5039672851562
2193,938.0,778.7417602539062
2194,860.0,885.5841064453125
2195,432.0,948.9419555664062
2196,740.0,828.24755859375
2197,676.0,657.9974975585938
2198,874.0,459.2382507324219
2199,830.0,615.4654541015625
2200,744.0,707.8258666992188
2201,734.0,716.6527709960938
2202,708.0,691.7080688476562
2203,590.0,642.8929443359375
2204,204.0,582.0497436523438
2205,76.0,449.3092956542969
2206,56.0,276.7496643066406
2207,46.0,135.49099731445312
2208,30.0,61.077842712402344
2209,10.0,39.774391174316406
2210,2.0,7.7080535888671875
2211,0.0,1.1392173767089844
2212,0.0,-0.35650634765625
2213,0.0,-0.06724166870117188
2214,0.0,0.05945777893066406
2215,0.0,0.13390159606933594
2216,0.0,0.15531349182128906
2217,0.0,0.47023963928222656
2218,0.0,0.5762462615966797
2219,0.0,0.6849155426025391
2220,0.0,0.7178077697753906
2221,0.0,0.906585693359375
2222,0.0,1.0704402923583984
2223,0.0,1.4100170135498047
2224,0.0,1.500762939453125
2225,0.0,1.4605388641357422
2226,0.0,1.3296699523925781
2227,0.0,1.275716781616211
2228,0.0,1.241342544555664
2229,0.0,1.130453109741211
2230,0.0,1.054239273071289
2231,0.0,1.0082969665527344
2232,0.0,0.9772911071777344
2233,0.0,0.8459625244140625
2234,0.0,0.8635940551757812
2235,0.0,0.8478832244873047
2236,0.0,0.8414974212646484
2237,0.0,-1.1175079345703125
2238,0.0,-0.00981903076171875
2239,0.0,0.19637489318847656
2240,0.0,0.3356971740722656
2241,0.0,0.38130760192871094
2242,0.0,0.47245025634765625
2243,0.0,0.5475635528564453
2244,0.0,0.5819625854492188
2245,0.0,0.5793514251708984
2246,0.0,0.5790901184082031
2247,0.0,0.5367202758789062
2248,0.0,0.6451282501220703
2249,0.0,0.6321220397949219
2250,0.0,0.6380786895751953
2251,0.0,0.6131877899169922
2252,0.0,0.6049938201904297
2253,0.0,0.6156196594238281
2254,0.0,0.6267795562744141
2255,0.0,0.6191310882568359
2256,0.0,0.6120700836181641
2257,0.0,0.6034183502197266
2258,0.0,0.4758567810058594
2259,0.0,0.4055023193359375
2260,0.0,0.30152130126953125
2261,0.0,0.14772987365722656
2262,0.0,0.1119537353515625
2263,0.0,0.012447357177734375
2264,0.0,0.025547027587890625
2265,0.0,0.054378509521484375
2266,0.0,0.3435096740722656
2267,0.0,1.2700080871582031
2268,0.0,3.7576560974121094
2269,0.0,8.27613639831543
2270,2.0,16.79630470275879
2271,38.0,29.631412506103516
2272,94.0,47.623687744140625
2273,82.0,69.01904296875
2274,112.0,95.97435760498047
2275,146.0,128.60574340820312
2276,230.0,166.06417846679688
2277,322.0,198.07318115234375
2278,398.0,224.27691650390625
2279,546.0,246.16677856445312
2280,392.0,266.7546691894531
2281,454.0,282.3875732421875
2282,656.0,320.130859375
2283,772.0,368.3260192871094
2284,758.0,419.1979675292969
2285,742.0,485.4920959472656
2286,1048.0,574.4556274414062
2287,1180.0,670.730712890625
2288,1184.0,756.3573608398438
2289,1184.0,848.875
2290,1164.0,951.1268920898438
2291,1098.0,928.6588134765625
2292,1034.0,971.6978149414062
2293,976.0,1047.6156005859375
2294,810.0,1055.186279296875
2295,598.0,1033.860107421875
2296,732.0,1025.642578125
2297,684.0,1007.3872680664062
2298,630.0,907.3600463867188
2299,646.0,693.8204956054688
2300,448.0,439.24652099609375
2301,160.0,252.22357177734375
2302,64.0,97.5265884399414
2303,52.0,37.0489387512207
2304,38.0,6.464115142822266
2305,14.0,2.903426170349121
2306,0.0,1.5986652374267578
2307,0.0,1.2291069030761719
2308,0.0,1.1144046783447266
2309,0.0,1.2907562255859375
2310,0.0,1.3355560302734375
2311,0.0,1.3449440002441406
2312,0.0,1.3243408203125
2313,0.0,1.3557891845703125
2314,0.0,1.2744598388671875
2315,0.0,1.2221317291259766
2316,0.0,1.1819534301757812
2317,0.0,1.1752986907958984
2318,0.0,1.1651153564453125
2319,0.0,1.1876449584960938
2320,0.0,1.2255706787109375
2321,0.0,1.2316226959228516
2322,0.0,1.2487220764160156
2323,0.0,1.284271240234375
2324,0.0,1.3244304656982422
2325,0.0,1.2782630920410156
2326,0.0,1.2768726348876953
2327,0.0,1.2797565460205078
2328,0.0,1.2896804809570312
2329,0.0,1.18603515625
2330,0.0,1.1997547149658203
2331,0.0,1.2015857696533203
2332,0.0,1.2151107788085938
2333,0.0,-0.9017124176025391
2334,0.0,0.2584400177001953
2335,0.0,0.3912944793701172
2336,0.0,0.4711723327636719
2337,0.0,0.43621253967285156
2338,0.0,0.43508338928222656
2339,0.0,0.3961181640625
2340,0.0,0.34528350830078125
2341,0.0,0.25875091552734375
2342,0.0,0.07704925537109375
2343,0.0,-0.11947822570800781
2344,0.0,0.2970161437988281
2345,0.0,0.11820220947265625
2346,0.0,-0.17591094970703125
2347,0.0,-0.4800090789794922
2348,0.0,-0.6574230194091797
2349,0.0,-0.7362957000732422
2350,0.0,-0.8187122344970703
2351,0.0,-0.9532146453857422
2352,0.0,-1.167379379272461
2353,0.0,-1.5712661743164062
2354,0.0,-1.947580337524414
2355,0.0,-2.2703113555908203
2356,0.0,-2.5409011840820312
2357,0.0,-2.607637405395508
2358,0.0,-2.7825565338134766
2359,0.0,-2.890108108520508
2360,0.0,-2.975038528442383
2361,0.0,-2.841184616088867
2362,0.0,-2.6818294525146484
2363,0.0,-2.3908863067626953
2364,0.0,-1.0726451873779297
2365,0.0,1.8451118469238281
2366,0.0,9.226700782775879
2367,14.0,25.055057525634766
2368,60.0,48.90354919433594
2369,112.0,80.45692443847656
2370,158.0,131.17808532714844
2371,258.0,211.95046997070312
2372,350.0,312.7193603515625
2373,452.0,404.51239013671875
2374,556.0,469.4819030761719
2375,658.0,522.072998046875
2376,758.0,589.8425903320312
2377,824.0,687.8290405273438
2378,892.0,844.1237182617188
2379,946.0,948.4164428710938
2380,1006.0,1026.0823974609375
2381,1046.0,1059.587646484375
2382,1082.0,1085.477294921875
2383,1112.0,1119.2027587890625
2384,1136.0,1165.5350341796875
2385,1150.0,1187.3040771484375
2386,1154.0,1199.4627685546875
2387,1140.0,1206.1986083984375
2388,1096.0,1210.0477294921875
2389,1034.0,1200.5523681640625
2390,994.0,1181.385986328125
2391,930.0,1159.1331787109375
2392,882.0,1130.0789794921875
2393,870.0,1085.6597900390625
2394,834.0,1022.853759765625
2395,740.0,909.0311279296875
2396,488.0,615.4368286132812
2397,168.0,316.2582092285156
2398,130.0,130.579833984375
2399,40.0,52.43790817260742
2400,26.0,7.617832183837891
2401,4.0,3.5475425720214844
2402,0.0,2.3683319091796875
2403,0.0,0.8382434844970703
2404,0.0,0.02080535888671875
2405,0.0,0.41111183166503906
2406,0.0,0.2801780700683594
2407,0.0,0.28972434997558594
2408,0.0,0.31170082092285156
2409,0.0,0.6281185150146484
2410,0.0,0.5042457580566406
2411,0.0,0.4407062530517578
2412,0.0,0.4051399230957031
2413,0.0,0.47625732421875
2414,0.0,0.3137092590332031
2415,0.0,0.20450592041015625
2416,0.0,0.11461448669433594
2417,0.0,0.07055282592773438
2418,0.0,0.09778976440429688
2419,0.0,0.12842941284179688
2420,0.0,0.17423248291015625
2421,0.0,0.2601604461669922
2422,0.0,0.3201160430908203
2423,0.0,0.48507118225097656
2424,0.0,0.6436119079589844
2425,0.0,0.6895408630371094
2426,0.0,0.6914176940917969
2427,0.0,0.6744232177734375
2428,0.0,0.6523838043212891
2429,0.0,0.46413230895996094
2430,0.0,0.5338020324707031
2431,0.0,0.3594951629638672
2432,0.0,0.4327850341796875
2433,0.0,0.5723075866699219
2434,0.0,0.6230335235595703
2435,0.0,0.125885009765625
2436,0.0,-1.5876274108886719
2437,0.0,-2.8011417388916016
2438,0.0,-3.171009063720703
2439,0.0,-3.177885055541992
2440,0.0,-3.156810760498047
2441,0.0,-3.079244613647461
2442,0.0,-2.926950454711914
2443,0.0,-2.8176097869873047
2444,0.0,-2.720071792602539
2445,0.0,-2.5627193450927734
2446,0.0,-2.4246368408203125
2447,0.0,-2.3425235748291016
2448,0.0,-2.2902297973632812
2449,0.0,-2.182659149169922
2450,0.0,-2.257587432861328
2451,0.0,-2.4455699920654297
2452,0.0,-2.549104690551758
2453,0.0,-2.485492706298828
2454,0.0,-2.789722442626953
2455,0.0,-2.7237167358398438
2456,0.0,-2.664621353149414
2457,0.0,-2.453441619873047
2458,0.0,-2.4659194946289062
2459,0.0,-1.9522209167480469
2460,0.0,-1.4114303588867188
2461,0.0,-1.0345115661621094
2462,0.0,-0.1856708526611328
2463,0.0,0.7619609832763672
2464,4.0,1.7489509582519531
2465,0.0,3.3126754760742188
2466,6.0,5.118341445922852
2467,6.0,8.044761657714844
2468,8.0,12.265653610229492
2469,16.0,17.009361267089844
2470,28.0,20.68526840209961
2471,56.0,23.154312133789062
2472,64.0,24.637901306152344
2473,64.0,25.121044158935547
2474,62.0,24.986112594604492
2475,68.0,24.903480529785156
2476,70.0,24.89741325378418
2477,60.0,24.82506561279297
2478,64.0,24.342578887939453
2479,80.0,24.098594665527344
2480,82.0,24.410335540771484
2481,62.0,24.990604400634766
2482,64.0,24.421342849731445
2483,58.0,22.78129768371582
2484,52.0,20.70659637451172
2485,64.0,19.150177001953125
2486,42.0,18.184040069580078
2487,40.0,17.239459991455078
2488,40.0,16.041223526000977
2489,26.0,14.224700927734375
2490,22.0,10.700020790100098
2491,16.0,6.961763381958008
2492,16.0,3.775592803955078
2493,8.0,1.7309856414794922
2494,4.0,0.03452110290527344
2495,4.0,-0.6900863647460938
2496,0.0,-1.020132064819336
2497,0.0,-1.0458450317382812
2498,0.0,-1.1450443267822266
2499,0.0,-1.0517311096191406
2500,0.0,-0.9560356140136719
2501,0.0,-0.7898902893066406
2502,0.0,-1.1486930847167969
2503,0.0,-1.1869850158691406
2504,0.0,-1.2510032653808594
2505,0.0,-1.1503028869628906
2506,0.0,-0.8957538604736328
2507,0.0,-0.9060459136962891
2508,0.0,-0.9057693481445312
2509,0.0,-0.8056221008300781
2510,0.0,-0.8198757171630859
2511,0.0,-0.8136520385742188
2512,0.0,-0.8162956237792969
2513,0.0,-0.7617855072021484
2514,0.0,-0.7724094390869141
2515,0.0,-0.7585983276367188
2516,0.0,-0.7280559539794922
2517,0.0,-0.6044349670410156
2518,0.0,-0.5025787353515625
2519,0.0,-0.3342132568359375
2520,0.0,-0.1519794464111328
2521,0.0,0.04856109619140625
2522,0.0,0.09532546997070312
2523,0.0,0.1514129638671875
2524,0.0,0.1876964569091797
2525,0.0,-0.4905681610107422
2526,0.0,-0.02972412109375
2527,0.0,-0.3972911834716797
2528,0.0,-0.27552032470703125
2529,0.0,-0.07079696655273438
2530,0.0,0.14857864379882812
2531,0.0,0.2937030792236328
2532,0.0,0.3674488067626953
2533,0.0,0.3948974609375
2534,0.0,0.4654045104980469
2535,0.0,0.5564689636230469
2536,0.0,0.5640468597412109
2537,0.0,0.4022960662841797
2538,0.0,0.191680908203125
2539,0.0,0.0242462158203125
2540,0.0,-0.043033599853515625
2541,0.0,-0.10111618041992188
2542,0.0,-0.136688232421875
2543,0.0,-0.19263648986816406
2544,0.0,-0.2876567840576172
2545,0.0,-0.5143604278564453
2546,0.0,-0.8981189727783203
2547,0.0,-1.4134101867675781
2548,0.0,-2.1301212310791016
2549,0.0,-2.663442611694336
2550,0.0,-2.9377689361572266
2551,0.0,-2.914876937866211
2552,0.0,-2.6472911834716797
2553,0.0,-2.3391189575195312
2554,0.0,-1.8981609344482422
2555,0.0,-1.1319389343261719
2556,0.0,0.09322738647460938
2557,0.0,2.023632049560547
2558,0.0,4.556567192077637
2559,0.0,7.043025970458984
2560,2.0,8.680460929870605
2561,8.0,9.814148902893066
2562,34.0,10.205060958862305
2563,48.0,11.001585006713867
2564,62.0,13.128170013427734
2565,64.0,18.02309799194336
2566,66.0,26.044879913330078
2567,64.0,34.9268798828125
2568,56.0,48.82947540283203
2569,64.0,78.39830017089844
2570,64.0,134.99691772460938
2571,64.0,263.120849609375
2572,64.0,461.97015380859375
2573,72.0,608.458984375
2574,80.0,688.3491821289062
2575,64.0,731.2342529296875
2576,72.0,763.9241333007812
2577,72.0,789.9451904296875
2578,60.0,811.1119995117188
2579,56.0,834.0216674804688
2580,48.0,876.0155029296875
2581,48.0,909.2933959960938
2582,48.0,896.5371704101562
2583,36.0,866.9130249023438
2584,32.0,826.5901489257812
2585,24.0,762.2278442382812
2586,20.0,673.0772705078125
2587,16.0,586.5245971679688
2588,4.0,483.16143798828125
2589,4.0,358.4139709472656
2590,0.0,250.14700317382812
2591,0.0,177.61282348632812
2592,0.0,126.61940002441406
2593,0.0,92.64446258544922
2594,0.0,69.09056091308594
2595,0.0,30.37290382385254
2596,0.0,-1.5043449401855469
2597,0.0,-2.039264678955078
2598,0.0,-1.7478809356689453
2599,0.0,-1.2745838165283203
2600,0.0,-1.093282699584961
2601,0.0,-0.7629661560058594
2602,0.0,-0.5325984954833984
2603,0.0,-0.4171905517578125
2604,0.0,-0.3417797088623047
2605,0.0,-0.1536846160888672
2606,0.0,-0.05324745178222656
2607,0.0,0.021030426025390625
2608,0.0,0.07921791076660156
2609,0.0,0.1943378448486328
2610,0.0,0.3804340362548828
2611,0.0,0.3779468536376953
2612,0.0,0.3387870788574219
2613,0.0,0.17746353149414062
2614,0.0,-0.05585289001464844
2615,0.0,-0.06317901611328125
2616,0.0,-0.0752716064453125
2617,0.0,-0.03573799133300781
2618,0.0,0.04718780517578125
2619,0.0,0.11175537109375
2620,0.0,0.16599464416503906
2621,0.0,0.2910118103027344
2622,0.0,0.15409088134765625
2623,0.0,0.1494579315185547
2624,0.0,0.18970108032226562
2625,0.0,0.48293304443359375
2626,0.0,0.6669635772705078
2627,0.0,0.6699390411376953
2628,0.0,0.6952152252197266
2629,0.0,0.7795181274414062
2630,0.0,0.50335693359375
2631,0.0,0.25127410888671875
2632,0.0,-0.034801483154296875
2633,0.0,-0.317413330078125
2634,0.0,-0.5131607055664062
2635,0.0,-0.7410717010498047
2636,0.0,-0.9883022308349609
2637,0.0,-1.4053325653076172
2638,0.0,-1.7605571746826172
2639,0.0,-2.2596893310546875
2640,0.0,-2.662750244140625
2641,0.0,-2.756175994873047
2642,0.0,-2.9614810943603516
2643,0.0,-3.264261245727539
2644,0.0,-3.529632568359375
2645,0.0,-3.9052963256835938
2646,0.0,-3.498769760131836
2647,0.0,-3.0281639099121094
2648,0.0,-2.5803489685058594
2649,0.0,-2.1771717071533203
2650,0.0,-2.212209701538086
2651,0.0,-1.9814453125
2652,0.0,-1.2964286804199219
2653,0.0,0.42826271057128906
2654,0.0,3.4839982986450195
2655,0.0,7.351046562194824
2656,0.0,11.841394424438477
2657,0.0,16.62974739074707
2658,0.0,20.242870330810547
2659,0.0,22.344226837158203
2660,4.0,22.563232421875
2661,10.0,21.73880386352539
2662,18.0,21.41227912902832
2663,36.0,21.713359832763672
2664,26.0,22.29656982421875
2665,28.0,22.902172088623047
2666,26.0,23.45240592956543
2667,36.0,24.244495391845703
2668,40.0,25.06369400024414
2669,28.0,25.37640380859375
2670,28.0,26.320079803466797
2671,36.0,29.595836639404297
2672,60.0,32.71641540527344
2673,52.0,33.861915588378906
2674,74.0,35.124183654785156
2675,46.0,36.514644622802734
2676,32.0,37.76167678833008
2677,42.0,38.05928039550781
2678,26.0,38.30036926269531
2679,28.0,37.68023681640625
2680,36.0,35.124732971191406
2681,30.0,28.931779861450195
2682,22.0,21.00445556640625
2683,12.0,14.225808143615723
2684,12.0,8.967753410339355
2685,8.0,4.927408218383789
2686,4.0,1.3061027526855469
2687,0.0,-0.6317405700683594
2688,0.0,-1.6152000427246094
2689,0.0,-1.8656463623046875
2690,0.0,-1.3805465698242188
2691,0.0,-1.14312744140625
2692,0.0,-0.9235610961914062
2693,0.0,-0.6238594055175781
2694,0.0,-1.1445503234863281
2695,0.0,-1.2616291046142578
2696,0.0,-1.3593120574951172
2697,0.0,-1.272073745727539
2698,0.0,-1.1784820556640625
2699,0.0,-0.9711437225341797
2700,0.0,-0.7254219055175781
2701,0.0,-0.42371177673339844
2702,0.0,-0.4743995666503906
2703,0.0,-0.20206069946289062
2704,0.0,-0.02771759033203125
2705,0.0,0.13809585571289062
2706,0.0,0.37288475036621094
2707,0.0,0.40698814392089844
2708,0.0,0.46129608154296875
2709,0.0,0.49306297302246094
2710,0.0,0.5005035400390625
2711,0.0,0.5021228790283203
2712,0.0,0.5111885070800781
2713,0.0,0.5120925903320312
2714,0.0,0.6417675018310547
2715,0.0,0.8032913208007812
2716,0.0,0.9372482299804688
2717,0.0,-1.0684261322021484
2718,0.0,0.1848583221435547
2719,0.0,0.36809730529785156
2720,0.0,0.12183380126953125
2721,0.0,-0.3249835968017578
2722,0.0,-0.6081733703613281
2723,0.0,-0.7841587066650391
2724,0.0,-0.8317470550537109
2725,0.0,-0.8584632873535156
2726,0.0,-0.7142772674560547
2727,0.0,-0.39100074768066406
2728,0.0,-0.203125
2729,0.0,0.16329193115234375
2730,0.0,0.10628128051757812
2731,0.0,-0.0805816650390625
2732,0.0,-0.3938446044921875
2733,0.0,-0.7146739959716797
2734,0.0,-0.4116783142089844
2735,0.0,-0.36913108825683594
2736,0.0,-0.14716720581054688
2737,0.0,-0.024812698364257812
2738,0.0,0.12849998474121094
2739,0.0,0.27072715759277344
2740,0.0,0.49349212646484375
2741,0.0,0.6610393524169922
2742,0.0,0.6558322906494141
2743,0.0,0.6645011901855469
2744,0.0,0.5852298736572266
2745,0.0,0.5300140380859375
2746,0.0,0.34058380126953125
2747,0.0,0.2449169158935547
2748,0.0,-0.40636253356933594
2749,0.0,-0.7128181457519531
2750,0.0,0.3283195495605469
2751,12.0,2.7563962936401367
2752,26.0,7.162357330322266
2753,6.0,12.89477252960205
2754,4.0,17.301725387573242
2755,24.0,21.370548248291016
2756,26.0,25.583724975585938
2757,94.0,29.090627670288086
2758,68.0,35.18231964111328
2759,32.0,49.935935974121094
2760,28.0,73.08432006835938
2761,56.0,98.3801498413086
2762,70.0,119.21305847167969
2763,182.0,133.09750366210938
2764,184.0,142.11672973632812
2765,140.0,145.283935546875
2766,176.0,149.61642456054688
2767,144.0,153.14645385742188
2768,134.0,156.04953002929688
2769,126.0,149.15673828125
2770,114.0,136.38143920898438
2771,130.0,127.98561096191406
2772,96.0,116.31031036376953
2773,96.0,102.76858520507812
2774,92.0,90.13539123535156
2775,60.0,80.244384765625
2776,66.0,73.55929565429688
2777,48.0,67.85624694824219
2778,38.0,63.00696563720703
2779,36.0,54.450904846191406
2780,14.0,42.00215148925781
2781,0.0,27.455780029296875
2782,2.0,14.003887176513672
2783,0.0,4.040785789489746
2784,0.0,0.118896484375
2785,0.0,-0.6862087249755859
2786,0.0,-0.74993896484375
2787,0.0,-0.6849956512451172
2788,0.0,-0.5944652557373047
2789,0.0,-0.5108871459960938
2790,0.0,-0.46828651428222656
2791,0.0,-0.32706451416015625
2792,0.0,-0.13378143310546875
2793,0.0,0.010980606079101562
2794,0.0,0.060150146484375
2795,0.0,0.08915901184082031
2796,0.0,0.18493080139160156
2797,0.0,0.1980113983154297
2798,0.0,0.23911666870117188
2799,0.0,0.2940521240234375
2800,0.0,0.3419189453125
2801,0.0,0.30318450927734375
2802,0.0,0.37351417541503906
2803,0.0,0.4361724853515625
2804,0.0,0.4866485595703125
2805,0.0,0.4342021942138672
2806,0.0,0.41386985778808594
2807,0.0,0.4463157653808594
2808,0.0,0.4705810546875
2809,0.0,0.39768028259277344
2810,0.0,0.42552757263183594
2811,0.0,0.429351806640625
2812,0.0,0.43018341064453125
2813,0.0,0.31622886657714844
2814,0.0,0.18814849853515625
2815,0.0,0.0572509765625
2816,0.0,-0.0458984375
2817,0.0,-0.06402397155761719
2818,0.0,-0.22269821166992188
2819,0.0,-0.2889842987060547
2820,0.0,-0.3607978820800781
2821,0.0,-0.31485748291015625
2822,0.0,-0.03919792175292969
2823,0.0,0.17296600341796875
2824,0.0,0.31931304931640625
2825,0.0,0.37134361267089844
2826,0.0,0.4710674285888672
2827,0.0,0.46856689453125
2828,0.0,0.4738750457763672
2829,0.0,0.4163093566894531
2830,0.0,0.29791259765625
2831,0.0,0.12091636657714844
2832,0.0,0.014619827270507812
2833,0.0,-0.04452705383300781
2834,0.0,-0.024158477783203125
2835,0.0,-0.12761306762695312
2836,0.0,-0.19957351684570312
2837,0.0,-0.3391456604003906
2838,0.0,-0.39293670654296875
2839,0.0,-0.40473365783691406
2840,0.0,-0.4493255615234375
2841,0.0,-0.46608734130859375
2842,0.0,-0.7541694641113281
2843,0.0,-1.8115100860595703
2844,0.0,-1.5071182250976562
2845,0.0,1.3423328399658203
2846,0.0,7.023285865783691
2847,0.0,16.519535064697266
2848,0.0,28.86107635498047
2849,4.0,41.78858947753906
2850,22.0,54.357818603515625
2851,50.0,64.60087585449219
2852,78.0,70.7073974609375
2853,94.0,77.62834167480469
2854,72.0,84.10525512695312
2855,62.0,93.29571533203125
2856,70.0,109.0589599609375
2857,76.0,127.18218231201172
2858,104.0,147.16180419921875
2859,110.0,168.56719970703125
2860,146.0,186.21273803710938
2861,134.0,190.46865844726562
2862,130.0,188.2373046875
2863,128.0,178.96487426757812
2864,116.0,170.08743286132812
2865,130.0,158.4801025390625
2866,134.0,142.6045379638672
2867,144.0,124.3376235961914
2868,120.0,115.96638488769531
2869,136.0,100.22667694091797
2870,144.0,85.69970703125
2871,82.0,72.12352752685547
2872,150.0,61.77256393432617
2873,74.0,47.72864532470703
2874,58.0,38.26515579223633
2875,40.0,26.858287811279297
2876,68.0,5.099440574645996
2877,36.0,0.3079051971435547
2878,10.0,-0.012485504150390625
2879,2.0,0.07140541076660156
2880,0.0,-0.05771827697753906
2881,0.0,-0.10704612731933594
2882,0.0,-0.12129020690917969
2883,0.0,-0.09874343872070312
2884,0.0,-0.0780487060546875
2885,0.0,0.1261768341064453
2886,0.0,0.18248367309570312
2887,0.0,0.22705459594726562
2888,0.0,0.24492835998535156
2889,0.0,0.4059028625488281
2890,0.0,0.4598579406738281
2891,0.0,0.5112476348876953
2892,0.0,0.5565319061279297
2893,0.0,0.7089500427246094
2894,0.0,0.8251018524169922
2895,0.0,0.8866291046142578
2896,0.0,0.915496826171875
2897,0.0,0.9197998046875
2898,0.0,0.9650287628173828
2899,0.0,0.9882888793945312
2900,0.0,1.0012989044189453
2901,0.0,0.922454833984375
2902,0.0,0.8680896759033203
2903,0.0,0.8229351043701172
2904,0.0,0.7963294982910156
2905,0.0,0.6712818145751953
2906,0.0,0.5974388122558594
2907,0.0,0.5514373779296875
2908,0.0,0.5244922637939453
2909,0.0,-1.2126789093017578
2910,0.0,-0.108245849609375
2911,0.0,0.15973472595214844
2912,0.0,0.29566383361816406
2913,0.0,0.3282432556152344
2914,0.0,0.3586406707763672
2915,0.0,0.34941673278808594
2916,0.0,0.3374462127685547
2917,0.0,0.3141937255859375
2918,0.0,0.3269233703613281
2919,0.0,0.3267536163330078
2920,0.0,0.39892005920410156
2921,0.0,0.3916358947753906
2922,0.0,0.40131568908691406
2923,0.0,0.3771800994873047
2924,0.0,0.34450531005859375
2925,0.0,0.3176383972167969
2926,0.0,0.2880439758300781
2927,0.0,0.21863937377929688
2928,0.0,0.1395893096923828
2929,0.0,0.06971549987792969
2930,0.0,-0.03037261962890625
2931,0.0,-0.15273284912109375
2932,0.0,-0.3003520965576172
2933,0.0,-0.46858978271484375
2934,0.0,-0.8003273010253906
2935,0.0,-1.2054710388183594
2936,0.0,-1.6861648559570312
2937,0.0,-1.9951248168945312
2938,0.0,-2.3797740936279297
2939,0.0,-2.494699478149414
2940,0.0,-1.6160907745361328
2941,0.0,1.0684566497802734
2942,0.0,5.805595397949219
2943,0.0,13.757089614868164
2944,0.0,26.05193328857422
2945,0.0,43.166141510009766
2946,0.0,62.58954620361328
2947,4.0,74.38510131835938
2948,8.0,77.12359619140625
2949,8.0,87.95763397216797
2950,24.0,101.51610565185547
2951,30.0,119.33229064941406
2952,42.0,138.764404296875
2953,44.0,157.9215087890625
2954,66.0,170.93060302734375
2955,74.0,178.94277954101562
2956,80.0,184.03814697265625
2957,88.0,193.80963134765625
2958,88.0,204.8524169921875
2959,92.0,216.03720092773438
2960,102.0,228.1962890625
2961,100.0,251.30447387695312
2962,100.0,270.8239440917969
2963,110.0,272.694580078125
2964,112.0,248.08175659179688
2965,120.0,205.83160400390625
2966,336.0,175.86285400390625
2967,444.0,149.49359130859375
2968,212.0,125.47850799560547
2969,236.0,105.45064544677734
2970,126.0,71.93717193603516
2971,106.0,42.565147399902344
2972,180.0,12.337708473205566
2973,164.0,0.9502696990966797
2974,84.0,0.11257171630859375
2975,38.0,0.34104347229003906
2976,6.0,0.4604072570800781
2977,0.0,0.5306110382080078
2978,0.0,0.37819480895996094
2979,0.0,0.3391094207763672
2980,0.0,0.2609405517578125
2981,0.0,0.47011756896972656
2982,0.0,0.4691619873046875
2983,0.0,0.5021305084228516
2984,0.0,0.5400962829589844
2985,0.0,0.7289333343505859
2986,0.0,0.7662925720214844
2987,0.0,0.8379726409912109
2988,0.0,0.8823738098144531
2989,0.0,0.9335193634033203
2990,0.0,0.8953495025634766
2991,0.0,0.8887977600097656
2992,0.0,0.9072761535644531
2993,0.0,0.8949127197265625
2994,0.0,0.8327846527099609
2995,0.0,0.7843341827392578
2996,0.0,0.7028255462646484
2997,0.0,0.5519943237304688
2998,0.0,0.7093410491943359
2999,0.0,0.7915554046630859
3000,0.0,0.8392543792724609
3001,0.0,0.7525539398193359
3002,0.0,0.5865879058837891
3003,0.0,0.5599365234375
3004,0.0,0.4441413879394531
3005,0.0,0.6070117950439453
3006,0.0,0.5221328735351562
3007,0.0,0.40320396423339844
3008,0.0,0.3535423278808594
3009,0.0,0.32511138916015625
3010,0.0,0.13854408264160156
3011,0.0,0.014638900756835938
3012,0.0,-0.1668243408203125
3013,0.0,-0.4176959991455078
3014,0.0,-0.09962272644042969
3015,0.0,0.04855537414550781
3016,0.0,0.20667648315429688
3017,0.0,0.24640274047851562
3018,0.0,0.2182445526123047
3019,0.0,0.23082351684570312
3020,0.0,0.23458480834960938
3021,0.0,0.10261917114257812
3022,0.0,-0.1713695526123047
3023,0.0,-0.32962989807128906
3024,0.0,-0.34285545349121094
3025,0.0,-0.5052051544189453
3026,0.0,-0.5678367614746094
3027,0.0,-0.6915435791015625
3028,0.0,-0.689849853515625
3029,0.0,-0.6040115356445312
3030,0.0,-0.34400367736816406
3031,0.0,-0.09875679016113281
3032,0.0,-0.05225181579589844
3033,0.0,-0.22451019287109375
3034,0.0,0.053134918212890625
3035,0.0,0.13439559936523438
3036,0.0,0.2130413055419922
3037,0.0,0.11229133605957031
3038,0.0,-0.03831672668457031
3039,0.0,0.41860198974609375
3040,8.0,1.3426799774169922
3041,46.0,2.863236427307129
3042,88.0,7.0476884841918945
3043,58.0,21.54196548461914
3044,68.0,49.42449188232422
3045,62.0,78.7674331665039
3046,34.0,102.31283569335938
3047,22.0,121.6964111328125
3048,38.0,135.0778350830078
3049,68.0,136.771240234375
3050,100.0,143.72853088378906
3051,100.0,149.48611450195312
3052,90.0,153.421630859375
3053,110.0,151.0023193359375
3054,82.0,149.67242431640625
3055,82.0,147.21969604492188
3056,84.0,145.074951171875
3057,180.0,139.613037109375
3058,192.0,134.96514892578125
3059,140.0,128.49481201171875
3060,70.0,121.28221130371094
3061,70.0,111.2066650390625
3062,60.0,102.66605377197266
3063,52.0,93.14925384521484
3064,64.0,78.25186920166016
3065,60.0,56.986366271972656
3066,56.0,34.9112663269043
3067,56.0,17.072647094726562
3068,52.0,9.405388832092285
3069,32.0,6.808713912963867
3070,12.0,5.453400611877441
3071,0.0,4.474703788757324
3072,0.0,3.3320398330688477
3073,0.0,1.6306381225585938
3074,0.0,0.41536712646484375
3075,0.0,0.04656410217285156
3076,0.0,0.13393783569335938
3077,0.0,0.21637725830078125
3078,0.0,-0.010171890258789062
3079,0.0,-0.23924827575683594
3080,0.0,-0.08543968200683594
3081,0.0,0.3186054229736328
3082,0.0,0.3541698455810547
3083,0.0,0.5784740447998047
3084,0.0,0.7542457580566406
3085,0.0,0.8782119750976562
3086,0.0,0.7506027221679688
3087,0.0,0.5515022277832031
3088,0.0,0.3572349548339844
3089,0.0,0.14260292053222656
3090,0.0,-0.023038864135742188
3091,0.0,-0.37320899963378906
3092,0.0,-0.7668724060058594
3093,0.0,-1.0267353057861328
3094,0.0,-1.1541328430175781
3095,0.0,-1.0664520263671875
3096,0.0,-0.9050788879394531
3097,0.0,-0.7950344085693359
3098,0.0,-0.5597877502441406
3099,0.0,-0.4173107147216797
3100,0.0,-0.30533790588378906
3101,0.0,-0.10283660888671875
3102,0.0,0.1325702667236328
3103,0.0,0.3159198760986328
3104,0.0,0.7277946472167969
3105,0.0,1.0663414001464844
3106,0.0,0.7548904418945312
3107,0.0,0.527587890625
3108,0.0,0.6273288726806641
3109,0.0,0.8877372741699219
3110,0.0,0.8028774261474609
3111,0.0,0.8883552551269531
3112,0.0,0.8646373748779297
3113,0.0,0.9287433624267578
3114,0.0,0.9500942230224609
3115,0.0,0.8657646179199219
3116,0.0,0.8110752105712891
3117,0.0,0.6922092437744141
3118,0.0,0.6221694946289062
3119,0.0,0.5067062377929688
3120,0.0,0.290374755859375
3121,0.0,-0.06287765502929688
3122,0.0,-0.21584701538085938
3123,0.0,-0.3864002227783203
3124,0.0,-0.48162841796875
3125,0.0,-0.7047672271728516
3126,0.0,-0.5600948333740234
3127,0.0,-0.23610877990722656
3128,0.0,0.2639179229736328
3129,0.0,0.6947364807128906
3130,0.0,0.3733234405517578
3131,0.0,-0.06520271301269531
3132,0.0,-0.6099491119384766
3133,0.0,-0.6297416687011719
3134,0.0,0.09294891357421875
3135,0.0,0.6251621246337891
3136,0.0,1.2359600067138672
3137,0.0,2.7713632583618164
3138,4.0,5.629413604736328
3139,48.0,9.746786117553711
3140,40.0,14.22428035736084
3141,102.0,19.576345443725586
3142,58.0,28.275604248046875
3143,44.0,44.328407287597656
3144,16.0,71.06040954589844
3145,72.0,104.25569915771484
3146,84.0,145.383056640625
3147,228.0,178.19503784179688
3148,708.0,197.49276733398438
3149,544.0,209.040771484375
3150,830.0,216.947998046875
3151,966.0,221.22567749023438
3152,1264.0,214.96133422851562
3153,1212.0,204.7213134765625
3154,1058.0,195.759521484375
3155,958.0,195.1168212890625
3156,1140.0,203.11880493164062
3157,1014.0,207.6741943359375
3158,1070.0,218.73187255859375
3159,1018.0,250.4381103515625
3160,988.0,330.62689208984375
3161,992.0,455.1004333496094
3162,970.0,539.1154174804688
3163,398.0,518.346923828125
3164,306.0,380.516357421875
3165,104.0,197.89556884765625
3166,32.0,101.50238037109375
3167,32.0,54.52029800415039
3168,12.0,22.726524353027344
3169,0.0,2.7055063247680664
3170,0.0,1.5267181396484375
3171,0.0,1.7731285095214844
3172,0.0,1.7956199645996094
3173,0.0,1.6387386322021484
3174,0.0,1.2780609130859375
3175,0.0,0.7119998931884766
3176,0.0,0.23270606994628906
3177,0.0,0.1353626251220703
3178,0.0,0.21274375915527344
3179,0.0,0.3045997619628906
3180,0.0,0.38237762451171875
3181,0.0,0.4381828308105469
3182,0.0,0.4037208557128906
3183,0.0,0.40320587158203125
3184,0.0,0.4005317687988281
3185,0.0,0.3819446563720703
3186,0.0,0.4252281188964844
3187,0.0,0.45253753662109375
3188,0.0,0.48497772216796875
3189,0.0,0.47794151306152344
3190,0.0,0.34929847717285156
3191,0.0,0.29141998291015625
3192,0.0,0.21614456176757812
3193,0.0,0.16596412658691406
3194,0.0,0.17540550231933594
3195,0.0,0.18996429443359375
3196,0.0,0.22565650939941406
3197,0.0,0.315093994140625
3198,0.0,-0.17554092407226562
3199,0.0,-0.4025459289550781
3200,0.0,-0.5772991180419922
3201,0.0,-0.6561965942382812
3202,0.0,-0.6146106719970703
3203,0.0,-0.49677085876464844
3204,0.0,-0.4294319152832031
3205,0.0,-0.5055866241455078
3206,0.0,-0.5465240478515625
3207,0.0,-0.6175193786621094
3208,0.0,-0.6687850952148438
3209,0.0,-0.8973617553710938
3210,0.0,-0.9525871276855469
3211,0.0,-1.0186271667480469
3212,0.0,-1.0673027038574219
3213,0.0,-1.3054924011230469
3214,0.0,-1.5267906188964844
3215,0.0,-1.6153984069824219
3216,0.0,-1.6776161193847656
3217,0.0,-1.6874771118164062
3218,0.0,-1.3696575164794922
3219,0.0,-1.2412796020507812
3220,0.0,-1.088897705078125
3221,0.0,-1.007619857788086
3222,0.0,-0.8044490814208984
3223,0.0,-0.7226066589355469
3224,0.0,-0.7085990905761719
3225,0.0,-0.6721954345703125
3226,0.0,-0.5657196044921875
3227,0.0,-0.4249897003173828
3228,0.0,-0.14478492736816406
3229,0.0,0.9498348236083984
3230,0.0,2.630690574645996
3231,0.0,5.562410354614258
3232,0.0,10.10960578918457
3233,2.0,17.496623992919922
3234,6.0,30.06549835205078
3235,8.0,53.958099365234375
3236,34.0,93.21446228027344
3237,62.0,146.430908203125
3238,88.0,188.3896484375
3239,150.0,209.29995727539062
3240,142.0,222.01504516601562
3241,192.0,221.05047607421875
3242,248.0,231.38351440429688
3243,256.0,236.43936157226562
3244,232.0,237.55059814453125
3245,204.0,215.43429565429688
3246,184.0,224.45660400390625
3247,184.0,230.41021728515625
3248,296.0,243.4554443359375
3249,252.0,200.325439453125
3250,172.0,198.59048461914062
3251,132.0,213.1527099609375
3252,120.0,236.21676635742188
3253,382.0,252.9495849609375
3254,348.0,229.01275634765625
3255,566.0,190.73712158203125
3256,296.0,164.09890747070312
3257,168.0,136.67355346679688
3258,202.0,119.58222961425781
3259,118.0,109.26685333251953
3260,88.0,105.78364562988281
3261,56.0,95.55741119384766
3262,36.0,67.57268524169922
3263,14.0,32.65594482421875
3264,4.0,10.33820629119873
3265,0.0,3.174485206604004
3266,0.0,1.3160820007324219
3267,0.0,0.9329853057861328
3268,0.0,0.8087100982666016
3269,0.0,0.6093349456787109
3270,0.0,0.5563182830810547
3271,0.0,0.6435298919677734
3272,0.0,0.82183837890625
3273,0.0,1.0051937103271484
3274,0.0,1.1068267822265625
3275,0.0,1.0543174743652344
3276,0.0,1.0034198760986328
3277,0.0,0.8804378509521484
3278,0.0,0.7784023284912109
3279,0.0,0.7530879974365234
3280,0.0,0.7408657073974609
3281,0.0,0.6950969696044922
3282,0.0,0.8241138458251953
3283,0.0,0.9707527160644531
3284,0.0,1.1114845275878906
3285,0.0,1.0956287384033203
3286,0.0,0.9002628326416016
3287,0.0,0.7438182830810547
3288,0.0,0.6325550079345703
3289,0.0,0.46163177490234375
3290,0.0,0.35773277282714844
3291,0.0,0.27686309814453125
3292,0.0,0.21962738037109375
3293,0.0,-0.13753318786621094
3294,0.0,-0.35283470153808594
3295,0.0,-0.7437191009521484
3296,0.0,-1.0841407775878906
3297,0.0,-1.450897216796875
3298,0.0,-1.6491107940673828
3299,0.0,-1.7558002471923828
3300,0.0,-1.7844715118408203
3301,0.0,-1.8525276184082031
3302,0.0,-1.8773326873779297
3303,0.0,-1.9481353759765625
3304,0.0,-1.9991016387939453
3305,0.0,-2.1345691680908203
3306,0.0,-2.293100357055664
3307,0.0,-2.378999710083008
3308,0.0,-2.388051986694336
3309,0.0,-2.3128929138183594
3310,0.0,-2.2619495391845703
3311,0.0,-2.2953128814697266
3312,0.0,-2.425840377807617
3313,0.0,-2.6498966217041016
3314,0.0,-2.545207977294922
3315,0.0,-2.7158946990966797
3316,0.0,-2.571575164794922
3317,0.0,-2.1546573638916016
3318,0.0,-1.9429740905761719
3319,0.0,-1.7872371673583984
3320,0.0,-2.0016441345214844
3321,0.0,-2.2459049224853516
3322,0.0,-2.125347137451172
3323,0.0,-1.9062004089355469
3324,0.0,-1.8688983917236328
3325,0.0,-2.0020999908447266
3326,0.0,-1.895254135131836
3327,0.0,-1.5072784423828125
3328,0.0,-0.5659942626953125
3329,0.0,1.6938018798828125
3330,16.0,4.930645942687988
3331,46.0,9.736992835998535
3332,84.0,22.17197036743164
3333,44.0,52.77949523925781
3334,98.0,91.3665542602539
3335,198.0,135.00424194335938
3336,388.0,173.59146118164062
3337,180.0,191.8369140625
3338,152.0,210.9813232421875
3339,176.0,226.77865600585938
3340,276.0,287.0815124511719
3341,728.0,403.791259765625
3342,938.0,517.7720336914062
3343,542.0,569.3790283203125
3344,468.0,603.1672973632812
3345,372.0,631.0912475585938
3346,750.0,649.8577880859375
3347,458.0,633.2062377929688
3348,896.0,539.8790893554688
3349,1152.0,382.7629699707031
3350,1064.0,214.89190673828125
3351,984.0,192.97735595703125
3352,532.0,154.5933837890625
3353,516.0,105.5267333984375
3354,546.0,98.93012237548828
3355,186.0,98.35990905761719
3356,56.0,69.87347412109375
3357,8.0,52.35277557373047
3358,0.0,40.921348571777344
3359,0.0,15.512557983398438
3360,0.0,4.575095176696777
3361,0.0,3.389185905456543
3362,0.0,3.4074926376342773
3363,0.0,4.6527509689331055
3364,0.0,3.9274940490722656
3365,0.0,2.711740493774414
3366,0.0,2.2627429962158203
3367,0.0,1.352630615234375
3368,0.0,0.6748790740966797
3369,0.0,0.6419944763183594
3370,0.0,0.6837959289550781
3371,0.0,0.7275047302246094
3372,0.0,0.7863903045654297
3373,0.0,0.8111457824707031
3374,0.0,0.8555374145507812
3375,0.0,0.9111976623535156
3376,0.0,1.0244712829589844
3377,0.0,1.129049301147461
3378,0.0,0.7729892730712891
3379,0.0,0.6097831726074219
3380,0.0,0.43807411193847656
3381,0.0,0.2572307586669922
3382,0.0,0.310302734375
3383,0.0,0.4457874298095703
3384,0.0,0.5422706604003906
3385,0.0,0.5654888153076172
3386,0.0,0.6103439331054688
3387,0.0,0.5643939971923828
3388,0.0,0.45943260192871094
3389,0.0,0.10806465148925781
3390,0.0,-0.12278938293457031
3391,0.0,-0.3846168518066406
3392,0.0,-0.44214439392089844
3393,0.0,-0.5052070617675781
3394,0.0,-0.4963874816894531
3395,0.0,-0.5983924865722656
3396,0.0,-0.6410198211669922
3397,0.0,-0.6461696624755859
3398,0.0,-0.6111774444580078
3399,0.0,-0.8895263671875
3400,0.0,-1.6065483093261719
3401,0.0,-2.959014892578125
3402,0.0,-2.464710235595703
3403,0.0,-1.0043621063232422
3404,0.0,-0.20433807373046875
3405,0.0,0.06905174255371094
3406,0.0,0.3562946319580078
3407,0.0,0.6448135375976562
3408,0.0,0.9190235137939453
3409,0.0,1.014455795288086
3410,0.0,1.0839519500732422
3411,0.0,1.1504440307617188
3412,0.0,1.2157764434814453
3413,0.0,1.0037708282470703
3414,0.0,0.45960426330566406
3415,0.0,0.19132041931152344
3416,0.0,-0.04278755187988281
3417,0.0,-0.3360919952392578
3418,0.0,-0.6918830871582031
3419,0.0,-1.0706291198730469
3420,0.0,-1.451894760131836
3421,0.0,-0.6477451324462891
3422,0.0,2.791062355041504
3423,0.0,11.215381622314453
3424,0.0,28.069461822509766
3425,6.0,54.908931732177734
3426,24.0,93.62826538085938
3427,44.0,157.86782836914062
3428,34.0,299.2494201660156
3429,92.0,472.32421875
3430,140.0,589.3593139648438
3431,318.0,720.7869873046875
3432,572.0,811.9318237304688
3433,702.0,743.6973876953125
3434,882.0,598.4539794921875
3435,918.0,492.90814208984375
3436,1024.0,461.0950927734375
3437,1090.0,462.6836853027344
3438,948.0,462.1324462890625
3439,1030.0,502.1665954589844
3440,1218.0,524.7250366210938
3441,656.0,475.2789306640625
3442,206.0,381.1047058105469
3443,120.0,285.0848388671875
3444,72.0,199.56417846679688
3445,284.0,142.43353271484375
3446,1070.0,135.19680786132812
3447,474.0,142.33111572265625
3448,132.0,137.33316040039062
3449,82.0,129.52484130859375
3450,50.0,100.71617889404297
3451,160.0,52.48906326293945
3452,26.0,10.915297508239746
3453,14.0,4.047852516174316
3454,28.0,2.356487274169922
3455,2.0,2.4769058227539062
3456,0.0,1.599100112915039
3457,0.0,1.2726364135742188
3458,0.0,1.2903022766113281
3459,0.0,1.5151424407958984
3460,0.0,1.5545101165771484
3461,0.0,1.4745140075683594
3462,0.0,1.0717487335205078
3463,0.0,0.7952175140380859
3464,0.0,0.5987091064453125
3465,0.0,0.34162139892578125
3466,0.0,-0.24495887756347656
3467,0.0,-1.1160240173339844
3468,0.0,-1.7097244262695312
3469,0.0,-1.9513492584228516
3470,0.0,-2.3113880157470703
3471,0.0,-2.642242431640625
3472,0.0,-3.0177059173583984
3473,0.0,-3.2562408447265625
3474,0.0,-3.3017578125
3475,0.0,-3.2510452270507812
3476,0.0,-3.0849246978759766
3477,0.0,-2.787384033203125
3478,0.0,-2.5762863159179688
3479,0.0,-2.291994094848633
3480,0.0,-1.959890365600586
3481,0.0,-1.8963603973388672
3482,0.0,-2.287616729736328
3483,0.0,-2.5498828887939453
3484,0.0,-2.7517261505126953
3485,0.0,-2.057241439819336
3486,0.0,-3.3456974029541016
3487,0.0,-3.6445045471191406
3488,0.0,-3.6381874084472656
3489,0.0,-3.4412593841552734
3490,0.0,-3.1707687377929688
3491,0.0,-2.973674774169922
3492,0.0,-2.7975502014160156
3493,0.0,-2.667573928833008
3494,0.0,-2.7102890014648438
3495,0.0,-2.6744766235351562
3496,0.0,-2.641416549682617
3497,0.0,-2.6883773803710938
3498,0.0,-3.1112442016601562
3499,0.0,-3.3921966552734375
3500,0.0,-3.5107765197753906
3501,0.0,-3.7184696197509766
3502,0.0,-3.5627899169921875
3503,0.0,-3.256502151489258
3504,0.0,-2.9544105529785156
3505,0.0,-3.535541534423828
3506,0.0,-3.7521286010742188
3507,0.0,-3.037874221801758
3508,0.0,-2.553373336791992
3509,0.0,-2.299020767211914
3510,0.0,-1.7246437072753906
3511,0.0,-1.2283248901367188
3512,0.0,-0.9047489166259766
3513,0.0,-0.8396282196044922
3514,0.0,-0.7229938507080078
3515,0.0,-0.6573047637939453
3516,0.0,-0.866455078125
3517,0.0,-1.1785736083984375
3518,0.0,-1.391000747680664
3519,0.0,-1.5189018249511719
3520,0.0,-1.5567359924316406
3521,0.0,-1.575714111328125
3522,0.0,-1.2112407684326172
3523,0.0,-0.2881965637207031
3524,0.0,1.5447616577148438
3525,4.0,5.1444597244262695
3526,24.0,8.797886848449707
3527,78.0,12.3623046875
3528,216.0,17.307960510253906
3529,686.0,27.0651798248291
3530,496.0,49.19712448120117
3531,182.0,85.80094146728516
3532,256.0,131.8195037841797
3533,228.0,168.63980102539062
3534,302.0,180.93804931640625
3535,1030.0,182.42764282226562
3536,1108.0,180.15609741210938
3537,680.0,172.14077758789062
3538,464.0,163.95498657226562
3539,180.0,161.417724609375
3540,128.0,160.01983642578125
3541,64.0,141.86355590820312
3542,116.0,105.09272766113281
3543,192.0,82.75196838378906
3544,84.0,72.50390625
3545,84.0,67.39224243164062
3546,90.0,63.583560943603516
3547,58.0,55.899925231933594
3548,90.0,25.585601806640625
3549,78.0,1.8080673217773438
3550,52.0,1.8593502044677734
3551,24.0,1.8455581665039062
3552,2.0,1.8199462890625
3553,0.0,1.621328353881836
3554,0.0,1.324249267578125
3555,0.0,1.056243896484375
3556,0.0,0.8503398895263672
3557,0.0,0.7590389251708984
3558,0.0,0.6974945068359375
3559,0.0,0.6492691040039062
3560,0.0,0.6091632843017578
3561,0.0,0.5265941619873047
3562,0.0,0.5799045562744141
3563,0.0,0.6525859832763672
3564,0.0,0.6309490203857422
3565,0.0,0.5169239044189453
3566,0.0,0.43450355529785156
3567,0.0,0.3576068878173828
3568,0.0,0.293487548828125
3569,0.0,0.21152687072753906
3570,0.0,-0.0008182525634765625
3571,0.0,-0.04824066162109375
3572,0.0,-0.22621536254882812
3573,0.0,-0.42046165466308594
3574,0.0,-0.2614555358886719
3575,0.0,-0.060482025146484375
3576,0.0,0.15057373046875
3577,0.0,0.4860496520996094
3578,0.0,0.6433200836181641
3579,0.0,0.7662906646728516
3580,0.0,0.8309154510498047
3581,0.0,0.41873741149902344
3582,0.0,0.2286701202392578
3583,0.0,-0.04787445068359375
3584,0.0,-0.22115135192871094
3585,0.0,-0.2527446746826172
3586,0.0,-0.236083984375
3587,0.0,-0.1379718780517578
3588,0.0,-0.13457107543945312
3589,0.0,-0.2443389892578125
3590,0.0,-0.326873779296875
3591,0.0,-0.17577743530273438
3592,0.0,0.019641876220703125
3593,0.0,0.49225616455078125
3594,0.0,0.7468147277832031
3595,0.0,0.4037647247314453
3596,0.0,0.2468128204345703
3597,0.0,0.22019195556640625
3598,0.0,0.2394256591796875
3599,0.0,0.23444747924804688
3600,0.0,0.20113754272460938
3601,0.0,0.1970958709716797
3602,0.0,0.20201492309570312
3603,0.0,0.18137741088867188
3604,0.0,0.1809520721435547
3605,0.0,0.2486896514892578
3606,0.0,0.23820114135742188
3607,0.0,0.22827529907226562
3608,0.0,0.21638870239257812
3609,0.0,0.2423248291015625
3610,0.0,0.27525901794433594
3611,0.0,0.2340106964111328
3612,0.0,0.1273937225341797
3613,0.0,0.021778106689453125
3614,0.0,0.9275856018066406
3615,0.0,6.424734115600586
3616,2.0,21.233285903930664
3617,42.0,48.84623718261719
3618,102.0,92.44864654541016
3619,168.0,149.900146484375
3620,244.0,210.08062744140625
3621,360.0,284.9352722167969
3622,512.0,341.9964904785156
3623,638.0,283.9324035644531
3624,742.0,257.5205383300781
3625,836.0,259.7756652832031
3626,904.0,303.7388000488281
3627,964.0,374.55706787109375
3628,1034.0,449.798583984375
3629,1082.0,504.46337890625
3630,1124.0,603.290771484375
3631,1152.0,816.35107421875
3632,1186.0,968.0643310546875
3633,1196.0,1037.25244140625
3634,1210.0,1095.8375244140625
3635,1248.0,1040.84375
3636,1196.0,820.2583618164062
3637,1124.0,630.997314453125
3638,1060.0,492.7071533203125
3639,1016.0,426.55316162109375
3640,928.0,396.25738525390625
3641,880.0,331.91571044921875
3642,676.0,326.2242736816406
3643,688.0,380.30413818359375
3644,566.0,348.54766845703125
3645,162.0,231.87466430664062
3646,36.0,97.80943298339844
3647,14.0,35.689788818359375
3648,2.0,3.760204315185547
3649,0.0,0.9067001342773438
3650,0.0,0.34375762939453125
3651,0.0,0.1742095947265625
3652,0.0,0.1941070556640625
3653,0.0,0.35811805725097656
3654,0.0,0.48087120056152344
3655,0.0,0.48711395263671875
3656,0.0,0.4571037292480469
3657,0.0,0.44002342224121094
3658,0.0,0.16240501403808594
3659,0.0,0.11737442016601562
3660,0.0,0.13840866088867188
3661,0.0,0.26624488830566406
3662,0.0,0.47065162658691406
3663,0.0,0.61224365234375
3664,0.0,0.7166004180908203
3665,0.0,0.7206230163574219
3666,0.0,0.6656417846679688
3667,0.0,0.6179180145263672
3668,0.0,0.5884513854980469
3669,0.0,0.5296249389648438
3670,0.0,0.5537815093994141
3671,0.0,0.6179523468017578
3672,0.0,0.7183055877685547
3673,0.0,0.7970466613769531
3674,0.0,1.0305099487304688
3675,0.0,1.268646240234375
3676,0.0,1.513967514038086
3677,0.0,2.0935707092285156
3678,0.0,1.736948013305664
3679,0.0,1.2438278198242188
3680,0.0,0.9532527923583984
3681,0.0,0.5679950714111328
3682,0.0,0.5903148651123047
3683,0.0,0.5797615051269531
3684,0.0,0.6481380462646484
3685,0.0,0.5274753570556641
3686,0.0,0.3218345642089844
3687,0.0,0.21747970581054688
3688,0.0,0.18836593627929688
3689,0.0,0.2052021026611328
3690,0.0,0.26676177978515625
3691,0.0,0.27310752868652344
3692,0.0,0.3388786315917969
3693,0.0,0.305450439453125
3694,0.0,0.4146461486816406
3695,0.0,0.4398612976074219
3696,0.0,0.5086174011230469
3697,0.0,0.49439048767089844
3698,0.0,0.45136260986328125
3699,0.0,0.4457054138183594
3700,0.0,0.4036369323730469
3701,0.0,0.33968162536621094
3702,0.0,0.4056358337402344
3703,0.0,0.40230751037597656
3704,0.0,0.4323310852050781
3705,0.0,0.5433368682861328
3706,0.0,0.6649055480957031
3707,0.0,0.7775630950927734
3708,0.0,0.8529434204101562
3709,0.0,1.205312728881836
3710,0.0,0.9593734741210938
3711,0.0,0.2033214569091797
3712,0.0,0.1673717498779297
3713,0.0,1.3214950561523438
3714,6.0,1.458383560180664
3715,6.0,1.9781036376953125
3716,8.0,3.0787105560302734
3717,22.0,4.068484306335449
3718,46.0,7.119145393371582
3719,56.0,14.863798141479492
3720,58.0,22.46428680419922
3721,98.0,30.400787353515625
3722,40.0,53.25795364379883
3723,36.0,107.43846130371094
3724,80.0,164.608642578125
3725,108.0,192.73532104492188
3726,172.0,194.47482299804688
3727,76.0,178.65646362304688
3728,76.0,161.6177978515625
3729,120.0,149.45407104492188
3730,212.0,141.31521606445312
3731,192.0,134.6742401123047
3732,234.0,128.4493408203125
3733,272.0,123.3485107421875
3734,554.0,121.2447509765625
3735,540.0,123.84362030029297
3736,408.0,127.78845977783203
3737,188.0,122.896484375
3738,236.0,115.73809051513672
3739,258.0,100.02682495117188
3740,142.0,70.37681579589844
3741,56.0,46.15887451171875
3742,36.0,30.957290649414062
3743,20.0,19.5710391998291
3744,2.0,8.440829277038574
3745,0.0,4.696097373962402
3746,0.0,2.677220344543457
3747,0.0,1.978322982788086
3748,0.0,1.6115303039550781
3749,0.0,1.4665470123291016
3750,0.0,1.5198802947998047
3751,0.0,1.6018009185791016
3752,0.0,1.6700363159179688
3753,0.0,1.6511669158935547
3754,0.0,1.4170150756835938
3755,0.0,1.2481403350830078
3756,0.0,1.115732192993164
3757,0.0,0.9468936920166016
3758,0.0,0.8110904693603516
3759,0.0,0.7329177856445312
3760,0.0,0.6999073028564453
3761,0.0,0.5728569030761719
3762,0.0,0.4982318878173828
3763,0.0,0.4406604766845703
3764,0.0,0.4137229919433594
3765,0.0,0.3178234100341797
3766,0.0,0.3070564270019531
3767,0.0,0.3124885559082031
3768,0.0,0.34230804443359375
3769,0.0,0.30196189880371094
3770,0.0,0.35195159912109375
3771,0.0,0.39697837829589844
3772,0.0,0.457794189453125
3773,0.0,0.6454982757568359
3774,0.0,0.056499481201171875
3775,0.0,-0.32469749450683594
3776,0.0,-0.21030044555664062
3777,0.0,-0.018291473388671875
3778,0.0,0.04107666015625
3779,0.0,0.09962844848632812
3780,0.0,0.2165393829345703
3781,0.0,0.5030918121337891
3782,0.0,0.8198719024658203
3783,0.0,0.9487476348876953
3784,0.0,1.0034065246582031
3785,0.0,1.0360889434814453
3786,0.0,0.9866065979003906
3787,0.0,0.9325447082519531
3788,0.0,0.853515625
3789,0.0,0.7207298278808594
3790,0.0,0.3856334686279297
3791,0.0,0.021379470825195312
3792,0.0,-0.15772438049316406
3793,0.0,-0.12728118896484375
3794,0.0,-0.044551849365234375
3795,0.0,-0.041675567626953125
3796,0.0,-0.07273101806640625
3797,0.0,-0.164306640625
3798,0.0,-0.20446395874023438
3799,0.0,-0.23746490478515625
3800,0.0,-0.24797821044921875
3801,0.0,-0.2655658721923828
3802,0.0,-0.15254974365234375
3803,0.0,0.034618377685546875
3804,0.0,0.3175830841064453
3805,0.0,1.5568046569824219
3806,0.0,7.6682233810424805
3807,0.0,19.652088165283203
3808,2.0,38.236778259277344
3809,20.0,62.94388198852539
3810,52.0,117.1683349609375
3811,68.0,167.96533203125
3812,124.0,212.5616455078125
3813,228.0,247.72802734375
3814,308.0,287.4095458984375
3815,408.0,334.3238220214844
3816,576.0,376.7076416015625
3817,384.0,395.08221435546875
3818,176.0,461.0812683105469
3819,344.0,732.9116821289062
3820,408.0,867.5381469726562
3821,332.0,817.5425415039062
3822,678.0,849.5147094726562
3823,510.0,918.9000854492188
3824,400.0,953.4410400390625
3825,782.0,928.333984375
3826,946.0,833.3173217773438
3827,1002.0,484.1125793457031
3828,800.0,329.6190185546875
3829,850.0,392.6650390625
3830,224.0,554.6002807617188
3831,652.0,660.4368286132812
3832,800.0,686.5322875976562
3833,718.0,673.69482421875
3834,560.0,542.9636840820312
3835,486.0,289.8491516113281
3836,280.0,135.49928283691406
3837,72.0,83.63330841064453
3838,56.0,46.897560119628906
3839,18.0,20.139780044555664
3840,2.0,2.9652366638183594
3841,0.0,2.4206905364990234
3842,0.0,1.8463554382324219
3843,0.0,1.3929500579833984
3844,0.0,0.9662628173828125
3845,0.0,0.5891513824462891
3846,0.0,0.4030036926269531
3847,0.0,0.32942962646484375
3848,0.0,0.2934093475341797
3849,0.0,0.28954315185546875
3850,0.0,0.30471229553222656
3851,0.0,0.3379249572753906
3852,0.0,0.3795909881591797
3853,0.0,0.4426460266113281
3854,0.0,0.44283294677734375
3855,0.0,0.4071617126464844
3856,0.0,0.3627128601074219
3857,0.0,0.29085350036621094
3858,0.0,0.2557716369628906
3859,0.0,0.2294025421142578
3860,0.0,0.20215606689453125
3861,0.0,0.15288162231445312
3862,0.0,0.18659019470214844
3863,0.0,0.2455120086669922
3864,0.0,0.292388916015625
3865,0.0,0.3280925750732422
3866,0.0,0.4848213195800781
3867,0.0,0.5900650024414062
3868,0.0,0.7002201080322266
3869,0.0,1.1213493347167969
3870,0.0,0.9996166229248047
3871,0.0,0.7936897277832031
3872,0.0,0.7236366271972656
3873,0.0,0.6806755065917969
3874,0.0,0.2102947235107422
3875,0.0,-0.07094573974609375
3876,0.0,-0.23431396484375
3877,0.0,-0.5952014923095703
3878,0.0,-0.8285255432128906
3879,0.0,-0.6712055206298828
3880,0.0,-0.6087398529052734
3881,0.0,-0.6960716247558594
3882,0.0,-0.7476692199707031
3883,0.0,-0.7840614318847656
3884,0.0,-0.8372974395751953
3885,0.0,-1.0951194763183594
3886,0.0,-1.0175857543945312
3887,0.0,-0.9984893798828125
3888,0.0,-0.9508686065673828
3889,0.0,-1.0950126647949219
3890,0.0,-1.0587177276611328
3891,0.0,-1.0666084289550781
3892,0.0,-0.9947700500488281
3893,0.0,-0.8766098022460938
3894,0.0,-0.7440814971923828
3895,0.0,-0.6763439178466797
3896,0.0,-0.5134487152099609
3897,0.0,-0.11575126647949219
3898,0.0,0.45951080322265625
3899,0.0,0.9895668029785156
3900,0.0,1.577056884765625
3901,0.0,2.7346067428588867
3902,0.0,4.178779602050781
3903,0.0,6.18491268157959
3904,0.0,8.920434951782227
3905,0.0,12.751279830932617
3906,0.0,16.059120178222656
3907,0.0,19.573692321777344
3908,2.0,23.307783126831055
3909,8.0,26.353410720825195
3910,6.0,29.199230194091797
3911,10.0,31.526630401611328
3912,34.0,33.32447052001953
3913,80.0,33.48548126220703
3914,86.0,44.38703536987305
3915,66.0,66.72164916992188
3916,196.0,90.46375274658203
3917,124.0,106.94771575927734
3918,204.0,121.44538116455078
3919,590.0,146.49020385742188
3920,866.0,200.50265502929688
3921,1054.0,289.3760070800781
3922,1098.0,392.6900329589844
3923,1132.0,544.368896484375
3924,1096.0,863.8901977539062
3925,1004.0,1078.83349609375
3926,940.0,1137.929931640625
3927,808.0,1149.737060546875
3928,678.0,1008.9668579101562
3929,798.0,984.7506713867188
3930,570.0,890.2203979492188
3931,618.0,742.4628295898438
3932,348.0,485.84088134765625
3933,124.0,208.32205200195312
3934,48.0,82.37431335449219
3935,34.0,18.891075134277344
3936,2.0,1.2910690307617188
3937,0.0,1.2378101348876953
3938,0.0,1.1104793548583984
3939,0.0,1.045278549194336
3940,0.0,1.0277671813964844
3941,0.0,1.1545448303222656
3942,0.0,1.2214813232421875
3943,0.0,1.2612361907958984
3944,0.0,1.2678813934326172
3945,0.0,1.286102294921875
3946,0.0,1.1155109405517578
3947,0.0,1.0227985382080078
3948,0.0,0.9528541564941406
3949,0.0,0.9375877380371094
3950,0.0,0.8737430572509766
3951,0.0,0.8453083038330078
3952,0.0,0.8285598754882812
3953,0.0,0.7921733856201172
3954,0.0,0.7735519409179688
3955,0.0,0.7402286529541016
3956,0.0,0.7048187255859375
3957,0.0,0.5686607360839844
3958,0.0,0.4764575958251953
3959,0.0,0.4217548370361328
3960,0.0,0.39266014099121094
3961,0.0,0.2744312286376953
3962,0.0,0.22345352172851562
3963,0.0,0.18740463256835938
3964,0.0,0.1661090850830078
3965,0.0,-1.2387561798095703
3966,0.0,-0.3368415832519531
3967,0.0,-0.023572921752929688
3968,0.0,0.15857696533203125
3969,0.0,0.2387409210205078
3970,0.0,0.3088207244873047
3971,0.0,0.3221473693847656
3972,0.0,0.3278217315673828
3973,0.0,0.3380584716796875
3974,0.0,0.3794727325439453
3975,0.0,0.40734100341796875
3976,0.0,0.4744720458984375
3977,0.0,0.4871025085449219
3978,0.0,0.5168380737304688
3979,0.0,0.5135517120361328
3980,0.0,0.5067138671875
3981,0.0,0.503814697265625
3982,0.0,0.5102043151855469
3983,0.0,0.4929790496826172
3984,0.0,0.4623756408691406
3985,0.0,0.436187744140625
3986,0.0,0.3924694061279297
3987,0.0,0.3216361999511719
3988,0.0,0.25514793395996094
3989,0.0,0.2391986846923828
3990,0.0,0.14923477172851562
3991,0.0,0.05984687805175781
3992,0.0,-0.04139900207519531
3993,0.0,-0.1101226806640625
3994,0.0,-0.3872852325439453
3995,0.0,-0.6585445404052734
3996,0.0,-0.6769695281982422
3997,0.0,0.9467506408691406
3998,0.0,7.1293535232543945
3999,0.0,21.08348846435547
4000,0.0,43.19691848754883
4001,14.0,69.20783996582031
4002,78.0,106.87580871582031
4003,172.0,164.67727661132812
4004,252.0,264.1273498535156
4005,348.0,362.271240234375
4006,456.0,442.5166931152344
4007,552.0,501.2777099609375
4008,660.0,560.5830078125
4009,666.0,623.4119262695312
4010,782.0,709.8993530273438
4011,846.0,816.6937255859375
4012,932.0,888.1554565429688
4013,570.0,877.779296875
4014,612.0,860.3997802734375
4015,912.0,868.7313842773438
4016,1110.0,875.9314575195312
4017,1110.0,894.0239868164062
4018,1104.0,939.2492065429688
4019,1126.0,966.4066162109375
4020,368.0,972.9659423828125
4021,760.0,964.1742553710938
4022,512.0,937.8505249023438
4023,492.0,866.506591796875
4024,132.0,721.2536010742188
4025,136.0,599.998046875
4026,154.0,333.3953552246094
4027,130.0,117.31449127197266
4028,68.0,37.97119140625
4029,72.0,19.537479400634766
4030,66.0,7.264904975891113
4031,34.0,2.182558059692383
4032,16.0,0.4709949493408203
4033,0.0,0.2802543640136719
4034,0.0,-0.010372161865234375
4035,0.0,-0.2041759490966797
4036,0.0,-0.3770771026611328
4037,0.0,-0.3524055480957031
4038,0.0,-0.09909439086914062
4039,0.0,0.25840187072753906
4040,0.0,0.6109275817871094
4041,0.0,0.9398021697998047
4042,0.0,0.8414096832275391
4043,0.0,0.5175704956054688
4044,0.0,0.17348670959472656
4045,0.0,-0.09848785400390625
4046,0.0,-0.17016220092773438
4047,0.0,-0.28405189514160156
4048,0.0,-0.3294696807861328
4049,0.0,-0.3971290588378906
4050,0.0,-0.3552665710449219
4051,0.0,-0.2533893585205078
4052,0.0,-0.11415481567382812
4053,0.0,0.013195037841796875
4054,0.0,0.36430931091308594
4055,0.0,0.8373203277587891
4056,0.0,1.363250732421875
4057,0.0,1.76617431640625
4058,0.0,2.125457763671875
4059,0.0,2.1158828735351562
4060,0.0,1.9394264221191406
4061,0.0,0.5453758239746094
4062,0.0,-0.1288890838623047
4063,0.0,-0.20576858520507812
4064,0.0,0.2374706268310547
4065,0.0,0.6296882629394531
4066,0.0,0.7112178802490234
4067,0.0,0.8273849487304688
4068,0.0,0.8701438903808594
4069,0.0,0.8573951721191406
4070,0.0,0.8436069488525391
4071,0.0,0.8067111968994141
4072,0.0,0.7729778289794922
4073,0.0,0.6318683624267578
4074,0.0,0.5764598846435547
4075,0.0,0.44397735595703125
4076,0.0,0.30496788024902344
4077,0.0,0.23134231567382812
4078,0.0,0.10976600646972656
4079,0.0,0.13440895080566406
4080,0.0,0.32980918884277344
4081,0.0,0.4243736267089844
4082,0.0,0.3372459411621094
4083,0.0,0.5421543121337891
4084,0.0,0.8361721038818359
4085,0.0,1.1519660949707031
4086,0.0,1.1489372253417969
4087,0.0,1.1486473083496094
4088,0.0,0.8574295043945312
4089,0.0,0.4735126495361328
4090,0.0,0.3113059997558594
4091,0.0,0.22636795043945312
4092,0.0,0.22503280639648438
4093,0.0,0.3876361846923828
4094,0.0,0.39214134216308594
4095,0.0,0.539642333984375
4096,0.0,1.2762699127197266
4097,12.0,3.0349512100219727
4098,44.0,5.42730712890625
4099,92.0,8.606694221496582
4100,104.0,17.445335388183594
4101,46.0,31.707256317138672
4102,52.0,52.87375259399414
4103,62.0,74.73835754394531
4104,64.0,94.49405670166016
4105,76.0,101.99483489990234
4106,180.0,104.19132995605469
4107,248.0,104.522216796875
4108,192.0,105.0127182006836
4109,168.0,101.48153686523438
4110,120.0,100.86656951904297
4111,88.0,98.79933166503906
4112,96.0,95.4837875366211
4113,108.0,88.26512908935547
4114,118.0,82.79378509521484
4115,110.0,76.53422546386719
4116,76.0,69.55952453613281
4117,88.0,61.057518005371094
4118,54.0,51.79789352416992
4119,70.0,42.473052978515625
4120,46.0,33.54342269897461
4121,34.0,25.669057846069336
4122,24.0,20.32582664489746
4123,8.0,15.72317886352539
4124,4.0,10.361492156982422
4125,0.0,5.762928009033203
4126,0.0,3.286839485168457
4127,0.0,2.219045639038086
4128,0.0,1.7348861694335938
4129,0.0,1.4725780487060547
4130,0.0,1.3825454711914062
4131,0.0,1.4237804412841797
4132,0.0,1.5415096282958984
4133,0.0,1.6613121032714844
4134,0.0,1.5712318420410156
4135,0.0,1.4631328582763672
4136,0.0,1.4051437377929688
4137,0.0,1.3364448547363281
4138,0.0,1.2458915710449219
4139,0.0,1.1919937133789062
4140,0.0,1.2573738098144531
4141,0.0,1.3670845031738281
4142,0.0,1.3812427520751953
4143,0.0,1.3739948272705078
4144,0.0,1.329549789428711
4145,0.0,1.1723270416259766
4146,0.0,0.8897571563720703
4147,0.0,0.42296600341796875
4148,0.0,-0.3162975311279297
4149,0.0,-1.1849079132080078
4150,0.0,-1.1782665252685547
4151,0.0,-0.9864349365234375
4152,0.0,-0.6764907836914062
4153,0.0,-0.4626445770263672
4154,0.0,-0.4711170196533203
4155,0.0,-0.4922142028808594
4156,0.0,-0.5186691284179688
4157,0.0,-0.9377632141113281
4158,0.0,-1.1986942291259766
4159,0.0,-1.1040802001953125
4160,0.0,-0.8532924652099609
4161,0.0,-0.5201244354248047
4162,0.0,-0.40482139587402344
4163,0.0,-0.2950153350830078
4164,0.0,-0.20856666564941406
4165,0.0,-0.07625198364257812
4166,0.0,-0.03983306884765625
4167,0.0,-0.008749008178710938
4168,0.0,-0.0062923431396484375
4169,0.0,0.04539299011230469
4170,0.0,-0.08283042907714844
4171,0.0,-0.23006629943847656
4172,0.0,-0.2989082336425781
4173,0.0,-0.25334930419921875
4174,0.0,-0.1940746307373047
4175,0.0,-0.3006477355957031
4176,0.0,-1.028533935546875
4177,0.0,-2.2146339416503906
4178,0.0,-2.886423110961914
4179,0.0,-3.1222496032714844
4180,0.0,-3.2363948822021484
4181,0.0,-3.477853775024414
4182,0.0,-3.801624298095703
4183,0.0,-4.295925140380859
4184,0.0,-4.910083770751953
4185,0.0,-5.719148635864258
4186,0.0,-6.412303924560547
4187,0.0,-7.134613037109375
4188,0.0,-7.723134994506836
4189,0.0,-8.238466262817383
4190,0.0,-7.735408782958984
4191,0.0,-6.198951721191406
4192,0.0,-3.6886444091796875
4193,0.0,-0.040889739990234375
4194,0.0,6.186513900756836
4195,4.0,15.926909446716309
4196,12.0,31.20462417602539
4197,28.0,54.04964828491211
4198,40.0,87.29509735107422
4199,52.0,129.41453552246094
4200,56.0,167.39971923828125
4201,78.0,186.8348388671875
4202,116.0,199.93096923828125
4203,170.0,244.3529052734375
4204,252.0,272.3001708984375
4205,328.0,257.9409484863281
4206,438.0,236.93521118164062
4207,646.0,213.4622802734375
4208,306.0,192.291748046875
4209,342.0,171.57870483398438
4210,272.0,151.09494018554688
4211,280.0,127.0423812866211
4212,268.0,108.24279022216797
4213,156.0,81.8031234741211
4214,156.0,58.602603912353516
4215,192.0,42.790199279785156
4216,152.0,31.554218292236328
4217,90.0,12.078275680541992
4218,74.0,1.8730945587158203
4219,46.0,1.0740489959716797
4220,28.0,1.1557483673095703
4221,22.0,1.0722103118896484
4222,10.0,0.3228950500488281
4223,2.0,-0.07386970520019531
4224,0.0,-0.43877410888671875
4225,0.0,-0.6693382263183594
4226,0.0,-0.7902355194091797
4227,0.0,-0.8646163940429688
4228,0.0,-0.8968448638916016
4229,0.0,-0.7181148529052734
4230,0.0,-0.6399955749511719
4231,0.0,-0.5693817138671875
4232,0.0,-0.5237407684326172
4233,0.0,-0.3313102722167969
4234,0.0,-0.2695503234863281
4235,0.0,-0.2396717071533203
4236,0.0,-0.2033061981201172
4237,0.0,-0.06106758117675781
4238,0.0,0.01648712158203125
4239,0.0,0.1060028076171875
4240,0.0,0.24143600463867188
4241,0.0,0.38843345642089844
4242,0.0,0.5761489868164062
4243,0.0,0.6893253326416016
4244,0.0,0.7479496002197266
4245,0.0,0.7766571044921875
4246,0.0,0.7080860137939453
4247,0.0,0.6524639129638672
4248,0.0,0.6046485900878906
4249,0.0,0.5393466949462891
4250,0.0,0.6291389465332031
4251,0.0,0.7405033111572266
4252,0.0,0.8652973175048828
4253,0.0,0.1907062530517578
4254,0.0,0.9167194366455078
4255,0.0,0.9245471954345703
4256,0.0,0.9063625335693359
4257,0.0,0.8502254486083984
4258,0.0,0.7564449310302734
4259,0.0,0.7554855346679688
4260,0.0,0.7066516876220703
4261,0.0,0.6152935028076172
4262,0.0,0.6682853698730469
4263,0.0,0.6471767425537109
4264,0.0,0.7682552337646484
4265,0.0,0.7437210083007812
4266,0.0,0.6992950439453125
4267,0.0,0.7037601470947266
4268,0.0,0.6946086883544922
4269,0.0,0.7004604339599609
4270,0.0,0.7228412628173828
4271,0.0,0.6544666290283203
4272,0.0,0.47333526611328125
4273,0.0,0.28751564025878906
4274,0.0,-0.06195831298828125
4275,0.0,-0.4595470428466797
4276,0.0,-0.8608932495117188
4277,0.0,-1.2714462280273438
4278,0.0,-1.6695613861083984
4279,0.0,-1.9746627807617188
4280,0.0,-2.209074020385742
4281,0.0,-2.1764259338378906
4282,0.0,-2.1967411041259766
4283,0.0,-2.1800079345703125
4284,0.0,-2.164539337158203
4285,0.0,-1.8454608917236328
4286,0.0,-1.1552467346191406
4287,0.0,0.6138572692871094
4288,2.0,4.766666412353516
4289,4.0,14.613009452819824
4290,88.0,34.636474609375
4291,152.0,63.13656234741211
4292,234.0,101.42398834228516
4293,338.0,159.67361450195312
4294,464.0,250.38937377929688
4295,568.0,371.96392822265625
4296,668.0,488.2110595703125
4297,760.0,622.9573974609375
4298,830.0,750.8101806640625
4299,894.0,867.491455078125
4300,942.0,976.7940063476562
4301,958.0,1037.7562255859375
4302,988.0,1070.8233642578125
4303,1016.0,1106.920166015625
4304,1030.0,1152.9039306640625
4305,1032.0,1168.04833984375
4306,1074.0,1166.2645263671875
4307,1114.0,1153.8828125
4308,1072.0,1149.5799560546875
4309,968.0,1124.571044921875
4310,926.0,1088.4180908203125
4311,888.0,1043.4976806640625
4312,848.0,990.2748413085938
4313,680.0,915.9274291992188
4314,626.0,750.4224243164062
4315,650.0,429.1358947753906
4316,314.0,188.46258544921875
4317,62.0,99.05274200439453
4318,20.0,50.02406692504883
4319,8.0,12.791158676147461
4320,0.0,1.641439437866211
4321,0.0,1.5048103332519531
4322,0.0,1.1400566101074219
4323,0.0,0.6979465484619141
4324,0.0,0.5376625061035156
4325,0.0,0.7275905609130859
4326,0.0,0.7833003997802734
4327,0.0,0.8191795349121094
4328,0.0,0.8405570983886719
4329,0.0,0.9587726593017578
4330,0.0,1.0620384216308594
4331,0.0,1.1893749237060547
4332,0.0,1.2178306579589844
4333,0.0,1.2282657623291016
4334,0.0,1.2087440490722656
4335,0.0,1.1993389129638672
4336,0.0,1.1974620819091797
4337,0.0,1.1662006378173828
4338,0.0,1.1639270782470703
4339,0.0,1.1581687927246094
4340,0.0,1.160879135131836
4341,0.0,1.0907402038574219
4342,0.0,1.0998096466064453
4343,0.0,1.1054267883300781
4344,0.0,1.12371826171875
4345,0.0,1.0359153747558594
4346,0.0,1.0571231842041016
4347,0.0,1.0795936584472656
4348,0.0,1.1142520904541016
4349,0.0,-0.43267250061035156
4350,0.0,0.5827388763427734
4351,0.0,0.6753578186035156
4352,0.0,0.6401214599609375
4353,0.0,0.5760555267333984
4354,0.0,0.5456295013427734
4355,0.0,0.496551513671875
4356,0.0,0.45139122009277344
4357,0.0,0.3835029602050781
4358,0.0,0.2935771942138672
4359,0.0,0.20750045776367188
4360,0.0,0.2023906707763672
4361,0.0,0.25905609130859375
4362,0.0,0.26099205017089844
4363,0.0,0.24367713928222656
4364,0.0,0.2113170623779297
4365,0.0,0.1930065155029297
4366,0.0,0.1737823486328125
4367,0.0,0.12414360046386719
4368,0.0,-0.016139984130859375
4369,0.0,-0.23815155029296875
4370,0.0,-0.6648750305175781
4371,0.0,-1.2740631103515625
4372,0.0,-1.83929443359375
4373,0.0,-2.1859264373779297
4374,0.0,-2.4299163818359375
4375,0.0,-2.511240005493164
4376,0.0,-2.547639846801758
4377,0.0,-2.5703392028808594
4378,0.0,-2.826068878173828
4379,0.0,-2.9668617248535156
4380,0.0,-3.1000938415527344
4381,0.0,-3.0709152221679688
4382,0.0,-2.587026596069336
4383,0.0,-1.141519546508789
4384,4.0,2.7605438232421875
4385,4.0,12.330930709838867
4386,0.0,28.502243041992188
4387,8.0,43.66187286376953
4388,10.0,53.247440338134766
4389,56.0,53.62250900268555
4390,24.0,52.70912170410156
4391,10.0,53.80982971191406
4392,36.0,56.851295471191406
4393,40.0,62.866363525390625
4394,24.0,72.3316879272461
4395,40.0,85.67060852050781
4396,50.0,101.19630432128906
4397,64.0,107.1771469116211
4398,60.0,100.09825897216797
4399,44.0,86.49563598632812
4400,38.0,72.44886779785156
4401,60.0,56.6840705871582
4402,64.0,45.306583404541016
4403,54.0,38.22643280029297
4404,50.0,34.6917724609375
4405,50.0,31.315778732299805
4406,22.0,28.98220443725586
4407,20.0,25.782087326049805
4408,28.0,19.23078155517578
4409,28.0,11.251693725585938
4410,38.0,5.444131851196289
4411,114.0,3.2582578659057617
4412,48.0,2.3703384399414062
4413,40.0,1.9217872619628906
4414,12.0,1.5473899841308594
4415,0.0,1.0725574493408203
4416,0.0,0.6202945709228516
4417,0.0,0.24267196655273438
4418,0.0,-0.12105369567871094
4419,0.0,-0.2698478698730469
4420,0.0,-0.3305988311767578
4421,0.0,-0.2749786376953125
4422,0.0,-0.39234161376953125
4423,0.0,-0.4709968566894531
4424,0.0,-0.5136356353759766
4425,0.0,-0.5393486022949219
4426,0.0,-0.07277870178222656
4427,0.0,0.29465484619140625
4428,0.0,0.6381111145019531
4429,0.0,0.9310626983642578
4430,0.0,0.8048534393310547
4431,0.0,0.7441234588623047
4432,0.0,0.6060771942138672
4433,0.0,0.3933582305908203
4434,0.0,0.2396717071533203
4435,0.0,0.11342430114746094
4436,0.0,0.0369720458984375
4437,0.0,-0.018581390380859375
4438,0.0,-0.07743453979492188
4439,0.0,-0.09096908569335938
4440,0.0,-0.08474349975585938
4441,0.0,-0.11615562438964844
4442,0.0,-0.2051544189453125
4443,0.0,-0.2471485137939453
4444,0.0,-0.2668285369873047
4445,0.0,-0.36090850830078125
4446,0.0,-0.6311168670654297
4447,0.0,-0.48760986328125
4448,0.0,-0.2961006164550781
4449,0.0,-0.3296680450439453
4450,0.0,-0.3026390075683594
4451,0.0,-0.4784278869628906
4452,0.0,-0.5986499786376953
4453,0.0,-0.7220497131347656
4454,0.0,-0.815704345703125
4455,0.0,-0.8278007507324219
4456,0.0,-0.8121433258056641
4457,0.0,-0.7681350708007812
4458,0.0,-0.3861427307128906
4459,0.0,-0.09823417663574219
4460,0.0,0.10466194152832031
4461,0.0,0.1883525848388672
4462,0.0,0.12462425231933594
4463,0.0,0.10094261169433594
4464,0.0,0.08438873291015625
4465,0.0,0.08342933654785156
4466,0.0,0.120697021484375
4467,0.0,0.17309188842773438
4468,0.0,0.2370128631591797
4469,0.0,0.38651084899902344
4470,0.0,0.7195148468017578
4471,0.0,0.9026737213134766
4472,0.0,1.000173568725586
4473,0.0,1.1221027374267578
4474,0.0,1.2535419464111328
4475,0.0,1.2800865173339844
4476,0.0,1.276784896850586
4477,0.0,1.379669189453125
4478,0.0,1.5194587707519531
4479,0.0,2.1996898651123047
4480,0.0,3.400470733642578
4481,0.0,5.623274803161621
4482,0.0,8.99695110321045
4483,0.0,13.942045211791992
4484,4.0,21.0844669342041
4485,8.0,31.07427215576172
4486,44.0,49.52309036254883
4487,42.0,91.18289947509766
4488,90.0,187.04226684570312
4489,188.0,360.4665832519531
4490,188.0,519.4026489257812
4491,148.0,626.0523681640625
4492,186.0,733.9837036132812
4493,454.0,817.3251342773438
4494,248.0,885.31298828125
4495,470.0,958.1807250976562
4496,1094.0,1010.0693359375
4497,848.0,1035.5970458984375
4498,1088.0,1063.9984130859375
4499,1152.0,1092.8720703125
4500,1088.0,1112.518310546875
4501,852.0,1046.423095703125
4502,730.0,918.7987060546875
4503,84.0,764.4390258789062
4504,64.0,578.5445556640625
4505,34.0,413.96697998046875
4506,20.0,296.27996826171875
4507,28.0,237.38381958007812
4508,44.0,179.49752807617188
4509,18.0,101.24344635009766
4510,6.0,44.307796478271484
4511,0.0,6.455855369567871
4512,0.0,-0.47670555114746094
4513,0.0,-0.634246826171875
4514,0.0,-0.6025371551513672
4515,0.0,-0.4914073944091797
4516,0.0,-0.3402824401855469
4517,0.0,0.0250396728515625
4518,0.0,0.22186279296875
4519,0.0,0.4260120391845703
4520,0.0,0.5348834991455078
4521,0.0,0.6465167999267578
4522,0.0,0.6805305480957031
4523,0.0,0.7261676788330078
4524,0.0,0.7672195434570312
4525,0.0,0.8225364685058594
4526,0.0,0.7476177215576172
4527,0.0,0.6686649322509766
4528,0.0,0.6094532012939453
4529,0.0,0.6082668304443359
4530,0.0,0.7499485015869141
4531,0.0,0.8080844879150391
4532,0.0,0.9461421966552734
4533,0.0,1.028726577758789
4534,0.0,0.8860855102539062
4535,0.0,0.721343994140625
4536,0.0,0.5176868438720703
4537,0.0,0.2809467315673828
4538,0.0,-0.06737327575683594
4539,0.0,-0.23894309997558594
4540,0.0,-0.25928497314453125
4541,0.0,-0.17459678649902344
4542,0.0,-0.13657379150390625
4543,0.0,-0.23569488525390625
4544,0.0,-0.2709007263183594
4545,0.0,-0.23830795288085938
4546,0.0,-0.3615226745605469
4547,0.0,-0.37117576599121094
4548,0.0,-0.2065906524658203
4549,0.0,0.1208038330078125
4550,0.0,0.2832469940185547
4551,0.0,0.43247032165527344
4552,0.0,0.4625091552734375
4553,0.0,0.4818305969238281
4554,0.0,0.4924049377441406
4555,0.0,0.5273303985595703
4556,0.0,0.5364398956298828
4557,0.0,0.5481452941894531
4558,0.0,0.5390071868896484
4559,0.0,0.5973796844482422
4560,0.0,0.5410690307617188
4561,0.0,0.46453094482421875
4562,0.0,0.42330360412597656
4563,0.0,0.3735218048095703
4564,0.0,0.299530029296875
4565,0.0,0.04636955261230469
4566,0.0,-0.5000476837158203
4567,0.0,-1.6135120391845703
4568,0.0,-2.5715713500976562
4569,0.0,-2.853605270385742
4570,0.0,-3.3522167205810547
4571,0.0,-3.809377670288086
4572,0.0,-4.77128791809082
4573,0.0,-5.507001876831055
4574,0.0,-5.770069122314453
4575,0.0,-5.300251007080078
4576,0.0,-4.014070510864258
4577,0.0,-1.7023639678955078
4578,0.0,0.9892749786376953
4579,4.0,2.714113235473633
4580,20.0,4.7838287353515625
4581,28.0,7.600274085998535
4582,56.0,10.025996208190918
4583,72.0,13.33647632598877
4584,84.0,17.496049880981445
4585,116.0,21.86659812927246
4586,138.0,27.68734359741211
4587,142.0,35.186676025390625
4588,108.0,43.737457275390625
4589,68.0,56.354248046875
4590,68.0,72.58041381835938
4591,120.0,90.33723449707031
4592,126.0,106.20854187011719
4593,102.0,117.77330780029297
4594,184.0,125.19361877441406
4595,240.0,131.12326049804688
4596,176.0,135.82273864746094
4597,184.0,138.06167602539062
4598,132.0,123.38633728027344
4599,92.0,104.90843200683594
4600,96.0,88.03250122070312
4601,88.0,70.91873931884766
4602,124.0,54.68023681640625
4603,112.0,40.532676696777344
4604,104.0,29.018646240234375
4605,24.0,19.822969436645508
4606,12.0,11.522771835327148
4607,2.0,5.661504745483398
4608,0.0,2.741069793701172
4609,0.0,1.7674331665039062
4610,0.0,1.1108074188232422
4611,0.0,0.8404693603515625
4612,0.0,0.6734867095947266
4613,0.0,0.4670372009277344
4614,0.0,0.28859710693359375
4615,0.0,0.21190261840820312
4616,0.0,0.13177490234375
4617,0.0,-0.06599235534667969
4618,0.0,-0.019804000854492188
4619,0.0,0.02382659912109375
4620,0.0,0.11411285400390625
4621,0.0,0.10507583618164062
4622,0.0,-0.08187484741210938
4623,0.0,-0.1376476287841797
4624,0.0,-0.1462860107421875
4625,0.0,-0.1670703887939453
4626,0.0,-0.2707405090332031
4627,0.0,-0.4006328582763672
4628,0.0,-0.5147247314453125
4629,0.0,-0.5983047485351562
4630,0.0,-0.5286655426025391
4631,0.0,-0.32173919677734375
4632,0.0,-0.13316917419433594
4633,0.0,-0.030666351318359375
4634,0.0,0.2169971466064453
4635,0.0,0.29952430725097656
4636,0.0,0.3659400939941406
4637,0.0,-0.22078704833984375
4638,0.0,-0.16681480407714844
4639,0.0,-0.1819591522216797
4640,0.0,-0.20043563842773438
4641,0.0,-0.10538482666015625
4642,0.0,-0.045703887939453125
4643,0.0,0.024078369140625
4644,0.0,0.11593055725097656
4645,0.0,0.30132102966308594
4646,0.0,0.20685577392578125
4647,0.0,0.18030357360839844
4648,0.0,-0.24752426147460938
4649,0.0,-0.4125518798828125
4650,0.0,-0.3772411346435547
4651,0.0,-0.7872333526611328
4652,0.0,-1.4185123443603516
4653,0.0,-1.5979938507080078
4654,0.0,-2.0714759826660156
4655,0.0,-2.043180465698242
4656,0.0,-2.3728370666503906
4657,0.0,-2.5134925842285156
4658,0.0,-2.4544124603271484
4659,0.0,-2.6424522399902344
4660,0.0,-2.9743404388427734
4661,0.0,-3.2470455169677734
4662,0.0,-3.571126937866211
4663,0.0,-3.800344467163086
4664,0.0,-4.029584884643555
4665,0.0,-4.258832931518555
4666,0.0,-3.8154773712158203
4667,0.0,-2.837188720703125
4668,0.0,-1.9775047302246094
4669,0.0,-0.6415634155273438
4670,0.0,1.354574203491211
4671,0.0,5.578886985778809
4672,0.0,15.212936401367188
4673,2.0,33.01912307739258
4674,54.0,59.56694412231445
4675,146.0,92.37400817871094
4676,228.0,134.84014892578125
4677,322.0,204.29647827148438
4678,430.0,303.9476318359375
4679,540.0,412.3789367675781
4680,640.0,512.711181640625
4681,732.0,640.1958618164062
4682,808.0,800.2843017578125
4683,872.0,913.5726318359375
4684,916.0,1007.19384765625
4685,932.0,1038.523193359375
4686,958.0,1063.0677490234375
4687,962.0,1098.3502197265625
4688,972.0,1138.3389892578125
4689,1002.0,1151.251953125
4690,1082.0,1148.047607421875
4691,1104.0,1119.782958984375
4692,1088.0,1088.5748291015625
4693,992.0,1022.4013061523438
4694,968.0,972.9060668945312
4695,934.0,966.3056640625
4696,564.0,962.5498046875
4697,410.0,944.3162231445312
4698,492.0,859.4783325195312
4699,598.0,625.0548095703125
4700,298.0,299.75457763671875
4701,60.0,159.87362670898438
4702,24.0,61.46723556518555
4703,4.0,21.46776580810547
4704,0.0,1.9856071472167969
4705,0.0,1.2398490905761719
4706,0.0,0.7332897186279297
4707,0.0,0.6486282348632812
4708,0.0,0.5922088623046875
4709,0.0,0.6718711853027344
4710,0.0,0.7433071136474609
4711,0.0,0.8827915191650391
4712,0.0,1.072702407836914
4713,0.0,1.3006000518798828
4714,0.0,1.4282875061035156
4715,0.0,1.4740543365478516
4716,0.0,1.4517707824707031
4717,0.0,1.3320789337158203
4718,0.0,0.9952907562255859
4719,0.0,0.752044677734375
4720,0.0,0.6236686706542969
4721,0.0,0.6196002960205078
4722,0.0,0.6140918731689453
4723,0.0,0.6283416748046875
4724,0.0,0.5473442077636719
4725,0.0,0.4891395568847656
4726,0.0,0.3127937316894531
4727,0.0,0.1742706298828125
4728,0.0,0.08515548706054688
4729,0.0,0.017688751220703125
4730,0.0,-0.010644912719726562
4731,0.0,-0.02748870849609375
4732,0.0,-0.042034149169921875
4733,0.0,-0.1288166046142578
4734,0.0,0.24283981323242188
4735,0.0,0.4436054229736328
4736,0.0,0.5414314270019531
4737,0.0,0.6026287078857422
4738,0.0,0.7094688415527344
4739,0.0,0.7736434936523438
4740,0.0,0.7859897613525391
4741,0.0,0.7782249450683594
4742,0.0,0.5260066986083984
4743,0.0,0.4976940155029297
4744,0.0,0.4255046844482422
4745,0.0,0.3179340362548828
4746,0.0,0.26702880859375
4747,0.0,0.11563682556152344
4748,0.0,-0.08230400085449219
4749,0.0,-0.2836933135986328
4750,0.0,-0.4031505584716797
4751,0.0,-0.6306838989257812
4752,0.0,-0.7560386657714844
4753,0.0,-0.9956760406494141
4754,0.0,-0.8567695617675781
4755,0.0,-0.6950035095214844
4756,0.0,-0.6191120147705078
4757,0.0,-0.5190906524658203
4758,0.0,-0.44793128967285156
4759,0.0,-0.4453392028808594
4760,0.0,-0.9848518371582031
4761,0.0,-1.5646038055419922
4762,0.0,-1.6211967468261719
4763,0.0,-1.3010425567626953
4764,0.0,-0.7437705993652344
4765,0.0,0.04913139343261719
4766,0.0,0.46715545654296875
4767,0.0,0.8913288116455078
4768,0.0,1.5210552215576172
4769,0.0,2.965620994567871
4770,0.0,5.174677848815918
4771,0.0,8.277871131896973
4772,0.0,12.333194732666016
4773,0.0,17.34033203125
4774,6.0,22.847023010253906
4775,14.0,28.406843185424805
4776,24.0,33.28558349609375
4777,20.0,36.4715576171875
4778,24.0,40.53990173339844
4779,34.0,45.998146057128906
4780,36.0,55.38014221191406
4781,46.0,67.66670227050781
4782,42.0,82.73363494873047
4783,44.0,100.75288391113281
4784,30.0,122.37716674804688
4785,24.0,144.65274047851562
4786,28.0,166.41973876953125
4787,32.0,182.66754150390625
4788,36.0,194.338623046875
4789,40.0,197.2076416015625
4790,48.0,187.46673583984375
4791,62.0,161.34619140625
4792,70.0,106.67347717285156
4793,72.0,57.018672943115234
4794,72.0,33.96918869018555
4795,92.0,17.89984130859375
4796,128.0,8.191411972045898
4797,80.0,4.472641944885254
4798,20.0,2.48551082611084
4799,0.0,1.659811019897461
4800,0.0,1.3572273254394531
4801,0.0,1.0247516632080078
4802,0.0,0.5518684387207031
4803,0.0,0.49120140075683594
4804,0.0,0.7378940582275391
4805,0.0,1.1839256286621094
4806,0.0,1.6386432647705078
4807,0.0,1.5303840637207031
4808,0.0,1.2278327941894531
4809,0.0,0.9219093322753906
4810,0.0,0.4172992706298828
4811,0.0,0.20504379272460938
4812,0.0,0.1926441192626953
4813,0.0,0.39919471740722656
4814,0.0,0.7618522644042969
4815,0.0,1.0927982330322266
4816,0.0,1.3776054382324219
4817,0.0,1.5351810455322266
4818,0.0,1.6921844482421875
4819,0.0,1.6051445007324219
4820,0.0,1.4965572357177734
4821,0.0,1.2225589752197266
4822,0.0,0.7533187866210938
4823,0.0,0.6283645629882812
4824,0.0,0.5735397338867188
4825,0.0,0.5358848571777344
4826,0.0,0.5693492889404297
4827,0.0,0.47911834716796875
4828,0.0,0.4300079345703125
4829,0.0,-0.49617767333984375
4830,0.0,-0.6100425720214844
4831,0.0,-0.5016593933105469
4832,0.0,-0.29892730712890625
4833,0.0,-0.07274436950683594
4834,0.0,-0.10992050170898438
4835,0.0,-0.05059623718261719
4836,0.0,0.001476287841796875
4837,0.0,0.011503219604492188
4838,0.0,0.1074981689453125
4839,0.0,0.10667228698730469
4840,0.0,0.09413337707519531
4841,0.0,0.03557777404785156
4842,0.0,0.09601402282714844
4843,0.0,0.1311473846435547
4844,0.0,0.15505218505859375
4845,0.0,0.09056854248046875
4846,0.0,-0.1717681884765625
4847,0.0,-0.4314899444580078
4848,0.0,-0.7220706939697266
4849,0.0,-1.0685005187988281
4850,0.0,-1.261270523071289
4851,0.0,-1.4285621643066406
4852,0.0,-1.5592765808105469
4853,0.0,-1.6885032653808594
4854,0.0,-1.6267852783203125
4855,0.0,-1.4002857208251953
4856,0.0,-0.9116535186767578
4857,0.0,-0.47481346130371094
4858,0.0,-0.7998752593994141
4859,0.0,-0.7818412780761719
4860,0.0,-1.0618553161621094
4861,0.0,-1.5960350036621094
4862,0.0,-1.5808181762695312
4863,0.0,-1.0572872161865234
4864,0.0,2.544562339782715
4865,4.0,9.819647789001465
4866,32.0,22.368759155273438
4867,100.0,44.904747009277344
4868,156.0,89.34034729003906
4869,156.0,140.81155395507812
4870,192.0,201.27133178710938
4871,244.0,283.3630676269531
4872,238.0,366.3596496582031
4873,282.0,428.08673095703125
4874,282.0,538.7630615234375
4875,254.0,620.344482421875
4876,272.0,656.358642578125
4877,334.0,695.1867065429688
4878,294.0,720.3511352539062
4879,268.0,759.06884765625
4880,260.0,787.1201782226562
4881,240.0,771.8229370117188
4882,130.0,736.7150268554688
4883,66.0,573.1009521484375
4884,72.0,438.0506591796875
4885,72.0,360.6384582519531
4886,48.0,304.45379638671875
4887,44.0,250.20016479492188
4888,60.0,189.99038696289062
4889,64.0,121.47930145263672
4890,48.0,73.890625
4891,28.0,45.427974700927734
4892,4.0,27.265270233154297
4893,0.0,16.79761505126953
4894,0.0,9.53172779083252
4895,0.0,5.383146286010742
4896,0.0,3.366671562194824
4897,0.0,1.977895736694336
4898,0.0,1.1232452392578125
4899,0.0,0.6153278350830078
4900,0.0,0.39087677001953125
4901,0.0,0.3868980407714844
4902,0.0,0.4474163055419922
4903,0.0,0.4596996307373047
4904,0.0,0.43201637268066406
4905,0.0,0.3967132568359375
4906,0.0,0.3259544372558594
4907,0.0,0.2615642547607422
4908,0.0,0.2130603790283203
4909,0.0,0.16427230834960938
4910,0.0,0.12574195861816406
4911,0.0,0.11611175537109375
4912,0.0,0.13648033142089844
4913,0.0,0.1615447998046875
4914,0.0,0.24441146850585938
4915,0.0,0.30530357360839844
4916,0.0,0.3498706817626953
4917,0.0,0.362884521484375
4918,0.0,0.3572368621826172
4919,0.0,0.35504913330078125
4920,0.0,0.3645305633544922
4921,0.0,0.3601188659667969
4922,0.0,0.3727855682373047
4923,0.0,0.40793418884277344
4924,0.0,0.4484729766845703
4925,0.0,0.38933753967285156
4926,0.0,-0.34575462341308594
4927,0.0,-0.9688320159912109
4928,0.0,-1.4325065612792969
4929,0.0,-1.8347663879394531
4930,0.0,-1.9926891326904297
4931,0.0,-2.1171627044677734
4932,0.0,-2.2288284301757812
4933,0.0,-2.349285125732422
4934,0.0,-2.474903106689453
4935,0.0,-2.4810237884521484
4936,0.0,-2.4409027099609375
4937,0.0,-2.496410369873047
4938,0.0,-2.4252395629882812
4939,0.0,-2.4114036560058594
4940,0.0,-2.4030704498291016
4941,0.0,-2.4589672088623047
4942,0.0,-2.429637908935547
4943,0.0,-2.402496337890625
4944,0.0,-2.3779659271240234
4945,0.0,-2.392885208129883
4946,0.0,-2.262035369873047
4947,0.0,-2.2030372619628906
4948,0.0,-2.178831100463867
4949,0.0,-2.1981945037841797
4950,0.0,-2.1575679779052734
4951,0.0,-2.092498779296875
4952,0.0,-2.0817031860351562
4953,0.0,-2.0915985107421875
4954,0.0,-1.8776416778564453
4955,0.0,-1.5781745910644531
4956,0.0,-1.2508277893066406
4957,0.0,-0.7195167541503906
4958,0.0,0.2784709930419922
4959,0.0,1.5459861755371094
4960,0.0,3.0540390014648438
4961,0.0,5.324596405029297
4962,2.0,7.760750770568848
4963,6.0,10.60116958618164
4964,8.0,13.799186706542969
4965,22.0,17.957292556762695
4966,40.0,23.233192443847656
4967,46.0,29.88925552368164
4968,50.0,37.99690246582031
4969,42.0,47.79369354248047
4970,42.0,52.95956039428711
4971,38.0,53.5026969909668
4972,38.0,50.42409896850586
4973,38.0,44.643150329589844
4974,40.0,41.89830017089844
4975,76.0,40.5682487487793
4976,100.0,40.953670501708984
4977,106.0,41.369895935058594
4978,102.0,41.0806884765625
4979,76.0,38.870567321777344
4980,64.0,34.8961181640625
4981,76.0,29.20514678955078
4982,44.0,23.942426681518555
4983,48.0,19.27989959716797
4984,52.0,14.838410377502441
4985,28.0,10.341360092163086
4986,36.0,6.599590301513672
4987,36.0,4.188747406005859
4988,32.0,3.0311737060546875
4989,34.0,2.367015838623047
4990,26.0,2.2108993530273438
4991,4.0,2.242656707763672
4992,0.0,2.217498779296875
4993,0.0,1.630208969116211
4994,0.0,0.8775730133056641
4995,0.0,0.26039695739746094
4996,0.0,-0.06990432739257812
4997,0.0,-0.14636802673339844
4998,0.0,-0.09569358825683594
4999,0.0,0.10688591003417969
5000,0.0,0.24835777282714844
5001,0.0,0.4054679870605469
5002,0.0,0.47634124755859375
5003,0.0,0.5601310729980469
5004,0.0,0.5918788909912109
5005,0.0,0.6326828002929688
5006,0.0,0.6180229187011719
5007,0.0,0.6480216979980469
5008,0.0,0.6756267547607422
5009,0.0,0.6579608917236328
5010,0.0,0.63330078125
5011,0.0,0.6292629241943359
5012,0.0,0.630462646484375
5013,0.0,0.5647296905517578
5014,0.0,0.5664634704589844
5015,0.0,0.5647144317626953
5016,0.0,0.5756721496582031
5017,0.0,0.49591636657714844
5018,0.0,0.46190452575683594
5019,0.0,0.4410552978515625
5020,0.0,0.4363594055175781
5021,0.0,-0.3034629821777344
5022,0.0,-0.28041648864746094
5023,0.0,-0.10975456237792969
5024,0.0,0.03764533996582031
5025,0.0,0.1909503936767578
5026,0.0,0.06146049499511719
5027,0.0,-0.0009632110595703125
5028,0.0,-0.11271095275878906
5029,0.0,-0.2484416961669922
5030,0.0,-0.4460945129394531
5031,0.0,-0.4894695281982422
5032,0.0,-0.5408782958984375
5033,0.0,-0.6705093383789062
5034,0.0,-0.5812511444091797
5035,0.0,-0.6234779357910156
5036,0.0,-0.5846138000488281
5037,0.0,-0.6235885620117188
5038,0.0,-0.69476318359375
5039,0.0,-0.7364139556884766
5040,0.0,-0.7982559204101562
5041,0.0,-0.9098854064941406
5042,0.0,-0.8943367004394531
5043,0.0,-0.8952827453613281
5044,0.0,-0.8989067077636719
5045,0.0,-0.9346637725830078
5046,0.0,-1.1324024200439453
5047,0.0,-1.3212261199951172
5048,0.0,-1.6664257049560547
5049,0.0,-1.9706878662109375
5050,0.0,-2.031097412109375
5051,0.0,-1.9277839660644531
5052,0.0,-1.6440448760986328
5053,0.0,-1.3451347351074219
5054,0.0,-1.398855209350586
5055,0.0,-1.0096511840820312
5056,0.0,-0.6010398864746094
5057,0.0,0.41546630859375
5058,0.0,1.4898719787597656
5059,0.0,3.3732118606567383
5060,0.0,5.704886436462402
5061,16.0,11.68156909942627
5062,28.0,19.366058349609375
5063,20.0,26.866357803344727
5064,8.0,33.13470458984375
5065,8.0,38.46717834472656
5066,18.0,45.24279022216797
5067,14.0,53.13372802734375
5068,8.0,61.00639724731445
5069,8.0,64.2718505859375
5070,8.0,70.36518859863281
5071,8.0,78.41001892089844
5072,8.0,90.5406723022461
5073,34.0,90.67725372314453
5074,58.0,91.37686157226562
5075,56.0,88.6664047241211
5076,46.0,82.7737045288086
5077,20.0,65.8693618774414
5078,6.0,50.2559814453125
5079,20.0,37.75371551513672
5080,12.0,30.262298583984375
5081,4.0,24.96521759033203
5082,8.0,20.435354232788086
5083,8.0,15.54646110534668
5084,0.0,10.739179611206055
5085,0.0,6.554601669311523
5086,0.0,3.787228584289551
5087,0.0,2.278421401977539
5088,0.0,1.6580257415771484
5089,0.0,1.2514095306396484
5090,0.0,1.161031723022461
5091,0.0,1.33087158203125
5092,0.0,1.5949153900146484
5093,0.0,1.6654815673828125
5094,0.0,1.7392826080322266
5095,0.0,1.8345775604248047
5096,0.0,1.91583251953125
5097,0.0,1.7676219940185547
5098,0.0,1.6295795440673828
5099,0.0,1.5951728820800781
5100,0.0,1.6189098358154297
5101,0.0,1.4723453521728516
5102,0.0,1.2969646453857422
5103,0.0,1.2052288055419922
5104,0.0,1.141916275024414
5105,0.0,0.9476661682128906
5106,0.0,0.6323661804199219
5107,0.0,0.3557586669921875
5108,0.0,0.08620262145996094
5109,0.0,-0.19045639038085938
5110,0.0,-0.2263336181640625
5111,0.0,-0.22046661376953125
5112,0.0,-0.18576431274414062
5113,0.0,-0.19060516357421875
5114,0.0,-0.34795570373535156
5115,0.0,-0.4295768737792969
5116,0.0,-0.490264892578125
5117,0.0,0.04867362976074219
5118,0.0,0.20411109924316406
5119,0.0,0.10363388061523438
5120,0.0,0.008005142211914062
5121,0.0,0.031011581420898438
5122,0.0,0.0052089691162109375
5123,0.0,-0.028322219848632812
5124,0.0,-0.09063339233398438
5125,0.0,-0.22006607055664062
5126,0.0,-0.4525146484375
5127,0.0,-0.7144050598144531
5128,0.0,-0.9578037261962891
5129,0.0,-1.2163238525390625
5130,0.0,-1.342336654663086
5131,0.0,-1.4783153533935547
5132,0.0,-1.5761680603027344
5133,0.0,-1.8289833068847656
5134,0.0,-1.8841114044189453
5135,0.0,-1.9197673797607422
5136,0.0,-1.9374523162841797
5137,0.0,-2.083955764770508
5138,0.0,-2.0627479553222656
5139,0.0,-2.125894546508789
5140,0.0,-2.1912403106689453
5141,0.0,-2.3303909301757812
5142,0.0,-2.951984405517578
5143,0.0,-3.608417510986328
5144,0.0,-4.332523345947266
5145,0.0,-4.917425155639648
5146,0.0,-5.25486946105957
5147,0.0,-5.477727890014648
5148,0.0,-5.643974304199219
5149,0.0,-5.910612106323242
5150,0.0,-5.655326843261719
5151,0.0,-5.098947525024414
5152,0.0,-3.7102737426757812
5153,0.0,-1.0892257690429688
5154,0.0,0.9252166748046875
5155,0.0,2.770732879638672
5156,0.0,4.92100715637207
5157,2.0,7.722780227661133
5158,2.0,10.468765258789062
5159,0.0,13.852477073669434
5160,6.0,18.543882369995117
5161,8.0,24.548566818237305
5162,10.0,29.78774070739746
5163,4.0,33.79236602783203
5164,8.0,36.941165924072266
5165,8.0,38.87852478027344
5166,20.0,40.71382522583008
5167,36.0,41.79020690917969
5168,32.0,42.050392150878906
5169,36.0,41.73954772949219
5170,52.0,42.50965881347656
5171,24.0,43.45941162109375
5172,8.0,45.877044677734375
5173,28.0,51.30727767944336
5174,26.0,60.41883087158203
5175,14.0,68.96281433105469
5176,20.0,74.5596694946289
5177,64.0,70.43147277832031
5178,38.0,61.92574691772461
5179,40.0,50.70418167114258
5180,20.0,37.84521484375
5181,6.0,22.78908348083496
5182,0.0,7.866424560546875
5183,0.0,1.2074222564697266
5184,0.0,-0.45205116271972656
5185,0.0,-0.7514839172363281
5186,0.0,-0.792510986328125
5187,0.0,-0.7532825469970703
5188,0.0,-0.6832599639892578
5189,0.0,-0.4901847839355469
5190,0.0,-0.41294288635253906
5191,0.0,-0.3359947204589844
5192,0.0,-0.279937744140625
5193,0.0,-0.11155891418457031
5194,0.0,0.014545440673828125
5195,0.0,0.2382335662841797
5196,0.0,0.2912712097167969
5197,0.0,0.2687397003173828
5198,0.0,0.1269855499267578
5199,0.0,-0.017728805541992188
5200,0.0,0.2258586883544922
5201,0.0,0.22770118713378906
5202,0.0,0.2035808563232422
5203,0.0,0.18089675903320312
5204,0.0,0.15688133239746094
5205,0.0,0.12624359130859375
5206,0.0,0.140716552734375
5207,0.0,0.18528175354003906
5208,0.0,0.2454090118408203
5209,0.0,0.2946128845214844
5210,0.0,0.18837547302246094
5211,0.0,0.10673904418945312
5212,0.0,0.018291473388671875
5213,0.0,0.07735633850097656
5214,0.0,-0.5281982421875
5215,0.0,-0.7572307586669922
5216,0.0,-0.8251533508300781
5217,0.0,-0.8636360168457031
5218,0.0,-0.698333740234375
5219,0.0,-0.5848560333251953
5220,0.0,-0.5054111480712891
5221,0.0,-0.5054302215576172
5222,0.0,-0.8224124908447266
5223,0.0,-1.3091583251953125
5224,0.0,-1.6685352325439453
5225,0.0,-2.016752243041992
5226,0.0,-1.8131217956542969
5227,0.0,-1.6873455047607422
5228,0.0,-1.4522762298583984
5229,0.0,-1.3794612884521484
5230,0.0,-2.0178394317626953
5231,0.0,-2.294191360473633
5232,0.0,-2.6932315826416016
5233,0.0,-3.2013397216796875
5234,0.0,-3.180917739868164
5235,0.0,-3.4198226928710938
5236,0.0,-3.567678451538086
5237,0.0,-3.707948684692383
5238,0.0,-3.7575111389160156
5239,0.0,-3.773090362548828
5240,0.0,-3.810108184814453
5241,0.0,-3.791107177734375
5242,0.0,-3.775655746459961
5243,0.0,-3.775726318359375
5244,0.0,-3.804769515991211
5245,0.0,-3.693368911743164
5246,0.0,-3.5635032653808594
5247,0.0,-3.2425479888916016
5248,0.0,-2.8706703186035156
5249,0.0,-1.9980812072753906
5250,0.0,-1.4454288482666016
5251,6.0,-0.654937744140625
5252,10.0,1.0269908905029297
5253,24.0,3.907928466796875
5254,34.0,5.961335182189941
5255,46.0,8.465712547302246
5256,32.0,11.32249641418457
5257,44.0,14.454545974731445
5258,106.0,17.73705291748047
5259,74.0,21.754302978515625
5260,68.0,26.89944076538086
5261,56.0,32.91478729248047
5262,30.0,36.046958923339844
5263,38.0,35.05598831176758
5264,42.0,31.52269172668457
5265,44.0,27.43512535095215
5266,46.0,24.97492027282715
5267,68.0,24.152219772338867
5268,36.0,25.9849853515625
5269,28.0,31.805908203125
5270,32.0,36.85424041748047
5271,24.0,37.27059555053711
5272,20.0,34.65681457519531
5273,16.0,28.755903244018555
5274,4.0,23.45885467529297
5275,6.0,17.5548152923584
5276,2.0,10.24814224243164
5277,4.0,3.454832077026367
5278,0.0,-0.7872810363769531
5279,0.0,-1.9143600463867188
5280,0.0,-1.6621513366699219
5281,0.0,-0.9120960235595703
5282,0.0,-0.6192817687988281
5283,0.0,-0.5165004730224609
5284,0.0,-0.5135307312011719
5285,0.0,-0.4201240539550781
5286,0.0,-0.48833274841308594
5287,0.0,-0.5641231536865234
5288,0.0,-0.6701221466064453
5289,0.0,-0.6033992767333984
5290,0.0,-0.5015335083007812
5291,0.0,-0.4014625549316406
5292,0.0,-0.3088188171386719
5293,0.0,-0.10171890258789062
5294,0.0,0.09818267822265625
5295,0.0,0.2888603210449219
5296,0.0,0.4389839172363281
5297,0.0,0.6063461303710938
5298,0.0,0.4585456848144531
5299,0.0,0.3694019317626953
5300,0.0,0.2342662811279297
5301,0.0,0.149444580078125
5302,0.0,0.22470474243164062
5303,0.0,0.28572654724121094
5304,0.0,0.3580913543701172
5305,0.0,0.46743202209472656
5306,0.0,0.43998146057128906
5307,0.0,0.4454002380371094
5308,0.0,0.4232158660888672
5309,0.0,0.5077800750732422
5310,0.0,0.5268287658691406
5311,0.0,0.25477027893066406
5312,0.0,0.26821136474609375
5313,0.0,0.2818737030029297
5314,0.0,0.09263229370117188
5315,0.0,0.026094436645507812
5316,0.0,-0.11739730834960938
5317,0.0,-0.21793556213378906
5318,0.0,-0.2591094970703125
5319,0.0,-0.32138633728027344
5320,0.0,-0.3523082733154297
5321,0.0,-0.3712501525878906
5322,0.0,-0.45249176025390625
5323,0.0,-0.4851551055908203
5324,0.0,-0.49803733825683594
5325,0.0,-0.4927253723144531
5326,0.0,-0.41086387634277344
5327,0.0,-0.3430595397949219
5328,0.0,-0.309539794921875
5329,0.0,-0.2959270477294922
5330,0.0,-0.1989727020263672
5331,0.0,-0.28142547607421875
5332,0.0,-0.7261466979980469
5333,0.0,-1.6183490753173828
5334,0.0,-2.336233139038086
5335,0.0,-2.565662384033203
5336,0.0,-2.648670196533203
5337,0.0,-2.5375423431396484
5338,0.0,-2.429126739501953
5339,0.0,-2.3285179138183594
5340,0.0,-2.2291488647460938
5341,0.0,-1.840118408203125
5342,0.0,-1.5190925598144531
5343,0.0,-1.1062297821044922
5344,0.0,-0.7398395538330078
5345,0.0,-0.2190532684326172
5346,0.0,0.00322723388671875
5347,0.0,0.3003425598144531
5348,0.0,0.7052211761474609
5349,0.0,1.669961929321289
5350,2.0,2.7583580017089844
5351,6.0,4.41556453704834
5352,4.0,6.879836082458496
5353,12.0,10.106762886047363
5354,16.0,13.918302536010742
5355,34.0,17.39423370361328
5356,46.0,19.2130069732666
5357,54.0,19.41262435913086
5358,64.0,19.288265228271484
5359,74.0,19.336223602294922
5360,48.0,19.45079231262207
5361,52.0,19.16971778869629
5362,52.0,18.216917037963867
5363,54.0,17.284685134887695
5364,62.0,16.428211212158203
5365,64.0,15.347054481506348
5366,40.0,14.511070251464844
5367,36.0,13.81456184387207
5368,26.0,12.983327865600586
5369,22.0,11.660245895385742
5370,16.0,9.846661567687988
5371,8.0,7.403278350830078
5372,4.0,4.310396194458008
5373,2.0,1.9987335205078125
5374,0.0,0.7543601989746094
5375,0.0,0.1813201904296875
5376,0.0,-0.06267356872558594
5377,0.0,-0.02857208251953125
5378,0.0,-0.060268402099609375
5379,0.0,-0.028812408447265625
5380,0.0,-0.03716850280761719
5381,0.0,-0.03147697448730469
5382,0.0,-0.09433364868164062
5383,0.0,-0.2317352294921875
5384,0.0,-0.40423583984375
5385,0.0,-0.3242454528808594
5386,0.0,-0.29282188415527344
5387,0.0,-0.2662239074707031
5388,0.0,-0.23123741149902344
5389,0.0,-0.06967544555664062
5390,0.0,0.016704559326171875
5391,0.0,0.16158676147460938
5392,0.0,0.4204902648925781
5393,0.0,0.576934814453125
5394,0.0,0.6292514801025391
5395,0.0,0.6353435516357422
5396,0.0,0.6356868743896484
5397,0.0,0.6336040496826172
5398,0.0,0.6273460388183594
5399,0.0,0.6120891571044922
5400,0.0,0.6017494201660156
5401,0.0,0.5962810516357422
5402,0.0,0.6427268981933594
5403,0.0,0.6740169525146484
5404,0.0,0.7132701873779297
5405,0.0,0.6209297180175781
5406,0.0,1.1475467681884766
5407,0.0,1.1337661743164062
5408,0.0,1.1860179901123047
5409,0.0,1.163604736328125
5410,0.0,1.0623760223388672
5411,0.0,1.080770492553711
5412,0.0,1.1426410675048828
5413,0.0,1.2782917022705078
5414,0.0,1.1310577392578125
5415,0.0,-0.5223236083984375
5416,0.0,-1.2380294799804688
5417,0.0,-1.7764244079589844
5418,0.0,-2.2344493865966797
5419,0.0,-2.5389041900634766
5420,0.0,-2.8276233673095703
5421,0.0,-2.809602737426758
5422,0.0,-2.7615718841552734
5423,0.0,-2.715007781982422
5424,0.0,-2.7460174560546875
5425,0.0,-2.5277347564697266
5426,0.0,-2.337404251098633
5427,0.0,-2.123615264892578
5428,0.0,-1.9849929809570312
5429,0.0,-1.5559577941894531
5430,0.0,-1.4354267120361328
5431,0.0,-1.435201644897461
5432,0.0,-1.4395923614501953
5433,0.0,-1.1312026977539062
5434,0.0,-0.7984256744384766
5435,0.0,-0.3673553466796875
5436,0.0,0.08525848388671875
5437,0.0,1.1387310028076172
5438,0.0,2.4262542724609375
5439,0.0,3.9158849716186523
5440,0.0,5.453424453735352
5441,0.0,7.446587562561035
5442,0.0,9.021238327026367
5443,0.0,10.230401039123535
5444,4.0,11.128229141235352
5445,10.0,13.248991012573242
5446,32.0,15.767241477966309
5447,44.0,19.249990463256836
5448,80.0,24.114192962646484
5449,108.0,32.76041793823242
5450,152.0,44.29191970825195
5451,112.0,57.45255661010742
5452,108.0,72.62869262695312
5453,120.0,84.23348236083984
5454,132.0,95.26837158203125
5455,106.0,106.5382308959961
5456,112.0,118.74458312988281
5457,154.0,132.94398498535156
5458,328.0,143.29441833496094
5459,252.0,141.9514617919922
5460,140.0,131.01290893554688
5461,140.0,112.06654357910156
5462,134.0,92.7688980102539
5463,114.0,76.54054260253906
5464,100.0,64.7800521850586
5465,72.0,49.84562301635742
5466,48.0,37.69072723388672
5467,44.0,21.540985107421875
5468,32.0,3.3541040420532227
5469,24.0,-0.45278167724609375
5470,4.0,-1.1307487487792969
5471,0.0,-1.3384971618652344
5472,0.0,-1.4197120666503906
5473,0.0,-1.1754646301269531
5474,0.0,-1.1162662506103516
5475,0.0,-1.05853271484375
5476,0.0,-1.013345718383789
5477,0.0,-0.6636123657226562
5478,0.0,-0.5817775726318359
5479,0.0,-0.5348777770996094
5480,0.0,-0.5225715637207031
5481,0.0,-0.22391700744628906
5482,0.0,-0.08914756774902344
5483,0.0,0.041194915771484375
5484,0.0,0.15946006774902344
5485,0.0,0.49111366271972656
5486,0.0,0.6653537750244141
5487,0.0,1.0335521697998047
5488,0.0,1.4524478912353516
5489,0.0,1.5558891296386719
5490,0.0,1.5017108917236328
5491,0.0,1.4823627471923828
5492,0.0,1.4709949493408203
5493,0.0,1.3984527587890625
5494,0.0,1.4007396697998047
5495,0.0,1.39459228515625
5496,0.0,1.3969955444335938
5497,0.0,1.3024158477783203
5498,0.0,1.275564193725586
5499,0.0,1.2503643035888672
5500,0.0,1.2355594635009766
5501,0.0,-0.8210010528564453
5502,0.0,0.5312175750732422
5503,0.0,0.6332225799560547
5504,0.0,0.5451068878173828
5505,0.0,0.3585357666015625
5506,0.0,0.15179443359375
5507,0.0,-0.12387275695800781
5508,0.0,-0.4007740020751953
5509,0.0,-0.7341842651367188
5510,0.0,-0.8717613220214844
5511,0.0,-0.964599609375
5512,0.0,-0.9339771270751953
5513,0.0,-0.9946327209472656
5514,0.0,-1.0777454376220703
5515,0.0,-1.1393470764160156
5516,0.0,-1.2006416320800781
5517,0.0,-1.2401599884033203
5518,0.0,-1.0061511993408203
5519,0.0,-0.6966743469238281
5520,0.0,-0.469573974609375
5521,0.0,-0.4089927673339844
5522,0.0,-0.27942848205566406
5523,0.0,-0.287384033203125
5524,0.0,-0.31793785095214844
5525,0.0,-0.42044639587402344
5526,0.0,-0.8344097137451172
5527,0.0,-1.2936134338378906
5528,0.0,-1.5781536102294922
5529,0.0,-1.8376750946044922
5530,0.0,-1.9106731414794922
5531,0.0,-1.6389312744140625
5532,0.0,-1.2874317169189453
5533,0.0,-0.8852214813232422
5534,0.0,-0.9243431091308594
5535,0.0,-0.6365127563476562
5536,0.0,-0.1792755126953125
5537,0.0,0.5177040100097656
5538,0.0,1.7711105346679688
5539,0.0,2.884990692138672
5540,2.0,3.6844615936279297
5541,6.0,4.514934539794922
5542,20.0,5.1740522384643555
5543,28.0,5.927903175354004
5544,32.0,6.775012969970703
5545,38.0,7.871142387390137
5546,34.0,8.166013717651367
5547,34.0,9.701370239257812
5548,26.0,15.4306058883667
5549,32.0,19.166854858398438
5550,30.0,20.13839340209961
5551,26.0,21.10794448852539
5552,28.0,22.134204864501953
5553,28.0,21.536832809448242
5554,28.0,21.87784767150879
5555,26.0,23.192832946777344
5556,22.0,25.330459594726562
5557,20.0,23.204757690429688
5558,16.0,20.664875030517578
5559,18.0,17.725378036499023
5560,6.0,12.97970199584961
5561,4.0,6.0928497314453125
5562,0.0,1.288259506225586
5563,0.0,-1.2690620422363281
5564,0.0,-1.4465351104736328
5565,0.0,-0.117919921875
5566,0.0,1.0522022247314453
5567,0.0,1.1047954559326172
5568,0.0,0.9679050445556641
5569,0.0,0.8697223663330078
5570,0.0,0.7453212738037109
5571,0.0,0.7120399475097656
5572,0.0,0.7024040222167969
5573,0.0,0.6194171905517578
5574,0.0,0.5693149566650391
5575,0.0,0.49876976013183594
5576,0.0,0.3859691619873047
5577,0.0,0.1960773468017578
5578,0.0,0.02013397216796875
5579,0.0,-0.19577980041503906
5580,0.0,-0.31325340270996094
5581,0.0,-0.3775348663330078
5582,0.0,-0.42498207092285156
5583,0.0,-0.4456024169921875
5584,0.0,-0.4747753143310547
5585,0.0,-0.4961814880371094
5586,0.0,-0.29368019104003906
5587,0.0,-0.12401962280273438
5588,0.0,0.015909194946289062
5589,0.0,0.12944412231445312
5590,0.0,0.1503429412841797
5591,0.0,0.1954936981201172
5592,0.0,0.26450538635253906
5593,0.0,0.3547325134277344
5594,0.0,0.3689441680908203
5595,0.0,0.3709239959716797
5596,0.0,0.3515167236328125
5597,0.0,0.19574928283691406
5598,0.0,0.010496139526367188
5599,0.0,-0.14211463928222656
5600,0.0,-0.15297317504882812
5601,0.0,0.029047012329101562
5602,0.0,-0.010372161865234375
5603,0.0,-0.011501312255859375
5604,0.0,-0.0072193145751953125
5605,0.0,0.055389404296875
5606,0.0,0.08231735229492188
5607,0.0,0.09263992309570312
5608,0.0,0.09377670288085938
5609,0.0,0.10588645935058594
5610,0.0,0.05680656433105469
5611,0.0,0.014202117919921875
5612,0.0,-0.0063934326171875
5613,0.0,-0.04024505615234375
5614,0.0,-0.09393119812011719
5615,0.0,-0.07752227783203125
5616,0.0,-0.047763824462890625
5617,0.0,0.10930633544921875
5618,0.0,0.14980697631835938
5619,0.0,0.12008094787597656
5620,0.0,0.05289268493652344
5621,0.0,-0.0055828094482421875
5622,0.0,0.00421905517578125
5623,0.0,-0.023847579956054688
5624,0.0,0.08750343322753906
5625,0.0,0.2169971466064453
5626,0.0,0.3815269470214844
5627,0.0,0.5138015747070312
5628,0.0,0.6741828918457031
5629,0.0,0.7224807739257812
5630,0.0,0.7870349884033203
5631,0.0,0.8971614837646484
5632,0.0,0.9993133544921875
5633,0.0,0.9830684661865234
5634,0.0,1.0816059112548828
5635,8.0,1.3729133605957031
5636,34.0,2.037546157836914
5637,190.0,3.083515167236328
5638,122.0,4.413494110107422
5639,132.0,6.261173248291016
5640,114.0,11.113492012023926
5641,116.0,18.977548599243164
5642,148.0,43.15741729736328
5643,508.0,90.53703308105469
5644,232.0,122.773681640625
5645,388.0,136.32931518554688
5646,776.0,159.8763427734375
5647,484.0,207.681640625
5648,246.0,314.7235412597656
5649,406.0,525.0289306640625
5650,936.0,732.461181640625
5651,744.0,778.2885131835938
5652,988.0,604.4772338867188
5653,668.0,424.14483642578125
5654,474.0,355.913330078125
5655,222.0,326.1499938964844
5656,178.0,209.1766357421875
5657,58.0,117.54410552978516
5658,32.0,100.5015640258789
5659,20.0,83.18004608154297
5660,28.0,69.30535125732422
5661,36.0,56.02385330200195
5662,14.0,38.699554443359375
5663,2.0,10.427082061767578
5664,0.0,1.2232074737548828
5665,0.0,0.4102191925048828
5666,0.0,0.3036174774169922
5667,0.0,0.3704853057861328
5668,0.0,0.45743751525878906
5669,0.0,0.4561443328857422
5670,0.0,0.5366249084472656
5671,0.0,0.6060829162597656
5672,0.0,0.6432361602783203
5673,0.0,0.49750709533691406
5674,0.0,0.2789039611816406
5675,0.0,0.15099334716796875
5676,0.0,0.04730033874511719
5677,0.0,-0.13806915283203125
5678,0.0,-0.1892986297607422
5679,0.0,-0.20499229431152344
5680,0.0,-0.1874256134033203
5681,0.0,-0.24072265625
5682,0.0,-0.40448760986328125
5683,0.0,-0.5955009460449219
5684,0.0,-0.8014488220214844
5685,0.0,-0.9932727813720703
5686,0.0,-0.9895668029785156
5687,0.0,-0.9162731170654297
5688,0.0,-0.8096561431884766
5689,0.0,-0.6871318817138672
5690,0.0,-0.7267284393310547
5691,0.0,-0.8129386901855469
5692,0.0,-1.0293464660644531
5693,0.0,-0.6488246917724609
5694,0.0,-0.8050727844238281
5695,0.0,-0.6315402984619141
5696,0.0,-0.5710601806640625
5697,0.0,-0.47158050537109375
5698,0.0,-0.3216133117675781
5699,0.0,-0.17961883544921875
5700,0.0,-0.009244918823242188
5701,0.0,0.20232772827148438
5702,0.0,0.32094764709472656
5703,0.0,0.3394794464111328
5704,0.0,0.40912437438964844
5705,0.0,0.3874626159667969
5706,0.0,0.3833026885986328
5707,0.0,0.41504478454589844
5708,0.0,0.4354400634765625
5709,0.0,0.4748954772949219
5710,0.0,0.49112510681152344
5711,0.0,0.38060569763183594
5712,0.0,0.35849571228027344
5713,0.0,0.2701244354248047
5714,0.0,0.27797698974609375
5715,0.0,0.2981071472167969
5716,0.0,0.3304557800292969
5717,0.0,0.2935218811035156
5718,0.0,0.3846549987792969
5719,0.0,0.502471923828125
5720,0.0,0.6245937347412109
5721,0.0,0.704742431640625
5722,0.0,0.9057693481445312
5723,0.0,0.9434471130371094
5724,0.0,1.041351318359375
5725,0.0,1.0715446472167969
5726,0.0,1.3739891052246094
5727,0.0,1.7918701171875
5728,0.0,2.332977294921875
5729,0.0,2.959299087524414
5730,0.0,4.000791549682617
5731,0.0,5.396805763244629
5732,0.0,7.425121307373047
5733,0.0,10.387908935546875
5734,4.0,15.29580020904541
5735,14.0,22.59137725830078
5736,34.0,34.65330505371094
5737,72.0,56.916847229003906
5738,52.0,90.5578384399414
5739,46.0,121.6406478881836
5740,34.0,143.8902587890625
5741,48.0,155.958984375
5742,66.0,155.98477172851562
5743,80.0,152.935302734375
5744,94.0,146.67425537109375
5745,168.0,136.08770751953125
5746,276.0,132.54180908203125
5747,478.0,131.87844848632812
5748,274.0,133.85211181640625
5749,202.0,131.8419952392578
5750,198.0,130.96434020996094
5751,228.0,129.63780212402344
5752,232.0,127.13601684570312
5753,148.0,117.3235855102539
5754,92.0,105.48051452636719
5755,68.0,92.42305755615234
5756,42.0,75.74150848388672
5757,30.0,51.1816291809082
5758,12.0,11.598092079162598
5759,2.0,-1.14373779296875
5760,0.0,-1.7755699157714844
5761,0.0,-1.8600540161132812
5762,0.0,-1.9077377319335938
5763,0.0,-1.9648189544677734
5764,0.0,-1.9683589935302734
5765,0.0,-1.8871135711669922
5766,0.0,-1.9190502166748047
5767,0.0,-1.93682861328125
5768,0.0,-1.8590984344482422
5769,0.0,-1.8112049102783203
5770,0.0,-1.7923355102539062
5771,0.0,-1.7032299041748047
5772,0.0,-1.425363540649414
5773,0.0,-1.2067832946777344
5774,0.0,-0.9240303039550781
5775,0.0,-0.6541595458984375
5776,0.0,-0.4882030487060547
5777,0.0,-0.5309314727783203
5778,0.0,-0.5318012237548828
5779,0.0,-0.5097408294677734
5780,0.0,-0.4688758850097656
5781,0.0,-0.538604736328125
5782,0.0,-0.5479354858398438
5783,0.0,-0.5271549224853516
5784,0.0,-0.4791717529296875
5785,0.0,-0.5249805450439453
5786,0.0,-0.4053325653076172
5787,0.0,-0.38913536071777344
5788,0.0,-0.4281425476074219
5789,0.0,0.28835296630859375
5790,0.0,0.20451736450195312
5791,0.0,0.15269851684570312
5792,0.0,0.030017852783203125
5793,0.0,0.043361663818359375
5794,0.0,-0.027423858642578125
5795,0.0,-0.043285369873046875
5796,0.0,-0.013864517211914062
5797,0.0,0.04116630554199219
5798,0.0,0.10710906982421875
5799,0.0,0.14837646484375
5800,0.0,0.22482681274414062
5801,0.0,0.2783679962158203
5802,0.0,0.15874099731445312
5803,0.0,0.03864860534667969
5804,0.0,0.059223175048828125
5805,0.0,0.17816734313964844
5806,0.0,0.28856468200683594
5807,0.0,0.3770751953125
5808,0.0,0.5239486694335938
5809,0.0,0.5906715393066406
5810,0.0,0.6262702941894531
5811,0.0,0.5588932037353516
5812,0.0,0.5483436584472656
5813,0.0,0.4787578582763672
5814,0.0,0.6764297485351562
5815,0.0,0.7303028106689453
5816,0.0,0.8163890838623047
5817,0.0,0.7456207275390625
5818,0.0,0.7610702514648438
5819,0.0,0.8099822998046875
5820,0.0,1.0012474060058594
5821,0.0,0.9840641021728516
5822,0.0,0.9030647277832031
5823,0.0,0.7757987976074219
5824,0.0,0.7004528045654297
5825,0.0,0.5385513305664062
5826,2.0,0.43822669982910156
5827,4.0,0.4427490234375
5828,0.0,0.6232318878173828
5829,4.0,0.7757740020751953
5830,4.0,1.6225872039794922
5831,4.0,3.6272335052490234
5832,8.0,7.499317169189453
5833,32.0,14.404583930969238
5834,64.0,46.98400115966797
5835,64.0,155.50894165039062
5836,192.0,286.6517028808594
5837,150.0,311.2493896484375
5838,142.0,315.3075256347656
5839,468.0,322.02691650390625
5840,230.0,335.63580322265625
5841,178.0,339.54296875
5842,240.0,350.04144287109375
5843,166.0,373.4883728027344
5844,230.0,404.3210754394531
5845,764.0,439.4757995605469
5846,594.0,507.0201416015625
5847,558.0,603.1710815429688
5848,550.0,680.7967529296875
5849,522.0,686.6765747070312
5850,432.0,652.585205078125
5851,408.0,499.99981689453125
5852,108.0,276.9034729003906
5853,64.0,148.31982421875
5854,30.0,75.74276733398438
5855,2.0,28.57379913330078
5856,0.0,2.9009618759155273
5857,0.0,0.6028537750244141
5858,0.0,-0.359527587890625
5859,0.0,-0.13800621032714844
5860,0.0,-0.027742385864257812
5861,0.0,-0.04004478454589844
5862,0.0,0.23384475708007812
5863,0.0,0.4988899230957031
5864,0.0,0.7092952728271484
5865,0.0,0.8673629760742188
5866,0.0,0.8976173400878906
5867,0.0,0.8890380859375
5868,0.0,0.8899707794189453
5869,0.0,0.8790302276611328
5870,0.0,0.7211456298828125
5871,0.0,0.6505451202392578
5872,0.0,0.5369377136230469
5873,0.0,0.27809715270996094
5874,0.0,0.282562255859375
5875,0.0,0.20736312866210938
5876,0.0,0.17100143432617188
5877,0.0,0.06478500366210938
5878,0.0,0.05899620056152344
5879,0.0,0.05416297912597656
5880,0.0,0.0731658935546875
5881,0.0,0.0061931610107421875
5882,0.0,0.0019168853759765625
5883,0.0,0.0066680908203125
5884,0.0,0.029346466064453125
5885,0.0,-0.2001476287841797
5886,0.0,-0.19008636474609375
5887,0.0,-0.21317481994628906
5888,0.0,-0.22108840942382812
5889,0.0,-0.29382896423339844
5890,0.0,-0.026391983032226562
5891,0.0,0.14580917358398438
5892,0.0,0.3416023254394531
5893,0.0,0.4128284454345703
5894,0.0,0.35595130920410156
5895,0.0,0.4259033203125
5896,0.0,0.4379081726074219
5897,0.0,0.3903026580810547
5898,0.0,-0.027065277099609375
5899,0.0,-0.2902507781982422
5900,0.0,-0.6658058166503906
5901,0.0,-0.9112453460693359
5902,0.0,-0.6903839111328125
5903,0.0,-0.7602157592773438
5904,0.0,-0.6939315795898438
5905,0.0,-0.7685260772705078
5906,0.0,-0.6077823638916016
5907,0.0,-0.42514801025390625
5908,0.0,-0.2012462615966797
5909,0.0,-0.03864288330078125
5910,0.0,-0.2908496856689453
5911,0.0,-0.30608177185058594
5912,0.0,-0.44509315490722656
5913,0.0,-0.604583740234375
5914,0.0,-0.5590744018554688
5915,0.0,-0.6152324676513672
5916,0.0,-0.6703395843505859
5917,0.0,-0.812957763671875
5918,0.0,-1.0141658782958984
5919,0.0,-0.6513729095458984
5920,0.0,3.354429244995117
5921,0.0,11.777645111083984
5922,4.0,24.622983932495117
5923,8.0,39.69500732421875
5924,24.0,58.2716064453125
5925,44.0,84.69822692871094
5926,68.0,131.40895080566406
5927,72.0,192.6292724609375
5928,94.0,242.98501586914062
5929,150.0,228.6248779296875
5930,256.0,215.86181640625
5931,316.0,210.20779418945312
5932,286.0,193.461181640625
5933,130.0,186.50149536132812
5934,114.0,177.11709594726562
5935,254.0,163.4864501953125
5936,70.0,149.06411743164062
5937,88.0,132.98699951171875
5938,116.0,120.43470001220703
5939,58.0,111.66889953613281
5940,44.0,102.11000061035156
5941,60.0,98.68351745605469
5942,58.0,95.20928955078125
5943,70.0,90.55095672607422
5944,64.0,80.0582504272461
5945,110.0,71.01071166992188
5946,56.0,56.794254302978516
5947,138.0,36.997581481933594
5948,156.0,13.562482833862305
5949,82.0,4.08638858795166
5950,40.0,2.699983596801758
5951,22.0,2.5398998260498047
5952,4.0,2.395496368408203
5953,0.0,2.4043846130371094
5954,0.0,2.317119598388672
5955,0.0,2.2968578338623047
5956,0.0,2.344217300415039
5957,0.0,2.127521514892578
5958,0.0,1.5634403228759766
5959,0.0,0.9167442321777344
5960,0.0,0.44927024841308594
5961,0.0,-0.0023193359375
5962,0.0,-0.3204994201660156
5963,0.0,-0.5240802764892578
5964,0.0,-0.6116390228271484
5965,0.0,-0.57525634765625
5966,0.0,-0.5760650634765625
5967,0.0,-0.4675483703613281
5968,0.0,-0.29613685607910156
5969,0.0,-0.1950359344482422
5970,0.0,-0.1260089874267578
5971,0.0,-0.11168670654296875
5972,0.0,-0.07409095764160156
5973,0.0,-0.1016082763671875
5974,0.0,-0.11779403686523438
5975,0.0,-0.11399459838867188
5976,0.0,-0.101165771484375
5977,0.0,-0.12086677551269531
5978,0.0,-0.05554771423339844
5979,0.0,0.00879669189453125
5980,0.0,0.07247543334960938
5981,0.0,0.4805793762207031
5982,0.0,0.323516845703125
5983,0.0,0.14865684509277344
5984,0.0,0.12952232360839844
5985,0.0,0.13564682006835938
5986,0.0,0.348541259765625
5987,0.0,0.5736980438232422
5988,0.0,0.6380081176757812
5989,0.0,0.6637954711914062
5990,0.0,0.4758949279785156
5991,0.0,0.2321949005126953
5992,0.0,-0.24967575073242188
5993,0.0,-0.5290584564208984
5994,0.0,-0.34940147399902344
5995,0.0,-0.2798500061035156
5996,0.0,-0.2017059326171875
5997,0.0,-0.20726394653320312
5998,0.0,-0.24192237854003906
5999,0.0,-0.31290626525878906
6000,0.0,-0.3937854766845703
6001,0.0,-0.6394538879394531
6002,0.0,-0.13253402709960938
6003,0.0,0.24486160278320312
6004,0.0,0.5904655456542969
6005,0.0,0.9018707275390625
6006,0.0,1.3970832824707031
6007,0.0,1.97344970703125
6008,0.0,2.4154510498046875
6009,0.0,2.9065093994140625
6010,0.0,3.3914756774902344
6011,0.0,3.6435747146606445
6012,0.0,3.7003822326660156
6013,0.0,3.590291976928711
6014,0.0,3.825592041015625
6015,0.0,4.722836494445801
6016,0.0,6.6025190353393555
6017,0.0,9.715919494628906
6018,0.0,19.219743728637695
6019,0.0,36.19038009643555
6020,8.0,61.6473274230957
6021,8.0,92.45417022705078
6022,30.0,134.56558227539062
6023,30.0,160.03311157226562
6024,46.0,171.07907104492188
6025,46.0,178.05618286132812
6026,68.0,188.74520874023438
6027,62.0,194.50570678710938
6028,82.0,195.86831665039062
6029,78.0,192.30120849609375
6030,64.0,190.27651977539062
6031,142.0,188.92697143554688
6032,148.0,188.16122436523438
6033,112.0,188.42276000976562
6034,136.0,187.74783325195312
6035,106.0,189.80838012695312
6036,40.0,191.09979248046875
6037,12.0,183.447998046875
6038,28.0,184.86376953125
6039,62.0,188.83865356445312
6040,278.0,195.81472778320312
6041,298.0,203.807861328125
6042,68.0,211.98007202148438
6043,50.0,225.91552734375
6044,10.0,245.1513671875
6045,2.0,260.90020751953125
6046,4.0,238.59323120117188
6047,2.0,186.11322021484375
6048,0.0,96.00157928466797
6049,0.0,12.275761604309082
6050,0.0,1.078908920288086
6051,0.0,0.7618980407714844
6052,0.0,0.5348587036132812
6053,0.0,0.4092540740966797
6054,0.0,-0.0063018798828125
6055,0.0,-0.306915283203125
6056,0.0,-0.3785552978515625
6057,0.0,0.21345901489257812
6058,0.0,1.097921371459961
6059,0.0,1.7521209716796875
6060,0.0,1.9625911712646484
6061,0.0,1.7921466827392578
6062,0.0,1.2748966217041016
6063,0.0,0.9570980072021484
6064,0.0,0.7259654998779297
6065,0.0,0.5088386535644531
6066,0.0,0.4164104461669922
6067,0.0,0.3558006286621094
6068,0.0,0.3298988342285156
6069,0.0,0.26600074768066406
6070,0.0,0.3348731994628906
6071,0.0,0.40343475341796875
6072,0.0,0.4821147918701172
6073,0.0,0.5130863189697266
6074,0.0,0.4951496124267578
6075,0.0,0.510894775390625
6076,0.0,0.5487518310546875
6077,0.0,0.4012775421142578
6078,0.0,-0.24399185180664062
6079,0.0,-0.5520172119140625
6080,0.0,-0.5859718322753906
6081,0.0,-0.512908935546875
6082,0.0,-0.7046241760253906
6083,0.0,-0.7843303680419922
6084,0.0,-0.8533191680908203
6085,0.0,-0.9395351409912109
6086,0.0,-0.933868408203125
6087,0.0,-0.8190765380859375
6088,0.0,-0.6580429077148438
6089,0.0,-0.5976085662841797
6090,0.0,-0.40187835693359375
6091,0.0,-0.30177879333496094
6092,0.0,-0.15354347229003906
6093,0.0,-0.04741859436035156
6094,0.0,-0.014638900756835938
6095,0.0,-0.024450302124023438
6096,0.0,-0.017690658569335938
6097,0.0,-0.06577682495117188
6098,0.0,0.14620590209960938
6099,0.0,0.2949409484863281
6100,0.0,0.42949485778808594
6101,0.0,0.421112060546875
6102,0.0,0.6062774658203125
6103,0.0,0.6624202728271484
6104,0.0,0.7755527496337891
6105,0.0,0.8844070434570312
6106,0.0,0.9397411346435547
6107,0.0,0.9650974273681641
6108,0.0,0.9962444305419922
6109,0.0,1.0608463287353516
6110,0.0,1.0607051849365234
6111,0.0,1.1243171691894531
6112,0.0,1.2487468719482422
6113,0.0,1.6936302185058594
6114,0.0,1.9673099517822266
6115,2.0,2.2676639556884766
6116,2.0,2.624051094055176
6117,4.0,3.438124656677246
6118,20.0,4.874234199523926
6119,64.0,7.629498481750488
6120,104.0,13.182893753051758
6121,308.0,30.841869354248047
6122,146.0,74.49803161621094
6123,118.0,118.65863800048828
6124,96.0,139.53207397460938
6125,82.0,135.74755859375
6126,122.0,138.36619567871094
6127,118.0,142.6605224609375
6128,124.0,146.52743530273438
6129,156.0,149.79574584960938
6130,94.0,158.81820678710938
6131,152.0,201.7044677734375
6132,108.0,206.68551635742188
6133,164.0,209.74554443359375
6134,120.0,210.06146240234375
6135,76.0,200.76171875
6136,64.0,195.59747314453125
6137,80.0,199.65777587890625
6138,186.0,185.74453735351562
6139,178.0,161.21826171875
6140,112.0,125.25485229492188
6141,84.0,53.01270294189453
6142,34.0,6.178871154785156
6143,20.0,0.008680343627929688
6144,2.0,-0.137542724609375
6145,0.0,-0.047199249267578125
6146,0.0,0.08472633361816406
6147,0.0,0.2375354766845703
6148,0.0,0.3371410369873047
6149,0.0,0.5091190338134766
6150,0.0,0.5892620086669922
6151,0.0,0.5076828002929688
6152,0.0,0.29959869384765625
6153,0.0,0.04603004455566406
6154,0.0,0.107147216796875
6155,0.0,0.15738296508789062
6156,0.0,0.2563018798828125
6157,0.0,0.3725910186767578
6158,0.0,0.48916053771972656
6159,0.0,0.5950832366943359
6160,0.0,0.6900768280029297
6161,0.0,0.7325172424316406
6162,0.0,0.7408714294433594
6163,0.0,0.7463016510009766
6164,0.0,0.7373676300048828
6165,0.0,0.6466102600097656
6166,0.0,0.5951576232910156
6167,0.0,0.5803279876708984
6168,0.0,0.5826339721679688
6169,0.0,0.5000038146972656
6170,0.0,0.46912193298339844
6171,0.0,0.44588470458984375
6172,0.0,0.4317302703857422
6173,0.0,-0.6263103485107422
6174,0.0,0.08191490173339844
6175,0.0,0.2849712371826172
6176,0.0,0.3663291931152344
6177,0.0,0.4119377136230469
6178,0.0,0.4351081848144531
6179,0.0,0.43524932861328125
6180,0.0,0.4320030212402344
6181,0.0,0.447418212890625
6182,0.0,0.46325111389160156
6183,0.0,0.45355796813964844
6184,0.0,0.4837493896484375
6185,0.0,0.5018157958984375
6186,0.0,0.5452880859375
6187,0.0,0.5886116027832031
6188,0.0,0.6205577850341797
6189,0.0,0.6785984039306641
6190,0.0,0.6698799133300781
6191,0.0,0.6661548614501953
6192,0.0,0.6434211730957031
6193,0.0,0.6284523010253906
6194,0.0,0.7236766815185547
6195,0.0,0.6698970794677734
6196,0.0,0.6805667877197266
6197,0.0,0.6507530212402344
6198,0.0,0.6501998901367188
6199,0.0,0.7200603485107422
6200,0.0,0.3831291198730469
6201,0.0,0.4984283447265625
6202,0.0,0.7551612854003906
6203,0.0,1.0785026550292969
6204,0.0,1.3545570373535156
6205,0.0,1.7343368530273438
6206,0.0,1.778921127319336
6207,0.0,1.8242244720458984
6208,0.0,1.9609184265136719
6209,0.0,3.7991790771484375
6210,8.0,7.928933143615723
6211,14.0,13.306289672851562
6212,138.0,20.480424880981445
6213,252.0,33.95073318481445
6214,264.0,65.84715270996094
6215,406.0,111.95948028564453
6216,514.0,157.08999633789062
6217,632.0,191.49142456054688
6218,736.0,222.75555419921875
6219,764.0,274.02191162109375
6220,784.0,364.1687316894531
6221,552.0,555.89697265625
6222,122.0,469.5086669921875
6223,106.0,297.937744140625
6224,340.0,243.19039916992188
6225,612.0,215.35723876953125
6226,532.0,212.90692138671875
6227,272.0,204.588134765625
6228,1050.0,189.38424682617188
6229,658.0,169.91073608398438
6230,224.0,154.36618041992188
6231,212.0,138.037841796875
6232,114.0,113.93708801269531
6233,144.0,84.75411224365234
6234,142.0,60.55802917480469
6235,196.0,26.269495010375977
6236,114.0,2.788834571838379
6237,24.0,-1.809640884399414
6238,14.0,-3.0268211364746094
6239,0.0,-3.3308792114257812
6240,0.0,-3.0776443481445312
6241,0.0,-2.56085205078125
6242,0.0,-2.481264114379883
6243,0.0,-2.1918983459472656
6244,0.0,-1.7633419036865234
6245,0.0,-1.1208209991455078
6246,0.0,-0.5468959808349609
6247,0.0,-0.2938690185546875
6248,0.0,-0.1833057403564453
6249,0.0,-0.07936859130859375
6250,0.0,0.0484619140625
6251,0.0,0.1673431396484375
6252,0.0,0.27579689025878906
6253,0.0,0.3573493957519531
6254,0.0,0.4179553985595703
6255,0.0,0.4602031707763672
6256,0.0,0.5026435852050781
6257,0.0,0.4984264373779297
6258,0.0,0.6182212829589844
6259,0.0,0.7760066986083984
6260,0.0,0.9821987152099609
6261,0.0,1.198892593383789
6262,0.0,1.1691417694091797
6263,0.0,1.1572895050048828
6264,0.0,1.144449234008789
6265,0.0,1.0842456817626953
6266,0.0,1.0249061584472656
6267,0.0,0.9818477630615234
6268,0.0,0.9431800842285156
6269,0.0,0.4439220428466797
6270,0.0,0.01016998291015625
6271,0.0,-0.2610816955566406
6272,0.0,-0.35712432861328125
6273,0.0,-0.43668365478515625
6274,0.0,-0.379791259765625
6275,0.0,-0.27420806884765625
6276,0.0,-0.22100257873535156
6277,0.0,-0.1621074676513672
6278,0.0,-0.0870513916015625
6279,0.0,0.07874107360839844
6280,0.0,0.1554107666015625
6281,0.0,0.127410888671875
6282,0.0,-0.023988723754882812
6283,0.0,-0.2585639953613281
6284,0.0,-0.1696624755859375
6285,0.0,-0.037425994873046875
6286,0.0,-0.2022418975830078
6287,0.0,-0.28901100158691406
6288,0.0,-0.35213470458984375
6289,0.0,-0.4749908447265625
6290,0.0,-0.43084144592285156
6291,0.0,-0.32656288146972656
6292,0.0,-0.18204689025878906
6293,0.0,0.23167991638183594
6294,0.0,1.083902359008789
6295,0.0,1.4816837310791016
6296,0.0,1.563150405883789
6297,0.0,1.5830459594726562
6298,0.0,1.1594657897949219
6299,0.0,0.7361831665039062
6300,0.0,0.8560600280761719
6301,0.0,1.877786636352539
6302,0.0,3.007640838623047
6303,0.0,3.2493295669555664
6304,0.0,3.0824708938598633
6305,0.0,5.769876480102539
6306,0.0,12.04116439819336
6307,4.0,21.49321937561035
6308,4.0,32.164581298828125
6309,14.0,42.03439712524414
6310,8.0,67.22136688232422
6311,46.0,108.02622985839844
6312,84.0,150.54537963867188
6313,80.0,180.98519897460938
6314,134.0,204.41891479492188
6315,154.0,222.33926391601562
6316,150.0,233.43576049804688
6317,116.0,256.9188232421875
6318,112.0,323.523681640625
6319,94.0,343.4017333984375
6320,148.0,359.8992614746094
6321,112.0,327.88031005859375
6322,56.0,278.6043701171875
6323,34.0,266.40374755859375
6324,74.0,285.7156677246094
6325,238.0,281.6829833984375
6326,58.0,277.0923156738281
6327,94.0,280.887451171875
6328,66.0,278.8628845214844
6329,52.0,158.80740356445312
6330,88.0,69.41336059570312
6331,36.0,40.36886215209961
6332,88.0,24.75261688232422
6333,68.0,11.451986312866211
6334,22.0,6.148097038269043
6335,2.0,4.735082626342773
6336,0.0,4.125632286071777
6337,0.0,3.218539237976074
6338,0.0,2.248371124267578
6339,0.0,1.617330551147461
6340,0.0,1.3354606628417969
6341,0.0,1.0438041687011719
6342,0.0,0.88983154296875
6343,0.0,0.7860469818115234
6344,0.0,0.7470722198486328
6345,0.0,0.6255264282226562
6346,0.0,0.5633468627929688
6347,0.0,0.5433769226074219
6348,0.0,0.5382099151611328
6349,0.0,0.4554920196533203
6350,0.0,0.40147972106933594
6351,0.0,0.35471343994140625
6352,0.0,0.3340740203857422
6353,0.0,0.2533607482910156
6354,0.0,0.016286849975585938
6355,0.0,-0.100860595703125
6356,0.0,-0.1747303009033203
6357,0.0,-0.20828628540039062
6358,0.0,0.10760498046875
6359,0.0,0.3902091979980469
6360,0.0,0.5530853271484375
6361,0.0,0.5732898712158203
6362,0.0,0.4512157440185547
6363,0.0,0.48138427734375
6364,0.0,0.5332584381103516
6365,0.0,-0.7993431091308594
6366,0.0,-0.8591785430908203
6367,0.0,-0.9322299957275391
6368,0.0,-0.9314899444580078
6369,0.0,-1.021881103515625
6370,0.0,-1.5387344360351562
6371,0.0,-1.4850692749023438
6372,0.0,-1.145355224609375
6373,0.0,-0.8980140686035156
6374,0.0,-0.8776664733886719
6375,0.0,-0.4545307159423828
6376,0.0,0.15159988403320312
6377,0.0,0.6692581176757812
6378,0.0,0.5583724975585938
6379,0.0,0.5895671844482422
6380,0.0,0.5993824005126953
6381,0.0,0.5430812835693359
6382,0.0,0.469573974609375
6383,0.0,0.4770622253417969
6384,0.0,0.4756011962890625
6385,0.0,0.4420604705810547
6386,0.0,0.44849586486816406
6387,0.0,0.4127368927001953
6388,0.0,0.26663970947265625
6389,0.0,0.07737159729003906
6390,0.0,0.2439556121826172
6391,0.0,0.29178428649902344
6392,0.0,0.3798046112060547
6393,0.0,0.3772926330566406
6394,0.0,0.20476531982421875
6395,0.0,-0.10739517211914062
6396,0.0,-0.5236091613769531
6397,0.0,-0.9107875823974609
6398,0.0,-0.9973373413085938
6399,0.0,-0.7645645141601562
6400,0.0,0.3337974548339844
6401,0.0,4.091596603393555
6402,0.0,14.02665901184082
6403,24.0,32.74708557128906
6404,132.0,61.64242172241211
6405,228.0,99.29573822021484
6406,320.0,144.10818481445312
6407,428.0,211.0369873046875
6408,516.0,338.3575134277344
6409,628.0,486.1142578125
6410,728.0,599.304931640625
6411,776.0,716.7830810546875
6412,840.0,822.6529541015625
6413,904.0,818.0785522460938
6414,912.0,579.2039184570312
6415,916.0,371.137939453125
6416,924.0,266.358642578125
6417,932.0,209.03384399414062
6418,978.0,170.84814453125
6419,1070.0,147.36605834960938
6420,632.0,138.621337890625
6421,832.0,130.70074462890625
6422,628.0,116.49806213378906
6423,140.0,105.6917724609375
6424,104.0,109.0838394165039
6425,80.0,134.543701171875
6426,44.0,139.31924438476562
6427,52.0,119.76411437988281
6428,76.0,88.58995819091797
6429,28.0,62.881919860839844
6430,20.0,42.35179901123047
6431,0.0,2.1369361877441406
6432,0.0,-2.197847366333008
6433,0.0,-2.0832672119140625
6434,0.0,-1.0798110961914062
6435,0.0,-0.08752822875976562
6436,0.0,0.1628742218017578
6437,0.0,0.37846946716308594
6438,0.0,0.36733245849609375
6439,0.0,0.4332866668701172
6440,0.0,0.42243385314941406
6441,0.0,0.3711738586425781
6442,0.0,0.4919757843017578
6443,0.0,0.6584129333496094
6444,0.0,0.8339710235595703
6445,0.0,0.9255504608154297
6446,0.0,0.35011863708496094
6447,0.0,-0.15836524963378906
6448,0.0,-0.46441078186035156
6449,0.0,-0.25725746154785156
6450,0.0,-0.1815052032470703
6451,0.0,-0.07864952087402344
6452,0.0,-0.11295700073242188
6453,0.0,-0.2185039520263672
6454,0.0,-0.29840850830078125
6455,0.0,-0.3281097412109375
6456,0.0,-0.3204307556152344
6457,0.0,-0.35663604736328125
6458,0.0,-0.3903846740722656
6459,0.0,-0.39970970153808594
6460,0.0,-0.3912696838378906
6461,0.0,-0.4361133575439453
6462,0.0,-0.6154994964599609
6463,0.0,-0.2784919738769531
6464,0.0,-0.11915206909179688
6465,0.0,0.052692413330078125
6466,0.0,0.17284202575683594
6467,0.0,0.291229248046875
6468,0.0,0.23592758178710938
6469,0.0,-0.1405658721923828
6470,0.0,-0.08674812316894531
6471,0.0,0.1903057098388672
6472,0.0,0.3790302276611328
6473,0.0,0.5289974212646484
6474,0.0,0.6331996917724609
6475,0.0,0.6712913513183594
6476,0.0,0.6290702819824219
6477,0.0,0.5563449859619141
6478,0.0,0.4996013641357422
6479,0.0,0.4941120147705078
6480,0.0,0.5951461791992188
6481,0.0,0.7121982574462891
6482,0.0,0.7259140014648438
6483,0.0,0.6565189361572266
6484,0.0,0.3841114044189453
6485,0.0,-0.4441852569580078
6486,0.0,-0.6210899353027344
6487,0.0,-0.6993026733398438
6488,0.0,-0.7654685974121094
6489,0.0,-0.9622669219970703
6490,0.0,-1.2293205261230469
6491,0.0,-1.5413627624511719
6492,0.0,-1.864999771118164
6493,0.0,-2.3223400115966797
6494,0.0,-2.936735153198242
6495,0.0,-3.583791732788086
6496,0.0,-3.957731246948242
6497,0.0,-3.810565948486328
6498,0.0,-2.9626026153564453
6499,0.0,-1.642324447631836
6500,4.0,-1.0660362243652344
6501,6.0,0.11418914794921875
6502,10.0,-0.26950645446777344
6503,10.0,-1.0973396301269531
6504,14.0,-1.5631484985351562
6505,20.0,0.20586013793945312
6506,30.0,4.32636833190918
6507,28.0,17.027936935424805
6508,60.0,45.981346130371094
6509,34.0,80.56698608398438
6510,28.0,119.27011108398438
6511,44.0,159.54013061523438
6512,30.0,210.72332763671875
6513,54.0,250.83349609375
6514,104.0,290.6414794921875
6515,62.0,320.5486755371094
6516,56.0,336.1736755371094
6517,98.0,320.6402282714844
6518,88.0,293.056884765625
6519,112.0,257.7033996582031
6520,168.0,195.31228637695312
6521,64.0,127.45958709716797
6522,64.0,77.62053680419922
6523,54.0,36.600738525390625
6524,54.0,5.9963579177856445
6525,26.0,2.420106887817383
6526,30.0,1.3606224060058594
6527,10.0,0.6016082763671875
6528,2.0,-0.0035877227783203125
6529,0.0,-0.2892036437988281
6530,0.0,-0.3291435241699219
6531,0.0,-0.3925933837890625
6532,0.0,-0.3951148986816406
6533,0.0,0.01503753662109375
6534,0.0,0.7651138305664062
6535,0.0,1.358612060546875
6536,0.0,1.7798404693603516
6537,0.0,1.9361343383789062
6538,0.0,1.6738872528076172
6539,0.0,1.6294746398925781
6540,0.0,1.5856513977050781
6541,0.0,1.598043441772461
6542,0.0,1.5446968078613281
6543,0.0,1.5191154479980469
6544,0.0,1.492828369140625
6545,0.0,1.4441719055175781
6546,0.0,1.3443336486816406
6547,0.0,1.326070785522461
6548,0.0,1.2700786590576172
6549,0.0,1.0771522521972656
6550,0.0,0.9941883087158203
6551,0.0,0.8544044494628906
6552,0.0,0.7197513580322266
6553,0.0,0.4961814880371094
6554,0.0,0.4262371063232422
6555,0.0,0.3942604064941406
6556,0.0,0.39403533935546875
6557,0.0,0.5507373809814453
6558,0.0,0.5209903717041016
6559,0.0,0.6394977569580078
6560,0.0,0.6429615020751953
6561,0.0,0.7204341888427734
6562,0.0,0.8880405426025391
6563,0.0,1.1063156127929688
6564,0.0,1.204996109008789
6565,0.0,1.2028694152832031
6566,0.0,1.2230567932128906
6567,0.0,1.1075210571289062
6568,0.0,1.0184268951416016
6569,0.0,0.9582424163818359
6570,0.0,0.8781776428222656
6571,0.0,0.8209419250488281
6572,0.0,0.7551231384277344
6573,0.0,0.7544918060302734
6574,0.0,0.7420768737792969
6575,0.0,0.7455291748046875
6576,0.0,0.7329559326171875
6577,0.0,0.7400283813476562
6578,0.0,0.6663055419921875
6579,0.0,0.5819721221923828
6580,0.0,0.5052013397216797
6581,0.0,0.430023193359375
6582,0.0,0.2912578582763672
6583,0.0,0.10498237609863281
6584,0.0,-0.12195014953613281
6585,0.0,-0.25188255310058594
6586,0.0,-0.6548995971679688
6587,0.0,-1.3795719146728516
6588,0.0,-2.0603485107421875
6589,0.0,-1.6487541198730469
6590,0.0,-0.7852382659912109
6591,0.0,2.0750980377197266
6592,0.0,10.159322738647461
6593,0.0,28.899221420288086
6594,8.0,64.62142944335938
6595,112.0,116.1635971069336
6596,176.0,189.42214965820312
6597,256.0,281.7673034667969
6598,350.0,387.09906005859375
6599,452.0,473.537841796875
6600,534.0,564.674072265625
6601,634.0,664.186767578125
6602,712.0,768.3128662109375
6603,794.0,861.5753784179688
6604,862.0,970.3677368164062
6605,934.0,1010.7297973632812
6606,930.0,1026.74267578125
6607,760.0,1031.8406982421875
6608,514.0,1034.576904296875
6609,538.0,1037.9825439453125
6610,504.0,1043.4857177734375
6611,568.0,1047.2535400390625
6612,872.0,1058.3463134765625
6613,972.0,1059.92578125
6614,900.0,1047.1319580078125
6615,860.0,992.4342041015625
6616,832.0,870.833740234375
6617,328.0,720.5778198242188
6618,172.0,480.5684814453125
6619,92.0,253.18954467773438
6620,104.0,136.8193359375
6621,76.0,71.99955749511719
6622,28.0,35.795745849609375
6623,4.0,7.684012413024902
6624,0.0,1.3521976470947266
6625,0.0,1.1620006561279297
6626,0.0,1.0639476776123047
6627,0.0,0.947540283203125
6628,0.0,0.7936592102050781
6629,0.0,0.7730655670166016
6630,0.0,0.6807346343994141
6631,0.0,0.6308727264404297
6632,0.0,0.6402301788330078
6633,0.0,0.8086128234863281
6634,0.0,0.8636264801025391
6635,0.0,0.8993301391601562
6636,0.0,0.9502449035644531
6637,0.0,1.0822200775146484
6638,0.0,1.1213417053222656
6639,0.0,1.150838851928711
6640,0.0,1.178640365600586
6641,0.0,1.2125682830810547
6642,0.0,1.2034339904785156
6643,0.0,1.1865882873535156
6644,0.0,1.1735916137695312
6645,0.0,1.1426105499267578
6646,0.0,1.1030464172363281
6647,0.0,1.078359603881836
6648,0.0,1.0644054412841797
6649,0.0,1.0365123748779297
6650,0.0,0.991607666015625
6651,0.0,1.0091972351074219
6652,0.0,1.0654468536376953
6653,0.0,1.2758712768554688
6654,0.0,1.6499652862548828
6655,0.0,1.3336296081542969
6656,0.0,1.2122726440429688
6657,0.0,1.1412639617919922
6658,0.0,1.2617969512939453
6659,0.0,1.2214431762695312
6660,0.0,0.8016166687011719
6661,0.0,0.3762054443359375
6662,0.0,0.166748046875
6663,0.0,-0.37051963806152344
6664,0.0,-0.19858741760253906
6665,0.0,0.12546539306640625
6666,0.0,0.47954750061035156
6667,0.0,0.6807270050048828
6668,0.0,0.7535839080810547
6669,0.0,0.8670005798339844
6670,0.0,1.0096302032470703
6671,0.0,0.9696140289306641
6672,0.0,0.11105728149414062
6673,0.0,-0.2957477569580078
6674,0.0,-0.41019248962402344
6675,0.0,-0.3147430419921875
6676,0.0,-0.20531272888183594
6677,0.0,0.006847381591796875
6678,0.0,0.19869232177734375
6679,0.0,0.3759918212890625
6680,0.0,0.5220794677734375
6681,0.0,0.7573566436767578
6682,0.0,0.7503852844238281
6683,0.0,0.42844581604003906
6684,0.0,-0.12235641479492188
6685,0.0,0.5833148956298828
6686,0.0,2.0243473052978516
6687,0.0,4.4488115310668945
6688,0.0,8.476198196411133
6689,0.0,15.231353759765625
6690,0.0,25.385839462280273
6691,8.0,37.519447326660156
6692,16.0,48.0631103515625
6693,34.0,55.74455642700195
6694,46.0,60.05921936035156
6695,58.0,62.650726318359375
6696,90.0,64.65640258789062
6697,100.0,70.4417724609375
6698,292.0,79.2177505493164
6699,684.0,93.06721496582031
6700,820.0,115.18938446044922
6701,858.0,150.09317016601562
6702,868.0,205.36172485351562
6703,858.0,287.4892883300781
6704,876.0,418.4989929199219
6705,876.0,546.2990112304688
6706,950.0,657.1531982421875
6707,974.0,753.107666015625
6708,1004.0,818.2670288085938
6709,944.0,850.6463012695312
6710,850.0,848.7905883789062
6711,832.0,808.1594848632812
6712,800.0,723.8425903320312
6713,568.0,623.36865234375
6714,584.0,466.76300048828125
6715,556.0,345.14117431640625
6716,352.0,249.67086791992188
6717,150.0,192.4842529296875
6718,32.0,148.98828125
6719,24.0,120.08018493652344
6720,8.0,129.95062255859375
6721,2.0,142.82778930664062
6722,0.0,120.724365234375
6723,0.0,74.10376739501953
6724,0.0,-6.464223861694336
6725,0.0,-4.1776275634765625
6726,0.0,-3.0752506256103516
6727,0.0,-2.604368209838867
6728,0.0,-2.4319934844970703
6729,0.0,-1.8500213623046875
6730,0.0,-1.6553153991699219
6731,0.0,-1.5359268188476562
6732,0.0,-1.4520587921142578
6733,0.0,-0.9946479797363281
6734,0.0,-0.4883880615234375
6735,0.0,0.5607967376708984
6736,0.0,1.132925033569336
6737,0.0,1.3733539581298828
6738,0.0,1.1981849670410156
6739,0.0,1.1355838775634766
6740,0.0,1.1402645111083984
6741,0.0,1.2814655303955078
6742,0.0,1.3722667694091797
6743,0.0,1.3222732543945312
6744,0.0,1.2806529998779297
6745,0.0,1.2878036499023438
6746,0.0,1.2703475952148438
6747,0.0,1.2397956848144531
6748,0.0,1.2218952178955078
6749,0.0,1.518341064453125
6750,0.0,1.8099441528320312
6751,0.0,1.5919132232666016
6752,0.0,1.6144599914550781
6753,0.0,1.8190746307373047
6754,0.0,1.9596710205078125
6755,0.0,2.0201988220214844
6756,0.0,1.8735618591308594
6757,0.0,0.8154621124267578
6758,0.0,-0.9344673156738281
6759,0.0,-1.3089733123779297
6760,0.0,-1.314840316772461
6761,0.0,-1.2325172424316406
6762,0.0,-1.2851085662841797
6763,0.0,-1.475240707397461
6764,0.0,-1.721588134765625
6765,0.0,-1.944662094116211
6766,0.0,-2.0982284545898438
6767,0.0,-2.194416046142578
6768,0.0,-2.250185012817383
6769,0.0,-2.2747745513916016
6770,0.0,-2.2002620697021484
6771,0.0,-2.0127086639404297
6772,0.0,-1.7016105651855469
6773,0.0,-1.1925525665283203
6774,0.0,-0.831329345703125
6775,0.0,-0.6303882598876953
6776,0.0,-0.5309200286865234
6777,0.0,-0.3715476989746094
6778,0.0,-0.2915687561035156
6779,0.0,-0.27385520935058594
6780,0.0,-0.2783660888671875
6781,0.0,-0.24253273010253906
6782,0.0,-0.1755237579345703
6783,0.0,-0.024745941162109375
6784,0.0,0.2181377410888672
6785,2.0,0.6654930114746094
6786,8.0,1.2614707946777344
6787,104.0,3.6053075790405273
6788,194.0,16.11387062072754
6789,286.0,65.41728210449219
6790,384.0,181.45895385742188
6791,500.0,334.381103515625
6792,568.0,439.4034118652344
6793,646.0,510.2310485839844
6794,628.0,564.01513671875
6795,684.0,605.4881591796875
6796,758.0,643.226318359375
6797,876.0,686.908203125
6798,872.0,757.4885864257812
6799,852.0,827.55078125
6800,798.0,867.0409545898438
6801,866.0,788.7189331054688
6802,888.0,758.7269897460938
6803,978.0,750.1206665039062
6804,942.0,738.7554321289062
6805,1012.0,719.94189453125
6806,832.0,690.1044921875
6807,790.0,645.93408203125
6808,766.0,584.5433959960938
6809,568.0,514.2325439453125
6810,616.0,468.4733581542969
6811,380.0,448.0244445800781
6812,248.0,337.3736877441406
6813,112.0,171.0909423828125
6814,64.0,73.60494232177734
6815,40.0,42.389652252197266
6816,8.0,13.345365524291992
6817,2.0,4.868579864501953
6818,0.0,1.8002281188964844
6819,0.0,0.39794921875
6820,0.0,0.10165786743164062
6821,0.0,0.3517436981201172
6822,0.0,0.5514392852783203
6823,0.0,0.6687889099121094
6824,0.0,0.7665424346923828
6825,0.0,1.0400753021240234
6826,0.0,1.3983383178710938
6827,0.0,1.6922626495361328
6828,0.0,1.9257488250732422
6829,0.0,2.1123695373535156
6830,0.0,2.045795440673828
6831,0.0,1.9512138366699219
6832,0.0,1.8301506042480469
6833,0.0,1.7074413299560547
6834,0.0,1.5806903839111328
6835,0.0,1.4941024780273438
6836,0.0,1.418182373046875
6837,0.0,1.2888946533203125
6838,0.0,1.2067222595214844
6839,0.0,1.1412849426269531
6840,0.0,1.0958366394042969
6841,0.0,0.9875698089599609
6842,0.0,0.9718227386474609
6843,0.0,0.9626712799072266
6844,0.0,0.9633121490478516
6845,0.0,-0.9093341827392578
6846,0.0,0.36386680603027344
6847,0.0,0.5716552734375
6848,0.0,0.6781044006347656
6849,0.0,0.6878528594970703
6850,0.0,0.6637058258056641
6851,0.0,0.6403636932373047
6852,0.0,0.6106891632080078
6853,0.0,0.5744228363037109
6854,0.0,0.52825927734375
6855,0.0,0.49486351013183594
6856,0.0,0.3189697265625
6857,0.0,0.33063507080078125
6858,0.0,0.33385658264160156
6859,0.0,0.33762550354003906
6860,0.0,0.34246253967285156
6861,0.0,0.37605857849121094
6862,0.0,0.3450756072998047
6863,0.0,0.25316810607910156
6864,0.0,-0.052608489990234375
6865,0.0,-0.7502708435058594
6866,0.0,-1.6031169891357422
6867,0.0,-2.1470680236816406
6868,0.0,-2.3747920989990234
6869,0.0,-2.310178756713867
6870,0.0,-2.308626174926758
6871,0.0,-2.578481674194336
6872,0.0,-2.9262523651123047
6873,0.0,-2.787313461303711
6874,0.0,-2.6775569915771484
6875,0.0,-2.594942092895508
6876,0.0,-2.477550506591797
6877,0.0,-2.0128936767578125
6878,0.0,-2.1213340759277344
6879,0.0,-1.8966102600097656
6880,0.0,-1.2690849304199219
6881,0.0,1.4847946166992188
6882,6.0,4.831387519836426
6883,100.0,9.699676513671875
6884,166.0,19.94883918762207
6885,206.0,52.96887969970703
6886,344.0,131.913818359375
6887,232.0,271.34185791015625
6888,520.0,448.93182373046875
6889,580.0,595.050537109375
6890,764.0,696.9519653320312
6891,840.0,775.3898315429688
6892,818.0,904.5780639648438
6893,862.0,985.8731689453125
6894,928.0,1039.8975830078125
6895,908.0,1121.8310546875
6896,924.0,1198.2271728515625
6897,942.0,1207.685302734375
6898,994.0,1192.1036376953125
6899,1024.0,1024.927734375
6900,976.0,755.6015625
6901,1012.0,632.275634765625
6902,928.0,565.2752075195312
6903,916.0,534.4844970703125
6904,880.0,541.47265625
6905,736.0,547.9061889648438
6906,670.0,476.67303466796875
6907,646.0,340.4237976074219
6908,364.0,230.87335205078125
6909,172.0,152.857666015625
6910,20.0,81.19471740722656
6911,12.0,40.3602180480957
6912,4.0,5.2777204513549805
6913,0.0,1.1481056213378906
6914,0.0,0.8393173217773438
6915,0.0,1.0205307006835938
6916,0.0,0.9671535491943359
6917,0.0,1.0323467254638672
6918,0.0,1.0831031799316406
6919,0.0,1.0920124053955078
6920,0.0,1.0844650268554688
6921,0.0,1.0937004089355469
6922,0.0,1.1323509216308594
6923,0.0,1.1533241271972656
6924,0.0,1.1690196990966797
6925,0.0,1.1528854370117188
6926,0.0,1.1642818450927734
6927,0.0,1.1603412628173828
6928,0.0,1.156717300415039
6929,0.0,1.1082324981689453
6930,0.0,1.0945796966552734
6931,0.0,1.0771656036376953
6932,0.0,1.0716228485107422
6933,0.0,1.0150833129882812
6934,0.0,0.9989013671875
6935,0.0,0.9813041687011719
6936,0.0,0.9759922027587891
6937,0.0,0.9021377563476562
6938,0.0,0.8881473541259766
6939,0.0,0.8754711151123047
6940,0.0,0.8744525909423828
6941,0.0,-0.23626708984375
6942,0.0,0.33399391174316406
6943,0.0,0.4059181213378906
6944,0.0,0.37116050720214844
6945,0.0,0.35454368591308594
6946,0.0,0.3580970764160156
6947,0.0,0.32645416259765625
6948,0.0,0.2922344207763672
6949,0.0,0.28523826599121094
6950,0.0,0.2452392578125
6951,0.0,0.22540664672851562
6952,0.0,0.25689697265625
6953,0.0,0.28180885314941406
6954,0.0,0.28879737854003906
6955,0.0,0.282501220703125
6956,0.0,0.26835060119628906
6957,0.0,0.27295875549316406
6958,0.0,0.23312759399414062
6959,0.0,0.12504005432128906
6960,0.0,-0.2507667541503906
6961,0.0,-0.6784477233886719
6962,0.0,-1.2395343780517578
6963,0.0,-1.7130050659179688
6964,0.0,-1.9534797668457031
6965,0.0,-2.031087875366211
6966,0.0,-1.9176025390625
6967,0.0,-1.8660564422607422
6968,0.0,-2.023427963256836
6969,0.0,-1.9808540344238281
6970,0.0,-2.026844024658203
6971,0.0,-2.1418685913085938
6972,0.0,-2.301218032836914
6973,0.0,-2.0075149536132812
6974,0.0,-1.8952217102050781
6975,0.0,-1.596445083618164
6976,0.0,-0.4164466857910156
6977,0.0,4.146945953369141
6978,4.0,12.31788444519043
6979,112.0,26.684406280517578
6980,192.0,49.253150939941406
6981,268.0,81.09259796142578
6982,356.0,121.70560455322266
6983,446.0,176.86911010742188
6984,538.0,263.78070068359375
6985,644.0,391.12640380859375
6986,724.0,537.1550903320312
6987,796.0,660.8516845703125
6988,852.0,765.4228515625
6989,860.0,884.41650390625
6990,892.0,990.0771484375
6991,876.0,1042.4237060546875
6992,916.0,1074.943603515625
6993,936.0,1097.8526611328125
6994,976.0,1120.7230224609375
6995,1016.0,1159.931640625
6996,1066.0,1224.3692626953125
6997,966.0,1167.9683837890625
6998,940.0,1069.62890625
6999,920.0,983.3585205078125
7000,868.0,868.6001586914062
7001,644.0,626.0646362304688
7002,634.0,443.50115966796875
7003,646.0,286.1416320800781
7004,388.0,210.41683959960938
7005,186.0,112.4343032836914
7006,30.0,51.335140228271484
7007,24.0,18.806276321411133
7008,8.0,1.9286346435546875
7009,0.0,1.117828369140625
7010,0.0,0.8734569549560547
7011,0.0,0.7966823577880859
7012,0.0,0.7754859924316406
7013,0.0,0.8663177490234375
7014,0.0,0.8498001098632812
7015,0.0,0.8584251403808594
7016,0.0,0.8847122192382812
7017,0.0,1.0058021545410156
7018,0.0,1.023153305053711
7019,0.0,1.0316619873046875
7020,0.0,1.046194076538086
7021,0.0,1.0892505645751953
7022,0.0,1.0839195251464844
7023,0.0,1.0690536499023438
7024,0.0,1.0632858276367188
7025,0.0,1.0430774688720703
7026,0.0,1.0228443145751953
7027,0.0,0.9983024597167969
7028,0.0,0.97869873046875
7029,0.0,0.9033908843994141
7030,0.0,0.8603229522705078
7031,0.0,0.8235130310058594
7032,0.0,0.8035736083984375
7033,0.0,0.7078895568847656
7034,0.0,0.6719188690185547
7035,0.0,0.6426467895507812
7036,0.0,0.6318531036376953
7037,0.0,-0.6842517852783203
7038,0.0,0.4881572723388672
7039,0.0,0.7010307312011719
7040,0.0,0.8130760192871094
7041,0.0,0.8693313598632812
7042,0.0,0.9423484802246094
7043,0.0,0.9963626861572266
7044,0.0,1.0469932556152344
7045,0.0,1.1352252960205078
7046,0.0,1.1156539916992188
7047,0.0,1.0221786499023438
7048,0.0,1.0212898254394531
7049,0.0,0.9488296508789062
7050,0.0,0.8063201904296875
7051,0.0,0.6060619354248047
7052,0.0,0.39028167724609375
7053,0.0,0.2917957305908203
7054,0.0,0.25238609313964844
7055,0.0,0.34649658203125
7056,0.0,0.5279407501220703
7057,0.0,0.9127140045166016
7058,0.0,0.9943962097167969
7059,0.0,0.9583911895751953
7060,0.0,0.8841075897216797
7061,0.0,0.8900699615478516
7062,0.0,0.7965679168701172
7063,0.0,0.6509838104248047
7064,0.0,0.40435218811035156
7065,0.0,0.17444229125976562
7066,0.0,-0.18169403076171875
7067,0.0,-0.47960472106933594
7068,0.0,-0.7250175476074219
7069,0.0,-0.4540691375732422
7070,0.0,-0.09465408325195312
7071,0.0,0.8936481475830078
7072,0.0,2.7757568359375
7073,0.0,7.168651580810547
7074,4.0,16.017765045166016
7075,80.0,35.83811950683594
7076,156.0,73.77310943603516
7077,196.0,136.86656188964844
7078,270.0,226.57986450195312
7079,380.0,321.75250244140625
7080,488.0,419.7822570800781
7081,602.0,514.0047607421875
7082,676.0,597.088623046875
7083,768.0,687.2766723632812
7084,736.0,815.5636596679688
7085,848.0,900.3928833007812
7086,852.0,958.0508422851562
7087,900.0,968.134765625
7088,916.0,982.4425048828125
7089,920.0,983.3660278320312
7090,980.0,995.3820190429688
7091,984.0,1017.4474487304688
7092,1006.0,1002.2149047851562
7093,958.0,1040.0460205078125
7094,872.0,1048.2117919921875
7095,912.0,1010.4102172851562
7096,838.0,909.242919921875
7097,656.0,717.9893188476562
7098,606.0,510.404541015625
7099,636.0,323.03375244140625
7100,404.0,181.206298828125
7101,180.0,88.12612915039062
7102,48.0,46.92230224609375
7103,30.0,16.977535247802734
7104,10.0,2.3923988342285156
7105,0.0,1.7274627685546875
7106,0.0,1.5042991638183594
7107,0.0,1.5009288787841797
7108,0.0,1.5566673278808594
7109,0.0,1.7534160614013672
7110,0.0,1.7577018737792969
7111,0.0,1.7664527893066406
7112,0.0,1.6817817687988281
7113,0.0,1.5446624755859375
7114,0.0,1.4402332305908203
7115,0.0,1.3146724700927734
7116,0.0,1.2228546142578125
7117,0.0,1.1392135620117188
7118,0.0,1.0769386291503906
7119,0.0,1.0300178527832031
7120,0.0,0.9991779327392578
7121,0.0,0.9048633575439453
7122,0.0,0.8032875061035156
7123,0.0,0.7345371246337891
7124,0.0,0.6897678375244141
7125,0.0,0.5421390533447266
7126,0.0,0.5020351409912109
7127,0.0,0.4867534637451172
7128,0.0,0.4997291564941406
7129,0.0,0.3994407653808594
7130,0.0,0.37775230407714844
7131,0.0,0.3818817138671875
7132,0.0,0.4079475402832031
7133,0.0,0.5490131378173828
7134,0.0,0.21374130249023438
7135,0.0,0.12242698669433594
7136,0.0,0.024930953979492188
7137,0.0,0.021368026733398438
7138,0.0,-0.050998687744140625
7139,0.0,-0.08876800537109375
7140,0.0,-0.13593292236328125
7141,0.0,-0.11816024780273438
7142,0.0,-0.19342613220214844
7143,0.0,-0.27066802978515625
7144,0.0,-0.31449127197265625
7145,0.0,-0.16801834106445312
7146,0.0,-0.050693511962890625
7147,0.0,-0.09704208374023438
7148,0.0,-0.24411392211914062
7149,0.0,-0.405426025390625
7150,0.0,-0.5688076019287109
7151,0.0,-0.5581817626953125
7152,0.0,-0.4519023895263672
7153,0.0,-0.19537734985351562
7154,0.0,0.05671882629394531
7155,0.0,0.2477741241455078
7156,0.0,0.3979511260986328
7157,0.0,0.2457408905029297
7158,0.0,0.040012359619140625
7159,0.0,0.11322212219238281
7160,0.0,0.34523963928222656
7161,0.0,0.6695804595947266
7162,0.0,1.1487712860107422
7163,0.0,1.57110595703125
7164,0.0,1.961801528930664
7165,0.0,2.171205520629883
7166,0.0,2.5766897201538086
7167,0.0,3.4066781997680664
7168,0.0,5.487418174743652
7169,0.0,9.929441452026367
7170,4.0,17.843196868896484
7171,8.0,29.329410552978516
7172,40.0,43.759185791015625
7173,68.0,60.23135757446289
7174,96.0,78.1973876953125
7175,138.0,98.96154022216797
7176,166.0,121.98041534423828
7177,184.0,145.09539794921875
7178,200.0,161.71026611328125
7179,214.0,175.15719604492188
7180,192.0,191.85507202148438
7181,254.0,246.9276123046875
7182,292.0,360.7989807128906
7183,182.0,454.1588134765625
7184,168.0,473.17474365234375
7185,170.0,463.4819641113281
7186,188.0,452.24798583984375
7187,160.0,450.5708923339844
7188,110.0,451.9186706542969
7189,102.0,454.83355712890625
7190,122.0,453.2767639160156
7191,128.0,424.3210144042969
7192,100.0,368.9725646972656
7193,66.0,300.2559509277344
7194,44.0,238.02322387695312
7195,32.0,151.70211791992188
7196,20.0,50.705238342285156
7197,4.0,30.312847137451172
7198,0.0,14.813925743103027
7199,0.0,4.920461654663086
7200,0.0,2.0427932739257812
7201,0.0,1.3847599029541016
7202,0.0,1.2057037353515625
7203,0.0,0.8892269134521484
7204,0.0,-0.20832061767578125
7205,0.0,-0.7618484497070312
7206,0.0,-1.1639575958251953
7207,0.0,-1.2626361846923828
7208,0.0,-1.42926025390625
7209,0.0,-1.6620159149169922
7210,0.0,-1.8509082794189453
7211,0.0,-2.0248565673828125
7212,0.0,-2.155611038208008
7213,0.0,-2.2331676483154297
7214,0.0,-1.8982524871826172
7215,0.0,-1.0532169342041016
7216,0.0,0.1596813201904297
7217,0.0,1.2254905700683594
7218,0.0,1.7979164123535156
7219,0.0,2.091337203979492
7220,0.0,2.3205738067626953
7221,0.0,2.388010025024414
7222,0.0,2.426738739013672
7223,0.0,2.457167625427246
7224,0.0,2.46347713470459
7225,0.0,2.385374069213867
7226,0.0,2.302713394165039
7227,0.0,2.2575130462646484
7228,0.0,2.227334976196289
7229,0.0,1.9324970245361328
7230,0.0,1.1461944580078125
7231,0.0,0.8607997894287109
7232,0.0,0.6886501312255859
7233,0.0,0.6678848266601562
7234,0.0,0.6442375183105469
7235,0.0,0.6377277374267578
7236,0.0,0.6174831390380859
7237,0.0,0.6833629608154297
7238,0.0,0.5382232666015625
7239,0.0,0.3044567108154297
7240,0.0,0.014066696166992188
7241,0.0,-0.15660476684570312
7242,0.0,-0.5205783843994141
7243,0.0,-0.79052734375
7244,0.0,-0.9411468505859375
7245,0.0,-0.9201488494873047
7246,0.0,-1.0197067260742188
7247,0.0,-1.3529281616210938
7248,0.0,-1.2148399353027344
7249,0.0,-0.7752494812011719
7250,0.0,-0.6789112091064453
7251,0.0,-0.7458820343017578
7252,0.0,-0.8246383666992188
7253,0.0,-0.8329010009765625
7254,0.0,-0.7178993225097656
7255,0.0,-0.6421375274658203
7256,0.0,-0.5649280548095703
7257,0.0,-0.4334602355957031
7258,0.0,-0.3200798034667969
7259,0.0,-0.2497081756591797
7260,0.0,-0.15336036682128906
7261,0.0,0.28326416015625
7262,0.0,0.825775146484375
7263,0.0,1.9191665649414062
7264,0.0,3.473687171936035
7265,0.0,5.937505722045898
7266,0.0,8.124466896057129
7267,0.0,10.488479614257812
7268,0.0,12.954368591308594
7269,0.0,15.582252502441406
7270,4.0,18.340620040893555
7271,4.0,21.47756576538086
7272,6.0,24.898414611816406
7273,6.0,27.77950096130371
7274,12.0,30.96540069580078
7275,16.0,34.83003234863281
7276,24.0,39.67740249633789
7277,28.0,44.258914947509766
7278,28.0,48.008888244628906
7279,32.0,51.156639099121094
7280,28.0,54.09033203125
7281,30.0,54.86085510253906
7282,26.0,54.99589920043945
7283,24.0,53.394439697265625
7284,28.0,50.411460876464844
7285,32.0,44.97608947753906
7286,42.0,39.68573760986328
7287,48.0,34.11027908325195
7288,34.0,28.519573211669922
7289,32.0,22.827077865600586
7290,52.0,18.660140991210938
7291,72.0,14.660247802734375
7292,28.0,11.617069244384766
7293,24.0,8.964905738830566
7294,10.0,7.590158462524414
7295,0.0,5.126285552978516
7296,0.0,3.595123291015625
7297,0.0,2.4527854919433594
7298,0.0,1.3996219635009766
7299,0.0,0.8275680541992188
7300,0.0,0.3863410949707031
7301,0.0,0.10653495788574219
7302,0.0,0.12971878051757812
7303,0.0,0.18892669677734375
7304,0.0,0.29294776916503906
7305,0.0,0.4085578918457031
7306,0.0,0.07167625427246094
7307,0.0,0.44580078125
7308,0.0,0.60150146484375
7309,0.0,1.0509490966796875
7310,0.0,1.3677711486816406
7311,0.0,1.891214370727539
7312,0.0,1.904256820678711
7313,0.0,1.791341781616211
7314,0.0,1.8359146118164062
7315,0.0,1.573507308959961
7316,0.0,1.1019783020019531
7317,0.0,0.7248706817626953
7318,0.0,0.1427288055419922
7319,0.0,0.3130455017089844
7320,0.0,0.5903873443603516
7321,0.0,0.7065925598144531
7322,0.0,1.0349464416503906
7323,0.0,0.8521575927734375
7324,0.0,0.5822639465332031
7325,0.0,-0.31842803955078125
7326,0.0,-0.6677093505859375
7327,0.0,-0.3486213684082031
7328,0.0,-0.29674530029296875
7329,0.0,-0.10034942626953125
7330,0.0,-0.061145782470703125
7331,0.0,-0.013128280639648438
7332,0.0,-0.013265609741210938
7333,0.0,0.011388778686523438
7334,0.0,0.012058258056640625
7335,0.0,0.05139732360839844
7336,0.0,0.09096908569335938
7337,0.0,0.1413116455078125
7338,0.0,0.24628067016601562
7339,0.0,0.3272514343261719
7340,0.0,0.3889179229736328
7341,0.0,0.4499530792236328
7342,0.0,0.5226535797119141
7343,0.0,0.5399913787841797
7344,0.0,0.5183582305908203
7345,0.0,0.5816307067871094
7346,0.0,0.8794784545898438
7347,0.0,1.1108379364013672
7348,0.0,1.3201560974121094
7349,0.0,1.5817394256591797
7350,0.0,1.586019515991211
7351,0.0,1.5391159057617188
7352,0.0,1.4747314453125
7353,0.0,1.5151634216308594
7354,0.0,1.4137096405029297
7355,0.0,1.1718921661376953
7356,0.0,0.8678760528564453
7357,0.0,0.7272071838378906
7358,0.0,0.7784671783447266
7359,0.0,1.0564002990722656
7360,0.0,1.4389266967773438
7361,0.0,2.1582584381103516
7362,0.0,2.6794891357421875
7363,0.0,3.2393970489501953
7364,2.0,3.986766815185547
7365,4.0,5.937689781188965
7366,24.0,8.322141647338867
7367,80.0,11.470401763916016
7368,86.0,18.940078735351562
7369,112.0,37.90082550048828
7370,236.0,75.03199768066406
7371,122.0,112.89053344726562
7372,184.0,139.91085815429688
7373,140.0,152.26931762695312
7374,176.0,162.46234130859375
7375,296.0,172.01309204101562
7376,188.0,180.233154296875
7377,84.0,186.50189208984375
7378,80.0,188.00494384765625
7379,84.0,179.86080932617188
7380,132.0,170.49267578125
7381,244.0,170.87991333007812
7382,264.0,168.15634155273438
7383,230.0,163.65826416015625
7384,474.0,155.70233154296875
7385,582.0,143.499267578125
7386,120.0,132.54135131835938
7387,374.0,106.28739929199219
7388,568.0,81.30899810791016
7389,100.0,64.59504699707031
7390,20.0,43.200469970703125
7391,16.0,24.846155166625977
7392,8.0,4.982226371765137
7393,0.0,2.811038017272949
7394,0.0,0.9823665618896484
7395,0.0,0.18666648864746094
7396,0.0,-0.1536693572998047
7397,0.0,-0.3888397216796875
7398,0.0,-0.3532295227050781
7399,0.0,-0.22822952270507812
7400,0.0,-0.1574687957763672
7401,0.0,-0.13007354736328125
7402,0.0,-0.1605548858642578
7403,0.0,-0.14745140075683594
7404,0.0,-0.11270523071289062
7405,0.0,-0.08341026306152344
7406,0.0,-0.13112258911132812
7407,0.0,-0.11921119689941406
7408,0.0,-0.12332916259765625
7409,0.0,-0.11160659790039062
7410,0.0,-0.497283935546875
7411,0.0,-0.8138980865478516
7412,0.0,-0.9289226531982422
7413,0.0,-0.7788505554199219
7414,0.0,-1.4091167449951172
7415,0.0,-1.2542133331298828
7416,0.0,0.6328945159912109
7417,0.0,2.1110992431640625
7418,0.0,1.95330810546875
7419,0.0,1.5594825744628906
7420,0.0,0.9299297332763672
7421,0.0,-0.30986785888671875
7422,0.0,0.04489326477050781
7423,0.0,-0.00905609130859375
7424,0.0,-0.08658409118652344
7425,0.0,-0.0985870361328125
7426,0.0,-0.133026123046875
7427,0.0,-0.22930908203125
7428,0.0,-0.2971363067626953
7429,0.0,-0.22544097900390625
7430,0.0,-0.13758087158203125
7431,0.0,0.07230567932128906
7432,0.0,0.21959877014160156
7433,0.0,0.3387794494628906
7434,0.0,0.40439414978027344
7435,0.0,0.4242076873779297
7436,0.0,0.4318561553955078
7437,0.0,0.5039710998535156
7438,0.0,0.5280876159667969
7439,0.0,0.5207672119140625
7440,0.0,0.5049266815185547
7441,0.0,0.5611572265625
7442,0.0,0.5470867156982422
7443,0.0,0.5080680847167969
7444,0.0,0.46953773498535156
7445,0.0,0.5132064819335938
7446,0.0,0.4948902130126953
7447,0.0,0.44748497009277344
7448,0.0,0.4062061309814453
7449,0.0,0.44904327392578125
7450,0.0,0.46090126037597656
7451,0.0,0.46332740783691406
7452,0.0,0.4937572479248047
7453,0.0,0.6117706298828125
7454,0.0,1.075551986694336
7455,0.0,2.3697586059570312
7456,0.0,4.312572479248047
7457,0.0,6.520360946655273
7458,0.0,8.770685195922852
7459,4.0,11.925457000732422
7460,6.0,17.46242332458496
7461,12.0,27.75895118713379
7462,22.0,39.455360412597656
7463,32.0,51.462589263916016
7464,48.0,65.7342529296875
7465,210.0,82.97533416748047
7466,194.0,98.59870910644531
7467,422.0,114.96582794189453
7468,520.0,135.090576171875
7469,290.0,155.44189453125
7470,284.0,185.68179321289062
7471,396.0,240.70291137695312
7472,342.0,333.96026611328125
7473,426.0,461.14971923828125
7474,416.0,555.0956420898438
7475,400.0,584.0942993164062
7476,288.0,566.5426635742188
7477,240.0,531.9130249023438
7478,252.0,492.2926940917969
7479,206.0,451.5846862792969
7480,200.0,403.6330871582031
7481,170.0,342.8332214355469
7482,148.0,267.74151611328125
7483,130.0,206.78765869140625
7484,98.0,158.4114990234375
7485,76.0,112.42215728759766
7486,48.0,81.62867736816406
7487,22.0,60.508544921875
7488,2.0,49.039451599121094
7489,0.0,38.172691345214844
7490,0.0,20.618560791015625
7491,0.0,4.739718437194824
7492,0.0,-0.7579288482666016
7493,0.0,-1.5168323516845703
7494,0.0,-1.6602840423583984
7495,0.0,-1.6137123107910156
7496,0.0,-1.4872379302978516
7497,0.0,-1.3633365631103516
7498,0.0,-1.0813064575195312
7499,0.0,-0.7534713745117188
7500,0.0,-0.2552070617675781
7501,0.0,0.5482578277587891
7502,0.0,0.3947639465332031
7503,0.0,0.35073089599609375
7504,0.0,0.14442062377929688
7505,0.0,0.057769775390625
7506,0.0,0.056118011474609375
7507,0.0,0.11048126220703125
7508,0.0,0.16103553771972656
7509,0.0,0.2158946990966797
7510,0.0,0.4779224395751953
7511,0.0,0.8619289398193359
7512,0.0,1.2716083526611328
7513,0.0,1.5504627227783203
7514,0.0,1.1094512939453125
7515,0.0,0.8706226348876953
7516,0.0,0.5227336883544922
7517,0.0,0.3136940002441406
7518,0.0,-0.4239540100097656
7519,0.0,-0.18261337280273438
7520,0.0,-0.21360015869140625
7521,0.0,-0.12330436706542969
7522,0.0,-0.15482711791992188
7523,0.0,-0.19139671325683594
7524,0.0,-0.27501678466796875
7525,0.0,-0.37903785705566406
7526,0.0,-0.598419189453125
7527,0.0,-0.7915363311767578
7528,0.0,-0.9668407440185547
7529,0.0,-1.2528018951416016
7530,0.0,-1.4407806396484375
7531,0.0,-1.6287269592285156
7532,0.0,-1.7832794189453125
7533,0.0,-2.020448684692383
7534,0.0,-2.1395645141601562
7535,0.0,-2.2112903594970703
7536,0.0,-2.210561752319336
7537,0.0,-2.299701690673828
7538,0.0,-2.122884750366211
7539,0.0,-2.091583251953125
7540,0.0,-2.0549087524414062
7541,0.0,-2.2269020080566406
7542,0.0,-2.082061767578125
7543,0.0,-2.007875442504883
7544,0.0,-1.9253044128417969
7545,0.0,-2.0623340606689453
7546,0.0,-2.052652359008789
7547,0.0,-2.084867477416992
7548,0.0,-2.134408950805664
7549,0.0,-2.405345916748047
7550,0.0,-2.345388412475586
7551,0.0,-1.9548912048339844
7552,0.0,-0.9767494201660156
7553,0.0,1.4712638854980469
7554,0.0,6.535601615905762
7555,4.0,14.376541137695312
7556,8.0,21.70438575744629
7557,22.0,28.498302459716797
7558,36.0,35.385826110839844
7559,38.0,45.90666961669922
7560,44.0,60.97908401489258
7561,52.0,75.18000030517578
7562,72.0,83.02521514892578
7563,80.0,80.3503646850586
7564,88.0,67.67724609375
7565,72.0,50.12067413330078
7566,50.0,39.66559600830078
7567,42.0,33.631072998046875
7568,32.0,30.75635528564453
7569,36.0,29.037710189819336
7570,32.0,27.4073486328125
7571,30.0,25.03109359741211
7572,26.0,22.261131286621094
7573,22.0,20.098756790161133
7574,18.0,19.51999282836914
7575,8.0,19.717491149902344
7576,12.0,20.344741821289062
7577,8.0,18.61284828186035
7578,6.0,15.456196784973145
7579,6.0,12.116827011108398
7580,4.0,9.45793342590332
7581,0.0,5.21544075012207
7582,0.0,1.4802322387695312
7583,0.0,-1.1195812225341797
7584,0.0,-2.358278274536133
7585,0.0,-2.6522064208984375
7586,0.0,-2.7501258850097656
7587,0.0,-2.844491958618164
7588,0.0,-2.899272918701172
7589,0.0,-2.8043136596679688
7590,0.0,-2.8379878997802734
7591,0.0,-2.9790802001953125
7592,0.0,-3.1351966857910156
7593,0.0,-2.9999446868896484
7594,0.0,-3.093973159790039
7595,0.0,-3.1854991912841797
7596,0.0,-3.296144485473633
7597,0.0,-3.0690555572509766
7598,0.0,-2.509267807006836
7599,0.0,-1.9443626403808594
7600,0.0,-1.419759750366211
7601,0.0,-0.6176052093505859
7602,0.0,-0.6423664093017578
7603,0.0,-0.6158294677734375
7604,0.0,-0.7031421661376953
7605,0.0,-0.6493606567382812
7606,0.0,-0.8838768005371094
7607,0.0,-0.7657718658447266
7608,0.0,0.07400894165039062
7609,0.0,0.6277351379394531
7610,0.0,0.5814323425292969
7611,0.0,0.6720104217529297
7612,0.0,0.6598148345947266
7613,0.0,0.58587646484375
7614,0.0,0.17621994018554688
7615,0.0,-0.13702392578125
7616,0.0,-0.24294662475585938
7617,0.0,-0.1542072296142578
7618,0.0,-0.29241180419921875
7619,0.0,-0.35938453674316406
7620,0.0,-0.4376239776611328
7621,0.0,-0.17922592163085938
7622,0.0,0.8731060028076172
7623,0.0,2.064502716064453
7624,0.0,2.380359649658203
7625,0.0,2.904834747314453
7626,0.0,3.04036808013916
7627,0.0,2.9150352478027344
7628,0.0,2.545015335083008
7629,0.0,1.9088363647460938
7630,0.0,0.8815135955810547
7631,0.0,-0.09936141967773438
7632,0.0,-0.8162460327148438
7633,0.0,-1.3880176544189453
7634,0.0,-1.8474788665771484
7635,0.0,-1.9483108520507812
7636,0.0,-1.933197021484375
7637,0.0,-2.080625534057617
7638,0.0,-1.883676528930664
7639,0.0,-1.8095741271972656
7640,0.0,-1.7308597564697266
7641,0.0,-1.8860836029052734
7642,0.0,-1.7006511688232422
7643,0.0,-1.6845073699951172
7644,0.0,-1.63275146484375
7645,0.0,-1.6969451904296875
7646,0.0,-1.8539104461669922
7647,0.0,-1.829620361328125
7648,0.0,-1.5913467407226562
7649,0.0,-0.7894630432128906
7650,0.0,0.09493446350097656
7651,0.0,1.9278030395507812
7652,2.0,6.187626838684082
7653,8.0,13.808528900146484
7654,30.0,22.075641632080078
7655,44.0,30.32187271118164
7656,34.0,39.91663360595703
7657,36.0,54.029075622558594
7658,26.0,76.36277770996094
7659,26.0,103.51596069335938
7660,20.0,167.82733154296875
7661,20.0,294.5218505859375
7662,18.0,390.0095520019531
7663,32.0,415.16302490234375
7664,36.0,412.50714111328125
7665,36.0,404.2744140625
7666,44.0,376.15362548828125
7667,30.0,327.8966979980469
7668,42.0,266.7778625488281
7669,42.0,205.0821533203125
7670,50.0,164.7481689453125
7671,48.0,138.81350708007812
7672,48.0,123.83119201660156
7673,56.0,112.17230224609375
7674,92.0,101.29451751708984
7675,148.0,87.15289306640625
7676,352.0,68.69422149658203
7677,324.0,48.651390075683594
7678,96.0,31.153274536132812
7679,64.0,13.280782699584961
7680,32.0,3.475757598876953
7681,14.0,-0.9806079864501953
7682,2.0,-1.1141815185546875
7683,0.0,-0.8941612243652344
7684,0.0,-0.23778533935546875
7685,0.0,0.4208698272705078
7686,0.0,0.5916175842285156
7687,0.0,-0.2163543701171875
7688,0.0,-0.5172824859619141
7689,0.0,-0.5139026641845703
7690,0.0,-0.4485340118408203
7691,0.0,-0.27294349670410156
7692,0.0,-0.002887725830078125
7693,0.0,0.23541831970214844
7694,0.0,0.3637428283691406
7695,0.0,0.44626617431640625
7696,0.0,0.4801769256591797
7697,0.0,0.4978046417236328
7698,0.0,0.4635334014892578
7699,0.0,0.4547252655029297
7700,0.0,0.45034217834472656
7701,0.0,0.44577598571777344
7702,0.0,0.39925193786621094
7703,0.0,0.3589286804199219
7704,0.0,0.29616737365722656
7705,0.0,0.21962547302246094
7706,0.0,-0.08275032043457031
7707,0.0,-0.330230712890625
7708,0.0,-0.5681438446044922
7709,0.0,-0.4945716857910156
7710,0.0,-1.1165714263916016
7711,0.0,-1.2487010955810547
7712,0.0,-1.4130630493164062
7713,0.0,-1.467641830444336
7714,0.0,-1.4380207061767578
7715,0.0,-1.3447952270507812
7716,0.0,-1.2347984313964844
7717,0.0,-1.1307716369628906
7718,0.0,-1.0967044830322266
7719,0.0,-1.0267257690429688
7720,0.0,-0.9813594818115234
7721,0.0,-1.0157527923583984
7722,0.0,-0.8417167663574219
7723,0.0,-0.7572593688964844
7724,0.0,-0.7345085144042969
7725,0.0,-0.8511238098144531
7726,0.0,-0.8486175537109375
7727,0.0,-0.8683090209960938
7728,0.0,-0.9031219482421875
7729,0.0,-1.0717887878417969
7730,0.0,-1.0442771911621094
7731,0.0,-1.003499984741211
7732,0.0,-1.014617919921875
7733,0.0,-1.268686294555664
7734,0.0,-1.268411636352539
7735,0.0,-1.28173828125
7736,0.0,-1.350881576538086
7737,0.0,-1.735076904296875
7738,0.0,-1.6659164428710938
7739,0.0,-1.6504325866699219
7740,0.0,-1.6683769226074219
7741,0.0,-1.9957351684570312
7742,0.0,-2.1604385375976562
7743,0.0,-1.8266258239746094
7744,0.0,-0.4306011199951172
7745,0.0,2.075559616088867
7746,0.0,5.679244041442871
7747,0.0,12.401139259338379
7748,0.0,21.113121032714844
7749,8.0,32.5016975402832
7750,20.0,43.76485061645508
7751,36.0,58.66611099243164
7752,56.0,88.76770782470703
7753,74.0,160.77072143554688
7754,90.0,271.5348205566406
7755,100.0,389.4620361328125
7756,120.0,572.9647216796875
7757,118.0,872.3892822265625
7758,130.0,1130.74951171875
7759,128.0,1196.138916015625
7760,188.0,1022.568359375
7761,316.0,613.641357421875
7762,532.0,281.5155029296875
7763,278.0,224.16046142578125
7764,156.0,283.4988098144531
7765,242.0,341.0055236816406
7766,576.0,339.3852844238281
7767,142.0,317.3316955566406
7768,702.0,284.30712890625
7769,136.0,232.79116821289062
7770,584.0,171.19711303710938
7771,440.0,131.14942932128906
7772,396.0,103.01839447021484
7773,252.0,77.55809020996094
7774,34.0,53.35646438598633
7775,26.0,39.06901550292969
7776,8.0,15.72983169555664
7777,0.0,7.3107805252075195
7778,0.0,4.991665840148926
7779,0.0,3.6877622604370117
7780,0.0,2.932109832763672
7781,0.0,2.4186038970947266
7782,0.0,2.1850128173828125
7783,0.0,1.9394397735595703
7784,0.0,1.6669235229492188
7785,0.0,1.2680511474609375
7786,0.0,1.1126022338867188
7787,0.0,1.0255565643310547
7788,0.0,0.9588756561279297
7789,0.0,0.7843990325927734
7790,0.0,0.5171775817871094
7791,0.0,-0.07164955139160156
7792,0.0,-0.5860042572021484
7793,0.0,-0.7419872283935547
7794,0.0,-0.791229248046875
7795,0.0,-0.9147186279296875
7796,0.0,-1.031118392944336
7797,0.0,-1.2822799682617188
7798,0.0,-1.6716423034667969
7799,0.0,-1.9292163848876953
7800,0.0,-2.0692710876464844
7801,0.0,-2.2757530212402344
7802,0.0,-2.1996631622314453
7803,0.0,-1.438507080078125
7804,0.0,-0.49959373474121094
7805,0.0,-0.11312103271484375
7806,0.0,-0.7025604248046875
7807,0.0,-0.6838092803955078
7808,0.0,-0.6515426635742188
7809,0.0,-0.3456764221191406
7810,0.0,0.08115196228027344
7811,0.0,0.12615966796875
7812,0.0,0.2358264923095703
7813,0.0,0.336883544921875
7814,0.0,0.1921100616455078
7815,0.0,0.05360221862792969
7816,0.0,-0.061199188232421875
7817,0.0,-0.1433582305908203
7818,0.0,0.1446990966796875
7819,0.0,0.4266242980957031
7820,0.0,0.4968719482421875
7821,0.0,0.12570953369140625
7822,0.0,-0.4984149932861328
7823,0.0,-0.9533672332763672
7824,0.0,-1.0700569152832031
7825,0.0,-1.312784194946289
7826,0.0,-1.0413646697998047
7827,0.0,-0.2799530029296875
7828,0.0,0.4464282989501953
7829,0.0,1.1150779724121094
7830,0.0,1.9452457427978516
7831,0.0,2.1684913635253906
7832,0.0,2.687875747680664
7833,0.0,3.619596481323242
7834,0.0,4.012855529785156
7835,0.0,3.56728458404541
7836,0.0,2.2697200775146484
7837,0.0,0.8559818267822266
7838,0.0,1.1815071105957031
7839,0.0,1.4893817901611328
7840,0.0,2.2202281951904297
7841,0.0,4.77970027923584
7842,0.0,9.727116584777832
7843,0.0,20.858938217163086
7844,4.0,44.962608337402344
7845,8.0,87.35331726074219
7846,36.0,121.05220031738281
7847,364.0,130.82293701171875
7848,104.0,183.523193359375
7849,116.0,276.59173583984375
7850,96.0,345.9339904785156
7851,178.0,372.10406494140625
7852,174.0,385.45556640625
7853,196.0,411.7501220703125
7854,160.0,439.55401611328125
7855,150.0,479.0320129394531
7856,126.0,536.8465576171875
7857,138.0,592.2899780273438
7858,122.0,617.9200439453125
7859,124.0,622.7891235351562
7860,136.0,606.657958984375
7861,144.0,581.3681030273438
7862,148.0,514.3836059570312
7863,130.0,431.5088806152344
7864,122.0,359.25482177734375
7865,104.0,304.8414306640625
7866,162.0,254.18536376953125
7867,370.0,201.21267700195312
7868,224.0,148.71817016601562
7869,88.0,108.1943130493164
7870,54.0,79.5966567993164
7871,34.0,58.338623046875
7872,4.0,43.149925231933594
7873,0.0,29.075679779052734
7874,0.0,15.766852378845215
7875,0.0,2.570866584777832
7876,0.0,-3.1024036407470703
7877,0.0,-4.002710342407227
7878,0.0,-4.438383102416992
7879,0.0,-4.588773727416992
7880,0.0,-4.606916427612305
7881,0.0,-4.443931579589844
7882,0.0,-4.341791152954102
7883,0.0,-4.025672912597656
7884,0.0,-3.353168487548828
7885,0.0,-2.402772903442383
7886,0.0,-1.9432201385498047
7887,0.0,-1.6522712707519531
7888,0.0,-1.4562416076660156
7889,0.0,-1.056020736694336
7890,0.0,-1.3578739166259766
7891,0.0,-1.8097763061523438
7892,0.0,-2.2754268646240234
7893,0.0,-2.383424758911133
7894,0.0,-1.5963077545166016
7895,0.0,-0.7412586212158203
7896,0.0,0.032772064208984375
7897,0.0,0.6487979888916016
7898,0.0,0.2851276397705078
7899,0.0,-0.04352760314941406
7900,0.0,-0.3772563934326172
7901,0.0,0.06880950927734375
7902,0.0,-0.06850624084472656
7903,0.0,-0.2927875518798828
7904,0.0,-0.5109100341796875
7905,0.0,-0.5043354034423828
7906,0.0,-0.3870048522949219
7907,0.0,-0.385406494140625
7908,0.0,-0.4224872589111328
7909,0.0,-0.36421775817871094
7910,0.0,-0.45980072021484375
7911,0.0,-0.5734329223632812
7912,0.0,-0.66632080078125
7913,0.0,-0.7655906677246094
7914,0.0,-0.7175636291503906
7915,0.0,-0.6545600891113281
7916,0.0,-0.5978412628173828
7917,0.0,-0.4536628723144531
7918,0.0,-0.30343055725097656
7919,0.0,-0.12688827514648438
7920,0.0,-0.001071929931640625
7921,0.0,0.09169197082519531
7922,0.0,0.1741924285888672
7923,0.0,0.10044479370117188
7924,0.0,0.07717323303222656
7925,0.0,0.12877464294433594
7926,0.0,-0.09099769592285156
7927,0.0,-0.1983509063720703
7928,0.0,-0.2472553253173828
7929,0.0,-0.5652942657470703
7930,0.0,-0.5668258666992188
7931,0.0,-0.6505508422851562
7932,0.0,-0.6216545104980469
7933,0.0,-0.5472145080566406
7934,0.0,-0.6510334014892578
7935,0.0,-0.2636260986328125
7936,0.0,0.8678188323974609
7937,0.0,2.8920068740844727
7938,2.0,6.742023468017578
7939,32.0,13.348848342895508
7940,122.0,24.969482421875
7941,192.0,44.20203399658203
7942,198.0,66.201171875
7943,288.0,86.73655700683594
7944,194.0,105.44378662109375
7945,388.0,120.46916961669922
7946,436.0,142.82763671875
7947,122.0,218.72030639648438
7948,466.0,381.769775390625
7949,712.0,514.735595703125
7950,848.0,641.9710083007812
7951,732.0,776.4976806640625
7952,944.0,875.5953369140625
7953,1044.0,889.2105712890625
7954,496.0,854.2344360351562
7955,456.0,732.9225463867188
7956,728.0,540.0239868164062
7957,304.0,384.2525634765625
7958,298.0,319.43206787109375
7959,762.0,231.83599853515625
7960,896.0,129.05067443847656
7961,220.0,85.89295196533203
7962,158.0,73.39302062988281
7963,122.0,62.73828887939453
7964,40.0,52.685752868652344
7965,12.0,41.07292175292969
7966,4.0,33.019779205322266
7967,2.0,23.29713249206543
7968,0.0,14.363227844238281
7969,0.0,7.963155746459961
7970,0.0,2.973459243774414
7971,0.0,1.768301010131836
7972,0.0,1.4646339416503906
7973,0.0,1.0527935028076172
7974,0.0,1.0652618408203125
7975,0.0,1.0248432159423828
7976,0.0,0.9783172607421875
7977,0.0,0.7913932800292969
7978,0.0,0.7441978454589844
7979,0.0,0.8093948364257812
7980,0.0,0.8954105377197266
7981,0.0,0.8777275085449219
7982,0.0,0.8686065673828125
7983,0.0,0.7944183349609375
7984,0.0,0.7508373260498047
7985,0.0,0.7468242645263672
7986,0.0,0.6532821655273438
7987,0.0,0.6352596282958984
7988,0.0,0.6418590545654297
7989,0.0,0.6915702819824219
7990,0.0,0.6913928985595703
7991,0.0,0.7133541107177734
7992,0.0,0.7290687561035156
7993,0.0,0.7470874786376953
7994,0.0,0.7049674987792969
7995,0.0,0.7093639373779297
7996,0.0,0.7145805358886719
7997,0.0,-0.2146167755126953
7998,0.0,-0.7699470520019531
7999,0.0,-1.181375503540039
8000,0.0,-1.3533954620361328
8001,0.0,-1.4231891632080078
8002,0.0,-1.0586833953857422
8003,0.0,-0.7652664184570312
8004,0.0,-0.4610443115234375
8005,0.0,-0.0501251220703125
8006,0.0,-0.09186172485351562
8007,0.0,-0.2076740264892578
8008,0.0,-0.24835968017578125
8009,0.0,-0.16385269165039062
8010,0.0,-0.47499656677246094
8011,0.0,-0.6429405212402344
8012,0.0,-0.4067344665527344
8013,0.0,0.1872406005859375
8014,0.0,0.43480873107910156
8015,0.0,0.47807884216308594
8016,0.0,0.45993995666503906
8017,0.0,0.49982643127441406
8018,0.0,0.36048316955566406
8019,0.0,0.4199199676513672
8020,0.0,0.8475818634033203
8021,0.0,1.42608642578125
8022,0.0,0.9228038787841797
8023,0.0,0.3616065979003906
8024,0.0,0.05724143981933594
8025,0.0,-0.04988288879394531
8026,0.0,-0.2667274475097656
8027,0.0,-0.6846427917480469
8028,0.0,-1.0443878173828125
8029,0.0,-0.7300529479980469
8030,0.0,0.09374809265136719
8031,0.0,0.9216880798339844
8032,0.0,1.58966064453125
8033,0.0,2.3458309173583984
8034,0.0,3.0596923828125
8035,0.0,3.8543663024902344
8036,0.0,4.878079414367676
8037,6.0,8.311241149902344
8038,8.0,14.703999519348145
8039,10.0,21.19232940673828
8040,14.0,29.536834716796875
8041,14.0,48.522865295410156
8042,44.0,75.85490417480469
8043,54.0,103.14771270751953
8044,58.0,119.04238891601562
8045,94.0,119.88733673095703
8046,88.0,114.49504852294922
8047,90.0,115.616455078125
8048,194.0,120.46289825439453
8049,308.0,121.09294128417969
8050,496.0,111.62217712402344
8051,608.0,93.98403930664062
8052,152.0,56.51809310913086
8053,696.0,38.28111267089844
8054,488.0,35.316246032714844
8055,246.0,35.2474365234375
8056,734.0,36.26404571533203
8057,864.0,39.12199401855469
8058,756.0,43.54704666137695
8059,456.0,48.14348602294922
8060,160.0,49.75307846069336
8061,92.0,45.2418212890625
8062,32.0,35.43018341064453
8063,4.0,18.712230682373047
8064,4.0,5.987514495849609
8065,2.0,2.868684768676758
8066,0.0,1.3619365692138672
8067,0.0,0.6580486297607422
8068,0.0,0.1470470428466797
8069,0.0,-0.23677444458007812
8070,0.0,-0.058567047119140625
8071,0.0,0.28427696228027344
8072,0.0,0.5447177886962891
8073,0.0,0.7225875854492188
8074,0.0,0.5209827423095703
8075,0.0,0.4762077331542969
8076,0.0,0.4527435302734375
8077,0.0,0.3853187561035156
8078,0.0,0.053363800048828125
8079,0.0,-0.008777618408203125
8080,0.0,0.07399749755859375
8081,0.0,0.0031757354736328125
8082,0.0,0.1986541748046875
8083,0.0,0.6944007873535156
8084,0.0,0.9172496795654297
8085,0.0,0.9155731201171875
8086,0.0,0.12522506713867188
8087,0.0,-0.11586570739746094
8088,0.0,-0.16218185424804688
8089,0.0,-0.2135467529296875
8090,0.0,0.4044189453125
8091,0.0,0.8711605072021484
8092,0.0,1.0013275146484375
8093,0.0,0.14794349670410156
8094,0.0,-0.8959999084472656
8095,0.0,-1.1065902709960938
8096,0.0,-1.076467514038086
8097,0.0,-0.6718730926513672
8098,0.0,-0.7794017791748047
8099,0.0,-0.8942775726318359
8100,0.0,-0.8650112152099609
8101,0.0,-0.7272148132324219
8102,0.0,-0.6461658477783203
8103,0.0,-0.5217514038085938
8104,0.0,-0.2618904113769531
8105,0.0,0.2740364074707031
8106,0.0,0.5060672760009766
8107,0.0,0.47952842712402344
8108,0.0,0.39340782165527344
8109,0.0,0.43157005310058594
8110,0.0,0.4182090759277344
8111,0.0,0.33222198486328125
8112,0.0,0.2792339324951172
8113,0.0,0.3792743682861328
8114,0.0,0.4315986633300781
8115,0.0,0.41663169860839844
8116,0.0,0.41106224060058594
8117,0.0,0.5375118255615234
8118,0.0,0.143218994140625
8119,0.0,-0.29686546325683594
8120,0.0,-0.4983024597167969
8121,0.0,-0.454803466796875
8122,0.0,-0.26416778564453125
8123,0.0,-0.09907341003417969
8124,0.0,0.0849761962890625
8125,0.0,0.2230815887451172
8126,0.0,0.4816703796386719
8127,0.0,0.8546199798583984
8128,0.0,1.3848247528076172
8129,0.0,3.2104415893554688
8130,0.0,5.5987043380737305
8131,0.0,8.378053665161133
8132,2.0,11.659135818481445
8133,8.0,17.91800880432129
8134,16.0,27.635896682739258
8135,28.0,36.94059753417969
8136,52.0,49.053123474121094
8137,56.0,70.59477233886719
8138,40.0,95.3362808227539
8139,24.0,117.31446838378906
8140,28.0,132.24411010742188
8141,100.0,137.28765869140625
8142,130.0,136.69186401367188
8143,82.0,136.13702392578125
8144,178.0,133.80538940429688
8145,402.0,126.14852142333984
8146,674.0,126.60323333740234
8147,500.0,133.15005493164062
8148,288.0,140.58944702148438
8149,408.0,144.47280883789062
8150,724.0,144.12155151367188
8151,1076.0,137.30584716796875
8152,1052.0,122.39142608642578
8153,232.0,100.39862823486328
8154,140.0,82.94971466064453
8155,118.0,69.95325469970703
8156,102.0,58.38201904296875
8157,60.0,49.227943420410156
8158,44.0,40.941802978515625
8159,34.0,31.329856872558594
8160,30.0,17.909160614013672
8161,12.0,7.582000732421875
8162,4.0,3.5585193634033203
8163,0.0,2.0154380798339844
8164,0.0,1.438079833984375
8165,0.0,1.0816287994384766
8166,0.0,0.8767242431640625
8167,0.0,0.6689624786376953
8168,0.0,0.47600555419921875
8169,0.0,0.11316871643066406
8170,0.0,0.4348430633544922
8171,0.0,0.7769260406494141
8172,0.0,0.6200351715087891
8173,0.0,0.31229400634765625
8174,0.0,0.10917091369628906
8175,0.0,0.148101806640625
8176,0.0,0.24371719360351562
8177,0.0,0.3606090545654297
8178,0.0,0.4268684387207031
8179,0.0,0.4634742736816406
8180,0.0,0.4723548889160156
8181,0.0,0.5167179107666016
8182,0.0,0.5422153472900391
8183,0.0,0.5627174377441406
8184,0.0,0.5721969604492188
8185,0.0,0.6204280853271484
8186,0.0,0.5361232757568359
8187,0.0,0.5049629211425781
8188,0.0,0.48262977600097656
8189,0.0,-0.29943275451660156
8190,0.0,-0.8458404541015625
8191,0.0,-1.1153678894042969
8192,0.0,-1.2808418273925781
8193,0.0,-1.2785835266113281
8194,0.0,-1.2199134826660156
8195,0.0,-1.1337413787841797
8196,0.0,-1.0236492156982422
8197,0.0,-0.7924652099609375
8198,0.0,-0.6208381652832031
8199,0.0,-0.5183830261230469
8200,0.0,-0.47063446044921875
8201,0.0,-0.3629188537597656
8202,0.0,-0.44112586975097656
8203,0.0,-0.5407505035400391
8204,0.0,-0.6244564056396484
8205,0.0,-0.5497817993164062
8206,0.0,-0.5183677673339844
8207,0.0,-0.5120429992675781
8208,0.0,-0.5219192504882812
8209,0.0,-0.42893218994140625
8210,0.0,-0.4585704803466797
8211,0.0,-0.5405406951904297
8212,0.0,-0.6290569305419922
8213,0.0,-0.6317024230957031
8214,0.0,-0.7224578857421875
8215,0.0,-0.9203090667724609
8216,0.0,-1.1103687286376953
8217,0.0,-1.1603336334228516
8218,0.0,-1.3736534118652344
8219,0.0,-1.269918441772461
8220,0.0,-0.8322410583496094
8221,0.0,-0.49598121643066406
8222,0.0,-0.08970260620117188
8223,0.0,0.3581409454345703
8224,0.0,0.9503669738769531
8225,0.0,1.8719367980957031
8226,0.0,3.3298263549804688
8227,0.0,5.454782485961914
8228,4.0,8.442933082580566
8229,8.0,14.201658248901367
8230,18.0,24.37744903564453
8231,30.0,41.802757263183594
8232,44.0,60.431148529052734
8233,74.0,74.82049560546875
8234,78.0,89.30017852783203
8235,88.0,105.78945922851562
8236,86.0,121.69717407226562
8237,94.0,127.92281341552734
8238,108.0,126.27792358398438
8239,124.0,115.70308685302734
8240,112.0,98.56947326660156
8241,120.0,89.05695343017578
8242,136.0,74.76513671875
8243,148.0,59.815521240234375
8244,128.0,48.828643798828125
8245,112.0,42.115386962890625
8246,108.0,38.58896255493164
8247,124.0,35.39656066894531
8248,132.0,33.574440002441406
8249,140.0,33.304656982421875
8250,160.0,32.100852966308594
8251,152.0,29.615991592407227
8252,112.0,27.744138717651367
8253,56.0,23.354534149169922
8254,24.0,13.473191261291504
8255,6.0,3.99796199798584
8256,2.0,1.0950088500976562
8257,0.0,0.3032855987548828
8258,0.0,0.11842155456542969
8259,0.0,0.07208442687988281
8260,0.0,0.09311103820800781
8261,0.0,0.14508056640625
8262,0.0,0.17095375061035156
8263,0.0,0.22109603881835938
8264,0.0,0.24292373657226562
8265,0.0,0.2984733581542969
8266,0.0,0.3209362030029297
8267,0.0,0.3784198760986328
8268,0.0,0.4233379364013672
8269,0.0,0.5317001342773438
8270,0.0,0.6710109710693359
8271,0.0,0.7965278625488281
8272,0.0,0.8981456756591797
8273,0.0,0.9957160949707031
8274,0.0,1.0402355194091797
8275,0.0,1.1296882629394531
8276,0.0,1.18524169921875
8277,0.0,1.2206974029541016
8278,0.0,1.2313995361328125
8279,0.0,1.2910995483398438
8280,0.0,1.3225212097167969
8281,0.0,1.319253921508789
8282,0.0,1.2435417175292969
8283,0.0,1.2614421844482422
8284,0.0,1.2424736022949219
8285,0.0,0.4254169464111328
8286,0.0,0.1749420166015625
8287,0.0,0.20532989501953125
8288,0.0,0.2413311004638672
8289,0.0,0.45462608337402344
8290,0.0,0.40682220458984375
8291,0.0,0.3847522735595703
8292,0.0,0.3826122283935547
8293,0.0,0.5692672729492188
8294,0.0,-0.20111465454101562
8295,0.0,-0.5794239044189453
8296,0.0,-0.3406524658203125
8297,0.0,-0.13928794860839844
8298,0.0,-0.0059356689453125
8299,0.0,0.1313037872314453
8300,0.0,0.29387855529785156
8301,0.0,0.7267436981201172
8302,0.0,0.9264163970947266
8303,0.0,0.9581718444824219
8304,0.0,0.8730926513671875
8305,0.0,0.9373226165771484
8306,0.0,0.8544483184814453
8307,0.0,0.6408424377441406
8308,0.0,0.42486000061035156
8309,0.0,0.40441131591796875
8310,0.0,0.5049495697021484
8311,0.0,0.5449314117431641
8312,0.0,0.5609512329101562
8313,0.0,0.6324081420898438
8314,0.0,0.57318115234375
8315,0.0,0.3724365234375
8316,0.0,0.11782646179199219
8317,0.0,-0.04434967041015625
8318,0.0,0.5231609344482422
8319,0.0,1.9790897369384766
8320,0.0,4.989197731018066
8321,0.0,10.629674911499023
8322,4.0,20.33470916748047
8323,12.0,33.645599365234375
8324,40.0,47.78057098388672
8325,64.0,62.635223388671875
8326,92.0,80.7691879272461
8327,118.0,110.98902130126953
8328,142.0,165.12704467773438
8329,198.0,223.18032836914062
8330,332.0,301.65576171875
8331,602.0,393.0030212402344
8332,870.0,511.88031005859375
8333,766.0,634.48876953125
8334,1044.0,734.32080078125
8335,1072.0,812.4238891601562
8336,1080.0,900.5032958984375
8337,1116.0,961.0311279296875
8338,1152.0,989.1060180664062
8339,1164.0,995.5859375
8340,1164.0,995.1699829101562
8341,1200.0,973.8954467773438
8342,1104.0,942.9656982421875
8343,960.0,866.8558959960938
8344,670.0,766.0316772460938
8345,810.0,653.859619140625
8346,996.0,459.43707275390625
8347,424.0,290.59100341796875
8348,398.0,219.17068481445312
8349,216.0,165.33282470703125
8350,86.0,118.50922393798828
8351,68.0,86.20858001708984
8352,32.0,60.925540924072266
8353,14.0,24.12841033935547
8354,2.0,4.227330207824707
8355,0.0,1.302267074584961
8356,0.0,0.7662582397460938
8357,0.0,1.21795654296875
8358,0.0,1.3900184631347656
8359,0.0,1.4878253936767578
8360,0.0,1.3739166259765625
8361,0.0,1.309255599975586
8362,0.0,1.244354248046875
8363,0.0,1.1537551879882812
8364,0.0,1.1233901977539062
8365,0.0,1.1683082580566406
8366,0.0,1.3855323791503906
8367,0.0,1.568643569946289
8368,0.0,1.7812271118164062
8369,0.0,2.0011425018310547
8370,0.0,1.8141822814941406
8371,0.0,1.6410541534423828
8372,0.0,1.2980632781982422
8373,0.0,0.9122962951660156
8374,0.0,0.9547328948974609
8375,0.0,1.0861186981201172
8376,0.0,1.2688217163085938
8377,0.0,1.3768997192382812
8378,0.0,1.2968711853027344
8379,0.0,1.296875
8380,0.0,1.2640304565429688
8381,0.0,1.045166015625
8382,0.0,0.8866863250732422
8383,0.0,1.0863151550292969
8384,0.0,1.0559921264648438
8385,0.0,1.1479988098144531
8386,0.0,1.0922298431396484
8387,0.0,1.074991226196289
8388,0.0,1.0294017791748047
8389,0.0,1.0511722564697266
8390,0.0,0.8725509643554688
8391,0.0,0.7518234252929688
8392,0.0,0.6091747283935547
8393,0.0,0.4747600555419922
8394,0.0,0.9002056121826172
8395,0.0,1.15533447265625
8396,0.0,1.3642520904541016
8397,0.0,1.524637222290039
8398,0.0,1.447967529296875
8399,0.0,1.5114879608154297
8400,0.0,1.5349540710449219
8401,0.0,1.670328140258789
8402,0.0,1.6186809539794922
8403,0.0,1.575347900390625
8404,0.0,1.2334308624267578
8405,0.0,0.791656494140625
8406,0.0,0.6301441192626953
8407,0.0,0.18331146240234375
8408,0.0,0.1603984832763672
8409,0.0,0.14054298400878906
8410,0.0,0.0076580047607421875
8411,0.0,-0.09291458129882812
8412,0.0,-0.23249053955078125
8413,0.0,-0.09820365905761719
8414,0.0,0.8584671020507812
8415,0.0,3.064326286315918
8416,0.0,7.396806716918945
8417,0.0,17.219757080078125
8418,2.0,35.76961135864258
8419,6.0,64.36201477050781
8420,10.0,106.56512451171875
8421,42.0,159.7083740234375
8422,64.0,223.26751708984375
8423,100.0,297.7733459472656
8424,140.0,387.3954162597656
8425,154.0,464.70013427734375
8426,154.0,503.4973449707031
8427,168.0,525.4727783203125
8428,140.0,533.9322509765625
8429,120.0,519.4776000976562
8430,124.0,513.743896484375
8431,140.0,513.0744018554688
8432,140.0,505.0055847167969
8433,148.0,485.73529052734375
8434,172.0,431.6593933105469
8435,192.0,359.0045166015625
8436,224.0,275.7258605957031
8437,210.0,233.732421875
8438,204.0,212.16970825195312
8439,442.0,202.99676513671875
8440,920.0,198.92465209960938
8441,996.0,192.23736572265625
8442,384.0,185.69390869140625
8443,128.0,176.45428466796875
8444,96.0,160.38778686523438
8445,70.0,135.017822265625
8446,38.0,104.14908599853516
8447,26.0,77.69769287109375
8448,18.0,54.180885314941406
8449,8.0,36.545806884765625
8450,2.0,20.61063003540039
8451,0.0,4.078710556030273
8452,0.0,0.1510295867919922
8453,0.0,-0.3036022186279297
8454,0.0,-0.3466987609863281
8455,0.0,-0.27393341064453125
8456,0.0,-0.2381916046142578
8457,0.0,-0.103546142578125
8458,0.0,-0.15947532653808594
8459,0.0,-0.46823883056640625
8460,0.0,-0.8200702667236328
8461,0.0,-1.0830974578857422
8462,0.0,-1.5046424865722656
8463,0.0,-1.3516254425048828
8464,0.0,-1.1567497253417969
8465,0.0,-0.9131526947021484
8466,0.0,-0.8200302124023438
8467,0.0,-0.8511161804199219
8468,0.0,-0.8766555786132812
8469,0.0,-0.7852725982666016
8470,0.0,-0.7905330657958984
8471,0.0,-0.6367721557617188
8472,0.0,-0.45891571044921875
8473,0.0,-0.2890892028808594
8474,0.0,-0.24323654174804688
8475,0.0,-0.13198089599609375
8476,0.0,-0.06686019897460938
8477,0.0,-0.9483013153076172
8478,0.0,-1.886362075805664
8479,0.0,-1.98504638671875
8480,0.0,-1.5957107543945312
8481,0.0,-0.9665431976318359
8482,0.0,-0.8147239685058594
8483,0.0,-0.8506679534912109
8484,0.0,-0.9252967834472656
8485,0.0,-0.9416751861572266
8486,0.0,-0.9526863098144531
8487,0.0,-0.9545669555664062
8488,0.0,-0.9171123504638672
8489,0.0,-0.8889064788818359
8490,0.0,-0.9382190704345703
8491,0.0,-0.9879074096679688
8492,0.0,-0.9889640808105469
8493,0.0,-0.9998226165771484
8494,0.0,-0.9702243804931641
8495,0.0,-0.9075565338134766
8496,0.0,-0.8742713928222656
8497,0.0,-0.9197826385498047
8498,0.0,-0.9389209747314453
8499,0.0,-0.8800201416015625
8500,0.0,-0.7910270690917969
8501,0.0,-0.6388568878173828
8502,0.0,-0.8398723602294922
8503,0.0,-1.147674560546875
8504,0.0,-1.431610107421875
8505,0.0,-1.6261024475097656
8506,0.0,-1.736959457397461
8507,0.0,-1.7466812133789062
8508,0.0,-1.7345752716064453
8509,0.0,-1.7687091827392578
8510,0.0,-1.6542377471923828
8511,0.0,-1.3003292083740234
8512,0.0,-0.7971820831298828
8513,0.0,0.215576171875
8514,0.0,1.8124542236328125
8515,0.0,4.412263870239258
8516,6.0,7.685839653015137
8517,6.0,13.145785331726074
8518,26.0,17.28861427307129
8519,40.0,19.37858009338379
8520,40.0,19.881000518798828
8521,56.0,21.25171661376953
8522,64.0,22.883455276489258
8523,88.0,24.22842025756836
8524,94.0,25.551158905029297
8525,74.0,27.197162628173828
8526,96.0,28.57990074157715
8527,120.0,30.077810287475586
8528,338.0,32.483070373535156
8529,350.0,36.18300247192383
8530,156.0,37.349281311035156
8531,104.0,36.54631805419922
8532,104.0,34.98723220825195
8533,112.0,32.5120849609375
8534,76.0,31.788299560546875
8535,60.0,30.480228424072266
8536,48.0,27.17547035217285
8537,44.0,24.391401290893555
8538,48.0,23.805063247680664
8539,76.0,23.76865577697754
8540,56.0,22.804988861083984
8541,36.0,18.93475914001465
8542,8.0,10.009472846984863
8543,4.0,3.319931983947754
8544,0.0,1.1116275787353516
8545,0.0,0.45311546325683594
8546,0.0,0.16275787353515625
8547,0.0,0.08980751037597656
8548,0.0,0.06186103820800781
8549,0.0,0.09402275085449219
8550,0.0,0.7299251556396484
8551,0.0,1.148345947265625
8552,0.0,1.3775501251220703
8553,0.0,1.494192123413086
8554,0.0,1.1550426483154297
8555,0.0,1.1212329864501953
8556,0.0,1.0863418579101562
8557,0.0,1.0487422943115234
8558,0.0,0.5452995300292969
8559,0.0,0.4029121398925781
8560,0.0,0.33387184143066406
8561,0.0,0.38507080078125
8562,0.0,0.8124504089355469
8563,0.0,1.0415363311767578
8564,0.0,1.1490287780761719
8565,0.0,1.1668052673339844
8566,0.0,1.1553688049316406
8567,0.0,1.1824989318847656
8568,0.0,1.1967849731445312
8569,0.0,1.1742630004882812
8570,0.0,1.1548099517822266
8571,0.0,1.1762866973876953
8572,0.0,1.1865882873535156
8573,0.0,0.8470344543457031
8574,0.0,0.21090316772460938
8575,0.0,0.10696220397949219
8576,0.0,-0.0689239501953125
8577,0.0,-0.03899955749511719
8578,0.0,-0.11707496643066406
8579,0.0,-0.11137771606445312
8580,0.0,-0.08866310119628906
8581,0.0,0.043121337890625
8582,0.0,-0.020105361938476562
8583,0.0,-0.7246055603027344
8584,0.0,-0.4091510772705078
8585,0.0,-0.45972633361816406
8586,0.0,-0.4902381896972656
8587,0.0,-0.48761558532714844
8588,0.0,-0.4689216613769531
8589,0.0,-0.4668006896972656
8590,0.0,-0.46076393127441406
8591,0.0,-0.4513130187988281
8592,0.0,-0.4477386474609375
8593,0.0,-0.4948539733886719
8594,0.0,-0.5606880187988281
8595,0.0,-0.6439266204833984
8596,0.0,-0.7412490844726562
8597,0.0,-0.9545879364013672
8598,0.0,-1.1965579986572266
8599,0.0,-1.4155025482177734
8600,0.0,-1.587850570678711
8601,0.0,-1.7911949157714844
8602,0.0,-2.0108814239501953
8603,0.0,-2.200155258178711
8604,0.0,-2.33526611328125
8605,0.0,-2.4893665313720703
8606,0.0,-2.331022262573242
8607,0.0,-1.8505363464355469
8608,0.0,-1.1347007751464844
8609,0.0,0.18896865844726562
8610,0.0,1.831655502319336
8611,0.0,3.6559391021728516
8612,4.0,5.7020063400268555
8613,8.0,9.369780540466309
8614,22.0,13.181655883789062
8615,36.0,17.1049747467041
8616,46.0,21.034683227539062
8617,50.0,24.601228713989258
8618,54.0,26.81768035888672
8619,64.0,28.66692352294922
8620,64.0,30.980911254882812
8621,60.0,32.79749298095703
8622,56.0,34.829551696777344
8623,56.0,37.31209182739258
8624,60.0,40.406463623046875
8625,58.0,43.18254089355469
8626,50.0,48.653289794921875
8627,52.0,56.02017593383789
8628,54.0,65.214599609375
8629,54.0,75.38285827636719
8630,54.0,89.54863739013672
8631,56.0,106.34752655029297
8632,50.0,121.67945861816406
8633,40.0,110.20377349853516
8634,40.0,80.66648864746094
8635,36.0,54.97504806518555
8636,24.0,36.71821594238281
8637,20.0,9.282437324523926
8638,10.0,-2.079549789428711
8639,2.0,-3.390901565551758
8640,4.0,-3.6963348388671875
8641,0.0,-3.428070068359375
8642,0.0,-3.3099098205566406
8643,0.0,-3.2186126708984375
8644,0.0,-3.165376663208008
8645,0.0,-2.813875198364258
8646,0.0,-2.650909423828125
8647,0.0,-2.471668243408203
8648,0.0,-2.2509632110595703
8649,0.0,-1.7089309692382812
8650,0.0,-1.1347160339355469
8651,0.0,-0.23417091369628906
8652,0.0,0.5495014190673828
8653,0.0,0.9757728576660156
8654,0.0,1.0777530670166016
8655,0.0,1.1024837493896484
8656,0.0,1.0924320220947266
8657,0.0,1.1486473083496094
8658,0.0,1.1246299743652344
8659,0.0,1.1077041625976562
8660,0.0,1.0832595825195312
8661,0.0,1.0999202728271484
8662,0.0,1.0865554809570312
8663,0.0,1.0815353393554688
8664,0.0,1.0732784271240234
8665,0.0,1.0777225494384766
8666,0.0,1.0701637268066406
8667,0.0,1.0722179412841797
8668,0.0,1.0717926025390625
8669,0.0,0.48821449279785156
8670,0.0,0.9999942779541016
8671,0.0,1.019002914428711
8672,0.0,0.9290695190429688
8673,0.0,0.8542385101318359
8674,0.0,0.6880378723144531
8675,0.0,0.4724273681640625
8676,0.0,0.23656845092773438
8677,0.0,0.1260356903076172
8678,0.0,0.00807952880859375
8679,0.0,-0.030702590942382812
8680,0.0,0.0835723876953125
8681,0.0,0.19905853271484375
8682,0.0,0.3376121520996094
8683,0.0,0.38474273681640625
8684,0.0,0.24235916137695312
8685,0.0,0.04264259338378906
8686,0.0,-0.23894691467285156
8687,0.0,-0.5306110382080078
8688,0.0,-0.7637405395507812
8689,0.0,-0.8863601684570312
8690,0.0,-0.9069366455078125
8691,0.0,-0.8944969177246094
8692,0.0,-0.8700809478759766
8693,0.0,-0.8426361083984375
8694,0.0,-0.8353691101074219
8695,0.0,-0.8674259185791016
8696,0.0,-0.8977508544921875
8697,0.0,-0.9703998565673828
8698,0.0,-1.1068115234375
8699,0.0,-1.3332443237304688
8700,0.0,-1.5369834899902344
8701,0.0,-1.717000961303711
8702,0.0,-1.6077499389648438
8703,0.0,-1.2029399871826172
8704,0.0,0.20035171508789062
8705,0.0,4.161381721496582
8706,0.0,15.952917098999023
8707,8.0,44.29309844970703
8708,136.0,92.92133331298828
8709,184.0,162.05050659179688
8710,328.0,243.1702880859375
8711,484.0,336.4368591308594
8712,480.0,448.5317077636719
8713,240.0,583.4739379882812
8714,184.0,763.6838989257812
8715,240.0,921.1503295898438
8716,412.0,1015.6619873046875
8717,1160.0,1058.3277587890625
8718,1320.0,1086.6943359375
8719,1276.0,1114.0648193359375
8720,772.0,1171.724609375
8721,344.0,1206.770263671875
8722,384.0,1223.5548095703125
8723,522.0,1230.3265380859375
8724,714.0,1233.4527587890625
8725,752.0,1230.0728759765625
8726,648.0,1211.3616943359375
8727,420.0,1151.66357421875
8728,324.0,1073.2928466796875
8729,234.0,995.6093139648438
8730,184.0,871.4112548828125
8731,164.0,689.288818359375
8732,134.0,479.9220275878906
8733,100.0,291.7915344238281
8734,82.0,174.46926879882812
8735,64.0,111.25982666015625
8736,42.0,56.92072677612305
8737,28.0,35.36149978637695
8738,4.0,11.46621322631836
8739,0.0,-0.47838592529296875
8740,0.0,-2.5584888458251953
8741,0.0,-2.267850875854492
8742,0.0,-2.0776138305664062
8743,0.0,-1.9025306701660156
8744,0.0,-1.5897350311279297
8745,0.0,-0.8242282867431641
8746,0.0,-0.16355514526367188
8747,0.0,0.2999897003173828
8748,0.0,0.5723056793212891
8749,0.0,0.8447055816650391
8750,0.0,0.9417686462402344
8751,0.0,0.9971351623535156
8752,0.0,1.019205093383789
8753,0.0,1.1121101379394531
8754,0.0,1.107259750366211
8755,0.0,1.1070995330810547
8756,0.0,1.0997200012207031
8757,0.0,1.1364059448242188
8758,0.0,1.117929458618164
8759,0.0,1.1118640899658203
8760,0.0,1.1007442474365234
8761,0.0,1.1005611419677734
8762,0.0,1.0990982055664062
8763,0.0,1.1154556274414062
8764,0.0,1.1206588745117188
8765,0.0,0.541839599609375
8766,0.0,0.9230442047119141
8767,0.0,0.9645748138427734
8768,0.0,0.8385791778564453
8769,0.0,0.7422008514404297
8770,0.0,0.6159610748291016
8771,0.0,0.42162132263183594
8772,0.0,0.16637229919433594
8773,0.0,-0.027704238891601562
8774,0.0,-0.2007122039794922
8775,0.0,-0.3048591613769531
8776,0.0,-0.27564048767089844
8777,0.0,-0.17657852172851562
8778,0.0,-0.0065631866455078125
8779,0.0,0.10770988464355469
8780,0.0,0.24408340454101562
8781,0.0,0.3209095001220703
8782,0.0,0.3418846130371094
8783,0.0,0.3297901153564453
8784,0.0,0.28554344177246094
8785,0.0,0.35720252990722656
8786,0.0,0.5716133117675781
8787,0.0,0.6990032196044922
8788,0.0,0.6036472320556641
8789,0.0,0.7518405914306641
8790,0.0,0.8253421783447266
8791,0.0,0.8023471832275391
8792,0.0,0.7347126007080078
8793,0.0,0.6236286163330078
8794,0.0,0.3626670837402344
8795,0.0,0.011157989501953125
8796,0.0,-0.3258247375488281
8797,0.0,-0.6249027252197266
8798,0.0,-0.3612937927246094
8799,0.0,0.8200225830078125
8800,0.0,4.014092445373535
8801,0.0,12.284907341003418
8802,8.0,30.11680793762207
8803,96.0,56.71589279174805
8804,172.0,84.20038604736328
8805,260.0,108.3013687133789
8806,348.0,130.81692504882812
8807,448.0,152.94912719726562
8808,556.0,178.99447631835938
8809,658.0,218.59527587890625
8810,752.0,281.7222595214844
8811,830.0,375.9324645996094
8812,892.0,515.8650512695312
8813,952.0,659.4002685546875
8814,1002.0,755.2350463867188
8815,1042.0,826.1744384765625
8816,1066.0,873.4671630859375
8817,1090.0,901.4817504882812
8818,1108.0,965.3746948242188
8819,1124.0,1060.11962890625
8820,1142.0,1129.29345703125
8821,1146.0,1160.0496826171875
8822,1086.0,1159.9281005859375
8823,1018.0,1121.050048828125
8824,956.0,1037.21923828125
8825,924.0,945.2542724609375
8826,896.0,781.4464111328125
8827,880.0,516.8749389648438
8828,564.0,282.45208740234375
8829,604.0,172.39816284179688
8830,336.0,123.2931900024414
8831,64.0,80.55440521240234
8832,26.0,45.75531768798828
8833,16.0,17.06591796875
8834,2.0,2.5264358520507812
8835,0.0,-0.16889381408691406
8836,0.0,-0.4790000915527344
8837,0.0,0.02913665771484375
8838,0.0,0.3387489318847656
8839,0.0,0.5149402618408203
8840,0.0,0.6146335601806641
8841,0.0,0.8586540222167969
8842,0.0,0.9217033386230469
8843,0.0,0.9348869323730469
8844,0.0,0.9246330261230469
8845,0.0,0.9995460510253906
8846,0.0,0.9935894012451172
8847,0.0,0.9907798767089844
8848,0.0,0.9820060729980469
8849,0.0,1.0139122009277344
8850,0.0,1.0146636962890625
8851,0.0,1.0116539001464844
8852,0.0,1.0106468200683594
8853,0.0,1.0070724487304688
8854,0.0,0.9930934906005859
8855,0.0,0.9931659698486328
8856,0.0,0.9984817504882812
8857,0.0,0.9632530212402344
8858,0.0,0.9512920379638672
8859,0.0,0.9577960968017578
8860,0.0,0.9706535339355469
8861,0.0,0.060710906982421875
8862,0.0,0.2128314971923828
8863,0.0,0.19121551513671875
8864,0.0,0.15920639038085938
8865,0.0,0.1822490692138672
8866,0.0,0.16267967224121094
8867,0.0,0.12074851989746094
8868,0.0,0.07347679138183594
8869,0.0,0.0809478759765625
8870,0.0,0.07052421569824219
8871,0.0,0.06572341918945312
8872,0.0,0.06900596618652344
8873,0.0,0.12801170349121094
8874,0.0,0.14925575256347656
8875,0.0,0.13344955444335938
8876,0.0,0.09248924255371094
8877,0.0,0.10910415649414062
8878,0.0,0.12413597106933594
8879,0.0,0.10467910766601562
8880,0.0,0.06760978698730469
8881,0.0,0.08096694946289062
8882,0.0,0.1292724609375
8883,0.0,0.12921142578125
8884,0.0,0.10325050354003906
8885,0.0,0.12740135192871094
8886,0.0,0.18469810485839844
8887,0.0,0.16585350036621094
8888,0.0,0.10639572143554688
8889,0.0,0.12559890747070312
8890,0.0,0.060314178466796875
8891,0.0,-0.12146568298339844
8892,0.0,-0.3659095764160156
8893,0.0,-0.3986339569091797
8894,0.0,-0.028745651245117188
8895,0.0,1.8723258972167969
8896,0.0,6.929398536682129
8897,0.0,19.208282470703125
8898,16.0,45.786712646484375
8899,132.0,93.53083801269531
8900,208.0,172.37051391601562
8901,268.0,280.5095520019531
8902,360.0,421.14971923828125
8903,464.0,570.5306396484375
8904,572.0,701.5590209960938
8905,676.0,801.1804809570312
8906,764.0,887.6653442382812
8907,836.0,960.1097412109375
8908,904.0,1035.391357421875
8909,964.0,1086.282470703125
8910,1014.0,1152.32421875
8911,1058.0,1194.7437744140625
8912,1096.0,1177.197509765625
8913,1118.0,1161.3739013671875
8914,1150.0,1132.7498779296875
8915,1156.0,1093.50634765625
8916,1172.0,1048.2542724609375
8917,1172.0,1009.5721435546875
8918,1108.0,959.4683837890625
8919,1038.0,891.28857421875
8920,978.0,792.5430297851562
8921,940.0,698.42578125
8922,910.0,564.24462890625
8923,924.0,437.46044921875
8924,802.0,352.9513854980469
8925,702.0,278.6676940917969
8926,402.0,197.70556640625
8927,84.0,134.2122802734375
8928,28.0,94.92682647705078
8929,22.0,61.81203842163086
8930,10.0,28.725788116455078
8931,0.0,4.290037155151367
8932,0.0,1.4982166290283203
8933,0.0,1.4221363067626953
8934,0.0,1.4404487609863281
8935,0.0,1.4323883056640625
8936,0.0,1.404703140258789
8937,0.0,1.4479236602783203
8938,0.0,1.4603748321533203
8939,0.0,1.4550495147705078
8940,0.0,1.431680679321289
8941,0.0,1.4605751037597656
8942,0.0,1.4260292053222656
8943,0.0,1.4056243896484375
8944,0.0,1.3928108215332031
8945,0.0,1.4304065704345703
8946,0.0,1.3724136352539062
8947,0.0,1.3570804595947266
8948,0.0,1.3568782806396484
8949,0.0,1.3786697387695312
8950,0.0,1.2902984619140625
8951,0.0,1.2590084075927734
8952,0.0,1.2520313262939453
8953,0.0,1.227060317993164
8954,0.0,1.1318778991699219
8955,0.0,1.0904121398925781
8956,0.0,1.0740623474121094
8957,0.0,-0.11207389831542969
8958,0.0,-0.4195137023925781
8959,0.0,-0.6320743560791016
8960,0.0,-0.7566318511962891
8961,0.0,-0.7626953125
8962,0.0,-0.8067150115966797
8963,0.0,-0.8578052520751953
8964,0.0,-0.9091815948486328
8965,0.0,-0.8833999633789062
8966,0.0,-0.9048900604248047
8967,0.0,-0.9100894927978516
8968,0.0,-0.9109516143798828
8969,0.0,-0.8288898468017578
8970,0.0,-0.8231754302978516
8971,0.0,-0.8068923950195312
8972,0.0,-0.7934360504150391
8973,0.0,-0.6883602142333984
8974,0.0,-0.6675281524658203
8975,0.0,-0.6420993804931641
8976,0.0,-0.6219100952148438
8977,0.0,-0.49106407165527344
8978,0.0,-0.4210186004638672
8979,0.0,-0.3181571960449219
8980,0.0,-0.17591285705566406
8981,0.0,0.14398574829101562
8982,0.0,0.3547382354736328
8983,0.0,0.5051841735839844
8984,0.0,0.57763671875
8985,0.0,0.7834758758544922
8986,0.0,0.8783931732177734
8987,0.0,0.8001651763916016
8988,0.0,0.6980304718017578
8989,0.0,0.6171035766601562
8990,0.0,1.2553462982177734
8991,0.0,3.523484230041504
8992,2.0,8.04085636138916
8993,6.0,16.461397171020508
8994,36.0,31.190807342529297
8995,124.0,52.828163146972656
8996,208.0,82.36808776855469
8997,264.0,122.67182159423828
8998,348.0,169.54083251953125
8999,476.0,218.31893920898438
9000,572.0,278.5974426269531
9001,684.0,354.5074768066406
9002,668.0,419.848388671875
9003,740.0,455.9545593261719
9004,812.0,469.92718505859375
9005,882.0,481.66455078125
9006,954.0,492.099853515625
9007,988.0,504.5554504394531
9008,480.0,519.6168212890625
9009,872.0,546.8933715820312
9010,716.0,571.343994140625
9011,832.0,588.2387084960938
9012,982.0,601.22412109375
9013,770.0,629.4014892578125
9014,924.0,667.5136108398438
9015,820.0,715.5623779296875
9016,940.0,766.9132080078125
9017,816.0,871.9266357421875
9018,808.0,947.4346313476562
9019,786.0,929.6510620117188
9020,688.0,750.5250244140625
9021,494.0,446.5594177246094
9022,116.0,243.5042724609375
9023,84.0,154.50457763671875
9024,56.0,92.28561401367188
9025,34.0,53.613887786865234
9026,10.0,21.586030960083008
9027,4.0,1.0995349884033203
9028,0.0,-0.15626144409179688
9029,0.0,0.49868011474609375
9030,0.0,0.8320732116699219
9031,0.0,1.00750732421875
9032,0.0,1.0644569396972656
9033,0.0,1.2951831817626953
9034,0.0,1.3548908233642578
9035,0.0,1.4354610443115234
9036,0.0,1.4759674072265625
9037,0.0,1.6452980041503906
9038,0.0,1.6304759979248047
9039,0.0,1.6528873443603516
9040,0.0,1.6541004180908203
9041,0.0,1.7276496887207031
9042,0.0,1.6740055084228516
9043,0.0,1.6679973602294922
9044,0.0,1.6465091705322266
9045,0.0,1.622549057006836
9046,0.0,1.5028038024902344
9047,0.0,1.434286117553711
9048,0.0,1.3098945617675781
9049,0.0,1.0928306579589844
9050,0.0,0.8166255950927734
9051,0.0,0.5757827758789062
9052,0.0,0.33160972595214844
9053,0.0,0.09132194519042969
9054,0.0,-0.423736572265625
9055,0.0,-0.10863113403320312
9056,0.0,-0.10864639282226562
9057,0.0,-0.018232345581054688
9058,0.0,0.00864410400390625
9059,0.0,0.030548095703125
9060,0.0,0.04053688049316406
9061,0.0,0.044891357421875
9062,0.0,0.06481361389160156
9063,0.0,0.06129264831542969
9064,0.0,0.09453392028808594
9065,0.0,0.06893157958984375
9066,0.0,0.06339645385742188
9067,0.0,0.052921295166015625
9068,0.0,0.04813575744628906
9069,0.0,0.0013637542724609375
9070,0.0,-0.0068817138671875
9071,0.0,-0.027597427368164062
9072,0.0,-0.03605461120605469
9073,0.0,-0.12918853759765625
9074,0.0,-0.17918968200683594
9075,0.0,-0.2543678283691406
9076,0.0,-0.3105792999267578
9077,0.0,-0.48772239685058594
9078,0.0,-0.4992694854736328
9079,0.0,-0.5467720031738281
9080,0.0,-0.5592594146728516
9081,0.0,-0.7257518768310547
9082,0.0,-0.9008255004882812
9083,0.0,-1.0927791595458984
9084,0.0,-1.2710533142089844
9085,0.0,-1.61474609375
9086,0.0,-1.5001163482666016
9087,0.0,-0.7510185241699219
9088,0.0,0.43902587890625
9089,0.0,2.085735321044922
9090,12.0,7.479506492614746
9091,40.0,20.819679260253906
9092,64.0,47.515586853027344
9093,80.0,86.13111877441406
9094,100.0,124.21161651611328
9095,134.0,160.0738525390625
9096,188.0,219.73721313476562
9097,244.0,357.7425842285156
9098,320.0,531.4935913085938
9099,390.0,636.8882446289062
9100,402.0,682.9476928710938
9101,442.0,700.5221557617188
9102,488.0,685.3203125
9103,512.0,647.0223999023438
9104,496.0,583.4346313476562
9105,452.0,498.34478759765625
9106,476.0,363.6565856933594
9107,388.0,294.2535095214844
9108,376.0,264.31329345703125
9109,336.0,233.63336181640625
9110,334.0,211.09613037109375
9111,370.0,198.28115844726562
9112,338.0,192.3516845703125
9113,326.0,188.05416870117188
9114,284.0,188.4105224609375
9115,232.0,187.55990600585938
9116,174.0,180.67987060546875
9117,166.0,153.0169677734375
9118,152.0,115.82359313964844
9119,122.0,84.69682312011719
9120,94.0,63.0922737121582
9121,56.0,47.686180114746094
9122,26.0,27.035381317138672
9123,4.0,3.4763383865356445
9124,0.0,-0.9815177917480469
9125,0.0,-0.16174697875976562
9126,0.0,0.31728172302246094
9127,0.0,0.48866844177246094
9128,0.0,0.5871601104736328
9129,0.0,0.8732242584228516
9130,0.0,0.9626636505126953
9131,0.0,1.0452213287353516
9132,0.0,1.0938053131103516
9133,0.0,1.2925586700439453
9134,0.0,1.3331527709960938
9135,0.0,1.389678955078125
9136,0.0,1.4217491149902344
9137,0.0,1.5322494506835938
9138,0.0,1.537881851196289
9139,0.0,1.583841323852539
9140,0.0,1.617156982421875
9141,0.0,1.6433086395263672
9142,0.0,1.617837905883789
9143,0.0,1.6380481719970703
9144,0.0,1.6517601013183594
9145,0.0,1.586019515991211
9146,0.0,1.535247802734375
9147,0.0,1.5233917236328125
9148,0.0,1.506978988647461
9149,0.0,-0.5144920349121094
9150,0.0,-0.825042724609375
9151,0.0,-0.74359130859375
9152,0.0,-0.7854423522949219
9153,0.0,-0.7644519805908203
9154,0.0,-0.7540550231933594
9155,0.0,-0.7292327880859375
9156,0.0,-0.7052364349365234
9157,0.0,-0.711181640625
9158,0.0,-0.7281227111816406
9159,0.0,-0.7401542663574219
9160,0.0,-0.7363948822021484
9161,0.0,-0.7944259643554688
9162,0.0,-0.8307819366455078
9163,0.0,-0.8825206756591797
9164,0.0,-0.9434013366699219
9165,0.0,-1.0587997436523438
9166,0.0,-0.9587039947509766
9167,0.0,-0.7108478546142578
9168,0.0,-0.5567455291748047
9169,0.0,-0.48684120178222656
9170,0.0,-0.32062339782714844
9171,0.0,-0.2880363464355469
9172,0.0,-0.269775390625
9173,0.0,-0.4300975799560547
9174,0.0,-0.4300403594970703
9175,0.0,-0.5463237762451172
9176,0.0,-0.6334476470947266
9177,0.0,-0.8849678039550781
9178,0.0,-0.8110141754150391
9179,0.0,-0.7956485748291016
9180,0.0,-0.7207221984863281
9181,0.0,-0.7847499847412109
9182,0.0,-0.14043807983398438
9183,0.0,2.3093433380126953
9184,2.0,6.431674003601074
9185,12.0,12.839107513427734
9186,56.0,23.34672737121582
9187,108.0,38.99519729614258
9188,168.0,56.56391143798828
9189,216.0,74.15493774414062
9190,324.0,97.40779876708984
9191,508.0,125.58727264404297
9192,468.0,151.03717041015625
9193,442.0,169.49896240234375
9194,574.0,189.09109497070312
9195,796.0,209.59515380859375
9196,972.0,240.17523193359375
9197,1018.0,281.7462463378906
9198,1004.0,331.0406799316406
9199,1030.0,390.888427734375
9200,1066.0,438.2360534667969
9201,1022.0,484.11956787109375
9202,874.0,517.3424682617188
9203,688.0,540.3099365234375
9204,728.0,521.3621215820312
9205,500.0,483.21038818359375
9206,460.0,485.1669616699219
9207,380.0,480.155029296875
9208,380.0,448.5138854980469
9209,346.0,422.712890625
9210,290.0,384.04925537109375
9211,324.0,331.202392578125
9212,352.0,273.1918029785156
9213,228.0,223.50924682617188
9214,150.0,173.85336303710938
9215,86.0,125.5431900024414
9216,56.0,85.54230499267578
9217,46.0,56.68080139160156
9218,22.0,25.221437454223633
9219,4.0,6.66104793548584
9220,0.0,0.8129024505615234
9221,0.0,0.14887237548828125
9222,0.0,-0.11636734008789062
9223,0.0,-0.3696403503417969
9224,0.0,-0.6157321929931641
9225,0.0,-0.6986846923828125
9226,0.0,-0.5763587951660156
9227,0.0,-0.4163055419921875
9228,0.0,-0.12494277954101562
9229,0.0,0.3244190216064453
9230,0.0,0.19011688232421875
9231,0.0,0.23148155212402344
9232,0.0,0.0905303955078125
9233,0.0,0.049068450927734375
9234,0.0,-0.06121063232421875
9235,0.0,-0.11307144165039062
9236,0.0,-0.11221694946289062
9237,0.0,-0.043216705322265625
9238,0.0,-0.25860595703125
9239,0.0,-0.35713768005371094
9240,0.0,-0.46547508239746094
9241,0.0,-0.5188465118408203
9242,0.0,-0.9264564514160156
9243,0.0,-1.1495494842529297
9244,0.0,-1.3564529418945312
9245,0.0,-1.4190387725830078
9246,0.0,-1.8387832641601562
9247,0.0,-1.8245372772216797
9248,0.0,-1.6848220825195312
9249,0.0,-1.3769149780273438
9250,0.0,-1.603546142578125
9251,0.0,-1.794820785522461
9252,0.0,-1.9686241149902344
9253,0.0,-2.0715885162353516
9254,0.0,-1.898855209350586
9255,0.0,-1.7990589141845703
9256,0.0,-1.7373027801513672
9257,0.0,-1.7849254608154297
9258,0.0,-1.6225318908691406
9259,0.0,-1.574258804321289
9260,0.0,-1.54620361328125
9261,0.0,-1.645822525024414
9262,0.0,-1.7950191497802734
9263,0.0,-1.8847846984863281
9264,0.0,-1.9229774475097656
9265,0.0,-2.1056766510009766
9266,0.0,-2.248495101928711
9267,0.0,-2.380758285522461
9268,0.0,-2.4875411987304688
9269,0.0,-2.867593765258789
9270,0.0,-3.1091175079345703
9271,0.0,-3.3919620513916016
9272,0.0,-3.6132164001464844
9273,0.0,-4.147375106811523
9274,0.0,-3.87115478515625
9275,0.0,-2.5205078125
9276,0.0,-0.7320842742919922
9277,0.0,2.6503210067749023
9278,0.0,6.554742813110352
9279,0.0,11.805420875549316
9280,0.0,18.03706169128418
9281,2.0,23.272842407226562
9282,10.0,25.32512092590332
9283,8.0,24.294055938720703
9284,6.0,22.700468063354492
9285,10.0,22.881103515625
9286,8.0,28.067678451538086
9287,40.0,37.31870651245117
9288,44.0,46.32801818847656
9289,42.0,54.36927795410156
9290,26.0,58.06652069091797
9291,20.0,59.88322830200195
9292,68.0,62.430137634277344
9293,44.0,63.88014602661133
9294,52.0,66.18254089355469
9295,54.0,73.48558807373047
9296,64.0,81.34132385253906
9297,60.0,82.24232482910156
9298,58.0,78.5556869506836
9299,48.0,76.51971435546875
9300,58.0,73.16445922851562
9301,58.0,59.138648986816406
9302,28.0,51.977699279785156
9303,40.0,50.177391052246094
9304,70.0,52.49435806274414
9305,76.0,54.92005157470703
9306,64.0,53.21965026855469
9307,54.0,43.569786071777344
9308,320.0,34.77692794799805
9309,136.0,29.48540496826172
9310,16.0,25.12771987915039
9311,20.0,15.494762420654297
9312,0.0,6.444423675537109
9313,0.0,3.621274948120117
9314,4.0,2.357257843017578
9315,0.0,1.6554508209228516
9316,0.0,1.256277084350586
9317,0.0,0.7580814361572266
9318,0.0,0.42826271057128906
9319,0.0,0.5687313079833984
9320,0.0,1.200765609741211
9321,0.0,1.24908447265625
9322,0.0,1.5239944458007812
9323,0.0,1.73663330078125
9324,0.0,1.7204055786132812
9325,0.0,1.6845874786376953
9326,0.0,1.666097640991211
9327,0.0,1.6952152252197266
9328,0.0,1.681295394897461
9329,0.0,1.6328449249267578
9330,0.0,1.2535400390625
9331,0.0,0.7480201721191406
9332,0.0,0.2330608367919922
9333,0.0,0.024625778198242188
9334,0.0,-0.026767730712890625
9335,0.0,-0.3532085418701172
9336,0.0,-0.5491619110107422
9337,0.0,-0.5876712799072266
9338,0.0,-0.5471935272216797
9339,0.0,-0.46869468688964844
9340,0.0,-0.3907585144042969
9341,0.0,-0.4127540588378906
9342,0.0,-1.6052532196044922
9343,0.0,-1.942586898803711
9344,0.0,-2.3784923553466797
9345,0.0,-2.394834518432617
9346,0.0,-2.1498184204101562
9347,0.0,-1.9781951904296875
9348,0.0,-1.7969608306884766
9349,0.0,-1.684865951538086
9350,0.0,-1.5324153900146484
9351,0.0,-1.4342708587646484
9352,0.0,-1.3528614044189453
9353,0.0,-1.2399978637695312
9354,0.0,-1.3645668029785156
9355,0.0,-1.2634563446044922
9356,0.0,-1.2330474853515625
9357,0.0,-1.1996288299560547
9358,0.0,-1.1154842376708984
9359,0.0,-1.1115436553955078
9360,0.0,-1.0737743377685547
9361,0.0,-1.0615596771240234
9362,0.0,-0.9090747833251953
9363,0.0,-0.6187400817871094
9364,0.0,-0.3027229309082031
9365,0.0,0.17374610900878906
9366,0.0,0.09178733825683594
9367,0.0,-0.24948883056640625
9368,0.0,-0.8850727081298828
9369,0.0,-1.558013916015625
9370,0.0,-1.6706180572509766
9371,0.0,-1.7496986389160156
9372,0.0,-1.7144699096679688
9373,0.0,-1.527914047241211
9374,0.0,-0.8964385986328125
9375,0.0,1.0212593078613281
9376,0.0,5.247751235961914
9377,0.0,15.375345230102539
9378,4.0,33.34941101074219
9379,64.0,65.99742126464844
9380,182.0,145.62762451171875
9381,266.0,317.4130859375
9382,364.0,491.2723388671875
9383,476.0,577.4616088867188
9384,584.0,616.6151733398438
9385,704.0,640.2394409179688
9386,508.0,641.6739501953125
9387,692.0,636.199951171875
9388,914.0,600.98193359375
9389,806.0,597.6757202148438
9390,360.0,657.4239501953125
9391,330.0,691.6046142578125
9392,250.0,688.1741333007812
9393,308.0,712.4801025390625
9394,478.0,731.7919311523438
9395,612.0,726.1809692382812
9396,810.0,652.7902221679688
9397,484.0,502.2630920410156
9398,364.0,408.12908935546875
9399,460.0,323.35040283203125
9400,226.0,224.19204711914062
9401,322.0,160.21884155273438
9402,226.0,158.4654541015625
9403,184.0,139.9069061279297
9404,154.0,115.95194244384766
9405,86.0,94.56060791015625
9406,130.0,75.55541229248047
9407,72.0,57.633056640625
9408,16.0,43.04133605957031
9409,4.0,29.458066940307617
9410,2.0,17.69371795654297
9411,0.0,9.170985221862793
9412,0.0,3.6351490020751953
9413,0.0,1.7933387756347656
9414,0.0,1.5503215789794922
9415,0.0,1.9414443969726562
9416,0.0,1.8042659759521484
9417,0.0,1.5058879852294922
9418,0.0,1.3582172393798828
9419,0.0,1.2266845703125
9420,0.0,1.1265983581542969
9421,0.0,0.93646240234375
9422,0.0,0.7851200103759766
9423,0.0,0.6980667114257812
9424,0.0,0.6579170227050781
9425,0.0,0.5864238739013672
9426,0.0,0.33684539794921875
9427,0.0,0.10950851440429688
9428,0.0,-0.08128166198730469
9429,0.0,-0.20302200317382812
9430,0.0,-0.062419891357421875
9431,0.0,0.05763435363769531
9432,0.0,0.15921401977539062
9433,0.0,0.2627296447753906
9434,0.0,0.05590057373046875
9435,0.0,-0.06896209716796875
9436,0.0,-0.1544628143310547
9437,0.0,-0.3823680877685547
9438,0.0,-0.4103870391845703
9439,0.0,-0.39705657958984375
9440,0.0,-0.357666015625
9441,0.0,-0.2003631591796875
9442,0.0,-0.3702850341796875
9443,0.0,-0.5447406768798828
9444,0.0,-0.7161808013916016
9445,0.0,-0.8422203063964844
9446,0.0,-0.8756885528564453
9447,0.0,-0.86102294921875
9448,0.0,-0.7837638854980469
9449,0.0,-0.7819881439208984
9450,0.0,-0.7829170227050781
9451,0.0,-0.7648334503173828
9452,0.0,-0.7743473052978516
9453,0.0,-0.85400390625
9454,0.0,-0.8506183624267578
9455,0.0,-0.7642936706542969
9456,0.0,-0.6940078735351562
9457,0.0,-0.7182273864746094
9458,0.0,-0.4222602844238281
9459,0.0,-0.2404041290283203
9460,0.0,-0.14539718627929688
9461,0.0,-0.19231796264648438
9462,0.0,-0.23274803161621094
9463,0.0,-0.18584442138671875
9464,0.0,-0.13469886779785156
9465,0.0,-0.21155166625976562
9466,0.0,-0.09226036071777344
9467,0.0,0.09698867797851562
9468,0.0,0.3039283752441406
9469,0.0,0.30371856689453125
9470,0.0,1.3069801330566406
9471,0.0,4.236079216003418
9472,0.0,8.967965126037598
9473,0.0,14.317365646362305
9474,0.0,22.149843215942383
9475,2.0,32.509735107421875
9476,2.0,45.102752685546875
9477,4.0,58.367801666259766
9478,6.0,72.56996154785156
9479,4.0,85.62371063232422
9480,4.0,95.88043975830078
9481,16.0,102.29045867919922
9482,24.0,114.29206085205078
9483,24.0,135.78228759765625
9484,44.0,152.93685913085938
9485,44.0,161.59786987304688
9486,72.0,169.47268676757812
9487,72.0,178.6112060546875
9488,78.0,188.48440551757812
9489,130.0,195.32278442382812
9490,338.0,198.9910888671875
9491,166.0,191.05615234375
9492,122.0,178.51498413085938
9493,350.0,167.0850830078125
9494,140.0,155.23480224609375
9495,60.0,146.69570922851562
9496,48.0,139.49847412109375
9497,46.0,127.1053466796875
9498,46.0,121.3230209350586
9499,44.0,120.02228546142578
9500,36.0,120.42921447753906
9501,42.0,116.09896850585938
9502,54.0,107.3005599975586
9503,34.0,86.74054718017578
9504,26.0,59.873992919921875
9505,28.0,37.06005859375
9506,8.0,14.77595329284668
9507,2.0,4.767795562744141
9508,0.0,2.2049503326416016
9509,0.0,1.2714920043945312
9510,0.0,0.9577884674072266
9511,0.0,0.8068904876708984
9512,0.0,0.7773838043212891
9513,0.0,0.7353782653808594
9514,0.0,0.6959438323974609
9515,0.0,0.6281814575195312
9516,0.0,0.5930576324462891
9517,0.0,0.5521392822265625
9518,0.0,0.24074935913085938
9519,0.0,-0.017663955688476562
9520,0.0,-0.33655357360839844
9521,0.0,-0.5325260162353516
9522,0.0,-0.5406608581542969
9523,0.0,-0.5949230194091797
9524,0.0,-0.6024875640869141
9525,0.0,-0.5534267425537109
9526,0.0,-0.5893211364746094
9527,0.0,-0.6142845153808594
9528,0.0,-0.6365699768066406
9529,0.0,-0.6349887847900391
9530,0.0,-0.6526527404785156
9531,0.0,-0.6502780914306641
9532,0.0,-0.6073398590087891
9533,0.0,-0.6835479736328125
9534,0.0,-1.100362777709961
9535,0.0,-1.250162124633789
9536,0.0,-1.3935565948486328
9537,0.0,-1.4362850189208984
9538,0.0,-1.390554428100586
9539,0.0,-1.2774162292480469
9540,0.0,-1.1053752899169922
9541,0.0,-0.8706512451171875
9542,0.0,-1.138479232788086
9543,0.0,-1.2906055450439453
9544,0.0,-1.4352188110351562
9545,0.0,-1.4765129089355469
9546,0.0,-1.1738853454589844
9547,0.0,-1.1353988647460938
9548,0.0,-1.075296401977539
9549,0.0,-1.14788818359375
9550,0.0,-0.9489326477050781
9551,0.0,-0.730438232421875
9552,0.0,-0.5528964996337891
9553,0.0,-0.4718208312988281
9554,0.0,-0.49126434326171875
9555,0.0,-0.6092033386230469
9556,0.0,-0.7312774658203125
9557,0.0,-1.1336231231689453
9558,0.0,-1.1967601776123047
9559,0.0,-1.3015785217285156
9560,0.0,-1.3927459716796875
9561,0.0,-1.7807140350341797
9562,0.0,-1.7914543151855469
9563,0.0,-1.7412643432617188
9564,0.0,-1.6624011993408203
9565,0.0,-1.799966812133789
9566,0.0,-0.022411346435546875
9567,0.0,3.9010353088378906
9568,0.0,9.561999320983887
9569,0.0,17.23606300354004
9570,0.0,22.68171501159668
9571,0.0,26.63922119140625
9572,10.0,30.711990356445312
9573,12.0,37.12898254394531
9574,44.0,47.35527038574219
9575,46.0,64.65390014648438
9576,84.0,98.05555725097656
9577,78.0,141.94046020507812
9578,82.0,193.14349365234375
9579,142.0,269.7201232910156
9580,172.0,397.5023193359375
9581,252.0,569.5647583007812
9582,220.0,700.0966186523438
9583,192.0,775.1378173828125
9584,196.0,844.6632080078125
9585,148.0,837.7883911132812
9586,196.0,641.9556274414062
9587,88.0,435.60528564453125
9588,80.0,415.27423095703125
9589,92.0,522.4913940429688
9590,104.0,525.9124145507812
9591,108.0,532.16259765625
9592,54.0,439.52386474609375
9593,34.0,332.89642333984375
9594,40.0,285.991455078125
9595,44.0,300.39599609375
9596,68.0,382.83282470703125
9597,28.0,570.5234985351562
9598,82.0,533.3175659179688
9599,196.0,352.6773986816406
9600,60.0,222.18536376953125
9601,14.0,133.46034240722656
9602,0.0,72.56321716308594
9603,0.0,28.961177825927734
9604,0.0,2.0094776153564453
9605,0.0,1.1126346588134766
9606,0.0,1.256307601928711
9607,0.0,1.3641033172607422
9608,0.0,1.323293685913086
9609,0.0,1.3142681121826172
9610,0.0,1.0721111297607422
9611,0.0,0.8691444396972656
9612,0.0,0.6420154571533203
9613,0.0,0.4270954132080078
9614,0.0,0.013378143310546875
9615,0.0,-0.3363361358642578
9616,0.0,-0.5725479125976562
9617,0.0,-0.657989501953125
9618,0.0,-0.9598903656005859
9619,0.0,-1.140768051147461
9620,0.0,-1.3174076080322266
9621,0.0,-1.4118728637695312
9622,0.0,-1.4669742584228516
9623,0.0,-1.5250892639160156
9624,0.0,-1.5408554077148438
9625,0.0,-1.4597854614257812
9626,0.0,-1.1870651245117188
9627,0.0,-0.7382831573486328
9628,0.0,-0.2225799560546875
9629,0.0,-0.45789146423339844
9630,0.0,-1.2154350280761719
9631,0.0,-1.1567630767822266
9632,0.0,-1.1221847534179688
9633,0.0,-1.0736885070800781
9634,0.0,-0.9305858612060547
9635,0.0,-0.7937908172607422
9636,0.0,-0.6492862701416016
9637,0.0,-0.46942710876464844
9638,0.0,-0.2975635528564453
9639,0.0,-0.1814708709716797
9640,0.0,-0.10347366333007812
9641,0.0,-0.03338623046875
9642,0.0,-0.04183769226074219
9643,0.0,-0.2090587615966797
9644,0.0,-0.43805694580078125
9645,0.0,-0.619293212890625
9646,0.0,-0.8197288513183594
9647,0.0,-0.8372821807861328
9648,0.0,-0.7530403137207031
9649,0.0,-0.7064018249511719
9650,0.0,-0.4817066192626953
9651,0.0,-0.3000164031982422
9652,0.0,-0.17421913146972656
9653,0.0,-0.17354774475097656
9654,0.0,0.1299877166748047
9655,0.0,0.42020416259765625
9656,0.0,0.6454906463623047
9657,0.0,0.7277088165283203
9658,0.0,1.1141510009765625
9659,0.0,1.471456527709961
9660,0.0,1.7739181518554688
9661,0.0,2.3178443908691406
9662,0.0,3.684507369995117
9663,0.0,5.854666709899902
9664,0.0,8.159870147705078
9665,0.0,10.162147521972656
9666,0.0,12.228626251220703
9667,6.0,14.88174057006836
9668,6.0,17.70199203491211
9669,24.0,20.477418899536133
9670,24.0,26.454130172729492
9671,30.0,38.37793731689453
9672,46.0,56.61339569091797
9673,80.0,76.2757797241211
9674,100.0,95.00791931152344
9675,106.0,115.59671783447266
9676,138.0,132.66024780273438
9677,112.0,148.49481201171875
9678,100.0,158.04598999023438
9679,80.0,158.3857421875
9680,80.0,152.59197998046875
9681,56.0,148.8428955078125
9682,40.0,152.51681518554688
9683,56.0,160.00225830078125
9684,68.0,151.7242431640625
9685,60.0,137.31561279296875
9686,40.0,126.36648559570312
9687,74.0,122.80921173095703
9688,104.0,129.84194946289062
9689,70.0,139.34521484375
9690,50.0,162.48867797851562
9691,68.0,223.894287109375
9692,330.0,394.4931335449219
9693,192.0,711.6594848632812
9694,582.0,892.1240844726562
9695,188.0,816.536376953125
9696,60.0,468.20562744140625
9697,20.0,190.12777709960938
9698,18.0,88.89778900146484
9699,0.0,52.09510803222656
9700,0.0,20.01522445678711
9701,0.0,8.976649284362793
9702,0.0,0.8338241577148438
9703,0.0,-2.5221595764160156
9704,0.0,-3.201578140258789
9705,0.0,-2.6264724731445312
9706,0.0,-1.6442756652832031
9707,0.0,-0.9207267761230469
9708,0.0,-0.17031288146972656
9709,0.0,0.5467281341552734
9710,0.0,0.5839519500732422
9711,0.0,0.6142559051513672
9712,0.0,0.6444969177246094
9713,0.0,0.6312294006347656
9714,0.0,0.574554443359375
9715,0.0,0.5229244232177734
9716,0.0,0.48779869079589844
9717,0.0,0.42252349853515625
9718,0.0,0.09864616394042969
9719,0.0,-0.09669303894042969
9720,0.0,-0.21248435974121094
9721,0.0,-0.3027210235595703
9722,0.0,-0.09696578979492188
9723,0.0,0.06011009216308594
9724,0.0,0.2663097381591797
9725,0.0,0.6078701019287109
9726,0.0,0.045864105224609375
9727,0.0,-0.09741020202636719
9728,0.0,-0.3011951446533203
9729,0.0,-0.34986305236816406
9730,0.0,-0.4495372772216797
9731,0.0,-0.5244121551513672
9732,0.0,-0.6019573211669922
9733,0.0,-0.6806926727294922
9734,0.0,-0.7327060699462891
9735,0.0,-0.7587318420410156
9736,0.0,-0.8122215270996094
9737,0.0,-0.9263763427734375
9738,0.0,-0.7943496704101562
9739,0.0,-0.7627334594726562
9740,0.0,-0.7088088989257812
9741,0.0,-0.7271308898925781
9742,0.0,-0.6973476409912109
9743,0.0,-0.7215423583984375
9744,0.0,-0.7569942474365234
9745,0.0,-0.9071903228759766
9746,0.0,-0.9306144714355469
9747,0.0,-1.0395755767822266
9748,0.0,-1.1462154388427734
9749,0.0,-1.4686546325683594
9750,0.0,-1.74102783203125
9751,0.0,-1.9584178924560547
9752,0.0,-2.0750579833984375
9753,0.0,-2.4007434844970703
9754,0.0,-2.143156051635742
9755,0.0,-2.0790252685546875
9756,0.0,-1.9380359649658203
9757,0.0,-1.7283668518066406
9758,0.0,-0.20198822021484375
9759,0.0,2.851717948913574
9760,0.0,8.165997505187988
9761,0.0,15.539485931396484
9762,0.0,23.56412124633789
9763,26.0,31.07296371459961
9764,58.0,39.827545166015625
9765,44.0,52.123497009277344
9766,36.0,68.0999755859375
9767,36.0,88.2775650024414
9768,60.0,108.61587524414062
9769,40.0,119.57471466064453
9770,40.0,126.07772827148438
9771,36.0,129.37954711914062
9772,24.0,129.5312042236328
9773,26.0,122.74332427978516
9774,28.0,113.09275817871094
9775,16.0,102.80191802978516
9776,10.0,93.28952026367188
9777,36.0,80.52928161621094
9778,36.0,76.17615509033203
9779,22.0,77.95736694335938
9780,36.0,80.90701293945312
9781,42.0,81.75074768066406
9782,48.0,80.95223999023438
9783,60.0,78.33272552490234
9784,92.0,71.03736877441406
9785,76.0,63.671939849853516
9786,54.0,48.16638946533203
9787,58.0,16.766191482543945
9788,104.0,6.4721527099609375
9789,22.0,3.743344306945801
9790,54.0,2.7400217056274414
9791,28.0,2.63895320892334
9792,34.0,2.7038164138793945
9793,0.0,2.120716094970703
9794,0.0,1.4680976867675781
9795,0.0,1.022268295288086
9796,0.0,0.7996711730957031
9797,0.0,0.5711402893066406
9798,0.0,0.8465023040771484
9799,0.0,1.1123523712158203
9800,0.0,1.186746597290039
9801,0.0,1.1493797302246094
9802,0.0,0.6152439117431641
9803,0.0,1.2525749206542969
9804,0.0,1.1660270690917969
9805,0.0,0.40874481201171875
9806,0.0,0.03828239440917969
9807,0.0,-0.4899921417236328
9808,0.0,-1.0170211791992188
9809,0.0,-1.1061515808105469
9810,0.0,-1.0756511688232422
9811,0.0,-0.7834835052490234
9812,0.0,-0.3373546600341797
9813,0.0,-0.03211402893066406
9814,0.0,-0.0921783447265625
9815,0.0,-0.14322853088378906
9816,0.0,-0.2188091278076172
9817,0.0,-0.2656364440917969
9818,0.0,-0.39500999450683594
9819,0.0,-0.4752197265625
9820,0.0,-0.5236320495605469
9821,0.0,-0.7597904205322266
9822,0.0,-0.3494987487792969
9823,0.0,0.05963897705078125
9824,0.0,-0.0086822509765625
9825,0.0,-0.17581939697265625
9826,0.0,-0.4200401306152344
9827,0.0,-0.5920124053955078
9828,0.0,-0.7481060028076172
9829,0.0,-0.8562679290771484
9830,0.0,-0.9570064544677734
9831,0.0,-1.0038223266601562
9832,0.0,-1.0655326843261719
9833,0.0,-1.089263916015625
9834,0.0,-0.9921817779541016
9835,0.0,-0.9748668670654297
9836,0.0,-0.9285907745361328
9837,0.0,-0.9827518463134766
9838,0.0,-0.9487743377685547
9839,0.0,-1.0839881896972656
9840,0.0,-1.2212543487548828
9841,0.0,-1.5107650756835938
9842,0.0,-1.391632080078125
9843,0.0,-0.8322010040283203
9844,0.0,-0.6153411865234375
9845,0.0,-0.9490394592285156
9846,0.0,-0.8220272064208984
9847,0.0,-1.1195220947265625
9848,0.0,-1.171529769897461
9849,0.0,-1.4611015319824219
9850,0.0,-1.197805404663086
9851,0.0,-1.0508270263671875
9852,0.0,-0.84686279296875
9853,0.0,-0.5059757232666016
9854,0.0,0.22248458862304688
9855,0.0,2.1274375915527344
9856,0.0,6.411654472351074
9857,14.0,15.964486122131348
9858,44.0,35.358619689941406
9859,68.0,62.25177764892578
9860,60.0,88.65823364257812
9861,66.0,113.39044952392578
9862,122.0,139.95452880859375
9863,158.0,174.94329833984375
9864,88.0,226.72979736328125
9865,142.0,349.0890197753906
9866,128.0,513.23291015625
9867,154.0,527.4843139648438
9868,288.0,385.7043151855469
9869,486.0,354.863525390625
9870,444.0,383.2705383300781
9871,698.0,526.1015625
9872,404.0,458.0152282714844
9873,300.0,446.6751708984375
9874,618.0,446.4066162109375
9875,620.0,446.9252624511719
9876,340.0,436.0228576660156
9877,492.0,505.789794921875
9878,490.0,571.3665161132812
9879,492.0,616.9561157226562
9880,382.0,550.2434692382812
9881,818.0,420.79193115234375
9882,390.0,339.5965576171875
9883,152.0,299.7460021972656
9884,228.0,281.296630859375
9885,66.0,259.49468994140625
9886,48.0,186.77603149414062
9887,68.0,133.10604858398438
9888,118.0,94.96260833740234
9889,54.0,68.59014892578125
9890,26.0,49.385406494140625
9891,0.0,10.92654800415039
9892,0.0,0.7978992462158203
9893,0.0,0.18664169311523438
9894,0.0,0.36141204833984375
9895,0.0,0.6797866821289062
9896,0.0,0.9340476989746094
9897,0.0,1.054901123046875
9898,0.0,1.2511119842529297
9899,0.0,1.3755626678466797
9900,0.0,1.4415245056152344
9901,0.0,1.4035263061523438
9902,0.0,1.3636550903320312
9903,0.0,1.372528076171875
9904,0.0,1.3779735565185547
9905,0.0,1.3454914093017578
9906,0.0,1.4325103759765625
9907,0.0,0.7591438293457031
9908,0.0,0.21449851989746094
9909,0.0,0.1291522979736328
9910,0.0,0.12911415100097656
9911,0.0,0.016109466552734375
9912,0.0,0.08363151550292969
9913,0.0,0.1568756103515625
9914,0.0,0.27783203125
9915,0.0,0.4163856506347656
9916,0.0,0.5537509918212891
9917,0.0,0.6011333465576172
9918,0.0,-0.02681732177734375
9919,0.0,-0.2238445281982422
9920,0.0,-0.7098426818847656
9921,0.0,-0.9802913665771484
9922,0.0,-0.930755615234375
9923,0.0,-0.914093017578125
9924,0.0,-0.7687835693359375
9925,0.0,-0.6013813018798828
9926,0.0,-0.7513084411621094
9927,0.0,-0.8191719055175781
9928,0.0,-1.1223716735839844
9929,0.0,-1.3672103881835938
9930,0.0,-1.4401893615722656
9931,0.0,-1.5354347229003906
9932,0.0,-1.5441226959228516
9933,0.0,-1.6022453308105469
9934,0.0,-1.39849853515625
9935,0.0,-1.3999881744384766
9936,0.0,-1.366708755493164
9937,0.0,-1.3857383728027344
9938,0.0,-1.4268684387207031
9939,0.0,-1.2476425170898438
9940,0.0,-1.1128349304199219
9941,0.0,-1.1541461944580078
9942,0.0,-1.0212574005126953
9943,0.0,-1.1311016082763672
9944,0.0,-1.24481201171875
9945,0.0,-1.63006591796875
9946,0.0,-1.6074180603027344
9947,0.0,-1.7130718231201172
9948,0.0,-1.6877918243408203
9949,0.0,-1.5307483673095703
9950,0.0,-0.1518077850341797
9951,0.0,2.707118034362793
9952,0.0,8.381319999694824
9953,0.0,18.530860900878906
9954,8.0,34.182003021240234
9955,20.0,57.145103454589844
9956,62.0,90.95248413085938
9957,118.0,138.88229370117188
9958,152.0,187.25955200195312
9959,150.0,221.7960205078125
9960,226.0,238.51193237304688
9961,588.0,252.26766967773438
9962,748.0,296.5455627441406
9963,814.0,362.1062927246094
9964,386.0,443.0623779296875
9965,646.0,499.62115478515625
9966,954.0,540.1649780273438
9967,732.0,571.6776733398438
9968,600.0,598.7882690429688
9969,420.0,617.87109375
9970,336.0,629.9876098632812
9971,416.0,618.9860229492188
9972,674.0,561.1078491210938
9973,570.0,457.08648681640625
9974,792.0,311.7762451171875
9975,1206.0,206.86099243164062
9976,1178.0,174.26904296875
9977,996.0,164.90093994140625
9978,898.0,161.75732421875
9979,560.0,160.92349243164062
9980,282.0,159.43020629882812
9981,138.0,152.18179321289062
9982,106.0,136.7607879638672
9983,96.0,112.65408325195312
9984,68.0,87.82451629638672
9985,38.0,63.93276596069336
9986,12.0,42.72989273071289
9987,2.0,17.951725006103516
9988,0.0,2.3082447052001953
9989,0.0,-0.2797698974609375
9990,0.0,-0.5762386322021484
9991,0.0,-0.2851905822753906
9992,0.0,-0.04526710510253906
9993,0.0,0.1951274871826172
9994,0.0,0.12345314025878906
9995,0.0,0.04710578918457031
9996,0.0,-0.08595085144042969
9997,0.0,-0.15286636352539062
9998,0.0,-0.3189811706542969
9999,0.0,-0.46230316162109375
10000,0.0,-0.6077327728271484
10001,0.0,-0.6299915313720703
10002,0.0,-0.6398468017578125
10003,0.0,-0.6426181793212891
10004,0.0,-0.5979423522949219
10005,0.0,-0.4861164093017578
10006,0.0,-0.43406105041503906
10007,0.0,-0.24856948852539062
10008,0.0,0.07777023315429688
10009,0.0,0.5236873626708984
10010,0.0,0.7240486145019531
10011,0.0,0.8858146667480469
10012,0.0,0.9510631561279297
10013,0.0,0.8840808868408203
10014,0.0,0.9825935363769531
10015,0.0,0.8678855895996094
10016,0.0,0.6101322174072266
10017,0.0,0.47835731506347656
10018,0.0,0.4715118408203125
10019,0.0,0.44173240661621094
10020,0.0,0.1771869659423828
10021,0.0,-0.12343978881835938
10022,0.0,-0.24670982360839844
10023,0.0,-0.25425148010253906
10024,0.0,-0.137664794921875
10025,0.0,0.07529830932617188
10026,0.0,0.23140525817871094
10027,0.0,0.3477630615234375
10028,0.0,0.49028968811035156
10029,0.0,0.7577648162841797
10030,0.0,0.5684680938720703
10031,0.0,0.5298652648925781
10032,0.0,0.5104961395263672
10033,0.0,0.6772003173828125
10034,0.0,0.7754383087158203
10035,0.0,0.7799091339111328
10036,0.0,0.7173538208007812
10037,0.0,0.7243099212646484
10038,0.0,0.6349334716796875
10039,0.0,0.46703529357910156
10040,0.0,0.2939739227294922
10041,0.0,0.10349273681640625
10042,0.0,0.013467788696289062
10043,0.0,0.017335891723632812
10044,0.0,0.3720130920410156
10045,0.0,1.3515663146972656
10046,0.0,2.949892044067383
10047,0.0,5.029566764831543
10048,0.0,7.73138427734375
10049,0.0,12.508707046508789
10050,2.0,18.7607479095459
10051,8.0,26.330591201782227
10052,22.0,34.650306701660156
10053,40.0,45.02846908569336
10054,48.0,51.84831619262695
10055,54.0,53.73332977294922
10056,78.0,50.8253288269043
10057,76.0,45.9152717590332
10058,92.0,40.38941192626953
10059,90.0,36.47466278076172
10060,94.0,35.30424499511719
10061,120.0,35.82269287109375
10062,132.0,37.31013870239258
10063,160.0,39.465972900390625
10064,200.0,42.671485900878906
10065,222.0,47.264007568359375
10066,242.0,52.14889144897461
10067,264.0,57.51422882080078
10068,200.0,62.79339599609375
10069,158.0,64.54287719726562
10070,138.0,65.163330078125
10071,120.0,64.22540283203125
10072,104.0,61.5921630859375
10073,80.0,52.62119674682617
10074,70.0,42.66941833496094
10075,58.0,33.0963249206543
10076,44.0,26.507526397705078
10077,46.0,20.894329071044922
10078,34.0,11.99673080444336
10079,24.0,2.794719696044922
10080,14.0,-0.38288307189941406
10081,2.0,-1.0946235656738281
10082,2.0,-1.2103309631347656
10083,0.0,-1.1091670989990234
10084,0.0,-0.9850578308105469
10085,0.0,-0.6074542999267578
10086,0.0,-0.3706550598144531
10087,0.0,-0.15108299255371094
10088,0.0,-0.008703231811523438
10089,0.0,0.2711029052734375
10090,0.0,0.5274620056152344
10091,0.0,0.7187309265136719
10092,0.0,0.8522014617919922
10093,0.0,1.0352783203125
10094,0.0,1.141244888305664
10095,0.0,1.2080955505371094
10096,0.0,1.2392158508300781
10097,0.0,1.3216686248779297
10098,0.0,1.2432880401611328
10099,0.0,1.2314090728759766
10100,0.0,1.2296085357666016
10101,0.0,1.2389755249023438
10102,0.0,1.2175464630126953
10103,0.0,1.2267189025878906
10104,0.0,1.2307472229003906
10105,0.0,1.194234848022461
10106,0.0,1.2285747528076172
10107,0.0,1.2491931915283203
10108,0.0,1.2695045471191406
10109,0.0,0.5802040100097656
10110,0.0,0.18567848205566406
10111,0.0,0.17298316955566406
10112,0.0,0.01744842529296875
10113,0.0,-0.025846481323242188
10114,0.0,-0.13797760009765625
10115,0.0,-0.17623329162597656
10116,0.0,-0.17518234252929688
10117,0.0,-0.10073471069335938
10118,0.0,-0.05446052551269531
10119,0.0,-0.0279083251953125
10120,0.0,0.03544425964355469
10121,0.0,0.11297225952148438
10122,0.0,0.1980571746826172
10123,0.0,0.26758384704589844
10124,0.0,0.3433685302734375
10125,0.0,0.5107936859130859
10126,0.0,0.7564430236816406
10127,0.0,0.9793415069580078
10128,0.0,1.0958633422851562
10129,0.0,1.2334575653076172
10130,0.0,1.3144607543945312
10131,0.0,1.3665122985839844
10132,0.0,1.3850688934326172
10133,0.0,1.495208740234375
10134,0.0,1.5992279052734375
10135,0.0,1.7012977600097656
10136,0.0,1.8149127960205078
10137,0.0,2.038393020629883
10138,0.0,2.071065902709961
10139,0.0,1.9986572265625
10140,0.0,2.3817520141601562
10141,0.0,3.6753768920898438
10142,0.0,5.674775123596191
10143,0.0,7.8916730880737305
10144,0.0,10.101414680480957
10145,0.0,13.574170112609863
10146,2.0,16.56326675415039
10147,6.0,19.159486770629883
10148,30.0,21.451080322265625
10149,48.0,25.129804611206055
10150,60.0,27.2860107421875
10151,72.0,28.393299102783203
10152,94.0,29.078521728515625
10153,110.0,30.003002166748047
10154,128.0,32.147098541259766
10155,152.0,36.469627380371094
10156,198.0,44.93096923828125
10157,238.0,63.09733200073242
10158,358.0,81.82781219482422
10159,306.0,98.06350708007812
10160,238.0,111.07611846923828
10161,290.0,120.574951171875
10162,246.0,126.63160705566406
10163,218.0,130.2417755126953
10164,230.0,133.66297912597656
10165,214.0,136.58148193359375
10166,374.0,138.3861846923828
10167,1138.0,139.1055908203125
10168,1020.0,138.9198760986328
10169,1084.0,132.90902709960938
10170,1084.0,117.68882751464844
10171,1024.0,95.90829467773438
10172,484.0,77.75038146972656
10173,550.0,62.475921630859375
10174,216.0,48.84141540527344
10175,184.0,36.26607131958008
10176,90.0,14.980742454528809
10177,60.0,2.9511680603027344
10178,52.0,0.9967308044433594
10179,40.0,0.5785713195800781
10180,6.0,0.42850303649902344
10181,0.0,0.5360794067382812
10182,0.0,0.4579811096191406
10183,0.0,0.32204437255859375
10184,0.0,0.13444900512695312
10185,0.0,0.04398345947265625
10186,0.0,0.37326812744140625
10187,0.0,0.6680030822753906
10188,0.0,0.9297904968261719
10189,0.0,1.2100257873535156
10190,0.0,1.0585384368896484
10191,0.0,1.0872936248779297
10192,0.0,0.9199600219726562
10193,0.0,0.7266654968261719
10194,0.0,0.2682952880859375
10195,0.0,0.15552139282226562
10196,0.0,0.14449501037597656
10197,0.0,0.14233016967773438
10198,0.0,0.027538299560546875
10199,0.0,-0.051944732666015625
10200,0.0,-0.15518569946289062
10201,0.0,-0.3357810974121094
10202,0.0,-0.3098335266113281
10203,0.0,-0.1282367706298828
10204,0.0,0.07830429077148438
10205,0.0,-0.28116798400878906
10206,0.0,-0.6960487365722656
10207,0.0,-0.5584259033203125
10208,0.0,-0.6992607116699219
10209,0.0,-0.7491359710693359
10210,0.0,-0.8009204864501953
10211,0.0,-0.8249835968017578
10212,0.0,-0.8291606903076172
10213,0.0,-0.8402805328369141
10214,0.0,-0.5345191955566406
10215,0.0,0.056598663330078125
10216,0.0,0.6149177551269531
10217,0.0,0.6748313903808594
10218,0.0,0.3293952941894531
10219,0.0,0.26756858825683594
10220,0.0,0.17478561401367188
10221,0.0,0.12012481689453125
10222,0.0,0.09819602966308594
10223,0.0,0.051036834716796875
10224,0.0,-0.02452850341796875
10225,0.0,-0.12929153442382812
10226,0.0,-0.15852737426757812
10227,0.0,-0.22401809692382812
10228,0.0,-0.28218841552734375
10229,0.0,-0.2949047088623047
10230,0.0,-0.3195533752441406
10231,0.0,-0.3402690887451172
10232,0.0,-0.37203216552734375
10233,0.0,-0.4111289978027344
10234,0.0,-0.41814613342285156
10235,0.0,-0.5284786224365234
10236,0.0,-0.5678806304931641
10237,0.0,-0.22673416137695312
10238,0.0,1.1910839080810547
10239,0.0,5.051414489746094
10240,2.0,13.799448013305664
10241,48.0,31.248376846313477
10242,110.0,60.665950775146484
10243,146.0,106.43002319335938
10244,228.0,171.24838256835938
10245,316.0,249.23751831054688
10246,392.0,348.2269287109375
10247,500.0,472.3988952636719
10248,612.0,591.6698608398438
10249,718.0,688.8656616210938
10250,806.0,772.3536376953125
10251,904.0,816.047119140625
10252,988.0,850.242431640625
10253,944.0,893.3589477539062
10254,1076.0,925.3580932617188
10255,1124.0,948.536376953125
10256,1164.0,979.993896484375
10257,1200.0,1007.2080688476562
10258,1222.0,1017.7388305664062
10259,1246.0,1038.4775390625
10260,1216.0,1121.42333984375
10261,1202.0,1159.71826171875
10262,1210.0,1195.0159912109375
10263,1142.0,1206.61474609375
10264,1094.0,1095.99853515625
10265,1020.0,984.3555908203125
10266,1006.0,873.0924072265625
10267,994.0,691.7930297851562
10268,946.0,574.3778076171875
10269,852.0,469.3550720214844
10270,692.0,315.4999694824219
10271,352.0,183.97314453125
10272,170.0,144.05970764160156
10273,98.0,102.05420684814453
10274,34.0,50.88322448730469
10275,16.0,7.012540817260742
10276,4.0,1.1161766052246094
10277,0.0,1.0294876098632812
10278,0.0,1.0866279602050781
10279,0.0,1.1930465698242188
10280,0.0,1.2897529602050781
10281,0.0,1.5263404846191406
10282,0.0,1.569976806640625
10283,0.0,1.6136322021484375
10284,0.0,1.6296653747558594
10285,0.0,1.7509307861328125
10286,0.0,1.7435722351074219
10287,0.0,1.7654266357421875
10288,0.0,1.768117904663086
10289,0.0,1.8284931182861328
10290,0.0,1.7892189025878906
10291,0.0,1.7929000854492188
10292,0.0,1.7846622467041016
10293,0.0,1.7870025634765625
10294,0.0,1.7346210479736328
10295,0.0,1.7285785675048828
10296,0.0,1.7169437408447266
10297,0.0,1.6678733825683594
10298,0.0,1.6169319152832031
10299,0.0,1.6002254486083984
10300,0.0,1.5825691223144531
10301,0.0,0.2673454284667969
10302,0.0,0.32745933532714844
10303,0.0,0.26280975341796875
10304,0.0,0.19020462036132812
10305,0.0,0.17181015014648438
10306,0.0,0.14387130737304688
10307,0.0,0.1279144287109375
10308,0.0,0.11552238464355469
10309,0.0,0.12368392944335938
10310,0.0,0.12420082092285156
10311,0.0,0.11954307556152344
10312,0.0,0.12510299682617188
10313,0.0,0.13608169555664062
10314,0.0,0.15959739685058594
10315,0.0,0.164703369140625
10316,0.0,0.15808868408203125
10317,0.0,0.1656970977783203
10318,0.0,0.18817520141601562
10319,0.0,0.17745018005371094
10320,0.0,0.15546798706054688
10321,0.0,0.187469482421875
10322,0.0,0.2701301574707031
10323,0.0,0.28902435302734375
10324,0.0,0.24986648559570312
10325,0.0,0.1804981231689453
10326,0.0,-0.025844573974609375
10327,0.0,-0.3264751434326172
10328,0.0,-0.6478157043457031
10329,0.0,-0.8841056823730469
10330,0.0,-1.0176715850830078
10331,0.0,-1.1896915435791016
10332,0.0,-1.3565406799316406
10333,0.0,-1.1315040588378906
10334,0.0,0.36832618713378906
10335,0.0,4.5689544677734375
10336,6.0,13.796395301818848
10337,46.0,33.223915100097656
10338,116.0,66.64797973632812
10339,168.0,120.27141571044922
10340,264.0,196.70205688476562
10341,348.0,285.6329650878906
10342,440.0,395.8310241699219
10343,552.0,524.0108642578125
10344,664.0,672.59814453125
10345,772.0,820.892822265625
10346,864.0,936.1767578125
10347,936.0,1007.93408203125
10348,1008.0,1062.0770263671875
10349,1070.0,1092.25146484375
10350,1118.0,1132.518798828125
10351,1160.0,1194.0064697265625
10352,1200.0,1193.830810546875
10353,1230.0,1188.3594970703125
10354,1250.0,1176.1927490234375
10355,1270.0,1160.1163330078125
10356,1276.0,1140.5911865234375
10357,1270.0,1127.9444580078125
10358,1252.0,1104.9356689453125
10359,1204.0,1060.234130859375
10360,1168.0,995.9307861328125
10361,1096.0,947.1514892578125
10362,1060.0,902.3455200195312
10363,1062.0,854.5768432617188
10364,1030.0,797.8442993164062
10365,932.0,706.2137451171875
10366,676.0,502.4474182128906
10367,426.0,270.6292419433594
10368,326.0,153.16162109375
10369,140.0,95.63980865478516
10370,40.0,55.89873504638672
10371,26.0,17.334381103515625
10372,14.0,1.7172832489013672
10373,2.0,1.0067520141601562
10374,0.0,0.9344501495361328
10375,0.0,0.9798641204833984
10376,0.0,1.0173053741455078
10377,0.0,1.1964378356933594
10378,0.0,1.2548065185546875
10379,0.0,1.3081779479980469
10380,0.0,1.332773208618164
10381,0.0,1.4592475891113281
10382,0.0,1.4569072723388672
10383,0.0,1.4701728820800781
10384,0.0,1.4728584289550781
10385,0.0,1.5345993041992188
10386,0.0,1.497528076171875
10387,0.0,1.4875736236572266
10388,0.0,1.4696178436279297
10389,0.0,1.4582386016845703
10390,0.0,1.4264698028564453
10391,0.0,1.4214897155761719
10392,0.0,1.4031829833984375
10393,0.0,1.3452072143554688
10394,0.0,1.3150272369384766
10395,0.0,1.3040275573730469
10396,0.0,1.2933464050292969
10397,0.0,0.2843799591064453
10398,0.0,0.4983348846435547
10399,0.0,0.5197353363037109
10400,0.0,0.5171051025390625
10401,0.0,0.5536594390869141
10402,0.0,0.5474624633789062
10403,0.0,0.5334243774414062
10404,0.0,0.5200595855712891
10405,0.0,0.5693683624267578
10406,0.0,0.6079158782958984
10407,0.0,0.6406898498535156
10408,0.0,0.6820354461669922
10409,0.0,0.8051967620849609
10410,0.0,0.8954639434814453
10411,0.0,0.9358139038085938
10412,0.0,0.9476146697998047
10413,0.0,1.0746078491210938
10414,0.0,1.1158065795898438
10415,0.0,1.1019306182861328
10416,0.0,1.033975601196289
10417,0.0,1.0982189178466797
10418,0.0,1.063995361328125
10419,0.0,0.9840793609619141
10420,0.0,0.8459243774414062
10421,0.0,0.907257080078125
10422,0.0,0.9303073883056641
10423,0.0,0.846649169921875
10424,0.0,0.7114524841308594
10425,0.0,0.6880035400390625
10426,0.0,0.6232776641845703
10427,0.0,0.49752044677734375
10428,0.0,0.7335300445556641
10429,0.0,2.3937225341796875
10430,2.0,6.457612991333008
10431,0.0,14.101865768432617
10432,12.0,26.850311279296875
10433,38.0,45.31556701660156
10434,82.0,71.37179565429688
10435,168.0,122.4472427368164
10436,228.0,210.91177368164062
10437,308.0,307.9050598144531
10438,408.0,406.7720642089844
10439,524.0,524.6676025390625
10440,640.0,684.0877075195312
10441,744.0,803.7855834960938
10442,836.0,879.3222045898438
10443,926.0,932.4863891601562
10444,1002.0,953.235107421875
10445,1084.0,746.9736938476562
10446,460.0,585.3128051757812
10447,220.0,511.8321533203125
10448,260.0,438.0459899902344
10449,172.0,325.5387878417969
10450,184.0,229.03384399414062
10451,168.0,174.74765014648438
10452,186.0,153.8896484375
10453,166.0,156.90936279296875
10454,104.0,167.20184326171875
10455,84.0,165.45101928710938
10456,68.0,157.89263916015625
10457,52.0,140.63699340820312
10458,60.0,111.44087982177734
10459,64.0,76.08372497558594
10460,60.0,44.23655700683594
10461,56.0,30.84014892578125
10462,34.0,27.18234634399414
10463,30.0,22.26190757751465
10464,32.0,11.765203475952148
10465,20.0,3.7132444381713867
10466,14.0,0.7882575988769531
10467,2.0,-0.18340110778808594
10468,2.0,-0.5512294769287109
10469,0.0,-0.5766658782958984
10470,0.0,-0.5872573852539062
10471,0.0,-0.6127090454101562
10472,0.0,-0.6741256713867188
10473,0.0,-0.7508926391601562
10474,0.0,-0.7674942016601562
10475,0.0,-0.7399940490722656
10476,0.0,-0.7047348022460938
10477,0.0,-0.7452716827392578
10478,0.0,-0.8014545440673828
10479,0.0,-0.8125514984130859
10480,0.0,-0.8266506195068359
10481,0.0,-0.8240642547607422
10482,0.0,-0.6019077301025391
10483,0.0,-0.26548194885253906
10484,0.0,0.12516212463378906
10485,0.0,0.5015277862548828
10486,0.0,0.47420692443847656
10487,0.0,0.3174877166748047
10488,0.0,0.1050567626953125
10489,0.0,-0.05986213684082031
10490,0.0,-0.1715564727783203
10491,0.0,-0.05999755859375
10492,0.0,0.20826148986816406
10493,0.0,0.2172412872314453
10494,0.0,0.23363876342773438
10495,0.0,0.3071556091308594
10496,0.0,0.309539794921875
10497,0.0,0.4791545867919922
10498,0.0,0.5422306060791016
10499,0.0,0.5813026428222656
10500,0.0,0.6473484039306641
10501,0.0,0.800750732421875
10502,0.0,0.8417549133300781
10503,0.0,0.4709587097167969
10504,0.0,0.15048789978027344
10505,0.0,0.4331836700439453
10506,0.0,0.56695556640625
10507,0.0,0.6385307312011719
10508,0.0,0.658416748046875
10509,0.0,0.7556819915771484
10510,0.0,0.6916713714599609
10511,0.0,0.5653266906738281
10512,0.0,0.4091911315917969
10513,0.0,0.36406517028808594
10514,0.0,0.28575897216796875
10515,0.0,0.23413848876953125
10516,0.0,0.20320892333984375
10517,0.0,0.28553199768066406
10518,0.0,0.5590190887451172
10519,0.0,0.9193687438964844
10520,0.0,1.48236083984375
10521,0.0,2.236408233642578
10522,0.0,2.422313690185547
10523,0.0,2.5844554901123047
10524,0.0,3.077969551086426
10525,0.0,3.921693801879883
10526,0.0,4.761211395263672
10527,0.0,5.951488494873047
10528,0.0,7.680920600891113
10529,0.0,10.999408721923828
10530,4.0,14.465837478637695
10531,10.0,17.69487762451172
10532,46.0,21.364900588989258
10533,78.0,24.71338653564453
10534,78.0,26.19081687927246
10535,70.0,26.688268661499023
10536,64.0,26.604965209960938
10537,64.0,26.434118270874023
10538,52.0,26.21065330505371
10539,50.0,26.13986587524414
10540,54.0,26.290470123291016
10541,52.0,26.594093322753906
10542,68.0,27.66674041748047
10543,98.0,29.973281860351562
10544,74.0,33.906578063964844
10545,82.0,39.58313751220703
10546,86.0,44.07862091064453
10547,100.0,47.48842239379883
10548,94.0,50.03685760498047
10549,62.0,49.62178421020508
10550,68.0,48.02052307128906
10551,60.0,45.74348449707031
10552,66.0,43.348915100097656
10553,58.0,38.82727813720703
10554,56.0,35.0479621887207
10555,60.0,30.919431686401367
10556,32.0,27.146018981933594
10557,40.0,22.872005462646484
10558,20.0,20.27045440673828
10559,8.0,18.06528091430664
10560,4.0,15.144217491149902
10561,0.0,10.697916030883789
10562,0.0,6.70543098449707
10563,0.0,4.21348762512207
10564,0.0,2.8169689178466797
10565,0.0,1.6660003662109375
10566,0.0,1.2133312225341797
10567,0.0,0.7289505004882812
10568,0.0,0.31295204162597656
10569,0.0,-0.1554126739501953
10570,0.0,0.2074756622314453
10571,0.0,0.5745086669921875
10572,0.0,0.9648609161376953
10573,0.0,1.2209968566894531
10574,0.0,0.9461460113525391
10575,0.0,0.8665542602539062
10576,0.0,0.8592033386230469
10577,0.0,0.8494625091552734
10578,0.0,0.4582710266113281
10579,0.0,0.3692340850830078
10580,0.0,0.397857666015625
10581,0.0,0.3521595001220703
10582,0.0,0.3637542724609375
10583,0.0,0.2660102844238281
10584,0.0,0.05939292907714844
10585,0.0,-0.11934852600097656
10586,0.0,-0.3583393096923828
10587,0.0,-0.5772171020507812
10588,0.0,-0.7870693206787109
10589,0.0,-1.281564712524414
10590,0.0,-1.2970638275146484
10591,0.0,-1.3008079528808594
10592,0.0,-1.2842025756835938
10593,0.0,-1.1416091918945312
10594,0.0,-1.107339859008789
10595,0.0,-1.0149974822998047
10596,0.0,-0.8236427307128906
10597,0.0,-0.37709617614746094
10598,0.0,-0.29067230224609375
10599,0.0,-0.3376426696777344
10600,0.0,-0.41611289978027344
10601,0.0,-0.3913536071777344
10602,0.0,-0.4258003234863281
10603,0.0,-0.4676704406738281
10604,0.0,-0.5024089813232422
10605,0.0,-0.3958721160888672
10606,0.0,-0.37432289123535156
10607,0.0,-0.3697795867919922
10608,0.0,-0.32967567443847656
10609,0.0,-0.16604995727539062
10610,0.0,-0.08302879333496094
10611,0.0,0.14692306518554688
10612,0.0,0.7789459228515625
10613,0.0,1.5468616485595703
10614,0.0,2.0050907135009766
10615,0.0,2.3191986083984375
10616,0.0,2.2378158569335938
10617,0.0,1.4792556762695312
10618,0.0,1.0504646301269531
10619,0.0,0.7865867614746094
10620,0.0,0.7980079650878906
10621,0.0,1.4750804901123047
10622,0.0,4.07582950592041
10623,0.0,9.889880180358887
10624,4.0,20.307491302490234
10625,4.0,38.180076599121094
10626,62.0,60.665950775146484
10627,90.0,83.98916625976562
10628,122.0,105.25767517089844
10629,202.0,120.64600372314453
10630,292.0,129.8944091796875
10631,360.0,135.36062622070312
10632,358.0,139.94967651367188
10633,462.0,147.36520385742188
10634,412.0,167.36697387695312
10635,328.0,237.6724853515625
10636,520.0,386.3739013671875
10637,424.0,529.38134765625
10638,552.0,698.3350219726562
10639,536.0,877.4668579101562
10640,804.0,984.99658203125
10641,500.0,1014.798828125
10642,490.0,1051.166259765625
10643,370.0,1082.2269287109375
10644,468.0,1076.482177734375
10645,376.0,1010.6187133789062
10646,220.0,952.1708984375
10647,218.0,855.8505249023438
10648,726.0,714.0736694335938
10649,344.0,542.1685791015625
10650,182.0,376.19781494140625
10651,54.0,269.8056335449219
10652,24.0,216.21307373046875
10653,20.0,219.82534790039062
10654,10.0,189.77774047851562
10655,4.0,129.0410919189453
10656,4.0,85.72500610351562
10657,2.0,56.678401947021484
10658,0.0,36.69221496582031
10659,0.0,11.61886978149414
10660,0.0,-0.3048381805419922
10661,0.0,-1.673879623413086
10662,0.0,-1.8279590606689453
10663,0.0,-1.8461036682128906
10664,0.0,-1.8459510803222656
10665,0.0,-1.6978988647460938
10666,0.0,-1.7353687286376953
10667,0.0,-1.7335376739501953
10668,0.0,-1.7470283508300781
10669,0.0,-1.6521167755126953
10670,0.0,-1.6296558380126953
10671,0.0,-1.552591323852539
10672,0.0,-1.4672183990478516
10673,0.0,-1.3189144134521484
10674,0.0,-1.081817626953125
10675,0.0,-0.7538700103759766
10676,0.0,-0.2936115264892578
10677,0.0,0.16803741455078125
10678,0.0,0.2598991394042969
10679,0.0,0.31259727478027344
10680,0.0,0.2309246063232422
10681,0.0,0.14628219604492188
10682,0.0,0.012525558471679688
10683,0.0,0.020824432373046875
10684,0.0,0.026994705200195312
10685,0.0,-0.08593559265136719
10686,0.0,0.017333984375
10687,0.0,-0.06263160705566406
10688,0.0,-0.11184501647949219
10689,0.0,-0.028472900390625
10690,0.0,0.0041675567626953125
10691,0.0,-0.06289482116699219
10692,0.0,-0.1205596923828125
10693,0.0,-0.15776443481445312
10694,0.0,-0.4486560821533203
10695,0.0,-0.5874519348144531
10696,0.0,-0.8013362884521484
10697,0.0,-0.9508075714111328
10698,0.0,-0.9015007019042969
10699,0.0,-0.9081478118896484
10700,0.0,-0.7954597473144531
10701,0.0,-0.6963710784912109
10702,0.0,-0.3642559051513672
10703,0.0,-0.1404743194580078
10704,0.0,0.03548240661621094
10705,0.0,0.04257774353027344
10706,0.0,-0.0203399658203125
10707,0.0,-0.0062465667724609375
10708,0.0,-0.0063018798828125
10709,0.0,0.08555030822753906
10710,0.0,0.18622589111328125
10711,0.0,0.3327198028564453
10712,0.0,0.4986839294433594
10713,0.0,0.7170066833496094
10714,0.0,1.0203399658203125
10715,0.0,1.7458763122558594
10716,0.0,3.6888866424560547
10717,0.0,8.423379898071289
10718,0.0,18.591550827026367
10719,0.0,34.296470642089844
10720,8.0,54.1009521484375
10721,28.0,80.9261474609375
10722,62.0,120.24440002441406
10723,118.0,178.55673217773438
10724,188.0,261.42626953125
10725,272.0,365.3395690917969
10726,400.0,457.052001953125
10727,472.0,533.5911254882812
10728,488.0,600.9110717773438
10729,560.0,656.6658325195312
10730,736.0,799.6549682617188
10731,828.0,843.491455078125
10732,858.0,885.6128540039062
10733,778.0,933.7982788085938
10734,1084.0,980.4310302734375
10735,1128.0,1019.589599609375
10736,1044.0,1074.4407958984375
10737,1096.0,1155.51513671875
10738,1208.0,1234.9892578125
10739,1020.0,1256.3292236328125
10740,1274.0,1246.9859619140625
10741,1258.0,876.6726684570312
10742,1216.0,640.0478515625
10743,1146.0,559.7827758789062
10744,1122.0,510.0552673339844
10745,1092.0,471.82073974609375
10746,1032.0,417.59124755859375
10747,920.0,350.9823913574219
10748,860.0,261.8039245605469
10749,848.0,192.36611938476562
10750,600.0,155.48654174804688
10751,428.0,138.00489807128906
10752,286.0,118.9135971069336
10753,118.0,87.70510864257812
10754,56.0,62.27583694458008
10755,40.0,41.116180419921875
10756,20.0,11.155162811279297
10757,2.0,3.5580482482910156
10758,0.0,1.1271190643310547
10759,0.0,0.8537654876708984
10760,0.0,1.25128173828125
10761,0.0,1.6824607849121094
10762,0.0,1.5563735961914062
10763,0.0,1.573831558227539
10764,0.0,1.4822807312011719
10765,0.0,1.543539047241211
10766,0.0,1.4778308868408203
10767,0.0,1.4609966278076172
10768,0.0,1.4289093017578125
10769,0.0,1.4650535583496094
10770,0.0,1.4121780395507812
10771,0.0,1.3970298767089844
10772,0.0,1.3543548583984375
10773,0.0,1.304605484008789
10774,0.0,1.353292465209961
10775,0.0,1.4113502502441406
10776,0.0,1.4971446990966797
10777,0.0,1.5295352935791016
10778,0.0,1.5264472961425781
10779,0.0,1.5607662200927734
10780,0.0,1.574066162109375
10781,0.0,0.09850883483886719
10782,0.0,0.21759605407714844
10783,0.0,0.12845230102539062
10784,0.0,0.027492523193359375
10785,0.0,-0.02173614501953125
10786,0.0,-0.0498809814453125
10787,0.0,-0.06373786926269531
10788,0.0,-0.07105827331542969
10789,0.0,-0.07799148559570312
10790,0.0,-0.07867240905761719
10791,0.0,-0.07608604431152344
10792,0.0,-0.05663299560546875
10793,0.0,-0.0594635009765625
10794,0.0,-0.043178558349609375
10795,0.0,-0.04786872863769531
10796,0.0,-0.062374114990234375
10797,0.0,-0.095062255859375
10798,0.0,-0.10971832275390625
10799,0.0,-0.16351890563964844
10800,0.0,-0.2315807342529297
10801,0.0,-0.2891044616699219
10802,0.0,-0.2789154052734375
10803,0.0,-0.2988929748535156
10804,0.0,-0.3274383544921875
10805,0.0,-0.3272285461425781
10806,0.0,-0.2779426574707031
10807,0.0,-0.2614154815673828
10808,0.0,-0.2402210235595703
10809,0.0,-0.2113037109375
10810,0.0,-0.209869384765625
10811,0.0,-0.30664634704589844
10812,0.0,-0.2544269561767578
10813,0.0,0.4893455505371094
10814,0.0,2.828542709350586
10815,2.0,9.495429039001465
10816,8.0,23.39103889465332
10817,48.0,47.91057586669922
10818,86.0,87.48365020751953
10819,158.0,150.7188720703125
10820,230.0,239.14468383789062
10821,304.0,349.8406677246094
10822,390.0,473.8224792480469
10823,492.0,593.1528930664062
10824,588.0,743.0344848632812
10825,672.0,866.6526489257812
10826,780.0,954.9287109375
10827,852.0,1009.1298217773438
10828,884.0,1050.4166259765625
10829,948.0,1077.5010986328125
10830,1020.0,1101.70263671875
10831,1072.0,1136.2113037109375
10832,1112.0,1201.6285400390625
10833,1148.0,1204.3048095703125
10834,1172.0,1192.1553955078125
10835,1188.0,1171.4613037109375
10836,1192.0,1147.4949951171875
10837,1196.0,1126.652587890625
10838,1164.0,1095.4271240234375
10839,1092.0,1063.1387939453125
10840,1078.0,1033.3017578125
10841,1038.0,999.0111694335938
10842,970.0,938.2979125976562
10843,946.0,848.3995971679688
10844,904.0,737.9118041992188
10845,804.0,598.0517578125
10846,600.0,397.513671875
10847,400.0,227.83575439453125
10848,182.0,148.12802124023438
10849,72.0,106.13619995117188
10850,30.0,67.58831787109375
10851,18.0,36.44487762451172
10852,2.0,6.417262077331543
10853,0.0,1.5928535461425781
10854,0.0,-0.3777027130126953
10855,0.0,-1.1387519836425781
10856,0.0,-1.4788875579833984
10857,0.0,-1.2052631378173828
10858,0.0,-1.1423759460449219
10859,0.0,-1.1876583099365234
10860,0.0,-1.2486190795898438
10861,0.0,-1.1722888946533203
10862,0.0,-1.006429672241211
10863,0.0,-0.7153720855712891
10864,0.0,-0.4307060241699219
10865,0.0,-0.118011474609375
10866,0.0,-0.025869369506835938
10867,0.0,0.02392578125
10868,0.0,-0.12060546875
10869,0.0,-0.39330291748046875
10870,0.0,-0.6291561126708984
10871,0.0,-0.7092399597167969
10872,0.0,-0.8071479797363281
10873,0.0,-0.857452392578125
10874,0.0,-0.7128944396972656
10875,0.0,-0.37812042236328125
10876,0.0,0.051151275634765625
10877,0.0,-0.44169044494628906
10878,0.0,-0.6107425689697266
10879,0.0,-0.38045692443847656
10880,0.0,-0.5332527160644531
10881,0.0,-0.6011829376220703
10882,0.0,-0.7650432586669922
10883,0.0,-0.8677825927734375
10884,0.0,-0.9840965270996094
10885,0.0,-1.1094779968261719
10886,0.0,-1.2174072265625
10887,0.0,-1.3119831085205078
10888,0.0,-1.360525131225586
10889,0.0,-1.4248714447021484
10890,0.0,-1.4099807739257812
10891,0.0,-1.424407958984375
10892,0.0,-1.3825855255126953
10893,0.0,-1.3269996643066406
10894,0.0,-1.2130546569824219
10895,0.0,-1.0662250518798828
10896,0.0,-0.8524265289306641
10897,0.0,-0.6754188537597656
10898,0.0,-0.6842327117919922
10899,0.0,-0.6132736206054688
10900,0.0,-0.6278305053710938
10901,0.0,-0.7390403747558594
10902,0.0,-0.7409152984619141
10903,0.0,-0.7355175018310547
10904,0.0,-0.6437969207763672
10905,0.0,-0.6384410858154297
10906,0.0,-0.6968288421630859
10907,0.0,-0.34601402282714844
10908,0.0,0.36421775817871094
10909,0.0,1.6984901428222656
10910,0.0,3.993745803833008
10911,0.0,8.45335578918457
10912,4.0,20.041906356811523
10913,6.0,43.02248001098633
10914,14.0,73.36793518066406
10915,40.0,107.25823974609375
10916,60.0,148.34750366210938
10917,88.0,208.37649536132812
10918,124.0,293.6332092285156
10919,148.0,397.5494384765625
10920,164.0,489.2993469238281
10921,170.0,542.2717895507812
10922,176.0,576.5883178710938
10923,206.0,588.2186889648438
10924,234.0,579.0221557617188
10925,330.0,531.8663940429688
10926,572.0,483.566650390625
10927,1184.0,486.4926452636719
10928,906.0,501.7588195800781
10929,522.0,526.4788208007812
10930,520.0,566.7648315429688
10931,516.0,633.6519165039062
10932,830.0,775.194580078125
10933,906.0,947.0740966796875
10934,1032.0,993.8528442382812
10935,728.0,1029.706298828125
10936,492.0,914.005615234375
10937,532.0,813.5875244140625
10938,542.0,609.14453125
10939,410.0,585.670654296875
10940,432.0,582.2847290039062
10941,476.0,462.7513122558594
10942,214.0,274.69000244140625
10943,162.0,205.798828125
10944,142.0,193.00262451171875
10945,106.0,160.70538330078125
10946,66.0,109.90968322753906
10947,22.0,64.3265609741211
10948,2.0,34.82086181640625
10949,0.0,10.606311798095703
10950,0.0,2.7015905380249023
10951,0.0,1.1170063018798828
10952,0.0,0.7189807891845703
10953,0.0,0.3694610595703125
10954,0.0,0.44905662536621094
10955,0.0,0.5564098358154297
10956,0.0,0.6832714080810547
10957,0.0,0.8391819000244141
10958,0.0,1.2349777221679688
10959,0.0,1.5113601684570312
10960,0.0,1.670480728149414
10961,0.0,1.7908363342285156
10962,0.0,1.6862411499023438
10963,0.0,1.7541522979736328
10964,0.0,1.7980461120605469
10965,0.0,1.8451461791992188
10966,0.0,1.803628921508789
10967,0.0,1.8139533996582031
10968,0.0,1.8144359588623047
10969,0.0,1.7859687805175781
10970,0.0,1.747161865234375
10971,0.0,1.7231483459472656
10972,0.0,1.6798973083496094
10973,0.0,0.3830413818359375
10974,0.0,0.1921062469482422
10975,0.0,-0.008455276489257812
10976,0.0,-0.14104843139648438
10977,0.0,-0.17033767700195312
10978,0.0,-0.23003768920898438
10979,0.0,-0.26015663146972656
10980,0.0,-0.28643798828125
10981,0.0,-0.2616691589355469
10982,0.0,-0.24721908569335938
10983,0.0,-0.26202392578125
10984,0.0,-0.26697731018066406
10985,0.0,-0.22393417358398438
10986,0.0,-0.2030048370361328
10987,0.0,-0.19275283813476562
10988,0.0,-0.18450164794921875
10989,0.0,-0.10144424438476562
10990,0.0,-0.06702041625976562
10991,0.0,-0.071075439453125
10992,0.0,-0.09091949462890625
10993,0.0,-0.04579353332519531
10994,0.0,-0.03746223449707031
10995,0.0,-0.052032470703125
10996,0.0,-0.07214927673339844
10997,0.0,-0.01494598388671875
10998,0.0,0.027368545532226562
10999,0.0,0.021915435791015625
11000,0.0,0.018489837646484375
11001,0.0,0.09945106506347656
11002,0.0,0.1760692596435547
11003,0.0,0.43619537353515625
11004,0.0,1.471639633178711
11005,0.0,4.831239700317383
11006,0.0,10.964510917663574
11007,2.0,21.73908233642578
11008,12.0,38.86395263671875
11009,32.0,58.72040939331055
11010,104.0,82.20384216308594
11011,188.0,117.12864685058594
11012,272.0,186.221923828125
11013,340.0,310.2605285644531
11014,456.0,477.27764892578125
11015,566.0,610.51171875
11016,680.0,681.4573364257812
11017,786.0,673.2014770507812
11018,850.0,520.5647583007812
11019,970.0,468.0821838378906
11020,1062.0,564.9562377929688
11021,1082.0,592.5507202148438
11022,1160.0,603.1475219726562
11023,720.0,868.4498901367188
11024,492.0,854.3242797851562
11025,484.0,702.7906494140625
11026,432.0,561.480712890625
11027,348.0,577.6074829101562
11028,392.0,649.1602172851562
11029,876.0,702.8887329101562
11030,1284.0,713.3319702148438
11031,1418.0,682.252685546875
11032,1102.0,644.537841796875
11033,964.0,640.4378662109375
11034,1276.0,600.9025268554688
11035,1204.0,562.3271484375
11036,720.0,524.8966674804688
11037,976.0,471.3633728027344
11038,852.0,432.0370788574219
11039,376.0,401.26409912109375
11040,118.0,332.5595397949219
11041,138.0,233.650634765625
11042,88.0,148.3447265625
11043,50.0,83.196533203125
11044,14.0,51.03485870361328
11045,0.0,36.102806091308594
11046,0.0,8.08750057220459
11047,0.0,0.2503948211669922
11048,0.0,-0.5777397155761719
11049,0.0,-0.577850341796875
11050,0.0,-0.5729579925537109
11051,0.0,-0.5281276702880859
11052,0.0,-0.4836101531982422
11053,0.0,-0.4196319580078125
11054,0.0,-0.18056678771972656
11055,0.0,0.4771690368652344
11056,0.0,1.01104736328125
11057,0.0,1.1568222045898438
11058,0.0,1.2924919128417969
11059,0.0,1.2604808807373047
11060,0.0,1.0951690673828125
11061,0.0,0.9049015045166016
11062,0.0,0.9966583251953125
11063,0.0,1.0711441040039062
11064,0.0,1.1999263763427734
11065,0.0,1.235849380493164
11066,0.0,1.1895923614501953
11067,0.0,1.202646255493164
11068,0.0,1.2088813781738281
11069,0.0,0.15846633911132812
11070,0.0,-0.15387344360351562
11071,0.0,-0.2801399230957031
11072,0.0,-0.37451744079589844
11073,0.0,-0.3376903533935547
11074,0.0,-0.4227123260498047
11075,0.0,-0.3276481628417969
11076,0.0,-0.3004112243652344
11077,0.0,-0.37273216247558594
11078,0.0,-0.3369464874267578
11079,0.0,-0.4151592254638672
11080,0.0,-0.3928489685058594
11081,0.0,-0.45609092712402344
11082,0.0,-0.37552452087402344
11083,0.0,-0.38973426818847656
11084,0.0,-0.3891334533691406
11085,0.0,-0.4162712097167969
11086,0.0,-0.5614356994628906
11087,0.0,-0.5531711578369141
11088,0.0,-0.5776119232177734
11089,0.0,-0.5540084838867188
11090,0.0,-0.5377922058105469
11091,0.0,-0.5199375152587891
11092,0.0,-0.5148105621337891
11093,0.0,-0.5167236328125
11094,0.0,-0.34229087829589844
11095,0.0,-0.35486793518066406
11096,0.0,-0.33254432678222656
11097,0.0,-0.3011894226074219
11098,0.0,-0.6220645904541016
11099,0.0,-0.41293907165527344
11100,0.0,-0.195892333984375
11101,0.0,0.32099342346191406
11102,0.0,3.2010602951049805
11103,0.0,10.623242378234863
11104,4.0,26.840408325195312
11105,8.0,53.19719314575195
11106,32.0,88.05250549316406
11107,58.0,127.00314331054688
11108,86.0,163.47885131835938
11109,124.0,194.70101928710938
11110,172.0,218.54232788085938
11111,246.0,238.0101318359375
11112,294.0,243.03704833984375
11113,552.0,254.29840087890625
11114,516.0,277.1391906738281
11115,988.0,307.70306396484375
11116,974.0,319.2951965332031
11117,1054.0,308.4148254394531
11118,324.0,276.7858581542969
11119,526.0,239.08486938476562
11120,398.0,186.40194702148438
11121,352.0,145.51126098632812
11122,420.0,131.45040893554688
11123,296.0,132.8317108154297
11124,262.0,144.20468139648438
11125,366.0,168.058837890625
11126,510.0,196.86398315429688
11127,654.0,231.76504516601562
11128,744.0,282.0662841796875
11129,220.0,314.0228271484375
11130,188.0,293.7220458984375
11131,140.0,260.7322692871094
11132,66.0,215.88485717773438
11133,60.0,157.26266479492188
11134,54.0,126.50606536865234
11135,36.0,106.19689178466797
11136,24.0,91.85765075683594
11137,4.0,76.41909790039062
11138,4.0,62.6252326965332
11139,0.0,50.948368072509766
11140,0.0,30.387283325195312
11141,0.0,7.175948143005371
11142,0.0,-0.7464065551757812
11143,0.0,-1.9919548034667969
11144,0.0,-2.304323196411133
11145,0.0,-2.4595718383789062
11146,0.0,-2.616191864013672
11147,0.0,-2.628582000732422
11148,0.0,-2.620494842529297
11149,0.0,-2.4930362701416016
11150,0.0,-2.4782962799072266
11151,0.0,-2.440275192260742
11152,0.0,-2.3999557495117188
11153,0.0,-2.2573375701904297
11154,0.0,-2.269498825073242
11155,0.0,-2.2282752990722656
11156,0.0,-2.20849609375
11157,0.0,-2.120084762573242
11158,0.0,-2.1721534729003906
11159,0.0,-2.166810989379883
11160,0.0,-2.1641159057617188
11161,0.0,-2.107513427734375
11162,0.0,-2.1658763885498047
11163,0.0,-2.1661224365234375
11164,0.0,-2.166515350341797
11165,0.0,-1.2146949768066406
11166,0.0,-1.105794906616211
11167,0.0,-0.9841995239257812
11168,0.0,-0.950225830078125
11169,0.0,-0.8984394073486328
11170,0.0,-0.677764892578125
11171,0.0,-0.4701118469238281
11172,0.0,-0.2978496551513672
11173,0.0,-0.1457080841064453
11174,0.0,-0.2942066192626953
11175,0.0,-0.42789459228515625
11176,0.0,-0.5414543151855469
11177,0.0,-0.6168022155761719
11178,0.0,-0.33270835876464844
11179,0.0,-0.06077766418457031
11180,0.0,0.15944290161132812
11181,0.0,0.3442058563232422
11182,0.0,0.2098865509033203
11183,0.0,0.09576606750488281
11184,0.0,-0.05279541015625
11185,0.0,-0.2234630584716797
11186,0.0,0.07204246520996094
11187,0.0,0.30027008056640625
11188,0.0,0.4765300750732422
11189,0.0,0.6167106628417969
11190,0.0,0.5556907653808594
11191,0.0,0.5195083618164062
11192,0.0,0.4685859680175781
11193,0.0,0.4655590057373047
11194,0.0,0.4583606719970703
11195,0.0,0.5640926361083984
11196,0.0,0.9988193511962891
11197,0.0,2.2039222717285156
11198,0.0,3.591599464416504
11199,0.0,4.85091495513916
11200,0.0,6.020907402038574
11201,0.0,7.6172990798950195
11202,0.0,9.56979751586914
11203,0.0,12.195341110229492
11204,0.0,15.595331192016602
11205,4.0,19.578327178955078
11206,8.0,23.93561553955078
11207,16.0,27.718505859375
11208,18.0,30.845783233642578
11209,26.0,34.28171157836914
11210,16.0,37.39108657836914
11211,10.0,40.536216735839844
11212,12.0,43.90302276611328
11213,22.0,47.21733856201172
11214,44.0,48.58177947998047
11215,44.0,47.48902893066406
11216,62.0,44.30146026611328
11217,46.0,38.87812805175781
11218,40.0,37.540626525878906
11219,40.0,37.98247528076172
11220,50.0,39.6678581237793
11221,50.0,42.34852981567383
11222,48.0,45.04421615600586
11223,62.0,45.7299690246582
11224,56.0,44.415130615234375
11225,38.0,40.876686096191406
11226,30.0,36.84709930419922
11227,10.0,31.91131019592285
11228,4.0,26.279617309570312
11229,2.0,19.726839065551758
11230,2.0,15.812613487243652
11231,0.0,13.459317207336426
11232,0.0,11.712287902832031
11233,0.0,7.539914131164551
11234,0.0,3.902237892150879
11235,0.0,2.3988399505615234
11236,0.0,1.8248310089111328
11237,0.0,1.3467578887939453
11238,0.0,0.5385589599609375
11239,0.0,-0.18621826171875
11240,0.0,-0.8602962493896484
11241,0.0,-1.1171798706054688
11242,0.0,-0.6769390106201172
11243,0.0,-0.11604499816894531
11244,0.0,0.16087913513183594
11245,0.0,0.3133106231689453
11246,0.0,0.31262969970703125
11247,0.0,0.40581703186035156
11248,0.0,0.45139312744140625
11249,0.0,0.5154170989990234
11250,0.0,0.4221687316894531
11251,0.0,0.5022411346435547
11252,0.0,0.5044002532958984
11253,0.0,0.5531902313232422
11254,0.0,0.6411342620849609
11255,0.0,0.6938819885253906
11256,0.0,0.7519092559814453
11257,0.0,0.8103256225585938
11258,0.0,1.1553764343261719
11259,0.0,1.586355209350586
11260,0.0,1.8704395294189453
11261,0.0,1.6337890625
11262,0.0,0.32802772521972656
11263,0.0,-0.2824668884277344
11264,0.0,-0.6472625732421875
11265,0.0,-0.7842655181884766
11266,0.0,-1.0503559112548828
11267,0.0,-1.207113265991211
11268,0.0,-1.3177814483642578
11269,0.0,-1.3816051483154297
11270,0.0,-1.5874004364013672
11271,0.0,-1.6064109802246094
11272,0.0,-1.6434154510498047
11273,0.0,-1.6996688842773438
11274,0.0,-1.9113941192626953
11275,0.0,-2.024768829345703
11276,0.0,-2.1404571533203125
11277,0.0,-2.1706466674804688
11278,0.0,-1.9567928314208984
11279,0.0,-1.5497417449951172
11280,0.0,-0.9963703155517578
11281,0.0,-0.3861064910888672
11282,0.0,-0.3207855224609375
11283,0.0,-0.42168617248535156
11284,0.0,-0.5861911773681641
11285,0.0,-0.7274894714355469
11286,0.0,-0.8599624633789062
11287,0.0,-0.9502086639404297
11288,0.0,-1.0024337768554688
11289,0.0,-0.9635162353515625
11290,0.0,-0.8344917297363281
11291,0.0,-0.6497077941894531
11292,0.0,-0.2476940155029297
11293,0.0,0.6661109924316406
11294,0.0,2.031167984008789
11295,0.0,3.5211830139160156
11296,0.0,4.852128982543945
11297,0.0,6.619884490966797
11298,0.0,8.133660316467285
11299,0.0,10.52486801147461
11300,0.0,14.234441757202148
11301,0.0,19.31620979309082
11302,0.0,23.03138542175293
11303,0.0,24.4473934173584
11304,6.0,24.40390968322754
11305,6.0,24.167415618896484
11306,4.0,24.285429000854492
11307,4.0,24.43239402770996
11308,8.0,24.56143569946289
11309,8.0,24.519378662109375
11310,4.0,24.758872985839844
11311,4.0,25.429903030395508
11312,0.0,26.579788208007812
11313,4.0,28.09052848815918
11314,2.0,29.037574768066406
11315,4.0,29.659502029418945
11316,6.0,29.96204376220703
11317,0.0,28.501079559326172
11318,6.0,28.959625244140625
11319,6.0,31.37773895263672
11320,4.0,36.52833557128906
11321,4.0,45.58667755126953
11322,2.0,67.82357788085938
11323,2.0,107.3991928100586
11324,6.0,172.7056884765625
11325,6.0,252.94100952148438
11326,0.0,303.8125305175781
11327,18.0,232.64013671875
11328,50.0,140.19276428222656
11329,112.0,77.84928894042969
11330,136.0,30.286861419677734
11331,12.0,6.744668960571289
11332,8.0,1.1434326171875
11333,0.0,-0.015424728393554688
11334,0.0,-0.4728279113769531
11335,0.0,-0.5222816467285156
11336,0.0,-0.4750080108642578
11337,0.0,-0.24387168884277344
11338,0.0,-0.1181488037109375
11339,0.0,0.03602790832519531
11340,0.0,0.14913177490234375
11341,0.0,0.336761474609375
11342,0.0,0.49269676208496094
11343,0.0,0.6354961395263672
11344,0.0,0.7353668212890625
11345,0.0,0.8342971801757812
11346,0.0,0.9313812255859375
11347,0.0,1.008331298828125
11348,0.0,1.060068130493164
11349,0.0,1.0792083740234375
11350,0.0,1.0452384948730469
11351,0.0,1.0624465942382812
11352,0.0,1.0601482391357422
11353,0.0,1.0280990600585938
11354,0.0,0.9588680267333984
11355,0.0,0.9607830047607422
11356,0.0,0.9495124816894531
11357,0.0,0.30042266845703125
11358,0.0,-0.4410057067871094
11359,0.0,-0.31822776794433594
11360,0.0,-0.4805164337158203
11361,0.0,-0.4652824401855469
11362,0.0,-0.7796249389648438
11363,0.0,-0.9334392547607422
11364,0.0,-1.1038551330566406
11365,0.0,-1.1995983123779297
11366,0.0,-1.2313175201416016
11367,0.0,-1.2739582061767578
11368,0.0,-1.2527008056640625
11369,0.0,-1.2142791748046875
11370,0.0,-1.1043701171875
11371,0.0,-0.9577045440673828
11372,0.0,-0.67254638671875
11373,0.0,-0.2637615203857422
11374,0.0,-0.3916358947753906
11375,0.0,-0.6223697662353516
11376,0.0,-0.8589611053466797
11377,0.0,-1.0127944946289062
11378,0.0,-1.1130352020263672
11379,0.0,-1.18365478515625
11380,0.0,-1.2160224914550781
11381,0.0,-1.1714801788330078
11382,0.0,-1.098672866821289
11383,0.0,-1.1011066436767578
11384,0.0,-1.1345691680908203
11385,0.0,-1.1517066955566406
11386,0.0,-1.6314239501953125
11387,0.0,-1.9445037841796875
11388,0.0,-2.0434093475341797
11389,0.0,-2.0282249450683594
11390,0.0,-0.9128665924072266
11391,0.0,0.20225906372070312
11392,0.0,1.5656375885009766
11393,0.0,4.821436882019043
11394,0.0,9.724299430847168
11395,0.0,15.70572280883789
11396,6.0,20.562849044799805
11397,10.0,23.766822814941406
11398,16.0,25.400665283203125
11399,24.0,26.534744262695312
11400,28.0,27.457965850830078
11401,26.0,28.677814483642578
11402,86.0,29.394609451293945
11403,398.0,29.566268920898438
11404,378.0,29.534427642822266
11405,304.0,31.042268753051758
11406,286.0,34.26099395751953
11407,348.0,38.016876220703125
11408,410.0,41.74884033203125
11409,928.0,47.968902587890625
11410,1014.0,56.927791595458984
11411,1172.0,70.02018737792969
11412,1516.0,81.19960021972656
11413,1326.0,85.31031036376953
11414,976.0,86.53274536132812
11415,520.0,85.72105407714844
11416,1224.0,83.50940704345703
11417,848.0,78.72032165527344
11418,656.0,74.25302124023438
11419,440.0,69.18766784667969
11420,846.0,62.528602600097656
11421,854.0,52.479068756103516
11422,390.0,46.2103271484375
11423,248.0,42.537376403808594
11424,166.0,39.22941207885742
11425,80.0,33.09089660644531
11426,72.0,18.798641204833984
11427,56.0,1.6367130279541016
11428,36.0,-1.6554889678955078
11429,4.0,-2.3849525451660156
11430,0.0,-2.418558120727539
11431,0.0,-1.9735088348388672
11432,0.0,-1.3333740234375
11433,0.0,-0.7164230346679688
11434,0.0,-0.46868324279785156
11435,0.0,-0.29604148864746094
11436,0.0,-0.18140220642089844
11437,0.0,-0.06470870971679688
11438,0.0,0.055683135986328125
11439,0.0,0.16890335083007812
11440,0.0,0.21917724609375
11441,0.0,0.27092742919921875
11442,0.0,0.3238086700439453
11443,0.0,0.27194976806640625
11444,0.0,0.15031814575195312
11445,0.0,-0.06874465942382812
11446,0.0,-0.37272071838378906
11447,0.0,-0.4180278778076172
11448,0.0,-0.5295200347900391
11449,0.0,-0.5811386108398438
11450,0.0,-0.7895355224609375
11451,0.0,-0.8859691619873047
11452,0.0,-0.9838199615478516
11453,0.0,-1.0761585235595703
11454,0.0,-1.4649181365966797
11455,0.0,-1.3840656280517578
11456,0.0,-1.3750686645507812
11457,0.0,-1.2585315704345703
11458,0.0,-1.5781803131103516
11459,0.0,-1.697732925415039
11460,0.0,-1.765573501586914
11461,0.0,-1.7821884155273438
11462,0.0,-1.7336254119873047
11463,0.0,-1.7322731018066406
11464,0.0,-1.6910381317138672
11465,0.0,-1.6599788665771484
11466,0.0,-1.6748409271240234
11467,0.0,-1.6588897705078125
11468,0.0,-1.4332294464111328
11469,0.0,-1.001150131225586
11470,0.0,-0.7482070922851562
11471,0.0,-0.4804821014404297
11472,0.0,-0.2932624816894531
11473,0.0,-0.22034645080566406
11474,0.0,-0.7051486968994141
11475,0.0,-0.8689479827880859
11476,0.0,-1.0315113067626953
11477,0.0,-1.2968616485595703
11478,0.0,-1.2368736267089844
11479,0.0,-1.309774398803711
11480,0.0,-1.2637996673583984
11481,0.0,-1.3023395538330078
11482,0.0,-1.2481498718261719
11483,0.0,-1.0200729370117188
11484,0.0,-0.20403099060058594
11485,0.0,1.3095951080322266
11486,0.0,3.6321258544921875
11487,0.0,6.988368034362793
11488,6.0,12.532068252563477
11489,12.0,23.6214656829834
11490,40.0,35.428863525390625
11491,78.0,44.834983825683594
11492,124.0,50.047325134277344
11493,128.0,51.36422348022461
11494,96.0,50.750675201416016
11495,176.0,46.852394104003906
11496,176.0,40.68766784667969
11497,316.0,35.65022277832031
11498,412.0,34.380706787109375
11499,546.0,37.54596710205078
11500,546.0,58.761268615722656
11501,680.0,105.54580688476562
11502,1132.0,168.2783203125
11503,1268.0,219.98342895507812
11504,664.0,220.74185180664062
11505,1092.0,202.375244140625
11506,1308.0,192.70950317382812
11507,368.0,186.476806640625
11508,512.0,181.995361328125
11509,588.0,179.11587524414062
11510,564.0,183.15484619140625
11511,316.0,186.33151245117188
11512,208.0,177.98715209960938
11513,176.0,168.43402099609375
11514,188.0,163.15713500976562
11515,384.0,161.52432250976562
11516,200.0,160.10653686523438
11517,152.0,147.979248046875
11518,468.0,123.27339935302734
11519,330.0,95.97543334960938
11520,82.0,70.26741790771484
11521,66.0,49.005470275878906
11522,66.0,27.043548583984375
11523,64.0,4.444684982299805
11524,42.0,0.08515357971191406
11525,18.0,-0.3572216033935547
11526,0.0,-0.4498863220214844
11527,0.0,-0.36864280700683594
11528,0.0,-0.2292156219482422
11529,0.0,0.13983917236328125
11530,0.0,0.33724212646484375
11531,0.0,0.43573570251464844
11532,0.0,0.4690589904785156
11533,0.0,0.610870361328125
11534,0.0,0.7069854736328125
11535,0.0,0.8368015289306641
11536,0.0,0.9550285339355469
11537,0.0,1.143106460571289
11538,0.0,1.2218170166015625
11539,0.0,1.3425312042236328
11540,0.0,1.4474868774414062
11541,0.0,1.5706157684326172
11542,0.0,1.6254520416259766
11543,0.0,1.7211933135986328
11544,0.0,1.7993354797363281
11545,0.0,1.8440818786621094
11546,0.0,1.8421764373779297
11547,0.0,1.8777713775634766
11548,0.0,1.8851642608642578
11549,0.0,0.45563316345214844
11550,0.0,0.7836723327636719
11551,0.0,0.9109783172607422
11552,0.0,0.9580116271972656
11553,0.0,0.9417362213134766
11554,0.0,0.7407855987548828
11555,0.0,0.4107627868652344
11556,0.0,0.04257011413574219
11557,0.0,-0.2574329376220703
11558,0.0,-0.31133270263671875
11559,0.0,-0.3200263977050781
11560,0.0,-0.27599525451660156
11561,0.0,-0.23727989196777344
11562,0.0,-0.137603759765625
11563,0.0,-0.0897064208984375
11564,0.0,-0.052486419677734375
11565,0.0,-0.018304824829101562
11566,0.0,0.041385650634765625
11567,0.0,0.08131217956542969
11568,0.0,0.10602569580078125
11569,0.0,0.09424972534179688
11570,0.0,0.4165058135986328
11571,0.0,0.641754150390625
11572,0.0,0.609527587890625
11573,0.0,0.21344375610351562
11574,0.0,-0.07785797119140625
11575,0.0,-0.34552955627441406
11576,0.0,-0.5691871643066406
11577,0.0,-0.7326717376708984
11578,0.0,-0.9198799133300781
11579,0.0,-1.14013671875
11580,0.0,-0.5110092163085938
11581,0.0,1.9014339447021484
11582,0.0,7.3186750411987305
11583,8.0,17.12485122680664
11584,32.0,31.748146057128906
11585,68.0,53.88121795654297
11586,130.0,83.97084045410156
11587,200.0,122.56482696533203
11588,280.0,168.99041748046875
11589,378.0,222.7060546875
11590,488.0,283.5600891113281
11591,628.0,347.2120666503906
11592,756.0,392.3484802246094
11593,856.0,473.9904479980469
11594,944.0,616.8724365234375
11595,1024.0,779.296875
11596,1092.0,867.763916015625
11597,1152.0,888.7101440429688
11598,1212.0,882.7429809570312
11599,1268.0,867.4579467773438
11600,1312.0,865.2681884765625
11601,1332.0,887.6140747070312
11602,1380.0,920.2876586914062
11603,1384.0,954.6273803710938
11604,884.0,938.7542724609375
11605,1046.0,802.1112060546875
11606,350.0,592.8911743164062
11607,352.0,380.3499755859375
11608,284.0,196.97122192382812
11609,244.0,155.2333984375
11610,216.0,146.63894653320312
11611,188.0,145.11566162109375
11612,176.0,144.19363403320312
11613,148.0,137.54783630371094
11614,134.0,123.36449432373047
11615,110.0,85.66837310791016
11616,84.0,51.122642517089844
11617,104.0,33.89213562011719
11618,138.0,18.58527374267578
11619,122.0,3.800431251525879
11620,64.0,0.20643997192382812
11621,8.0,-0.2108325958251953
11622,0.0,-0.2594470977783203
11623,0.0,-0.1580791473388672
11624,0.0,-0.07145309448242188
11625,0.0,0.11834335327148438
11626,0.0,0.08347511291503906
11627,0.0,0.12190055847167969
11628,0.0,0.11594963073730469
11629,0.0,0.21823883056640625
11630,0.0,0.23504638671875
11631,0.0,0.2918815612792969
11632,0.0,0.3419170379638672
11633,0.0,0.4493560791015625
11634,0.0,0.5296535491943359
11635,0.0,0.6242313385009766
11636,0.0,0.6872463226318359
11637,0.0,0.7372035980224609
11638,0.0,0.7573814392089844
11639,0.0,0.8031520843505859
11640,0.0,0.8324813842773438
11641,0.0,0.8347568511962891
11642,0.0,0.8146724700927734
11643,0.0,0.8369007110595703
11644,0.0,0.8493175506591797
11645,0.0,0.13262939453125
11646,0.0,-0.33544921875
11647,0.0,-0.21306228637695312
11648,0.0,-0.2735862731933594
11649,0.0,-0.23365020751953125
11650,0.0,-0.2419872283935547
11651,0.0,-0.24234962463378906
11652,0.0,-0.23984718322753906
11653,0.0,-0.19841575622558594
11654,0.0,-0.05906486511230469
11655,0.0,0.05399894714355469
11656,0.0,0.1794891357421875
11657,0.0,0.2543773651123047
11658,0.0,0.2203540802001953
11659,0.0,0.1259784698486328
11660,0.0,-0.04329490661621094
11661,0.0,-0.2830009460449219
11662,0.0,-0.4414520263671875
11663,0.0,-0.5437850952148438
11664,0.0,-0.5564498901367188
11665,0.0,-0.5581607818603516
11666,0.0,-0.4184436798095703
11667,0.0,-0.4069023132324219
11668,0.0,-0.4130058288574219
11669,0.0,-0.5114479064941406
11670,0.0,-0.4957771301269531
11671,0.0,-0.557098388671875
11672,0.0,-0.6348648071289062
11673,0.0,-0.7773284912109375
11674,0.0,-0.9952983856201172
11675,0.0,-1.0435409545898438
11676,0.0,0.3244342803955078
11677,0.0,4.436853408813477
11678,4.0,12.446910858154297
11679,10.0,24.579347610473633
11680,32.0,40.252464294433594
11681,92.0,62.738346099853516
11682,166.0,94.0711669921875
11683,252.0,141.7374725341797
11684,348.0,208.26443481445312
11685,462.0,287.09716796875
11686,566.0,391.5442199707031
11687,678.0,509.9557189941406
11688,794.0,631.3792114257812
11689,888.0,752.8247680664062
11690,974.0,856.5775756835938
11691,1046.0,922.6183471679688
11692,1120.0,961.9473876953125
11693,1180.0,975.4497680664062
11694,1228.0,970.4786376953125
11695,1280.0,959.0838012695312
11696,1332.0,967.31689453125
11697,1372.0,959.2250366210938
11698,1396.0,928.6741333007812
11699,1428.0,890.0567016601562
11700,1444.0,857.8634033203125
11701,1452.0,837.4248657226562
11702,1458.0,808.633056640625
11703,1440.0,781.395751953125
11704,1390.0,760.036376953125
11705,1356.0,743.1199951171875
11706,1308.0,719.9642944335938
11707,1308.0,705.2005004882812
11708,1234.0,684.7431640625
11709,1154.0,610.343505859375
11710,1048.0,486.3125305175781
11711,948.0,368.550048828125
11712,602.0,308.44158935546875
11713,530.0,254.29794311523438
11714,300.0,190.93679809570312
11715,128.0,83.56419372558594
11716,20.0,10.057014465332031
11717,8.0,1.1243610382080078
11718,0.0,0.8516597747802734
11719,0.0,0.8672924041748047
11720,0.0,0.8668270111083984
11721,0.0,0.976318359375
11722,0.0,1.0038490295410156
11723,0.0,1.0383434295654297
11724,0.0,1.0945777893066406
11725,0.0,1.2587871551513672
11726,0.0,1.2879753112792969
11727,0.0,1.340707778930664
11728,0.0,1.385009765625
11729,0.0,1.4748668670654297
11730,0.0,1.5006351470947266
11731,0.0,1.5471515655517578
11732,0.0,1.5790538787841797
11733,0.0,1.6079349517822266
11734,0.0,1.6373863220214844
11735,0.0,1.6853466033935547
11736,0.0,1.7315216064453125
11737,0.0,1.7436504364013672
11738,0.0,1.753692626953125
11739,0.0,1.7864952087402344
11740,0.0,1.8147258758544922
11741,0.0,0.8835372924804688
11742,0.0,1.1797599792480469
11743,0.0,1.2173728942871094
11744,0.0,1.2010822296142578
11745,0.0,1.208730697631836
11746,0.0,1.2027435302734375
11747,0.0,1.1973495483398438
11748,0.0,1.1948738098144531
11749,0.0,1.2102699279785156
11750,0.0,1.22705078125
11751,0.0,1.2157115936279297
11752,0.0,1.2121295928955078
11753,0.0,1.1926002502441406
11754,0.0,1.155029296875
11755,0.0,1.0615463256835938
11756,0.0,0.9440326690673828
11757,0.0,0.8230361938476562
11758,0.0,0.7059574127197266
11759,0.0,0.5393123626708984
11760,0.0,0.3665657043457031
11761,0.0,0.22946548461914062
11762,0.0,0.13177108764648438
11763,0.0,0.019479751586914062
11764,0.0,-0.12164497375488281
11765,0.0,-0.2612037658691406
11766,0.0,-0.32927894592285156
11767,0.0,-0.4263172149658203
11768,0.0,-0.5352344512939453
11769,0.0,-0.5429916381835938
11770,0.0,-0.40219879150390625
11771,0.0,0.5476894378662109
11772,0.0,3.362916946411133
11773,0.0,9.519607543945312
11774,4.0,20.442001342773438
11775,6.0,35.126556396484375
11776,38.0,52.7285041809082
11777,100.0,77.82699584960938
11778,180.0,117.09060668945312
11779,266.0,180.02532958984375
11780,360.0,262.5101013183594
11781,462.0,366.6445617675781
11782,572.0,493.1437072753906
11783,692.0,621.4393310546875
11784,810.0,759.4671020507812
11785,904.0,877.4578247070312
11786,988.0,935.5099487304688
11787,1066.0,961.83251953125
11788,1140.0,964.910888671875
11789,1236.0,975.0625
11790,1300.0,1013.736083984375
11791,1354.0,1075.0892333984375
11792,1410.0,1098.7332763671875
11793,1444.0,1108.3140869140625
11794,1480.0,1102.372802734375
11795,1512.0,1086.0712890625
11796,1520.0,1065.5396728515625
11797,1518.0,1042.09716796875
11798,1522.0,1000.6537475585938
11799,1498.0,942.4288940429688
11800,1464.0,880.060791015625
11801,1414.0,831.6631469726562
11802,1364.0,767.7747802734375
11803,1364.0,695.1358032226562
11804,1282.0,629.72705078125
11805,1196.0,514.2280883789062
11806,1070.0,342.3164978027344
11807,972.0,224.45718383789062
11808,698.0,187.22177124023438
11809,602.0,152.54000854492188
11810,392.0,117.12731170654297
11811,198.0,70.56832122802734
11812,20.0,14.798873901367188
11813,8.0,2.4292049407958984
11814,2.0,1.6661605834960938
11815,0.0,1.5609474182128906
11816,0.0,1.554208755493164
11817,0.0,1.7108478546142578
11818,0.0,1.7238807678222656
11819,0.0,1.7632522583007812
11820,0.0,1.7684001922607422
11821,0.0,1.8763713836669922
11822,0.0,1.8611011505126953
11823,0.0,1.8749217987060547
11824,0.0,1.8657341003417969
11825,0.0,1.913818359375
11826,0.0,1.8544597625732422
11827,0.0,1.8336296081542969
11828,0.0,1.8010501861572266
11829,0.0,1.783203125
11830,0.0,1.7445602416992188
11831,0.0,1.7509288787841797
11832,0.0,1.7565269470214844
11833,0.0,1.7364826202392578
11834,0.0,1.6944084167480469
11835,0.0,1.6942386627197266
11836,0.0,1.6918277740478516
11837,0.0,0.7926445007324219
11838,0.0,0.8376922607421875
11839,0.0,0.7870578765869141
11840,0.0,0.7278614044189453
11841,0.0,0.7283229827880859
11842,0.0,0.7126407623291016
11843,0.0,0.7139492034912109
11844,0.0,0.7297229766845703
11845,0.0,0.7921791076660156
11846,0.0,0.8211097717285156
11847,0.0,0.8310985565185547
11848,0.0,0.8359603881835938
11849,0.0,0.8729877471923828
11850,0.0,0.8893661499023438
11851,0.0,0.8607254028320312
11852,0.0,0.8051681518554688
11853,0.0,0.7712383270263672
11854,0.0,0.7469806671142578
11855,0.0,0.6773300170898438
11856,0.0,0.5822105407714844
11857,0.0,0.585479736328125
11858,0.0,0.5481624603271484
11859,0.0,0.41986846923828125
11860,0.0,0.2513103485107422
11861,0.0,0.16732025146484375
11862,0.0,0.061885833740234375
11863,0.0,-0.10755538940429688
11864,0.0,-0.3773937225341797
11865,0.0,-0.5655574798583984
11866,0.0,-0.6271934509277344
11867,0.0,0.2894020080566406
11868,0.0,3.039571762084961
11869,0.0,8.759880065917969
11870,8.0,18.746618270874023
11871,26.0,32.596099853515625
11872,58.0,49.53328323364258
11873,120.0,73.6259536743164
11874,200.0,110.83213806152344
11875,282.0,172.13375854492188
11876,374.0,257.8531494140625
11877,472.0,366.45562744140625
11878,592.0,491.63909912109375
11879,710.0,611.4089965820312
11880,814.0,741.8588256835938
11881,900.0,855.6776733398438
11882,986.0,919.2302856445312
11883,1062.0,947.7594604492188
11884,1126.0,954.8846435546875
11885,1192.0,957.016845703125
11886,1246.0,972.8591918945312
11887,1296.0,1023.239501953125
11888,1340.0,1089.0732421875
11889,1368.0,1104.5186767578125
11890,1382.0,1096.5216064453125
11891,1394.0,1072.599609375
11892,1412.0,1038.418212890625
11893,1348.0,997.8668212890625
11894,1356.0,928.4117431640625
11895,1356.0,844.9583740234375
11896,1188.0,756.994384765625
11897,1150.0,649.032470703125
11898,1202.0,457.908203125
11899,1208.0,250.47830200195312
11900,1168.0,158.42538452148438
11901,1072.0,125.45911407470703
11902,924.0,115.48140716552734
11903,680.0,108.27903747558594
11904,462.0,98.12067413330078
11905,96.0,84.72179412841797
11906,62.0,68.82260131835938
11907,32.0,50.567283630371094
11908,8.0,13.91590690612793
11909,4.0,2.1478118896484375
11910,0.0,0.9982852935791016
11911,0.0,0.6096363067626953
11912,0.0,0.2751789093017578
11913,0.0,0.026414871215820312
11914,0.0,-0.03549385070800781
11915,0.0,-0.06505966186523438
11916,0.0,-0.08420944213867188
11917,0.0,-0.06254768371582031
11918,0.0,-0.1911029815673828
11919,0.0,-0.29772186279296875
11920,0.0,-0.40501976013183594
11921,0.0,-0.4580192565917969
11922,0.0,-0.7464199066162109
11923,0.0,-0.8925247192382812
11924,0.0,-1.1106281280517578
11925,0.0,-1.2035350799560547
11926,0.0,-1.1899280548095703
11927,0.0,-0.9373149871826172
11928,0.0,-0.5087299346923828
11929,0.0,-0.07192611694335938
11930,0.0,0.102142333984375
11931,0.0,0.22371292114257812
11932,0.0,0.3143730163574219
11933,0.0,-0.2606925964355469
11934,0.0,-0.9131507873535156
11935,0.0,-0.7338905334472656
11936,0.0,-0.6585025787353516
11937,0.0,-0.398529052734375
11938,0.0,-0.7512340545654297
11939,0.0,-0.9581966400146484
11940,0.0,-1.237112045288086
11941,0.0,-1.4029426574707031
11942,0.0,-1.4694766998291016
11943,0.0,-1.5244026184082031
11944,0.0,-1.5132999420166016
11945,0.0,-1.5156288146972656
11946,0.0,-1.4332847595214844
11947,0.0,-1.3735980987548828
11948,0.0,-1.3219490051269531
11949,0.0,-1.2682247161865234
11950,0.0,-1.1195793151855469
11951,0.0,-1.0288124084472656
11952,0.0,-0.9437637329101562
11953,0.0,-0.9139842987060547
11954,0.0,-0.6620025634765625
11955,0.0,-0.3197669982910156
11956,0.0,0.15619850158691406
11957,0.0,0.5029811859130859
11958,0.0,0.3646583557128906
11959,0.0,0.3419609069824219
11960,0.0,0.1914196014404297
11961,0.0,-0.05217933654785156
11962,0.0,0.10736274719238281
11963,0.0,0.5862979888916016
11964,0.0,1.7176475524902344
11965,0.0,3.930464744567871
11966,2.0,8.414153099060059
11967,4.0,17.02312660217285
11968,8.0,30.657644271850586
11969,20.0,47.33647918701172
11970,66.0,64.2762451171875
11971,96.0,82.69682312011719
11972,100.0,106.11820983886719
11973,100.0,137.92153930664062
11974,112.0,172.13705444335938
11975,118.0,206.64569091796875
11976,110.0,236.99221801757812
11977,164.0,256.8450012207031
11978,158.0,273.6377868652344
11979,178.0,299.7523498535156
11980,200.0,342.2920227050781
11981,172.0,386.0092468261719
11982,152.0,424.9501037597656
11983,140.0,452.383056640625
11984,168.0,473.5791320800781
11985,184.0,498.77880859375
11986,216.0,521.7124633789062
11987,268.0,545.2852783203125
11988,280.0,577.5250244140625
11989,224.0,596.4769287109375
11990,180.0,635.432861328125
11991,184.0,690.3721923828125
11992,228.0,763.845947265625
11993,212.0,845.9016723632812
11994,188.0,829.76904296875
11995,224.0,774.6119384765625
11996,504.0,684.830078125
11997,1102.0,507.648681640625
11998,870.0,301.28240966796875
11999,752.0,196.93963623046875
12000,508.0,162.71746826171875
12001,322.0,124.56659698486328
12002,270.0,98.89495086669922
12003,100.0,67.55035400390625
12004,36.0,8.162932395935059
12005,24.0,1.0673942565917969
12006,8.0,-0.3232917785644531
12007,0.0,-0.7427749633789062
12008,0.0,-0.8692779541015625
12009,0.0,-0.8046646118164062
12010,0.0,-0.6492710113525391
12011,0.0,-0.5030612945556641
12012,0.0,-0.3985576629638672
12013,0.0,-0.2601337432861328
12014,0.0,-0.16374969482421875
12015,0.0,-0.06542205810546875
12016,0.0,0.033412933349609375
12017,0.0,0.12350273132324219
12018,0.0,0.11016464233398438
12019,0.0,0.14011001586914062
12020,0.0,0.1715106964111328
12021,0.0,0.1863250732421875
12022,0.0,0.39349937438964844
12023,0.0,0.6037006378173828
12024,0.0,0.8065586090087891
12025,0.0,0.9399871826171875
12026,0.0,0.8668708801269531
12027,0.0,0.8642120361328125
12028,0.0,0.8591423034667969
12029,0.0,0.3584156036376953
12030,0.0,-0.1849079132080078
12031,0.0,-0.191131591796875
12032,0.0,-0.21847152709960938
12033,0.0,-0.0527191162109375
12034,0.0,0.11408805847167969
12035,0.0,0.2024250030517578
12036,0.0,0.2511634826660156
12037,0.0,0.3597431182861328
12038,0.0,0.4090919494628906
12039,0.0,0.38373374938964844
12040,0.0,0.337554931640625
12041,0.0,0.3081550598144531
12042,0.0,0.19394683837890625
12043,0.0,0.07632637023925781
12044,0.0,-0.061038970947265625
12045,0.0,-0.1605091094970703
12046,0.0,-0.30954933166503906
12047,0.0,-0.4376564025878906
12048,0.0,-0.5330314636230469
12049,0.0,-0.5231132507324219
12050,0.0,-0.5375347137451172
12051,0.0,-0.5626296997070312
12052,0.0,-0.6052761077880859
12053,0.0,-0.5660438537597656
12054,0.0,-0.5664386749267578
12055,0.0,-0.5672531127929688
12056,0.0,-0.5692539215087891
12057,0.0,-0.4843330383300781
12058,0.0,-0.1521625518798828
12059,0.0,0.9240989685058594
12060,0.0,4.364781379699707
12061,4.0,12.597021102905273
12062,8.0,25.658958435058594
12063,24.0,43.359825134277344
12064,46.0,62.11362838745117
12065,84.0,87.06861877441406
12066,134.0,135.52532958984375
12067,210.0,244.7071533203125
12068,326.0,426.338134765625
12069,440.0,556.1273803710938
12070,554.0,681.3901977539062
12071,666.0,775.6550903320312
12072,764.0,930.0250854492188
12073,852.0,990.2161865234375
12074,936.0,955.4321899414062
12075,1012.0,966.8015747070312
12076,1084.0,987.83203125
12077,1150.0,1030.294189453125
12078,1206.0,1089.36328125
12079,1260.0,1148.545654296875
12080,1316.0,1146.7301025390625
12081,1364.0,1167.7130126953125
12082,1216.0,1211.2908935546875
12083,1352.0,1242.4298095703125
12084,1260.0,1263.4940185546875
12085,1132.0,1269.7578125
12086,1028.0,1269.274658203125
12087,928.0,1263.3468017578125
12088,572.0,1259.139404296875
12089,1042.0,1257.5570068359375
12090,1046.0,1248.6920166015625
12091,1156.0,1197.0911865234375
12092,1020.0,1071.939453125
12093,802.0,947.1336669921875
12094,782.0,837.7174072265625
12095,668.0,723.9171142578125
12096,492.0,635.1091918945312
12097,300.0,524.352294921875
12098,136.0,301.67144775390625
12099,124.0,151.00628662109375
12100,76.0,52.278175354003906
12101,44.0,26.605304718017578
12102,16.0,10.947490692138672
12103,0.0,2.7890138626098633
12104,0.0,0.19091796875
12105,0.0,0.2665061950683594
12106,0.0,0.18474388122558594
12107,0.0,0.13654327392578125
12108,0.0,0.06467056274414062
12109,0.0,0.021547317504882812
12110,0.0,-0.00443267822265625
12111,0.0,-0.033145904541015625
12112,0.0,-0.05319023132324219
12113,0.0,-0.0448150634765625
12114,0.0,-0.052867889404296875
12115,0.0,-0.027362823486328125
12116,0.0,-0.003665924072265625
12117,0.0,0.060703277587890625
12118,0.0,-0.09459686279296875
12119,0.0,-0.19559478759765625
12120,0.0,-0.27930641174316406
12121,0.0,-0.3463401794433594
12122,0.0,-0.4637165069580078
12123,0.0,-0.5289821624755859
12124,0.0,-0.6179180145263672
12125,0.0,-0.9838790893554688
12126,0.0,-1.2832775115966797
12127,0.0,-1.285125732421875
12128,0.0,-1.3871078491210938
12129,0.0,-1.3708019256591797
12130,0.0,-1.312002182006836
12131,0.0,-1.2728500366210938
12132,0.0,-1.2407703399658203
12133,0.0,-1.202627182006836
12134,0.0,-1.154092788696289
12135,0.0,-1.1398696899414062
12136,0.0,-1.1271648406982422
12137,0.0,-1.1080303192138672
12138,0.0,-1.0281944274902344
12139,0.0,-0.9674568176269531
12140,0.0,-0.7765331268310547
12141,0.0,-0.41699790954589844
12142,0.0,-0.2645435333251953
12143,0.0,-0.11975669860839844
12144,0.0,-0.052814483642578125
12145,0.0,-0.018415451049804688
12146,0.0,0.039020538330078125
12147,0.0,0.07644081115722656
12148,0.0,0.11261367797851562
12149,0.0,0.0548248291015625
12150,0.0,-0.052639007568359375
12151,0.0,-0.1751232147216797
12152,0.0,-0.2755279541015625
12153,0.0,-0.45516395568847656
12154,0.0,-0.32241058349609375
12155,0.0,0.30817604064941406
12156,0.0,1.5667190551757812
12157,0.0,3.870516777038574
12158,4.0,8.599390983581543
12159,32.0,17.33159065246582
12160,44.0,31.36924171447754
12161,72.0,48.895042419433594
12162,48.0,65.31439208984375
12163,52.0,81.43508911132812
12164,24.0,97.44621276855469
12165,48.0,111.97051239013672
12166,46.0,123.13357543945312
12167,56.0,130.90228271484375
12168,118.0,137.3983154296875
12169,182.0,140.83865356445312
12170,196.0,143.00204467773438
12171,222.0,147.176513671875
12172,350.0,155.079833984375
12173,336.0,164.99795532226562
12174,318.0,172.18789672851562
12175,358.0,178.3316650390625
12176,124.0,193.25027465820312
12177,102.0,207.69903564453125
12178,146.0,231.83306884765625
12179,180.0,258.2818298339844
12180,110.0,296.2457275390625
12181,118.0,366.8281555175781
12182,130.0,492.5922546386719
12183,88.0,541.5390014648438
12184,108.0,476.803955078125
12185,242.0,382.1141357421875
12186,178.0,301.90362548828125
12187,234.0,245.35586547851562
12188,380.0,209.48876953125
12189,228.0,186.21548461914062
12190,204.0,166.01763916015625
12191,60.0,148.886962890625
12192,60.0,130.0818328857422
12193,80.0,108.88695526123047
12194,80.0,89.3898696899414
12195,66.0,66.48280334472656
12196,48.0,38.287025451660156
12197,16.0,11.903825759887695
12198,4.0,0.18472671508789062
12199,0.0,-1.505849838256836
12200,0.0,-1.3557796478271484
12201,0.0,-0.6302013397216797
12202,0.0,-0.11124038696289062
12203,0.0,0.42156028747558594
12204,0.0,0.8458976745605469
12205,0.0,1.3254585266113281
12206,0.0,1.4760169982910156
12207,0.0,1.5597190856933594
12208,0.0,1.5460777282714844
12209,0.0,1.626108169555664
12210,0.0,1.5774364471435547
12211,0.0,1.5931949615478516
12212,0.0,1.592386245727539
12213,0.0,1.633535385131836
12214,0.0,1.6026229858398438
12215,0.0,1.613271713256836
12216,0.0,1.6122417449951172
12217,0.0,1.6026573181152344
12218,0.0,1.5664844512939453
12219,0.0,1.5678882598876953
12220,0.0,1.561981201171875
12221,0.0,-0.23224258422851562
12222,0.0,-0.0059299468994140625
12223,0.0,-0.13919830322265625
12224,0.0,-0.23768997192382812
12225,0.0,-0.2567920684814453
12226,0.0,-0.23119735717773438
12227,0.0,-0.21360015869140625
12228,0.0,-0.2042560577392578
12229,0.0,-0.2133350372314453
12230,0.0,-0.21451568603515625
12231,0.0,-0.20219039916992188
12232,0.0,-0.14789199829101562
12233,0.0,-0.18227386474609375
12234,0.0,-0.22913742065429688
12235,0.0,-0.2818412780761719
12236,0.0,-0.3242225646972656
12237,0.0,-0.4048347473144531
12238,0.0,-0.3738670349121094
12239,0.0,-0.27799034118652344
12240,0.0,-0.2929191589355469
12241,0.0,-0.38875579833984375
12242,0.0,-0.0558624267578125
12243,0.0,-0.008127212524414062
12244,0.0,0.1530303955078125
12245,0.0,0.08442115783691406
12246,0.0,-0.3369865417480469
12247,0.0,-0.45617103576660156
12248,0.0,-0.6213569641113281
12249,0.0,-0.8473739624023438
12250,0.0,-0.4490089416503906
12251,0.0,0.6586513519287109
12252,0.0,2.8317489624023438
12253,4.0,6.8020524978637695
12254,26.0,15.085972785949707
12255,62.0,25.545391082763672
12256,72.0,35.72508239746094
12257,96.0,45.708309173583984
12258,118.0,60.85768127441406
12259,178.0,91.17144775390625
12260,296.0,158.818359375
12261,480.0,289.75811767578125
12262,594.0,448.12823486328125
12263,690.0,557.04833984375
12264,776.0,648.363037109375
12265,884.0,718.052978515625
12266,970.0,792.954345703125
12267,1050.0,882.03173828125
12268,1136.0,960.2367553710938
12269,1192.0,1027.527099609375
12270,1222.0,1159.9759521484375
12271,1280.0,1233.6407470703125
12272,1222.0,1232.6781005859375
12273,1334.0,1242.8336181640625
12274,1342.0,1256.4693603515625
12275,1324.0,1265.2530517578125
12276,1380.0,1269.497802734375
12277,1388.0,1269.1148681640625
12278,1364.0,1268.8199462890625
12279,1276.0,1269.784912109375
12280,1184.0,1269.40087890625
12281,1204.0,1268.943603515625
12282,1360.0,1260.6258544921875
12283,814.0,1206.0145263671875
12284,1170.0,1119.4984130859375
12285,1080.0,1066.888671875
12286,1008.0,989.7243041992188
12287,900.0,764.4447631835938
12288,552.0,508.20794677734375
12289,156.0,271.4012451171875
12290,72.0,180.03366088867188
12291,28.0,111.70303344726562
12292,8.0,55.63924789428711
12293,4.0,31.634078979492188
12294,0.0,10.874345779418945
12295,0.0,1.7677478790283203
12296,0.0,-1.3828163146972656
12297,0.0,-1.59320068359375
12298,0.0,-1.616647720336914
12299,0.0,-1.6551399230957031
12300,0.0,-1.718088150024414
12301,0.0,-1.6278209686279297
12302,0.0,-1.4929981231689453
12303,0.0,-1.3803253173828125
12304,0.0,-1.2542762756347656
12305,0.0,-1.0924568176269531
12306,0.0,-1.0266227722167969
12307,0.0,-0.9413719177246094
12308,0.0,-0.8640727996826172
12309,0.0,-0.7880897521972656
12310,0.0,-0.7054500579833984
12311,0.0,-0.6106204986572266
12312,0.0,-0.5065460205078125
12313,0.0,-0.4279155731201172
12314,0.0,-0.3802299499511719
12315,0.0,-0.3157806396484375
12316,0.0,-0.2408771514892578
12317,0.0,-0.20088577270507812
12318,0.0,-0.5018177032470703
12319,0.0,-0.7025375366210938
12320,0.0,-0.7932891845703125
12321,0.0,-0.7380428314208984
12322,0.0,-0.6925277709960938
12323,0.0,-0.6645736694335938
12324,0.0,-0.6611804962158203
12325,0.0,-0.6566619873046875
12326,0.0,-0.6400604248046875
12327,0.0,-0.6304969787597656
12328,0.0,-0.6452922821044922
12329,0.0,-0.6932392120361328
12330,0.0,-0.6646556854248047
12331,0.0,-0.6645450592041016
12332,0.0,-0.6991291046142578
12333,0.0,-0.7808666229248047
12334,0.0,-0.7353744506835938
12335,0.0,-0.7411613464355469
12336,0.0,-0.7884922027587891
12337,0.0,-0.9105606079101562
12338,0.0,-0.5437545776367188
12339,0.0,-0.09230613708496094
12340,0.0,0.2962379455566406
12341,0.0,0.5478858947753906
12342,0.0,0.5409278869628906
12343,0.0,0.24300765991210938
12344,0.0,-0.10509681701660156
12345,0.0,-0.5435447692871094
12346,0.0,-0.04734230041503906
12347,0.0,1.5793514251708984
12348,0.0,3.497304916381836
12349,0.0,4.5498456954956055
12350,0.0,5.198220252990723
12351,4.0,7.325017929077148
12352,24.0,12.95308780670166
12353,44.0,23.362234115600586
12354,40.0,35.124324798583984
12355,52.0,46.22949981689453
12356,36.0,56.460514068603516
12357,96.0,64.32461547851562
12358,92.0,75.46714782714844
12359,92.0,89.40750122070312
12360,140.0,103.96406555175781
12361,246.0,116.38733673095703
12362,106.0,129.40048217773438
12363,68.0,151.18649291992188
12364,104.0,184.28170776367188
12365,214.0,227.55490112304688
12366,178.0,259.8468933105469
12367,222.0,270.269287109375
12368,454.0,250.69461059570312
12369,548.0,223.57138061523438
12370,210.0,212.85855102539062
12371,254.0,206.9307861328125
12372,392.0,206.6451416015625
12373,334.0,220.28152465820312
12374,218.0,247.03060913085938
12375,64.0,261.94140625
12376,362.0,259.8381652832031
12377,442.0,248.318603515625
12378,606.0,238.92214965820312
12379,250.0,233.85794067382812
12380,152.0,232.01699829101562
12381,188.0,223.0357666015625
12382,390.0,197.22454833984375
12383,634.0,172.63461303710938
12384,328.0,153.67059326171875
12385,94.0,132.14715576171875
12386,60.0,108.30943298339844
12387,44.0,81.59889221191406
12388,22.0,56.15129852294922
12389,8.0,35.32939529418945
12390,2.0,14.868583679199219
12391,0.0,2.905522346496582
12392,0.0,-1.2047176361083984
12393,0.0,-1.7848262786865234
12394,0.0,-1.8252696990966797
12395,0.0,-1.8038864135742188
12396,0.0,-1.8253936767578125
12397,0.0,-1.7544269561767578
12398,0.0,-1.8202762603759766
12399,0.0,-1.928253173828125
12400,0.0,-2.008209228515625
12401,0.0,-1.9578628540039062
12402,0.0,-2.023191452026367
12403,0.0,-2.048480987548828
12404,0.0,-2.068490982055664
12405,0.0,-1.9924373626708984
12406,0.0,-2.0567626953125
12407,0.0,-2.0839385986328125
12408,0.0,-2.1043930053710938
12409,0.0,-2.0833892822265625
12410,0.0,-1.8458061218261719
12411,0.0,-1.5076942443847656
12412,0.0,-1.1422042846679688
12413,0.0,-0.098297119140625
12414,0.0,-0.42698097229003906
12415,0.0,-0.5491886138916016
12416,0.0,-0.6544437408447266
12417,0.0,-0.6108379364013672
12418,0.0,-0.49700164794921875
12419,0.0,-0.4423503875732422
12420,0.0,-0.39450645446777344
12421,0.0,-0.22925186157226562
12422,0.0,-0.1366291046142578
12423,0.0,0.0020294189453125
12424,0.0,0.17497634887695312
12425,0.0,0.3481121063232422
12426,0.0,0.4362316131591797
12427,0.0,0.4805412292480469
12428,0.0,0.4989356994628906
12429,0.0,0.5348644256591797
12430,0.0,0.6233634948730469
12431,0.0,0.6795635223388672
12432,0.0,0.5728416442871094
12433,0.0,0.19353675842285156
12434,0.0,0.3555889129638672
12435,0.0,0.4108085632324219
12436,0.0,0.3371734619140625
12437,0.0,0.051548004150390625
12438,0.0,-0.0944366455078125
12439,0.0,-0.3003406524658203
12440,0.0,-0.44980430603027344
12441,0.0,-0.8054618835449219
12442,0.0,-0.48398399353027344
12443,0.0,0.6282806396484375
12444,0.0,2.7083511352539062
12445,0.0,6.746870040893555
12446,2.0,15.198624610900879
12447,4.0,28.151397705078125
12448,28.0,43.77149963378906
12449,112.0,61.267887115478516
12450,138.0,82.41793060302734
12451,212.0,105.35077667236328
12452,152.0,126.6429672241211
12453,94.0,149.79296875
12454,152.0,180.39291381835938
12455,416.0,211.0020751953125
12456,716.0,235.53146362304688
12457,690.0,246.90933227539062
12458,622.0,267.5481872558594
12459,540.0,297.32470703125
12460,676.0,327.59466552734375
12461,496.0,359.3172607421875
12462,712.0,402.9504089355469
12463,808.0,457.419921875
12464,1182.0,501.8998718261719
12465,892.0,506.5182800292969
12466,342.0,455.7264099121094
12467,160.0,396.6724548339844
12468,174.0,379.58050537109375
12469,202.0,447.525634765625
12470,196.0,497.5404052734375
12471,282.0,476.7328796386719
12472,188.0,474.890380859375
12473,158.0,481.5845031738281
12474,336.0,469.2160339355469
12475,136.0,437.09930419921875
12476,60.0,387.0688171386719
12477,56.0,308.12554931640625
12478,60.0,229.25860595703125
12479,92.0,169.65411376953125
12480,82.0,121.81859588623047
12481,90.0,64.63383483886719
12482,74.0,42.39617156982422
12483,36.0,26.98123550415039
12484,34.0,11.22945499420166
12485,24.0,4.515252113342285
12486,4.0,0.5794124603271484
12487,0.0,-0.7958469390869141
12488,0.0,-1.3845367431640625
12489,0.0,-1.6475486755371094
12490,0.0,-1.7584991455078125
12491,0.0,-1.7078685760498047
12492,0.0,-1.5253791809082031
12493,0.0,-1.280517578125
12494,0.0,-1.1673107147216797
12495,0.0,-1.0126724243164062
12496,0.0,-0.8993949890136719
12497,0.0,-0.8366127014160156
12498,0.0,-0.7609024047851562
12499,0.0,-0.648773193359375
12500,0.0,-0.5276203155517578
12501,0.0,-0.4489479064941406
12502,0.0,-0.3840007781982422
12503,0.0,-0.2875556945800781
12504,0.0,-0.1399211883544922
12505,0.0,0.03256034851074219
12506,0.0,-0.10878372192382812
12507,0.0,-0.17441558837890625
12508,0.0,-0.3073539733886719
12509,0.0,-1.1169967651367188
12510,0.0,-1.2280464172363281
12511,0.0,-1.2504425048828125
12512,0.0,-1.2678661346435547
12513,0.0,-1.1945362091064453
12514,0.0,-0.9816417694091797
12515,0.0,-0.7550792694091797
12516,0.0,-0.5061988830566406
12517,0.0,-0.27499961853027344
12518,0.0,-0.2599964141845703
12519,0.0,-0.267059326171875
12520,0.0,-0.2506599426269531
12521,0.0,-0.30965232849121094
12522,0.0,-0.38923072814941406
12523,0.0,-0.4461956024169922
12524,0.0,-0.5037250518798828
12525,0.0,-0.6441078186035156
12526,0.0,-0.8121833801269531
12527,0.0,-0.936553955078125
12528,0.0,-1.0543766021728516
12529,0.0,-1.2393436431884766
12530,0.0,-1.5899543762207031
12531,0.0,-1.780923843383789
12532,0.0,-1.8859748840332031
12533,0.0,-1.9500179290771484
12534,0.0,-1.770742416381836
12535,0.0,-1.5664558410644531
12536,0.0,-1.3968086242675781
12537,0.0,-1.4079093933105469
12538,0.0,-1.4691047668457031
12539,0.0,-0.20874595642089844
12540,0.0,3.762640953063965
12541,0.0,12.354304313659668
12542,8.0,26.936546325683594
12543,32.0,48.67328643798828
12544,42.0,76.77024841308594
12545,80.0,114.24160766601562
12546,176.0,157.453857421875
12547,278.0,209.90985107421875
12548,448.0,277.82684326171875
12549,574.0,359.6605224609375
12550,426.0,451.6847839355469
12551,306.0,575.4889526367188
12552,744.0,760.5125732421875
12553,902.0,890.51318359375
12554,884.0,955.6777954101562
12555,1060.0,999.74267578125
12556,1156.0,1011.7747192382812
12557,1224.0,956.53759765625
12558,1282.0,914.1126708984375
12559,1340.0,1008.4392700195312
12560,1394.0,1127.2403564453125
12561,1352.0,1158.9825439453125
12562,1476.0,1168.7579345703125
12563,1438.0,1120.4212646484375
12564,1014.0,1087.75830078125
12565,788.0,1121.5743408203125
12566,936.0,1141.99951171875
12567,556.0,1073.8516845703125
12568,320.0,1046.7205810546875
12569,200.0,980.6883544921875
12570,254.0,795.9141845703125
12571,150.0,502.95819091796875
12572,100.0,329.7885437011719
12573,68.0,273.41693115234375
12574,50.0,217.25869750976562
12575,42.0,164.54803466796875
12576,56.0,123.46627807617188
12577,70.0,97.3868179321289
12578,24.0,76.55438232421875
12579,10.0,57.03925323486328
12580,12.0,39.97254180908203
12581,2.0,28.390098571777344
12582,2.0,3.219204902648926
12583,0.0,-0.20891380310058594
12584,0.0,-0.2245159149169922
12585,0.0,0.16680908203125
12586,0.0,0.3720111846923828
12587,0.0,0.3758506774902344
12588,0.0,0.3202781677246094
12589,0.0,0.319427490234375
12590,0.0,0.4752235412597656
12591,0.0,0.6993522644042969
12592,0.0,0.8379859924316406
12593,0.0,1.1010761260986328
12594,0.0,1.0671958923339844
12595,0.0,1.354257583618164
12596,0.0,1.3879966735839844
12597,0.0,1.5238399505615234
12598,0.0,1.4347972869873047
12599,0.0,1.3150825500488281
12600,0.0,1.181406021118164
12601,0.0,1.0982189178466797
12602,0.0,1.004119873046875
12603,0.0,0.9580154418945312
12604,0.0,0.8698272705078125
12605,0.0,-0.1336822509765625
12606,0.0,0.04784584045410156
12607,0.0,0.1844940185546875
12608,0.0,0.08798789978027344
12609,0.0,0.061565399169921875
12610,0.0,-0.014339447021484375
12611,0.0,-0.08740425109863281
12612,0.0,-0.213226318359375
12613,0.0,-0.3569164276123047
12614,0.0,-0.45748329162597656
12615,0.0,-0.5295314788818359
12616,0.0,-0.5243625640869141
12617,0.0,-0.5894851684570312
12618,0.0,-0.6948738098144531
12619,0.0,-0.8049602508544922
12620,0.0,-0.9027633666992188
12621,0.0,-1.0300312042236328
12622,0.0,-1.1129398345947266
12623,0.0,-1.1637840270996094
12624,0.0,-1.1845340728759766
12625,0.0,-1.2204914093017578
12626,0.0,-1.180349349975586
12627,0.0,-1.1106758117675781
12628,0.0,-1.0315437316894531
12629,0.0,-1.047128677368164
12630,0.0,-1.0300102233886719
12631,0.0,-1.1033039093017578
12632,0.0,-1.1315727233886719
12633,0.0,-1.1915321350097656
12634,0.0,-0.5365886688232422
12635,0.0,1.648672103881836
12636,0.0,8.266411781311035
12637,2.0,24.145963668823242
12638,6.0,47.88042449951172
12639,60.0,73.73481750488281
12640,106.0,100.65788269042969
12641,118.0,129.54888916015625
12642,174.0,158.789794921875
12643,246.0,186.8948974609375
12644,220.0,216.01132202148438
12645,320.0,254.50689697265625
12646,288.0,293.8883972167969
12647,322.0,325.4400329589844
12648,640.0,356.5924987792969
12649,814.0,348.621826171875
12650,314.0,334.654541015625
12651,294.0,296.42529296875
12652,348.0,269.52154541015625
12653,370.0,237.8587646484375
12654,194.0,235.03793334960938
12655,282.0,242.395751953125
12656,378.0,274.6981506347656
12657,284.0,369.2110290527344
12658,336.0,540.3956909179688
12659,254.0,762.8219604492188
12660,198.0,797.7020874023438
12661,202.0,703.3048095703125
12662,90.0,599.6428833007812
12663,72.0,512.112060546875
12664,90.0,464.8480529785156
12665,154.0,439.6593017578125
12666,140.0,423.7096862792969
12667,124.0,366.91680908203125
12668,536.0,348.7320861816406
12669,192.0,395.6636962890625
12670,208.0,437.1598815917969
12671,350.0,433.9862976074219
12672,818.0,369.7454528808594
12673,656.0,260.20751953125
12674,404.0,165.47802734375
12675,220.0,90.69652557373047
12676,158.0,53.23920822143555
12677,72.0,33.298587799072266
12678,26.0,14.736340522766113
12679,6.0,1.808115005493164
12680,0.0,0.0869140625
12681,0.0,0.3091697692871094
12682,0.0,0.04638671875
12683,0.0,-0.042209625244140625
12684,0.0,-0.08221054077148438
12685,0.0,-0.16899490356445312
12686,0.0,-0.22330093383789062
12687,0.0,-0.21286964416503906
12688,0.0,-0.1876659393310547
12689,0.0,-0.1571025848388672
12690,0.0,-0.4188232421875
12691,0.0,-0.4357185363769531
12692,0.0,-0.46979331970214844
12693,0.0,-0.42966651916503906
12694,0.0,-0.021183013916015625
12695,0.0,0.35503196716308594
12696,0.0,0.5961570739746094
12697,0.0,0.7756023406982422
12698,0.0,0.3344402313232422
12699,0.0,0.09379386901855469
12700,0.0,-0.04677581787109375
12701,0.0,-0.27141380310058594
12702,0.0,-0.7309722900390625
12703,0.0,-0.8985786437988281
12704,0.0,-0.9536342620849609
12705,0.0,-0.9276676177978516
12706,0.0,-0.9287662506103516
12707,0.0,-0.9647102355957031
12708,0.0,-1.0341873168945312
12709,0.0,-1.114725112915039
12710,0.0,-1.1365909576416016
12711,0.0,-1.1523494720458984
12712,0.0,-1.131540298461914
12713,0.0,-1.1815376281738281
12714,0.0,-1.2649383544921875
12715,0.0,-1.3433799743652344
12716,0.0,-1.4088668823242188
12717,0.0,-1.4391231536865234
12718,0.0,-1.4482173919677734
12719,0.0,-1.4475822448730469
12720,0.0,-1.4362983703613281
12721,0.0,-1.3791007995605469
12722,0.0,-1.4551887512207031
12723,0.0,-1.5722198486328125
12724,0.0,-1.6999835968017578
12725,0.0,-1.7850227355957031
12726,0.0,-1.8822059631347656
12727,0.0,-1.9524173736572266
12728,0.0,-1.980978012084961
12729,0.0,-1.9104175567626953
12730,0.0,-1.9616203308105469
12731,0.0,-1.898101806640625
12732,0.0,-1.6929569244384766
12733,0.0,-1.1812114715576172
12734,0.0,-0.013479232788085938
12735,0.0,2.289379119873047
12736,2.0,5.934362411499023
12737,0.0,12.343670845031738
12738,6.0,19.972763061523438
12739,14.0,27.53137969970703
12740,4.0,34.37439727783203
12741,8.0,40.909175872802734
12742,28.0,44.837181091308594
12743,42.0,47.9921875
12744,50.0,51.30103302001953
12745,44.0,56.42060089111328
12746,40.0,62.33848571777344
12747,54.0,68.52989959716797
12748,50.0,74.96807098388672
12749,64.0,80.6241683959961
12750,130.0,87.46063232421875
12751,278.0,99.62018585205078
12752,280.0,113.09880828857422
12753,218.0,116.98963928222656
12754,242.0,122.67244720458984
12755,348.0,135.68157958984375
12756,220.0,156.3203125
12757,176.0,183.9532470703125
12758,316.0,185.28375244140625
12759,270.0,177.30776977539062
12760,186.0,178.5330810546875
12761,68.0,195.30978393554688
12762,124.0,225.2222900390625
12763,132.0,247.85110473632812
12764,140.0,251.51187133789062
12765,108.0,201.68768310546875
12766,104.0,144.46966552734375
12767,92.0,108.07674407958984
12768,74.0,80.49177551269531
12769,60.0,49.43492126464844
12770,58.0,34.23059844970703
12771,46.0,16.547204971313477
12772,24.0,1.963613510131836
12773,10.0,-0.17206573486328125
12774,2.0,-0.5997333526611328
12775,0.0,-0.5053844451904297
12776,0.0,-0.31884002685546875
12777,0.0,0.101165771484375
12778,0.0,0.4203624725341797
12779,0.0,0.5910434722900391
12780,0.0,0.7072277069091797
12781,0.0,0.8532600402832031
12782,0.0,0.8890056610107422
12783,0.0,0.9531364440917969
12784,0.0,0.9859447479248047
12785,0.0,1.0158863067626953
12786,0.0,0.9913902282714844
12787,0.0,1.0887470245361328
12788,0.0,1.154977798461914
12789,0.0,1.2814712524414062
12790,0.0,1.3801040649414062
12791,0.0,1.5496196746826172
12792,0.0,1.6937484741210938
12793,0.0,1.8024978637695312
12794,0.0,1.7544822692871094
12795,0.0,1.7551345825195312
12796,0.0,1.7434253692626953
12797,0.0,0.664825439453125
12798,0.0,0.8125438690185547
12799,0.0,0.7649593353271484
12800,0.0,0.6797275543212891
12801,0.0,0.6642971038818359
12802,0.0,0.4664726257324219
12803,0.0,0.16710281372070312
12804,0.0,-0.20725440979003906
12805,0.0,-0.5079460144042969
12806,0.0,-0.7979354858398438
12807,0.0,-0.9224071502685547
12808,0.0,-0.999267578125
12809,0.0,-0.9876461029052734
12810,0.0,-0.9821796417236328
12811,0.0,-0.3848381042480469
12812,0.0,0.9879741668701172
12813,0.0,2.082212448120117
12814,0.0,2.809934616088867
12815,0.0,3.219991683959961
12816,0.0,3.1385459899902344
12817,0.0,2.6374387741088867
12818,0.0,1.6024856567382812
12819,0.0,0.7051753997802734
12820,0.0,0.14602279663085938
12821,0.0,-0.21511077880859375
12822,0.0,-0.3218212127685547
12823,0.0,-0.20700836181640625
12824,0.0,0.21807479858398438
12825,0.0,0.7924671173095703
12826,0.0,1.2003955841064453
12827,0.0,1.6089286804199219
12828,0.0,2.248260498046875
12829,0.0,3.3829030990600586
12830,0.0,5.635649681091309
12831,2.0,9.308544158935547
12832,2.0,14.289972305297852
12833,6.0,21.639114379882812
12834,28.0,29.779911041259766
12835,72.0,37.28196716308594
12836,110.0,43.73646926879883
12837,142.0,49.738624572753906
12838,230.0,54.286746978759766
12839,286.0,58.62015914916992
12840,466.0,70.11883544921875
12841,494.0,96.79326629638672
12842,244.0,162.36328125
12843,604.0,287.6893615722656
12844,328.0,451.5943908691406
12845,302.0,582.0073852539062
12846,458.0,691.0596313476562
12847,298.0,801.9824829101562
12848,316.0,914.3640747070312
12849,818.0,1020.3348999023438
12850,464.0,1175.150146484375
12851,652.0,1228.9356689453125
12852,944.0,1239.43505859375
12853,1564.0,1216.771728515625
12854,1140.0,1203.74609375
12855,676.0,1205.786865234375
12856,756.0,1196.73583984375
12857,1118.0,1166.81005859375
12858,794.0,1099.5643310546875
12859,1148.0,1033.2584228515625
12860,1144.0,946.552001953125
12861,1268.0,782.4588623046875
12862,1136.0,579.6210327148438
12863,968.0,384.927490234375
12864,848.0,261.90533447265625
12865,772.0,198.50177001953125
12866,604.0,149.921875
12867,332.0,107.95846557617188
12868,272.0,72.19255065917969
12869,92.0,50.818031311035156
12870,20.0,24.68222427368164
12871,2.0,4.358046531677246
12872,0.0,0.7297687530517578
12873,0.0,0.7540988922119141
12874,0.0,0.8518848419189453
12875,0.0,0.9995479583740234
12876,0.0,1.1514320373535156
12877,0.0,1.4214706420898438
12878,0.0,1.4792041778564453
12879,0.0,1.5621395111083984
12880,0.0,1.603057861328125
12881,0.0,1.6895427703857422
12882,0.0,1.6727161407470703
12883,0.0,1.689931869506836
12884,0.0,1.6931915283203125
12885,0.0,1.70928955078125
12886,0.0,1.6739635467529297
12887,0.0,1.6745967864990234
12888,0.0,1.6689529418945312
12889,0.0,1.6414604187011719
12890,0.0,1.6099605560302734
12891,0.0,1.603780746459961
12892,0.0,1.5947380065917969
12893,0.0,0.3267555236816406
12894,0.0,0.49214744567871094
12895,0.0,0.32155609130859375
12896,0.0,0.18901443481445312
12897,0.0,0.11956977844238281
12898,0.0,0.0755615234375
12899,0.0,0.054149627685546875
12900,0.0,0.04975700378417969
12901,0.0,0.06879615783691406
12902,0.0,0.07145118713378906
12903,0.0,0.07241630554199219
12904,0.0,0.09344291687011719
12905,0.0,0.0882568359375
12906,0.0,0.07632637023925781
12907,0.0,0.05405998229980469
12908,0.0,0.036441802978515625
12909,0.0,0.032344818115234375
12910,0.0,0.03273582458496094
12911,0.0,0.01758575439453125
12912,0.0,-0.0034885406494140625
12913,0.0,-0.012464523315429688
12914,0.0,-0.011501312255859375
12915,0.0,-0.04356956481933594
12916,0.0,-0.07896995544433594
12917,0.0,-0.08098602294921875
12918,0.0,-0.06347274780273438
12919,0.0,-0.054046630859375
12920,0.0,0.0542144775390625
12921,0.0,0.48329734802246094
12922,0.0,1.716634750366211
12923,0.0,4.938632011413574
12924,0.0,12.520658493041992
12925,4.0,27.206016540527344
12926,16.0,45.76650619506836
12927,44.0,63.110477447509766
12928,74.0,83.15287017822266
12929,128.0,116.30775451660156
12930,196.0,176.48175048828125
12931,238.0,280.64654541015625
12932,342.0,433.2569274902344
12933,512.0,549.836181640625
12934,626.0,664.9644165039062
12935,534.0,750.6603393554688
12936,752.0,865.9267578125
12937,872.0,926.0497436523438
12938,964.0,968.1187744140625
12939,1048.0,923.5286865234375
12940,1070.0,931.9279174804688
12941,1106.0,964.32568359375
12942,1290.0,736.2344360351562
12943,1354.0,458.9664611816406
12944,1382.0,308.1130676269531
12945,1410.0,259.2821044921875
12946,1444.0,240.1666259765625
12947,1456.0,243.67193603515625
12948,1460.0,250.0355224609375
12949,1480.0,232.67623901367188
12950,1484.0,235.57135009765625
12951,1476.0,257.63238525390625
12952,1460.0,342.7535400390625
12953,1430.0,402.666259765625
12954,1426.0,441.7767028808594
12955,1384.0,455.225830078125
12956,1320.0,521.2611694335938
12957,1224.0,508.7477722167969
12958,1136.0,475.00250244140625
12959,976.0,439.06951904296875
12960,676.0,538.3489990234375
12961,572.0,538.7273559570312
12962,316.0,432.24493408203125
12963,260.0,257.0192565917969
12964,210.0,170.310302734375
12965,102.0,109.90579986572266
12966,46.0,63.920631408691406
12967,12.0,14.42849349975586
12968,0.0,-1.3783683776855469
12969,0.0,-0.9800968170166016
12970,0.0,-0.7586593627929688
12971,0.0,-0.5519142150878906
12972,0.0,-0.4136638641357422
12973,0.0,-0.2112598419189453
12974,0.0,-0.10944557189941406
12975,0.0,-0.08411216735839844
12976,0.0,-0.08314895629882812
12977,0.0,-0.05378150939941406
12978,0.0,-0.017055511474609375
12979,0.0,0.04045867919921875
12980,0.0,0.10359764099121094
12981,0.0,0.1350879669189453
12982,0.0,0.15604019165039062
12983,0.0,0.20713424682617188
12984,0.0,0.2555675506591797
12985,0.0,0.25501060485839844
12986,0.0,0.2554645538330078
12987,0.0,0.2771034240722656
12988,0.0,0.2931690216064453
12989,0.0,0.3654346466064453
12990,0.0,0.26638031005859375
12991,0.0,0.4504661560058594
12992,0.0,0.4491462707519531
12993,0.0,0.5572395324707031
12994,0.0,0.5486488342285156
12995,0.0,0.5374641418457031
12996,0.0,0.5198040008544922
12997,0.0,0.6799087524414062
12998,0.0,0.7215423583984375
12999,0.0,0.7471847534179688
13000,0.0,0.7582550048828125
13001,0.0,0.9897537231445312
13002,0.0,1.0834236145019531
13003,0.0,1.1461505889892578
13004,0.0,1.1695308685302734
13005,0.0,1.5305500030517578
13006,0.0,1.7879276275634766
13007,0.0,1.96826171875
13008,0.0,2.082122802734375
13009,0.0,2.511150360107422
13010,0.0,2.854522705078125
13011,0.0,3.106501579284668
13012,0.0,3.3096561431884766
13013,0.0,3.765652656555176
13014,0.0,4.130260467529297
13015,0.0,4.35976505279541
13016,0.0,5.023062705993652
13017,0.0,6.888457298278809
13018,0.0,10.161307334899902
13019,0.0,16.673076629638672
13020,2.0,27.489704132080078
13021,16.0,42.0546875
13022,46.0,56.62346649169922
13023,80.0,69.59239196777344
13024,124.0,81.65048217773438
13025,182.0,96.90286254882812
13026,240.0,124.90912628173828
13027,278.0,170.34884643554688
13028,316.0,239.79342651367188
13029,386.0,352.314697265625
13030,484.0,491.4539794921875
13031,562.0,627.4295654296875
13032,718.0,740.6849975585938
13033,852.0,828.055419921875
13034,880.0,896.2643432617188
13035,900.0,963.068359375
13036,1016.0,999.8461303710938
13037,1104.0,1014.2306518554688
13038,1220.0,1038.020263671875
13039,1318.0,1094.00341796875
13040,1390.0,1261.0465087890625
13041,1420.0,1269.521728515625
13042,1452.0,1271.5572509765625
13043,1484.0,1271.4783935546875
13044,1500.0,1270.6439208984375
13045,1522.0,1265.478759765625
13046,1520.0,1168.5523681640625
13047,1498.0,988.9390869140625
13048,1450.0,788.3450927734375
13049,1400.0,662.2923583984375
13050,1298.0,727.6293334960938
13051,1224.0,809.1841430664062
13052,1194.0,779.7565307617188
13053,1178.0,710.08837890625
13054,1096.0,631.2680053710938
13055,1008.0,498.1222839355469
13056,936.0,426.90325927734375
13057,834.0,334.215087890625
13058,726.0,248.98944091796875
13059,456.0,190.08901977539062
13060,432.0,137.4474334716797
13061,148.0,80.62710571289062
13062,26.0,38.31102752685547
13063,14.0,3.595388412475586
13064,4.0,0.9384880065917969
13065,0.0,1.1478404998779297
13066,0.0,1.2115707397460938
13067,0.0,1.295267105102539
13068,0.0,1.342641830444336
13069,0.0,1.4253044128417969
13070,0.0,1.3553180694580078
13071,0.0,1.3164958953857422
13072,0.0,1.2596187591552734
13073,0.0,1.2632255554199219
13074,0.0,1.2092018127441406
13075,0.0,1.1943817138671875
13076,0.0,1.180908203125
13077,0.0,1.2015972137451172
13078,0.0,1.1626510620117188
13079,0.0,1.1694564819335938
13080,0.0,1.18280029296875
13081,0.0,1.1675300598144531
13082,0.0,1.1319522857666016
13083,0.0,1.1448936462402344
13084,0.0,1.1678390502929688
13085,0.0,-0.0502471923828125
13086,0.0,-0.2807731628417969
13087,0.0,-0.35901451110839844
13088,0.0,-0.41607093811035156
13089,0.0,-0.3814868927001953
13090,0.0,-0.4160041809082031
13091,0.0,-0.43924713134765625
13092,0.0,-0.45714569091796875
13093,0.0,-0.38878631591796875
13094,0.0,-0.3888835906982422
13095,0.0,-0.3965778350830078
13096,0.0,-0.4011421203613281
13097,0.0,-0.29952239990234375
13098,0.0,-0.2701988220214844
13099,0.0,-0.2580242156982422
13100,0.0,-0.2596607208251953
13101,0.0,-0.13508987426757812
13102,0.0,-0.08003616333007812
13103,0.0,-0.05486869812011719
13104,0.0,-0.058246612548828125
13105,0.0,0.07451438903808594
13106,0.0,0.1406116485595703
13107,0.0,0.1716785430908203
13108,0.0,0.1645336151123047
13109,0.0,0.2960853576660156
13110,0.0,0.3633918762207031
13111,0.0,0.38552093505859375
13112,0.0,0.5966873168945312
13113,0.0,2.356027603149414
13114,0.0,7.693023681640625
13115,2.0,17.125627517700195
13116,6.0,30.653594970703125
13117,16.0,46.85365295410156
13118,36.0,61.630977630615234
13119,46.0,77.25469970703125
13120,74.0,98.9670181274414
13121,124.0,136.7337646484375
13122,204.0,203.5003662109375
13123,322.0,320.08709716796875
13124,442.0,477.00048828125
13125,560.0,588.34423828125
13126,676.0,673.1967163085938
13127,780.0,739.1688232421875
13128,868.0,846.8053588867188
13129,948.0,974.3255615234375
13130,1026.0,1060.234619140625
13131,1094.0,1109.998291015625
13132,1154.0,1169.6209716796875
13133,1214.0,980.5865478515625
13134,1274.0,749.796875
13135,1334.0,731.9349365234375
13136,1370.0,761.4401245117188
13137,1382.0,785.6392211914062
13138,1396.0,775.478759765625
13139,1436.0,709.8060302734375
13140,1440.0,598.679931640625
13141,1452.0,586.5859375
13142,1456.0,706.9675903320312
13143,1458.0,907.94384765625
13144,1440.0,1128.171630859375
13145,1416.0,1214.7919921875
13146,1378.0,1232.0103759765625
13147,1336.0,1219.1495361328125
13148,1276.0,1203.7823486328125
13149,1200.0,1141.1129150390625
13150,1104.0,1059.2587890625
13151,1016.0,946.65478515625
13152,914.0,835.7013549804688
13153,816.0,717.892822265625
13154,692.0,578.8546752929688
13155,506.0,401.94171142578125
13156,420.0,283.40435791015625
13157,176.0,215.41131591796875
13158,28.0,144.51988220214844
13159,20.0,43.751548767089844
13160,4.0,2.2447261810302734
13161,0.0,1.1287784576416016
13162,0.0,1.1222686767578125
13163,0.0,1.2101383209228516
13164,0.0,1.2759113311767578
13165,0.0,1.3697090148925781
13166,0.0,1.258249282836914
13167,0.0,1.2036514282226562
13168,0.0,1.13592529296875
13169,0.0,1.1198158264160156
13170,0.0,1.1019344329833984
13171,0.0,1.1206703186035156
13172,0.0,1.1460132598876953
13173,0.0,1.1777095794677734
13174,0.0,1.137857437133789
13175,0.0,1.1619243621826172
13176,0.0,1.1862106323242188
13177,0.0,1.1455326080322266
13178,0.0,1.131521224975586
13179,0.0,1.1527099609375
13180,0.0,1.1691455841064453
13181,0.0,0.022640228271484375
13182,0.0,-0.3250083923339844
13183,0.0,-0.4868755340576172
13184,0.0,-0.5709095001220703
13185,0.0,-0.5707683563232422
13186,0.0,-0.6064414978027344
13187,0.0,-0.6337127685546875
13188,0.0,-0.6581020355224609
13189,0.0,-0.6168498992919922
13190,0.0,-0.6179351806640625
13191,0.0,-0.6083984375
13192,0.0,-0.5963325500488281
13193,0.0,-0.4931373596191406
13194,0.0,-0.42630767822265625
13195,0.0,-0.3644428253173828
13196,0.0,-0.31445884704589844
13197,0.0,-0.17375946044921875
13198,0.0,-0.07421493530273438
13199,0.0,-0.02326202392578125
13200,0.0,-0.015523910522460938
13201,0.0,0.03816795349121094
13202,0.0,0.07885551452636719
13203,0.0,0.05639076232910156
13204,0.0,-0.0112762451171875
13205,0.0,-0.038524627685546875
13206,0.0,-0.014654159545898438
13207,0.0,-0.036739349365234375
13208,0.0,0.029069900512695312
13209,0.0,1.2170238494873047
13210,0.0,5.118284225463867
13211,0.0,13.007365226745605
13212,8.0,25.382366180419922
13213,16.0,41.86927795410156
13214,36.0,58.886226654052734
13215,48.0,78.53201293945312
13216,76.0,108.00982666015625
13217,126.0,155.78607177734375
13218,206.0,229.74386596679688
13219,312.0,338.6086120605469
13220,428.0,461.7431640625
13221,544.0,559.7511596679688
13222,648.0,648.2027587890625
13223,746.0,747.8451538085938
13224,830.0,862.678955078125
13225,912.0,930.5078735351562
13226,984.0,971.7385864257812
13227,1052.0,665.1165161132812
13228,1116.0,637.1456909179688
13229,1172.0,700.34912109375
13230,1214.0,610.4906005859375
13231,1258.0,396.1783142089844
13232,1294.0,473.929931640625
13233,1310.0,692.3953857421875
13234,1324.0,1013.162353515625
13235,1346.0,1241.403076171875
13236,1374.0,1265.011962890625
13237,1376.0,1266.844970703125
13238,1372.0,1266.5675048828125
13239,1360.0,1265.033447265625
13240,1356.0,1261.952880859375
13241,1348.0,1259.0638427734375
13242,1318.0,1250.861572265625
13243,1282.0,1237.6571044921875
13244,1220.0,1219.848388671875
13245,1142.0,1189.9573974609375
13246,1014.0,1131.9371337890625
13247,930.0,1060.9083251953125
13248,822.0,963.7901611328125
13249,744.0,815.6901245117188
13250,608.0,651.0491943359375
13251,460.0,451.9783630371094
13252,348.0,303.25750732421875
13253,144.0,227.57846069335938
13254,40.0,165.53341674804688
13255,20.0,59.38249969482422
13256,4.0,3.7156686782836914
13257,2.0,1.126220703125
13258,0.0,0.9589748382568359
13259,0.0,1.0253868103027344
13260,0.0,1.1032466888427734
13261,0.0,1.1866989135742188
13262,0.0,1.1725444793701172
13263,0.0,1.2181110382080078
13264,0.0,1.253957748413086
13265,0.0,1.2527713775634766
13266,0.0,1.1951370239257812
13267,0.0,1.182168960571289
13268,0.0,1.165771484375
13269,0.0,1.0898513793945312
13270,0.0,1.0231914520263672
13271,0.0,1.0152015686035156
13272,0.0,1.0158767700195312
13273,0.0,0.9640941619873047
13274,0.0,0.9506072998046875
13275,0.0,0.9797725677490234
13276,0.0,1.0099544525146484
13277,0.0,0.44843101501464844
13278,0.0,0.012834548950195312
13279,0.0,-0.17665863037109375
13280,0.0,-0.2957115173339844
13281,0.0,-0.34000587463378906
13282,0.0,-0.38236236572265625
13283,0.0,-0.37789344787597656
13284,0.0,-0.357635498046875
13285,0.0,-0.35289955139160156
13286,0.0,-0.35498046875
13287,0.0,-0.33380889892578125
13288,0.0,-0.30420494079589844
13289,0.0,-0.3201770782470703
13290,0.0,-0.34731483459472656
13291,0.0,-0.39541053771972656
13292,0.0,-0.45113563537597656
13293,0.0,-0.5369281768798828
13294,0.0,-0.5648651123046875
13295,0.0,-0.5901737213134766
13296,0.0,-0.5968551635742188
13297,0.0,-0.5685253143310547
13298,0.0,-0.483673095703125
13299,0.0,-0.4160957336425781
13300,0.0,-0.35340309143066406
13301,0.0,-0.24992752075195312
13302,0.0,-0.09302139282226562
13303,0.0,0.010372161865234375
13304,0.0,0.3222179412841797
13305,0.0,2.6623363494873047
13306,0.0,8.957294464111328
13307,2.0,19.49842643737793
13308,4.0,33.11009979248047
13309,24.0,49.35761260986328
13310,44.0,65.98089599609375
13311,62.0,87.08628845214844
13312,90.0,121.2928695678711
13313,136.0,175.66232299804688
13314,202.0,256.2563781738281
13315,310.0,365.4354553222656
13316,420.0,478.12158203125
13317,536.0,568.2734375
13318,636.0,655.590576171875
13319,730.0,754.9404907226562
13320,814.0,856.866455078125
13321,896.0,919.859619140625
13322,966.0,971.7689208984375
13323,1040.0,1008.650146484375
13324,1106.0,992.8779296875
13325,1164.0,652.671630859375
13326,1218.0,639.2890625
13327,1262.0,528.5
13328,1292.0,406.4128723144531
13329,1318.0,601.8928833007812
13330,1346.0,828.912841796875
13331,1364.0,1082.0628662109375
13332,1360.0,1216.085693359375
13333,1356.0,1246.1202392578125
13334,1336.0,1252.306640625
13335,1320.0,1253.2625732421875
13336,1284.0,1251.19384765625
13337,1254.0,1248.3656005859375
13338,1230.0,1238.099853515625
13339,1174.0,1218.2642822265625
13340,1098.0,1200.104736328125
13341,1028.0,1169.8973388671875
13342,912.0,1119.3214111328125
13343,816.0,1052.7943115234375
13344,712.0,959.7838745117188
13345,604.0,837.9623413085938
13346,492.0,692.0152587890625
13347,380.0,514.8307495117188
13348,288.0,349.1794128417969
13349,134.0,258.31072998046875
13350,54.0,197.517578125
13351,28.0,86.377685546875
13352,4.0,4.921146392822266
13353,2.0,0.4585762023925781
13354,0.0,0.3852996826171875
13355,0.0,0.5760402679443359
13356,0.0,0.7105998992919922
13357,0.0,0.8358554840087891
13358,0.0,0.8996067047119141
13359,0.0,0.9574394226074219
13360,0.0,0.9991092681884766
13361,0.0,1.017129898071289
13362,0.0,1.0400753021240234
13363,0.0,1.0858020782470703
13364,0.0,1.1341838836669922
13365,0.0,1.159952163696289
13366,0.0,1.248453140258789
13367,0.0,1.3909168243408203
13368,0.0,1.5019092559814453
13369,0.0,1.5146770477294922
13370,0.0,1.5849761962890625
13371,0.0,1.6546611785888672
13372,0.0,1.6936626434326172
13373,0.0,0.9214057922363281
13374,0.0,0.3832244873046875
13375,0.0,0.11356353759765625
13376,0.0,-0.06735801696777344
13377,0.0,-0.200775146484375
13378,0.0,-0.3276710510253906
13379,0.0,-0.4042224884033203
13380,0.0,-0.4678230285644531
13381,0.0,-0.5260200500488281
13382,0.0,-0.5702419281005859
13383,0.0,-0.5802936553955078
13384,0.0,-0.5895099639892578
13385,0.0,-0.5920619964599609
13386,0.0,-0.5877761840820312
13387,0.0,-0.5867519378662109
13388,0.0,-0.5942039489746094
13389,0.0,-0.5969066619873047
13390,0.0,-0.5832366943359375
13391,0.0,-0.6059589385986328
13392,0.0,-0.6584320068359375
13393,0.0,-0.7354145050048828
13394,0.0,-0.7713565826416016
13395,0.0,-0.8566837310791016
13396,0.0,-0.9677906036376953
13397,0.0,-1.1071014404296875
13398,0.0,-1.12457275390625
13399,0.0,-1.1648597717285156
13400,0.0,-1.1818389892578125
13401,0.0,0.11408424377441406
13402,0.0,4.298550605773926
13403,2.0,13.159488677978516
13404,12.0,26.876937866210938
13405,36.0,43.38163757324219
13406,56.0,60.7021369934082
13407,74.0,84.60023498535156
13408,110.0,122.65916442871094
13409,152.0,177.40277099609375
13410,222.0,257.4913330078125
13411,326.0,365.8511657714844
13412,428.0,476.2752685546875
13413,540.0,570.173095703125
13414,642.0,677.8392333984375
13415,734.0,791.6000366210938
13416,816.0,889.165283203125
13417,892.0,950.2374267578125
13418,964.0,1005.9968872070312
13419,1032.0,1050.5115966796875
13420,1100.0,1100.4720458984375
13421,1162.0,1153.06689453125
13422,1210.0,1169.343505859375
13423,1252.0,964.1294555664062
13424,1288.0,1037.803466796875
13425,1316.0,714.4968872070312
13426,1340.0,452.531494140625
13427,1354.0,535.9056396484375
13428,1366.0,805.2256469726562
13429,1376.0,992.9447631835938
13430,1384.0,1078.7906494140625
13431,1354.0,1118.4326171875
13432,1330.0,1141.55810546875
13433,1284.0,1094.5166015625
13434,1246.0,1001.4428100585938
13435,1214.0,910.39501953125
13436,1156.0,940.1596069335938
13437,1086.0,940.83740234375
13438,978.0,939.513671875
13439,872.0,891.6668701171875
13440,772.0,829.6082153320312
13441,664.0,732.0560913085938
13442,562.0,605.0890502929688
13443,462.0,453.9257507324219
13444,350.0,312.9759521484375
13445,166.0,229.49200439453125
13446,56.0,166.534912109375
13447,28.0,55.305259704589844
13448,8.0,2.3430633544921875
13449,0.0,-0.3072700500488281
13450,0.0,-0.14810562133789062
13451,0.0,0.11089134216308594
13452,0.0,0.23334503173828125
13453,0.0,0.2969989776611328
13454,0.0,0.40786170959472656
13455,0.0,0.5261421203613281
13456,0.0,0.6994380950927734
13457,0.0,0.9592151641845703
13458,0.0,1.1267871856689453
13459,0.0,1.2638587951660156
13460,0.0,1.3712730407714844
13461,0.0,1.4427833557128906
13462,0.0,1.4826011657714844
13463,0.0,1.5466346740722656
13464,0.0,1.624338150024414
13465,0.0,1.6805400848388672
13466,0.0,1.3619651794433594
13467,0.0,1.000528335571289
13468,0.0,0.6605911254882812
13469,0.0,0.6030445098876953
13470,0.0,0.7171382904052734
13471,0.0,1.1326313018798828
13472,0.0,1.320974349975586
13473,0.0,1.4277286529541016
13474,0.0,1.4342117309570312
13475,0.0,1.425149917602539
13476,0.0,1.3806686401367188
13477,0.0,1.2821407318115234
13478,0.0,1.2279739379882812
13479,0.0,1.0920524597167969
13480,0.0,0.8895950317382812
13481,0.0,0.47128868103027344
13482,0.0,0.16034698486328125
13483,0.0,-0.06001472473144531
13484,0.0,-0.2571849822998047
13485,0.0,-0.4629383087158203
13486,0.0,-0.5444698333740234
13487,0.0,-0.5971603393554688
13488,0.0,-0.6672420501708984
13489,0.0,-0.8284721374511719
13490,0.0,-0.9305706024169922
13491,0.0,-1.0627326965332031
13492,0.0,-1.1934089660644531
13493,0.0,-1.4037666320800781
13494,0.0,-1.4998607635498047
13495,0.0,-1.6363372802734375
13496,0.0,-1.8072872161865234
13497,0.0,-0.4591503143310547
13498,0.0,3.1244659423828125
13499,0.0,11.845247268676758
13500,2.0,27.41542625427246
13501,22.0,46.552738189697266
13502,48.0,68.48063659667969
13503,64.0,100.11195373535156
13504,100.0,144.37054443359375
13505,144.0,201.87515258789062
13506,220.0,282.2008056640625
13507,316.0,381.53314208984375
13508,422.0,480.9210205078125
13509,530.0,582.8941040039062
13510,632.0,704.0935668945312
13511,724.0,807.5680541992188
13512,808.0,893.6906127929688
13513,888.0,945.3878173828125
13514,968.0,982.8992919921875
13515,1032.0,1009.1619873046875
13516,1096.0,1036.291748046875
13517,1148.0,1062.4498291015625
13518,1200.0,1105.638671875
13519,1232.0,1154.635009765625
13520,1274.0,1198.0186767578125
13521,1302.0,1170.567138671875
13522,1320.0,1097.361328125
13523,1332.0,1006.1729125976562
13524,1340.0,932.013427734375
13525,1340.0,914.7742309570312
13526,1336.0,885.6748046875
13527,1322.0,886.8602905273438
13528,1298.0,938.6769409179688
13529,1268.0,934.4210205078125
13530,1240.0,929.4430541992188
13531,1208.0,943.0879516601562
13532,1160.0,940.412353515625
13533,1082.0,916.1561889648438
13534,960.0,883.4030151367188
13535,902.0,842.314697265625
13536,796.0,784.0349731445312
13537,660.0,687.2523193359375
13538,570.0,567.4799194335938
13539,410.0,426.571044921875
13540,280.0,282.21240234375
13541,136.0,199.31622314453125
13542,58.0,120.0907974243164
13543,30.0,36.09949493408203
13544,8.0,0.1586322784423828
13545,0.0,-1.7779159545898438
13546,0.0,-1.707681655883789
13547,0.0,-1.2566242218017578
13548,0.0,-0.9247627258300781
13549,0.0,-0.7180042266845703
13550,0.0,-0.5929336547851562
13551,0.0,-0.512603759765625
13552,0.0,-0.4846611022949219
13553,0.0,-0.5151786804199219
13554,0.0,-0.5244846343994141
13555,0.0,-0.4835681915283203
13556,0.0,-0.4244251251220703
13557,0.0,-0.40302276611328125
13558,0.0,-0.4251575469970703
13559,0.0,-0.41526222229003906
13560,0.0,-0.3893299102783203
13561,0.0,-0.3798828125
13562,0.0,-0.3995647430419922
13563,0.0,-0.3766460418701172
13564,0.0,-0.32590484619140625
13565,0.0,0.4032459259033203
13566,0.0,0.24748992919921875
13567,0.0,0.44588279724121094
13568,0.0,0.364471435546875
13569,0.0,-0.096282958984375
13570,0.0,-0.49381065368652344
13571,0.0,-0.7216987609863281
13572,0.0,-0.8409652709960938
13573,0.0,-0.8805446624755859
13574,0.0,-0.8465156555175781
13575,0.0,-0.7872753143310547
13576,0.0,-0.6649227142333984
13577,0.0,-0.61419677734375
13578,0.0,-0.5510597229003906
13579,0.0,-0.5214748382568359
13580,0.0,-0.4750480651855469
13581,0.0,-0.4941577911376953
13582,0.0,-0.3837108612060547
13583,0.0,-0.25982666015625
13584,0.0,-0.15147018432617188
13585,0.0,-0.09612655639648438
13586,0.0,0.11645698547363281
13587,0.0,0.26613807678222656
13588,0.0,0.3738384246826172
13589,0.0,0.49030113220214844
13590,0.0,0.6672515869140625
13591,0.0,0.8070793151855469
13592,0.0,1.4182567596435547
13593,0.0,4.8725433349609375
13594,0.0,10.150932312011719
13595,0.0,20.246360778808594
13596,8.0,36.018714904785156
13597,20.0,55.50425338745117
13598,44.0,78.11668395996094
13599,64.0,111.24385070800781
13600,92.0,156.33834838867188
13601,140.0,210.730712890625
13602,204.0,290.7124328613281
13603,308.0,393.0536193847656
13604,412.0,504.8055725097656
13605,524.0,627.6668701171875
13606,624.0,740.9470825195312
13607,712.0,818.5673217773438
13608,784.0,875.9691162109375
13609,730.0,910.8318481445312
13610,394.0,932.0971069335938
13611,816.0,946.3914794921875
13612,1012.0,972.5623779296875
13613,946.0,1031.40185546875
13614,1124.0,1079.0208740234375
13615,958.0,1079.0103759765625
13616,1194.0,945.4055786132812
13617,1242.0,895.1139526367188
13618,1300.0,892.27978515625
13619,1292.0,878.908935546875
13620,1292.0,869.9481201171875
13621,1296.0,886.8049926757812
13622,1284.0,872.4653930664062
13623,1266.0,824.4322509765625
13624,1258.0,744.0816040039062
13625,1228.0,683.1061401367188
13626,1178.0,615.4096069335938
13627,1066.0,536.495361328125
13628,1068.0,479.7065124511719
13629,988.0,443.982666015625
13630,860.0,409.9132995605469
13631,504.0,378.8526916503906
13632,212.0,349.72430419921875
13633,200.0,282.2088928222656
13634,240.0,217.23129272460938
13635,198.0,152.99295043945312
13636,116.0,88.29484558105469
13637,82.0,49.31537628173828
13638,44.0,24.821456909179688
13639,20.0,7.224264144897461
13640,6.0,0.4042987823486328
13641,0.0,-0.40280914306640625
13642,0.0,-0.6488704681396484
13643,0.0,-0.6898002624511719
13644,0.0,-0.6899089813232422
13645,0.0,-0.6625041961669922
13646,0.0,-0.7834434509277344
13647,0.0,-0.7989997863769531
13648,0.0,-0.8461036682128906
13649,0.0,-0.8068866729736328
13650,0.0,-0.8256988525390625
13651,0.0,-0.8327045440673828
13652,0.0,-0.8420486450195312
13653,0.0,-0.805755615234375
13654,0.0,-0.8415870666503906
13655,0.0,-0.8495445251464844
13656,0.0,-0.8496360778808594
13657,0.0,-0.8097877502441406
13658,0.0,-0.8769569396972656
13659,0.0,-0.9167594909667969
13660,0.0,-0.9557571411132812
13661,0.0,-0.21446990966796875
13662,0.0,-0.6886444091796875
13663,0.0,-0.7540264129638672
13664,0.0,-0.8684539794921875
13665,0.0,-0.8834095001220703
13666,0.0,-0.8528194427490234
13667,0.0,-0.8009471893310547
13668,0.0,-0.7662372589111328
13669,0.0,-0.7089595794677734
13670,0.0,-0.6702079772949219
13671,0.0,-0.6749706268310547
13672,0.0,-0.6916828155517578
13673,0.0,-0.740692138671875
13674,0.0,-0.669708251953125
13675,0.0,-0.6903514862060547
13676,0.0,-0.7305221557617188
13677,0.0,-0.8659458160400391
13678,0.0,-0.8491115570068359
13679,0.0,-0.8198623657226562
13680,0.0,-0.8033847808837891
13681,0.0,-0.9640064239501953
13682,0.0,-0.8324108123779297
13683,0.0,-0.8266620635986328
13684,0.0,-0.8245944976806641
13685,0.0,-1.0852832794189453
13686,0.0,-0.989501953125
13687,0.0,-0.9404315948486328
13688,0.0,-0.4272117614746094
13689,0.0,1.804403305053711
13690,0.0,7.047234535217285
13691,4.0,15.46874713897705
13692,26.0,26.522518157958984
13693,68.0,39.722999572753906
13694,108.0,54.98526382446289
13695,132.0,73.94242858886719
13696,160.0,96.90757751464844
13697,182.0,121.71266174316406
13698,210.0,138.72183227539062
13699,234.0,148.58331298828125
13700,244.0,154.60562133789062
13701,274.0,160.781982421875
13702,294.0,169.90008544921875
13703,352.0,182.18212890625
13704,464.0,200.24453735351562
13705,540.0,236.90737915039062
13706,544.0,293.3078308105469
13707,654.0,363.5792541503906
13708,740.0,451.6953125
13709,720.0,584.2630004882812
13710,820.0,767.4891357421875
13711,784.0,909.9581909179688
13712,596.0,925.876953125
13713,480.0,771.0950317382812
13714,780.0,569.3047485351562
13715,1014.0,487.8338317871094
13716,1018.0,477.7083740234375
13717,1002.0,502.0722351074219
13718,950.0,524.8760375976562
13719,782.0,527.9440307617188
13720,670.0,501.6058654785156
13721,556.0,475.4877014160156
13722,516.0,432.2676086425781
13723,500.0,380.0890197753906
13724,462.0,326.0072326660156
13725,470.0,261.39385986328125
13726,528.0,207.54052734375
13727,452.0,168.07107543945312
13728,304.0,138.90374755859375
13729,252.0,115.00870513916016
13730,236.0,98.5223159790039
13731,230.0,81.3357925415039
13732,198.0,57.746673583984375
13733,120.0,41.69005584716797
13734,62.0,24.33397674560547
13735,34.0,7.808076858520508
13736,10.0,1.0576362609863281
13737,2.0,0.08300971984863281
13738,0.0,-0.14734840393066406
13739,0.0,-0.06215667724609375
13740,0.0,0.16986846923828125
13741,0.0,0.6600818634033203
13742,0.0,0.9069175720214844
13743,0.0,1.0950393676757812
13744,0.0,1.1930809020996094
13745,0.0,1.2971515655517578
13746,0.0,1.3260498046875
13747,0.0,1.3609294891357422
13748,0.0,1.3816661834716797
13749,0.0,1.3722648620605469
13750,0.0,1.2882194519042969
13751,0.0,1.2275161743164062
13752,0.0,1.1947460174560547
13753,0.0,1.1273365020751953
13754,0.0,1.0584659576416016
13755,0.0,0.95709228515625
13756,0.0,0.8250846862792969
13757,0.0,0.17356109619140625
13758,0.0,-0.37270355224609375
13759,0.0,-0.37549591064453125
13760,0.0,-0.3794136047363281
13761,0.0,-0.36673927307128906
13762,0.0,-0.3461761474609375
13763,0.0,-0.4318809509277344
13764,0.0,-0.50604248046875
13765,0.0,-0.5845813751220703
13766,0.0,-0.5759563446044922
13767,0.0,-0.5713691711425781
13768,0.0,-0.5949802398681641
13769,0.0,-0.6642990112304688
13770,0.0,-0.8048229217529297
13771,0.0,-0.9256591796875
13772,0.0,-1.0799751281738281
13773,0.0,-1.3422317504882812
13774,0.0,-1.205963134765625
13775,0.0,-1.2004566192626953
13776,0.0,-1.1821212768554688
13777,0.0,-1.2822017669677734
13778,0.0,-1.1302852630615234
13779,0.0,-1.2054080963134766
13780,0.0,-1.2870826721191406
13781,0.0,-1.5785999298095703
13782,0.0,-1.5189971923828125
13783,0.0,-1.3589916229248047
13784,0.0,-0.9584426879882812
13785,0.0,0.1309490203857422
13786,0.0,2.223217010498047
13787,0.0,4.957208633422852
13788,4.0,9.179709434509277
13789,6.0,15.90334415435791
13790,18.0,25.46261978149414
13791,8.0,37.63445281982422
13792,12.0,52.329559326171875
13793,80.0,68.53276062011719
13794,64.0,80.25973510742188
13795,72.0,89.6234359741211
13796,80.0,98.94271850585938
13797,96.0,107.58438873291016
13798,148.0,126.48786163330078
13799,120.0,149.763671875
13800,142.0,170.99746704101562
13801,94.0,191.89340209960938
13802,108.0,197.89547729492188
13803,104.0,192.06451416015625
13804,92.0,181.18270874023438
13805,92.0,176.25439453125
13806,104.0,176.3175048828125
13807,124.0,179.17904663085938
13808,92.0,182.92974853515625
13809,72.0,186.5166015625
13810,62.0,186.57644653320312
13811,68.0,184.6842041015625
13812,74.0,182.23489379882812
13813,62.0,178.07269287109375
13814,66.0,175.4774169921875
13815,48.0,171.03729248046875
13816,48.0,167.4677734375
13817,52.0,158.50070190429688
13818,44.0,139.40737915039062
13819,36.0,116.28884887695312
13820,44.0,92.69664764404297
13821,36.0,71.59236145019531
13822,30.0,57.14690017700195
13823,36.0,46.7200927734375
13824,36.0,37.966461181640625
13825,22.0,28.085376739501953
13826,8.0,19.423974990844727
13827,4.0,11.184606552124023
13828,4.0,4.145913124084473
13829,6.0,0.4744110107421875
13830,4.0,-0.5712947845458984
13831,2.0,-0.7708644866943359
13832,0.0,-0.8449745178222656
13833,0.0,-0.7944850921630859
13834,0.0,-0.5325927734375
13835,0.0,-0.11338996887207031
13836,0.0,0.36722755432128906
13837,0.0,0.58837890625
13838,0.0,0.40488243103027344
13839,0.0,0.30966949462890625
13840,0.0,0.17966079711914062
13841,0.0,0.03166389465332031
13842,0.0,-0.37905120849609375
13843,0.0,-0.7253322601318359
13844,0.0,-1.0214767456054688
13845,0.0,-1.1854534149169922
13846,0.0,-0.9556427001953125
13847,0.0,-0.7296791076660156
13848,0.0,-0.44562530517578125
13849,0.0,-0.08960914611816406
13850,0.0,-0.21029281616210938
13851,0.0,-0.26410484313964844
13852,0.0,-0.29357337951660156
13853,0.0,-0.1722412109375
13854,0.0,-0.2149658203125
13855,0.0,-0.3765907287597656
13856,0.0,-0.5654964447021484
13857,0.0,-0.8742294311523438
13858,0.0,-0.9374446868896484
13859,0.0,-0.6692714691162109
13860,0.0,-0.3879375457763672
13861,0.0,-0.1585712432861328
13862,0.0,-0.09737396240234375
13863,0.0,-0.11120796203613281
13864,0.0,-0.11016464233398438
13865,0.0,-0.12049102783203125
13866,0.0,-0.11365318298339844
13867,0.0,-0.10131263732910156
13868,0.0,-0.06912040710449219
13869,0.0,0.0056610107421875
13870,0.0,0.10053253173828125
13871,0.0,0.16031837463378906
13872,0.0,0.19235992431640625
13873,0.0,0.19849395751953125
13874,0.0,0.20511436462402344
13875,0.0,0.2048969268798828
13876,0.0,0.22122955322265625
13877,0.0,0.27160072326660156
13878,0.0,0.3195838928222656
13879,0.0,0.4653816223144531
13880,0.0,0.8909473419189453
13881,0.0,1.8810138702392578
13882,0.0,3.0060625076293945
13883,0.0,4.266078948974609
13884,0.0,5.766349792480469
13885,0.0,8.308542251586914
13886,4.0,11.856592178344727
13887,4.0,17.049091339111328
13888,4.0,23.10285186767578
13889,6.0,28.933570861816406
13890,10.0,33.859283447265625
13891,12.0,38.13865661621094
13892,28.0,42.09637451171875
13893,36.0,45.41175079345703
13894,44.0,48.836029052734375
13895,48.0,52.74470901489258
13896,64.0,58.09199523925781
13897,76.0,64.3407974243164
13898,82.0,73.33544921875
13899,102.0,84.8258285522461
13900,108.0,98.5154800415039
13901,158.0,110.38473510742188
13902,194.0,125.47432708740234
13903,192.0,139.25216674804688
13904,184.0,144.6697998046875
13905,208.0,142.417724609375
13906,240.0,140.45091247558594
13907,126.0,138.52903747558594
13908,148.0,137.38613891601562
13909,122.0,131.03514099121094
13910,132.0,125.43684387207031
13911,110.0,117.89884948730469
13912,58.0,108.97366333007812
13913,82.0,96.21116638183594
13914,74.0,86.04676055908203
13915,88.0,76.93659973144531
13916,84.0,68.66748046875
13917,106.0,55.5903205871582
13918,70.0,44.77397155761719
13919,108.0,36.37284851074219
13920,182.0,30.602022171020508
13921,98.0,25.291580200195312
13922,26.0,17.264616012573242
13923,30.0,8.035012245178223
13924,44.0,3.1321544647216797
13925,36.0,1.289316177368164
13926,36.0,0.16112899780273438
13927,32.0,-0.20969390869140625
13928,8.0,-0.5951290130615234
13929,2.0,-0.6204719543457031
13930,0.0,-0.41017723083496094
13931,0.0,-0.07629013061523438
13932,0.0,0.33795166015625
13933,0.0,0.8168582916259766
13934,0.0,0.6511497497558594
13935,0.0,0.7619705200195312
13936,0.0,0.8415374755859375
13937,0.0,1.0453720092773438
13938,0.0,0.8498802185058594
13939,0.0,0.6395854949951172
13940,0.0,0.36452674865722656
13941,0.0,0.20936203002929688
13942,0.0,0.07192802429199219
13943,0.0,0.3102531433105469
13944,0.0,0.3504676818847656
13945,0.0,0.5049247741699219
13946,0.0,0.09722137451171875
13947,0.0,-0.20111656188964844
13948,0.0,-0.3815803527832031
13949,0.0,-0.35528564453125
13950,0.0,-0.6690673828125
13951,0.0,-1.0162544250488281
13952,0.0,-1.1782608032226562
13953,0.0,-1.0839176177978516
13954,0.0,-0.962921142578125
13955,0.0,-0.8921260833740234
13956,0.0,-0.816680908203125
13957,0.0,-0.7281475067138672
13958,0.0,-0.5856800079345703
13959,0.0,-0.605377197265625
13960,0.0,-0.6390609741210938
13961,0.0,-0.6228542327880859
13962,0.0,-0.6162109375
13963,0.0,-0.7130260467529297
13964,0.0,-0.8157062530517578
13965,0.0,-0.9415988922119141
13966,0.0,-0.7148170471191406
13967,0.0,-0.5702800750732422
13968,0.0,-0.5508136749267578
13969,0.0,-0.6455974578857422
13970,0.0,-0.6337699890136719
13971,0.0,-0.7370815277099609
13972,0.0,-0.7691936492919922
13973,0.0,-0.9535236358642578
13974,0.0,-0.8597488403320312
13975,0.0,-0.8297595977783203
13976,0.0,-0.2707176208496094
13977,0.0,0.7089824676513672
13978,0.0,4.253603935241699
13979,0.0,9.316770553588867
13980,2.0,15.042449951171875
13981,8.0,20.93413543701172
13982,44.0,25.86349868774414
13983,66.0,30.517200469970703
13984,62.0,35.195281982421875
13985,56.0,41.317474365234375
13986,82.0,46.22221374511719
13987,140.0,50.739803314208984
13988,92.0,55.57228469848633
13989,142.0,60.81852340698242
13990,192.0,66.63694763183594
13991,176.0,71.26316833496094
13992,130.0,73.86518859863281
13993,94.0,74.72669982910156
13994,68.0,82.94121551513672
13995,72.0,101.82230377197266
13996,42.0,111.35208129882812
13997,54.0,109.59022521972656
13998,32.0,106.81285858154297
13999,32.0,103.11235046386719
14000,48.0,95.08434295654297
14001,60.0,86.44149017333984
14002,74.0,79.51594543457031
14003,106.0,77.12223815917969
14004,104.0,79.64961242675781
14005,96.0,89.95378875732422
14006,100.0,96.70442962646484
14007,114.0,99.77498626708984
14008,106.0,100.61166381835938
14009,68.0,102.96454620361328
14010,64.0,102.73734283447266
14011,76.0,99.12773895263672
14012,60.0,91.08073425292969
14013,66.0,80.30632019042969
14014,42.0,70.62570190429688
14015,26.0,60.98322677612305
14016,22.0,51.60050964355469
14017,20.0,40.73149108886719
14018,18.0,34.20716857910156
14019,16.0,29.59795379638672
14020,4.0,23.92401885986328
14021,2.0,15.63632869720459
14022,0.0,6.0909929275512695
14023,0.0,1.7814922332763672
14024,0.0,1.2498893737792969
14025,0.0,1.2264938354492188
14026,0.0,0.7084255218505859
14027,0.0,0.5152568817138672
14028,0.0,0.41110801696777344
14029,0.0,0.35079383850097656
14030,0.0,0.20085906982421875
14031,0.0,0.1730785369873047
14032,0.0,0.06902313232421875
14033,0.0,0.020582199096679688
14034,0.0,-0.0601959228515625
14035,0.0,-0.10325813293457031
14036,0.0,-0.12405014038085938
14037,0.0,-0.07102394104003906
14038,0.0,0.14240264892578125
14039,0.0,0.39692115783691406
14040,0.0,0.5848197937011719
14041,0.0,0.7853794097900391
14042,0.0,0.4073677062988281
14043,0.0,0.19632530212402344
14044,0.0,0.03983879089355469
14045,0.0,-0.08582496643066406
14046,0.0,-0.9994831085205078
14047,0.0,-1.358633041381836
14048,0.0,-1.6612224578857422
14049,0.0,-1.8440914154052734
14050,0.0,-1.9927349090576172
14051,0.0,-2.0541038513183594
14052,0.0,-2.1175899505615234
14053,0.0,-2.205219268798828
14054,0.0,-2.2125091552734375
14055,0.0,-2.164459228515625
14056,0.0,-2.096027374267578
14057,0.0,-2.07110595703125
14058,0.0,-2.0161304473876953
14059,0.0,-2.0013256072998047
14060,0.0,-2.000699996948242
14061,0.0,-2.0502090454101562
14062,0.0,-2.015758514404297
14063,0.0,-2.017435073852539
14064,0.0,-2.0147876739501953
14065,0.0,-2.1096229553222656
14066,0.0,-1.9776859283447266
14067,0.0,-1.8618831634521484
14068,0.0,-1.4914798736572266
14069,0.0,-1.129058837890625
14070,0.0,-1.1733379364013672
14071,0.0,-1.1439857482910156
14072,0.0,-0.6851539611816406
14073,0.0,0.3282279968261719
14074,0.0,3.1464900970458984
14075,0.0,10.979018211364746
14076,4.0,25.65233612060547
14077,24.0,46.18738555908203
14078,40.0,73.79923248291016
14079,96.0,104.21244049072266
14080,140.0,130.21096801757812
14081,186.0,155.05288696289062
14082,234.0,186.83251953125
14083,348.0,237.42559814453125
14084,468.0,300.2254333496094
14085,438.0,387.33184814453125
14086,358.0,523.8352661132812
14087,378.0,686.1285400390625
14088,710.0,858.2529907226562
14089,912.0,986.8700561523438
14090,932.0,1054.1732177734375
14091,1060.0,1090.29345703125
14092,1180.0,1146.6165771484375
14093,1198.0,1262.3719482421875
14094,998.0,1271.813720703125
14095,1080.0,1271.7781982421875
14096,1388.0,1271.47216796875
14097,1388.0,1270.6405029296875
14098,996.0,1269.3699951171875
14099,1152.0,1268.466064453125
14100,1314.0,1267.3243408203125
14101,1234.0,1266.109375
14102,1406.0,1262.374267578125
14103,1342.0,1249.3970947265625
14104,1248.0,1231.4898681640625
14105,1276.0,1207.5277099609375
14106,1302.0,1162.76513671875
14107,1256.0,1072.615966796875
14108,1190.0,986.2013549804688
14109,738.0,905.4629516601562
14110,894.0,818.8107299804688
14111,908.0,665.8484497070312
14112,816.0,522.7066650390625
14113,760.0,475.273681640625
14114,572.0,415.7931213378906
14115,536.0,345.5460510253906
14116,242.0,274.42852783203125
14117,136.0,219.11245727539062
14118,94.0,168.01651000976562
14119,46.0,90.01717376708984
14120,18.0,2.0335426330566406
14121,2.0,1.0252723693847656
14122,0.0,0.9728355407714844
14123,0.0,1.0484161376953125
14124,0.0,1.085397720336914
14125,0.0,1.1932106018066406
14126,0.0,1.1015758514404297
14127,0.0,1.0308494567871094
14128,0.0,0.9222774505615234
14129,0.0,0.8110370635986328
14130,0.0,0.7789134979248047
14131,0.0,0.797821044921875
14132,0.0,0.8235511779785156
14133,0.0,0.8320236206054688
14134,0.0,0.8851661682128906
14135,0.0,1.0039234161376953
14136,0.0,1.1532173156738281
14137,0.0,1.2261180877685547
14138,0.0,1.275918960571289
14139,0.0,1.3391399383544922
14140,0.0,1.3612384796142578
14141,0.0,0.8809356689453125
14142,0.0,0.6331024169921875
14143,0.0,0.3798236846923828
14144,0.0,0.1423187255859375
14145,0.0,-0.002918243408203125
14146,0.0,-0.08603477478027344
14147,0.0,-0.09172821044921875
14148,0.0,-0.06629753112792969
14149,0.0,-0.09377098083496094
14150,0.0,-0.11447906494140625
14151,0.0,-0.11186599731445312
14152,0.0,-0.09610557556152344
14153,0.0,-0.16570472717285156
14154,0.0,-0.20919227600097656
14155,0.0,-0.2429485321044922
14156,0.0,-0.26999855041503906
14157,0.0,-0.37290382385253906
14158,0.0,-0.41329383850097656
14159,0.0,-0.4725055694580078
14160,0.0,-0.5347080230712891
14161,0.0,-0.6739921569824219
14162,0.0,-0.7258071899414062
14163,0.0,-0.8166446685791016
14164,0.0,-0.9136142730712891
14165,0.0,-1.085927963256836
14166,0.0,-1.1790409088134766
14167,0.0,-1.3280677795410156
14168,0.0,-0.6752166748046875
14169,0.0,0.9816532135009766
14170,2.0,6.351557731628418
14171,12.0,18.93282127380371
14172,32.0,37.452423095703125
14173,46.0,59.88484191894531
14174,60.0,87.3022689819336
14175,86.0,119.23303985595703
14176,140.0,155.87826538085938
14177,212.0,203.77313232421875
14178,284.0,274.7207336425781
14179,392.0,368.32550048828125
14180,508.0,471.53485107421875
14181,618.0,585.88623046875
14182,726.0,696.8858642578125
14183,826.0,789.8518676757812
14184,918.0,873.05810546875
14185,1004.0,916.9315795898438
14186,1082.0,955.4799194335938
14187,1130.0,990.3252563476562
14188,1168.0,1029.4197998046875
14189,1292.0,1070.57080078125
14190,1346.0,1113.2265625
14191,1362.0,1128.767578125
14192,1356.0,948.1073608398438
14193,1450.0,1038.3389892578125
14194,1462.0,1058.6900634765625
14195,1484.0,1024.520751953125
14196,1438.0,964.6719970703125
14197,1494.0,896.0067749023438
14198,1208.0,794.0938110351562
14199,1016.0,703.260009765625
14200,1354.0,568.9429321289062
14201,930.0,261.85711669921875
14202,1014.0,192.8497314453125
14203,1418.0,209.6220703125
14204,822.0,213.15802001953125
14205,998.0,164.81671142578125
14206,1086.0,161.67501831054688
14207,246.0,260.5487060546875
14208,1040.0,362.4003601074219
14209,436.0,365.6725769042969
14210,116.0,334.1564025878906
14211,140.0,257.3780517578125
14212,86.0,196.58883666992188
14213,88.0,131.06619262695312
14214,130.0,85.34770965576172
14215,88.0,53.64746856689453
14216,28.0,1.3256149291992188
14217,4.0,-0.0377044677734375
14218,0.0,-0.05272674560546875
14219,0.0,0.11810874938964844
14220,0.0,0.3117485046386719
14221,0.0,0.6693172454833984
14222,0.0,0.9441165924072266
14223,0.0,1.2182598114013672
14224,0.0,1.435445785522461
14225,0.0,1.6824207305908203
14226,0.0,1.4083385467529297
14227,0.0,1.2744789123535156
14228,0.0,1.087503433227539
14229,0.0,0.9076404571533203
14230,0.0,0.7633800506591797
14231,0.0,0.7352294921875
14232,0.0,0.7442588806152344
14233,0.0,0.7523422241210938
14234,0.0,0.7778987884521484
14235,0.0,0.8799037933349609
14236,0.0,0.9212417602539062
14237,0.0,0.2052288055419922
14238,0.0,-0.529541015625
14239,0.0,-0.8315696716308594
14240,0.0,-1.2054519653320312
14241,0.0,-1.2975406646728516
14242,0.0,-1.370889663696289
14243,0.0,-1.3847885131835938
14244,0.0,-1.237405776977539
14245,0.0,-1.0003032684326172
14246,0.0,-0.746368408203125
14247,0.0,-0.5954685211181641
14248,0.0,-0.4715099334716797
14249,0.0,-0.34764671325683594
14250,0.0,-0.4957008361816406
14251,0.0,-0.6940078735351562
14252,0.0,-0.9073982238769531
14253,0.0,-1.1561470031738281
14254,0.0,-1.0550251007080078
14255,0.0,-0.7809028625488281
14256,0.0,-0.3654899597167969
14257,0.0,0.017992019653320312
14258,0.0,-0.16920089721679688
14259,0.0,-0.3972949981689453
14260,0.0,-0.6909141540527344
14261,0.0,-0.9440727233886719
14262,0.0,-0.7838287353515625
14263,0.0,0.07169723510742188
14264,0.0,3.863006591796875
14265,0.0,14.72690486907959
14266,0.0,33.18670654296875
14267,8.0,55.468345642089844
14268,20.0,74.48003387451172
14269,36.0,93.20928955078125
14270,60.0,113.16985321044922
14271,76.0,135.9168701171875
14272,116.0,163.73809814453125
14273,176.0,205.18768310546875
14274,190.0,265.14178466796875
14275,374.0,347.2344970703125
14276,476.0,474.3293762207031
14277,608.0,644.4815673828125
14278,726.0,786.3819580078125
14279,886.0,916.9657592773438
14280,856.0,1036.6529541015625
14281,848.0,1074.4713134765625
14282,1112.0,1109.4090576171875
14283,1316.0,1180.31396484375
14284,1408.0,1216.822021484375
14285,1080.0,1215.070068359375
14286,1336.0,1209.55419921875
14287,1312.0,1182.8485107421875
14288,1330.0,1120.667236328125
14289,1060.0,1120.6455078125
14290,1390.0,985.3590087890625
14291,1564.0,739.6546630859375
14292,1608.0,562.4111938476562
14293,1628.0,392.5932922363281
14294,1232.0,262.8515625
14295,1600.0,174.11297607421875
14296,1306.0,167.86593627929688
14297,1350.0,169.56076049804688
14298,1524.0,181.42117309570312
14299,980.0,226.16278076171875
14300,1034.0,302.03009033203125
14301,1122.0,331.0276794433594
14302,1052.0,308.4760437011719
14303,1072.0,259.6705017089844
14304,1100.0,220.57101440429688
14305,720.0,190.975830078125
14306,786.0,172.38128662109375
14307,750.0,154.75753784179688
14308,604.0,139.95314025878906
14309,436.0,131.33975219726562
14310,300.0,112.39412689208984
14311,136.0,77.13732147216797
14312,20.0,37.93324661254883
14313,8.0,5.890131950378418
14314,0.0,1.3205738067626953
14315,0.0,0.7859058380126953
14316,0.0,0.7358379364013672
14317,0.0,0.8560009002685547
14318,0.0,0.8656063079833984
14319,0.0,0.9001808166503906
14320,0.0,0.9148597717285156
14321,0.0,0.9806232452392578
14322,0.0,1.0224742889404297
14323,0.0,1.0725212097167969
14324,0.0,1.110565185546875
14325,0.0,1.1356678009033203
14326,0.0,1.1322383880615234
14327,0.0,1.151590347290039
14328,0.0,1.1550159454345703
14329,0.0,1.0941410064697266
14330,0.0,1.0497989654541016
14331,0.0,1.0201530456542969
14332,0.0,0.9790096282958984
14333,0.0,0.208404541015625
14334,0.0,0.5779285430908203
14335,0.0,0.7008571624755859
14336,0.0,0.7879371643066406
14337,0.0,0.8570766448974609
14338,0.0,0.841217041015625
14339,0.0,0.8015594482421875
14340,0.0,0.7516670227050781
14341,0.0,0.7664012908935547
14342,0.0,0.8194770812988281
14343,0.0,0.9105129241943359
14344,0.0,1.0133228302001953
14345,0.0,1.2271366119384766
14346,0.0,1.3966941833496094
14347,0.0,1.5273761749267578
14348,0.0,1.6184673309326172
14349,0.0,1.8014984130859375
14350,0.0,1.92974853515625
14351,0.0,1.9860382080078125
14352,0.0,1.998392105102539
14353,0.0,2.145801544189453
14354,0.0,2.247537612915039
14355,0.0,2.264495849609375
14356,0.0,2.221698760986328
14357,0.0,2.4070186614990234
14358,0.0,2.835221290588379
14359,0.0,4.437786102294922
14360,0.0,8.151671409606934
14361,2.0,15.077774047851562
14362,4.0,24.03594207763672
14363,12.0,35.91521453857422
14364,32.0,55.024757385253906
14365,42.0,78.47197723388672
14366,52.0,106.12433624267578
14367,68.0,139.22122192382812
14368,108.0,181.17120361328125
14369,178.0,235.83151245117188
14370,292.0,305.322998046875
14371,414.0,380.2460632324219
14372,536.0,466.4403076171875
14373,648.0,564.8491821289062
14374,758.0,674.3875732421875
14375,854.0,869.7123413085938
14376,944.0,1068.1181640625
14377,1034.0,1146.98095703125
14378,1106.0,1241.3125
14379,1180.0,1253.5244140625
14380,1244.0,1245.1497802734375
14381,1304.0,1229.7952880859375
14382,1356.0,1217.2403564453125
14383,1396.0,1207.698974609375
14384,1428.0,1195.48974609375
14385,1464.0,1185.421630859375
14386,1488.0,1166.583984375
14387,1496.0,1136.931396484375
14388,1506.0,1101.52783203125
14389,1506.0,1081.3433837890625
14390,1510.0,1067.46435546875
14391,1502.0,1059.3184814453125
14392,1492.0,1052.2301025390625
14393,1472.0,1047.4456787109375
14394,1438.0,1035.6865234375
14395,1406.0,1023.2960205078125
14396,1364.0,994.9268188476562
14397,1304.0,900.152587890625
14398,1228.0,776.3191528320312
14399,1136.0,722.4706420898438
14400,1040.0,749.939697265625
14401,894.0,696.8923950195312
14402,774.0,562.7806396484375
14403,694.0,410.4323425292969
14404,590.0,323.00030517578125
14405,464.0,250.87545776367188
14406,326.0,196.86666870117188
14407,154.0,127.0035400390625
14408,20.0,6.154758453369141
14409,10.0,0.12891006469726562
14410,2.0,0.33915138244628906
14411,0.0,0.47286224365234375
14412,0.0,0.5832672119140625
14413,0.0,0.7701644897460938
14414,0.0,0.8462715148925781
14415,0.0,0.9374294281005859
14416,0.0,1.0309066772460938
14417,0.0,1.1628570556640625
14418,0.0,1.2050647735595703
14419,0.0,1.2583808898925781
14420,0.0,1.2994670867919922
14421,0.0,1.3251590728759766
14422,0.0,1.3183422088623047
14423,0.0,1.3425579071044922
14424,0.0,1.3600959777832031
14425,0.0,1.3190879821777344
14426,0.0,1.3147811889648438
14427,0.0,1.3387336730957031
14428,0.0,1.3596153259277344
14429,0.0,0.4451427459716797
14430,0.0,0.3464336395263672
14431,0.0,0.2330455780029297
14432,0.0,0.1342601776123047
14433,0.0,0.11446380615234375
14434,0.0,-0.00029754638671875
14435,0.0,-0.11252975463867188
14436,0.0,-0.2290477752685547
14437,0.0,-0.2289600372314453
14438,0.0,-0.26601219177246094
14439,0.0,-0.2738323211669922
14440,0.0,-0.28148460388183594
14441,0.0,-0.10557365417480469
14442,0.0,-0.04690361022949219
14443,0.0,-0.0052490234375
14444,0.0,0.011697769165039062
14445,0.0,0.20080184936523438
14446,0.0,0.3000335693359375
14447,0.0,0.36907386779785156
14448,0.0,0.40641212463378906
14449,0.0,0.6230964660644531
14450,0.0,0.7662887573242188
14451,0.0,0.8429279327392578
14452,0.0,0.8607234954833984
14453,0.0,1.1236419677734375
14454,0.0,1.6452407836914062
14455,0.0,3.857527732849121
14456,0.0,9.526959419250488
14457,0.0,19.858964920043945
14458,4.0,32.014190673828125
14459,12.0,44.06318664550781
14460,28.0,55.49270248413086
14461,42.0,69.54503631591797
14462,50.0,85.1060791015625
14463,72.0,105.41603088378906
14464,116.0,135.46975708007812
14465,192.0,185.2677001953125
14466,296.0,292.6359558105469
14467,418.0,422.4349060058594
14468,538.0,541.6098022460938
14469,650.0,640.9238891601562
14470,754.0,740.1517944335938
14471,848.0,906.9164428710938
14472,938.0,1114.635986328125
14473,1022.0,1206.97314453125
14474,1096.0,1231.14990234375
14475,1168.0,1239.161865234375
14476,1228.0,1238.69775390625
14477,1284.0,1180.3927001953125
14478,1330.0,1075.1036376953125
14479,1370.0,1043.748779296875
14480,1400.0,1019.4676513671875
14481,1432.0,997.821044921875
14482,1456.0,932.9305419921875
14483,1472.0,778.0820922851562
14484,1478.0,725.313720703125
14485,1486.0,757.3455200195312
14486,1480.0,789.642822265625
14487,1478.0,826.0302124023438
14488,1462.0,861.0166015625
14489,1444.0,866.1369018554688
14490,1420.0,824.92919921875
14491,1388.0,756.5286865234375
14492,1344.0,673.5313110351562
14493,1316.0,606.42431640625
14494,1232.0,536.3456420898438
14495,1128.0,495.2086181640625
14496,1026.0,530.8207397460938
14497,910.0,543.2349853515625
14498,756.0,537.0147094726562
14499,672.0,507.17822265625
14500,568.0,409.2764892578125
14501,448.0,286.3741760253906
14502,340.0,213.90634155273438
14503,182.0,146.69573974609375
14504,18.0,24.176773071289062
14505,8.0,1.6478233337402344
14506,0.0,0.7634677886962891
14507,0.0,0.7535858154296875
14508,0.0,0.7925758361816406
14509,0.0,0.9211196899414062
14510,0.0,0.966461181640625
14511,0.0,1.0299797058105469
14512,0.0,1.0808067321777344
14513,0.0,1.1605720520019531
14514,0.0,1.1719036102294922
14515,0.0,1.2136096954345703
14516,0.0,1.2406082153320312
14517,0.0,1.2398719787597656
14518,0.0,1.2252559661865234
14519,0.0,1.245138168334961
14520,0.0,1.2582168579101562
14521,0.0,1.207733154296875
14522,0.0,1.1784915924072266
14523,0.0,1.184488296508789
14524,0.0,1.1888980865478516
14525,0.0,0.2522850036621094
14526,0.0,-0.12938499450683594
14527,0.0,-0.3493633270263672
14528,0.0,-0.46971702575683594
14529,0.0,-0.4899425506591797
14530,0.0,-0.5685443878173828
14531,0.0,-0.6262035369873047
14532,0.0,-0.6721591949462891
14533,0.0,-0.6340866088867188
14534,0.0,-0.6385688781738281
14535,0.0,-0.6322460174560547
14536,0.0,-0.6262722015380859
14537,0.0,-0.5408287048339844
14538,0.0,-0.5148715972900391
14539,0.0,-0.49254608154296875
14540,0.0,-0.4740161895751953
14541,0.0,-0.3773651123046875
14542,0.0,-0.31774139404296875
14543,0.0,-0.2777233123779297
14544,0.0,-0.25208473205566406
14545,0.0,-0.16128158569335938
14546,0.0,-0.07723617553710938
14547,0.0,-0.025499343872070312
14548,0.0,0.0037937164306640625
14549,0.0,0.09387016296386719
14550,0.0,0.36174774169921875
14551,0.0,1.3697357177734375
14552,0.0,4.097609519958496
14553,0.0,11.368124008178711
14554,8.0,25.52050018310547
14555,12.0,42.374385833740234
14556,34.0,57.670894622802734
14557,42.0,71.65168762207031
14558,56.0,88.61285400390625
14559,72.0,116.66165924072266
14560,112.0,168.32080078125
14561,188.0,246.62661743164062
14562,294.0,363.10955810546875
14563,410.0,480.1468505859375
14564,526.0,579.854248046875
14565,638.0,661.29931640625
14566,734.0,747.1815185546875
14567,830.0,818.7740478515625
14568,916.0,899.53271484375
14569,996.0,969.5473022460938
14570,1062.0,1017.5533447265625
14571,1130.0,690.326171875
14572,1184.0,549.2440185546875
14573,1242.0,661.3621215820312
14574,1290.0,768.936279296875
14575,1322.0,948.45751953125
14576,1366.0,1205.8363037109375
14577,1392.0,1252.1417236328125
14578,1410.0,1266.2764892578125
14579,1418.0,1269.8470458984375
14580,1426.0,1270.579833984375
14581,1426.0,1270.8350830078125
14582,1428.0,1270.799560546875
14583,1412.0,1270.7054443359375
14584,1404.0,1270.507080078125
14585,1376.0,1270.287353515625
14586,1346.0,1268.8974609375
14587,1316.0,1263.0711669921875
14588,1274.0,1251.068359375
14589,1212.0,1223.6768798828125
14590,1132.0,1161.0926513671875
14591,1034.0,1074.7755126953125
14592,930.0,975.8324584960938
14593,820.0,864.4830322265625
14594,684.0,741.4591064453125
14595,590.0,621.1558227539062
14596,498.0,462.2863464355469
14597,376.0,325.8663024902344
14598,252.0,235.36505126953125
14599,68.0,153.49188232421875
14600,10.0,22.408260345458984
14601,2.0,2.546433448791504
14602,0.0,0.10464668273925781
14603,0.0,-0.3996753692626953
14604,0.0,-0.6334972381591797
14605,0.0,-0.6103935241699219
14606,0.0,-0.6540737152099609
14607,0.0,-0.5711574554443359
14608,0.0,-0.39131736755371094
14609,0.0,-0.13390731811523438
14610,0.0,0.14895057678222656
14611,0.0,0.47269439697265625
14612,0.0,0.7678966522216797
14613,0.0,1.0295963287353516
14614,0.0,0.9828014373779297
14615,0.0,0.9879722595214844
14616,0.0,0.9788627624511719
14617,0.0,0.9585933685302734
14618,0.0,0.9431781768798828
14619,0.0,0.9575099945068359
14620,0.0,0.9740390777587891
14621,0.0,0.7125186920166016
14622,0.0,0.1882457733154297
14623,0.0,-0.09630012512207031
14624,0.0,-0.2849597930908203
14625,0.0,-0.3688774108886719
14626,0.0,-0.47852325439453125
14627,0.0,-0.5280494689941406
14628,0.0,-0.5554351806640625
14629,0.0,-0.5497932434082031
14630,0.0,-0.5792198181152344
14631,0.0,-0.5699748992919922
14632,0.0,-0.5441627502441406
14633,0.0,-0.5287761688232422
14634,0.0,-0.484832763671875
14635,0.0,-0.42905426025390625
14636,0.0,-0.36610984802246094
14637,0.0,-0.40361976623535156
14638,0.0,-0.2323589324951172
14639,0.0,-0.19145774841308594
14640,0.0,-0.12810516357421875
14641,0.0,-0.20781707763671875
14642,0.0,-0.2617378234863281
14643,0.0,-0.3224315643310547
14644,0.0,-0.3997001647949219
14645,0.0,-0.6259346008300781
14646,0.0,-0.6025371551513672
14647,0.0,-0.26599884033203125
14648,0.0,1.0074024200439453
14649,0.0,4.460854530334473
14650,0.0,14.408309936523438
14651,8.0,32.83259582519531
14652,24.0,52.59912872314453
14653,40.0,73.47972106933594
14654,56.0,98.48388671875
14655,74.0,129.6292724609375
14656,114.0,169.7532958984375
14657,184.0,230.04531860351562
14658,276.0,325.4701232910156
14659,380.0,433.126708984375
14660,488.0,539.8372802734375
14661,588.0,667.3663330078125
14662,686.0,774.2283935546875
14663,774.0,856.2578735351562
14664,860.0,926.4050903320312
14665,932.0,982.63427734375
14666,1008.0,1031.771240234375
14667,1076.0,1076.895751953125
14668,1136.0,1120.3111572265625
14669,1180.0,998.7332153320312
14670,1232.0,1207.0413818359375
14671,1268.0,1254.240478515625
14672,1312.0,1269.474609375
14673,1334.0,1270.518798828125
14674,1348.0,1270.868408203125
14675,1366.0,1270.97119140625
14676,1372.0,1271.0355224609375
14677,1368.0,1271.16259765625
14678,1368.0,1271.008544921875
14679,1364.0,1270.3638916015625
14680,1344.0,1267.320556640625
14681,1312.0,1261.8135986328125
14682,1276.0,1246.6683349609375
14683,1222.0,1218.7752685546875
14684,1190.0,1192.457275390625
14685,1132.0,1161.219482421875
14686,1068.0,1114.734130859375
14687,986.0,1035.7249755859375
14688,874.0,951.5082397460938
14689,760.0,873.4559326171875
14690,634.0,768.9620361328125
14691,542.0,653.5225830078125
14692,440.0,519.2344360351562
14693,324.0,366.85845947265625
14694,224.0,258.6761474609375
14695,128.0,173.37603759765625
14696,20.0,51.16502380371094
14697,4.0,8.950793266296387
14698,0.0,0.46822357177734375
14699,0.0,0.1475811004638672
14700,0.0,0.2150592803955078
14701,0.0,0.3013267517089844
14702,0.0,0.3113059997558594
14703,0.0,0.361480712890625
14704,0.0,0.4119110107421875
14705,0.0,0.4664573669433594
14706,0.0,0.5281581878662109
14707,0.0,0.6124629974365234
14708,0.0,0.6767463684082031
14709,0.0,0.7462444305419922
14710,0.0,0.8445682525634766
14711,0.0,0.9745769500732422
14712,0.0,1.066009521484375
14713,0.0,1.1072845458984375
14714,0.0,1.1472530364990234
14715,0.0,1.184885025024414
14716,0.0,1.2008914947509766
14717,0.0,0.9254837036132812
14718,0.0,0.20356178283691406
14719,0.0,-0.28167152404785156
14720,0.0,-0.5949649810791016
14721,0.0,-0.7195873260498047
14722,0.0,-0.8645343780517578
14723,0.0,-0.9510898590087891
14724,0.0,-1.0195770263671875
14725,0.0,-1.0083198547363281
14726,0.0,-1.0563430786132812
14727,0.0,-1.0795841217041016
14728,0.0,-1.0860233306884766
14729,0.0,-1.0324821472167969
14730,0.0,-1.0733585357666016
14731,0.0,-1.0893497467041016
14732,0.0,-1.1048526763916016
14733,0.0,-1.0604991912841797
14734,0.0,-1.127471923828125
14735,0.0,-1.1794815063476562
14736,0.0,-1.2382736206054688
14737,0.0,-1.2693519592285156
14738,0.0,-1.408203125
14739,0.0,-1.5371360778808594
14740,0.0,-1.6662979125976562
14741,0.0,-1.76025390625
14742,0.0,-1.5767459869384766
14743,0.0,0.3687152862548828
14744,0.0,5.229092597961426
14745,0.0,16.114538192749023
14746,2.0,32.23927307128906
14747,8.0,45.49001693725586
14748,26.0,54.448875427246094
14749,38.0,63.315860748291016
14750,50.0,76.93354797363281
14751,72.0,106.80420684814453
14752,114.0,190.2781982421875
14753,190.0,339.63201904296875
14754,288.0,493.2843017578125
14755,396.0,609.4212646484375
14756,500.0,747.6945190429688
14757,610.0,848.1541748046875
14758,708.0,959.9278564453125
14759,802.0,1035.4586181640625
14760,888.0,1097.4974365234375
14761,972.0,1160.5859375
14762,1052.0,1228.8721923828125
14763,1128.0,1249.7554931640625
14764,1188.0,1236.0439453125
14765,1256.0,1235.316162109375
14766,1300.0,1181.23876953125
14767,1360.0,1095.5361328125
14768,1386.0,1100.7791748046875
14769,1418.0,1161.0565185546875
14770,1434.0,1170.6693115234375
14771,1442.0,1173.9425048828125
14772,1448.0,1174.1976318359375
14773,1420.0,1189.8990478515625
14774,1392.0,1173.773681640625
14775,1376.0,1142.4713134765625
14776,1340.0,1099.1331787109375
14777,1316.0,1071.0684814453125
14778,1292.0,1050.98876953125
14779,1252.0,1021.015625
14780,1196.0,951.4234619140625
14781,1048.0,873.6212158203125
14782,964.0,800.2720947265625
14783,888.0,730.5656127929688
14784,606.0,620.6715087890625
14785,290.0,534.6349487304688
14786,394.0,414.12237548828125
14787,208.0,301.086181640625
14788,110.0,182.32260131835938
14789,80.0,124.3813247680664
14790,68.0,88.5417709350586
14791,36.0,52.127593994140625
14792,12.0,-0.2127838134765625
14793,0.0,-0.07484626770019531
14794,0.0,0.1827850341796875
14795,0.0,0.27527427673339844
14796,0.0,0.4149322509765625
14797,0.0,0.6572246551513672
14798,0.0,0.36543846130371094
14799,0.0,0.1830291748046875
14800,0.0,0.06491470336914062
14801,0.0,0.022249221801757812
14802,0.0,0.09227180480957031
14803,0.0,0.21177101135253906
14804,0.0,0.38529014587402344
14805,0.0,0.5609989166259766
14806,0.0,0.3459186553955078
14807,0.0,0.2197093963623047
14808,0.0,0.08291435241699219
14809,0.0,0.00888824462890625
14810,0.0,-0.09782791137695312
14811,0.0,-0.1437854766845703
14812,0.0,-0.1855602264404297
14813,0.0,0.4322185516357422
14814,0.0,0.006023406982421875
14815,0.0,-0.29693603515625
14816,0.0,-0.6268806457519531
14817,0.0,-0.9770355224609375
14818,0.0,-1.2472400665283203
14819,0.0,-1.3761043548583984
14820,0.0,-1.4318809509277344
14821,0.0,-1.3670825958251953
14822,0.0,-1.3102054595947266
14823,0.0,-1.2776317596435547
14824,0.0,-1.26220703125
14825,0.0,-1.2030582427978516
14826,0.0,-1.1175708770751953
14827,0.0,-0.9872455596923828
14828,0.0,-0.8547134399414062
14829,0.0,-0.6812400817871094
14830,0.0,-0.3366279602050781
14831,0.0,-0.09067344665527344
14832,0.0,-0.020137786865234375
14833,0.0,-0.03194618225097656
14834,0.0,0.17753219604492188
14835,0.0,0.21548843383789062
14836,0.0,0.29640769958496094
14837,0.0,0.33289146423339844
14838,0.0,0.6413707733154297
14839,0.0,2.2771987915039062
14840,0.0,5.3129072189331055
14841,2.0,10.815559387207031
14842,6.0,20.941146850585938
14843,8.0,32.383872985839844
14844,34.0,46.18332290649414
14845,56.0,65.1416015625
14846,64.0,88.50399780273438
14847,64.0,111.12472534179688
14848,92.0,134.78846740722656
14849,110.0,159.1103515625
14850,164.0,181.47015380859375
14851,144.0,205.93060302734375
14852,132.0,250.3140869140625
14853,306.0,348.79638671875
14854,342.0,398.33795166015625
14855,386.0,405.05352783203125
14856,666.0,466.56103515625
14857,372.0,578.7026977539062
14858,330.0,651.185791015625
14859,334.0,583.120361328125
14860,332.0,447.1448974609375
14861,276.0,268.7597961425781
14862,292.0,195.043212890625
14863,256.0,197.22796630859375
14864,656.0,219.15167236328125
14865,536.0,228.44461059570312
14866,396.0,236.55865478515625
14867,450.0,247.61843872070312
14868,818.0,283.1351623535156
14869,668.0,321.938720703125
14870,622.0,363.32281494140625
14871,360.0,383.96856689453125
14872,376.0,427.6197509765625
14873,316.0,548.4177856445312
14874,310.0,697.0355834960938
14875,356.0,886.628662109375
14876,408.0,905.5458984375
14877,656.0,697.2045288085938
14878,384.0,461.96820068359375
14879,208.0,349.40447998046875
14880,240.0,258.405029296875
14881,172.0,198.17868041992188
14882,96.0,155.66204833984375
14883,80.0,117.35672760009766
14884,64.0,80.62557983398438
14885,70.0,46.52927017211914
14886,58.0,17.893545150756836
14887,50.0,2.615572929382324
14888,38.0,-0.243255615234375
14889,16.0,-0.2800006866455078
14890,4.0,-0.35234832763671875
14891,0.0,-0.3989143371582031
14892,0.0,-0.3700847625732422
14893,0.0,-0.18276405334472656
14894,0.0,-0.16822052001953125
14895,0.0,-0.09783935546875
14896,0.0,-0.10315895080566406
14897,0.0,-0.06812286376953125
14898,0.0,-0.11106109619140625
14899,0.0,-0.033420562744140625
14900,0.0,0.19913482666015625
14901,0.0,0.5157146453857422
14902,0.0,0.6263809204101562
14903,0.0,0.7200393676757812
14904,0.0,0.764923095703125
14905,0.0,0.7183437347412109
14906,0.0,0.7378902435302734
14907,0.0,0.7509536743164062
14908,0.0,0.7694301605224609
14909,0.0,0.5344085693359375
14910,0.0,0.6834468841552734
14911,0.0,0.42870330810546875
14912,0.0,0.09548377990722656
14913,0.0,-0.2870006561279297
14914,0.0,-0.5981178283691406
14915,0.0,-0.7292366027832031
14916,0.0,-0.7360363006591797
14917,0.0,-0.7358760833740234
14918,0.0,-0.7885189056396484
14919,0.0,-0.8848457336425781
14920,0.0,-1.0038127899169922
14921,0.0,-1.0788078308105469
14922,0.0,-1.1515731811523438
14923,0.0,-1.2308216094970703
14924,0.0,-1.2585525512695312
14925,0.0,-1.2621612548828125
14926,0.0,-1.2319469451904297
14927,0.0,-1.2303314208984375
14928,0.0,-1.3042411804199219
14929,0.0,-1.5500621795654297
14930,0.0,-1.6361827850341797
14931,0.0,-1.7182960510253906
14932,0.0,-1.758584976196289
14933,0.0,-1.9788837432861328
14934,0.0,-2.117870330810547
14935,0.0,-2.0215301513671875
14936,0.0,-1.6223621368408203
14937,0.0,-0.8232955932617188
14938,4.0,0.7721672058105469
14939,8.0,4.144401550292969
14940,8.0,9.938944816589355
14941,16.0,20.800771713256836
14942,18.0,33.9686164855957
14943,18.0,47.498756408691406
14944,20.0,58.5795783996582
14945,28.0,66.36937713623047
14946,42.0,73.0752944946289
14947,42.0,78.30924987792969
14948,48.0,82.25409698486328
14949,80.0,85.59811401367188
14950,92.0,92.04934692382812
14951,124.0,101.24284362792969
14952,184.0,113.87142181396484
14953,208.0,133.26466369628906
14954,254.0,152.00045776367188
14955,322.0,186.376708984375
14956,428.0,252.89016723632812
14957,486.0,330.0020751953125
14958,484.0,441.7999267578125
14959,386.0,619.3056640625
14960,644.0,793.8510131835938
14961,792.0,864.5584106445312
14962,482.0,804.8085327148438
14963,534.0,812.9812622070312
14964,376.0,1031.077392578125
14965,396.0,1145.2015380859375
14966,524.0,1224.9183349609375
14967,494.0,1232.246337890625
14968,246.0,1222.8475341796875
14969,236.0,828.63671875
14970,312.0,677.1644897460938
14971,656.0,778.4592895507812
14972,982.0,839.45947265625
14973,1150.0,877.0750732421875
14974,1084.0,881.58740234375
14975,786.0,878.9200439453125
14976,198.0,844.6177368164062
14977,606.0,741.946533203125
14978,630.0,544.2008056640625
14979,408.0,304.482666015625
14980,302.0,186.182373046875
14981,202.0,124.57511138916016
14982,242.0,75.91474914550781
14983,148.0,34.71422576904297
14984,52.0,7.378807067871094
14985,16.0,2.5383100509643555
14986,4.0,0.9244270324707031
14987,0.0,0.3840045928955078
14988,0.0,0.27087974548339844
14989,0.0,0.31846046447753906
14990,0.0,0.2602348327636719
14991,0.0,0.22766876220703125
14992,0.0,0.1677398681640625
14993,0.0,0.10640525817871094
14994,0.0,0.06654739379882812
14995,0.0,0.06521034240722656
14996,0.0,0.074798583984375
14997,0.0,0.04411125183105469
14998,0.0,-0.0124053955078125
14999,0.0,-0.052570343017578125
15000,0.0,-0.09889411926269531
15001,0.0,-0.1001129150390625
15002,0.0,-0.09656143188476562
15003,0.0,0.02411651611328125
15004,0.0,0.16781044006347656
15005,0.0,0.5973320007324219
15006,0.0,0.18686294555664062
15007,0.0,-0.11900901794433594
15008,0.0,-0.4836750030517578
15009,0.0,-0.6995506286621094
15010,0.0,-0.8373699188232422
15011,0.0,-1.001455307006836
15012,0.0,-1.1892585754394531
15013,0.0,-1.4575042724609375
15014,0.0,-1.4839344024658203
15015,0.0,-1.5114459991455078
15016,0.0,-1.4600353240966797
15017,0.0,-1.5079727172851562
15018,0.0,-1.454019546508789
15019,0.0,-1.2395286560058594
15020,0.0,-0.8220672607421875
15021,0.0,-0.33420562744140625
15022,0.0,-0.13370513916015625
15023,0.0,-0.05914306640625
15024,0.0,0.037754058837890625
15025,0.0,0.24582481384277344
15026,0.0,0.3734264373779297
15027,0.0,0.4936027526855469
15028,0.0,0.3250312805175781
15029,0.0,-0.07877159118652344
15030,0.0,0.5056381225585938
15031,0.0,2.594548225402832
15032,0.0,6.699151039123535
15033,0.0,14.248479843139648
15034,4.0,25.703279495239258
15035,0.0,40.44978332519531
15036,6.0,57.99885177612305
15037,10.0,81.97294616699219
15038,32.0,109.12357330322266
15039,80.0,134.20101928710938
15040,182.0,158.35394287109375
15041,266.0,190.51730346679688
15042,372.0,249.99148559570312
15043,444.0,309.72222900390625
15044,512.0,336.2259826660156
15045,612.0,373.2117004394531
15046,716.0,460.21563720703125
15047,728.0,631.5003051757812
15048,466.0,796.296630859375
15049,442.0,878.0853881835938
15050,512.0,924.0784301757812
15051,654.0,962.9769287109375
15052,654.0,992.2587280273438
15053,332.0,1096.1041259765625
15054,170.0,1153.2384033203125
15055,88.0,1168.5926513671875
15056,110.0,1188.751953125
15057,152.0,1196.3424072265625
15058,184.0,1208.2037353515625
15059,272.0,1214.2764892578125
15060,288.0,1201.2877197265625
15061,334.0,1180.417236328125
15062,642.0,1063.9937744140625
15063,1278.0,828.72802734375
15064,578.0,690.3189086914062
15065,700.0,724.0282592773438
15066,292.0,744.91064453125
15067,948.0,710.8567504882812
15068,1008.0,655.4782104492188
15069,312.0,679.579833984375
15070,348.0,637.9730224609375
15071,446.0,585.0132446289062
15072,580.0,533.2080078125
15073,356.0,498.673095703125
15074,270.0,437.6860656738281
15075,168.0,328.5455322265625
15076,320.0,209.08953857421875
15077,280.0,143.74578857421875
15078,104.0,94.15056610107422
15079,36.0,54.477195739746094
15080,28.0,14.786097526550293
15081,26.0,2.4873151779174805
15082,6.0,0.11986351013183594
15083,0.0,-0.3722801208496094
15084,0.0,-0.28371429443359375
15085,0.0,-0.22841262817382812
15086,0.0,-0.2301177978515625
15087,0.0,-0.1937694549560547
15088,0.0,-0.28224945068359375
15089,0.0,-0.3292560577392578
15090,0.0,-0.48949241638183594
15091,0.0,-0.5705642700195312
15092,0.0,-0.6733188629150391
15093,0.0,-0.7423763275146484
15094,0.0,-0.7897758483886719
15095,0.0,-0.7604179382324219
15096,0.0,-0.7398548126220703
15097,0.0,-0.7903060913085938
15098,0.0,-0.8827342987060547
15099,0.0,-0.9293231964111328
15100,0.0,-0.9556369781494141
15101,0.0,-1.7567100524902344
15102,0.0,-2.2188472747802734
15103,0.0,-2.498260498046875
15104,0.0,-2.4848995208740234
15105,0.0,-2.2084178924560547
15106,0.0,-1.9884090423583984
15107,0.0,-1.9084396362304688
15108,0.0,-1.8978404998779297
15109,0.0,-1.8879222869873047
15110,0.0,-1.8535327911376953
15111,0.0,-1.8474750518798828
15112,0.0,-1.8212966918945312
15113,0.0,-1.841604232788086
15114,0.0,-1.7878246307373047
15115,0.0,-1.7961711883544922
15116,0.0,-1.7893199920654297
15117,0.0,-1.828765869140625
15118,0.0,-1.6589527130126953
15119,0.0,-1.5553436279296875
15120,0.0,-1.438873291015625
15121,0.0,-1.3986625671386719
15122,0.0,-0.8645038604736328
15123,0.0,-0.18833351135253906
15124,0.0,0.43295860290527344
15125,0.0,0.9676265716552734
15126,0.0,2.034229278564453
15127,0.0,4.021183967590332
15128,0.0,7.531397819519043
15129,2.0,14.130973815917969
15130,4.0,23.555551528930664
15131,6.0,32.563026428222656
15132,10.0,39.201499938964844
15133,26.0,42.9249267578125
15134,60.0,47.48657989501953
15135,76.0,52.480812072753906
15136,108.0,58.2700080871582
15137,120.0,65.40400695800781
15138,134.0,74.06489562988281
15139,200.0,83.8614501953125
15140,170.0,93.59500122070312
15141,60.0,102.40646362304688
15142,60.0,109.37862396240234
15143,74.0,113.8650131225586
15144,82.0,116.40999603271484
15145,68.0,116.9703598022461
15146,64.0,118.54816436767578
15147,64.0,119.94386291503906
15148,88.0,121.45025634765625
15149,124.0,121.40422821044922
15150,132.0,124.21666717529297
15151,96.0,128.9735107421875
15152,112.0,136.4376983642578
15153,168.0,149.259033203125
15154,232.0,170.67520141601562
15155,144.0,201.14581298828125
15156,132.0,241.1971435546875
15157,182.0,273.5039367675781
15158,242.0,318.6286315917969
15159,254.0,367.1171875
15160,182.0,420.3475036621094
15161,330.0,489.5198974609375
15162,238.0,554.985595703125
15163,324.0,618.8175048828125
15164,304.0,664.5172729492188
15165,198.0,669.2388916015625
15166,142.0,640.1514892578125
15167,136.0,581.3654174804688
15168,116.0,517.1871948242188
15169,44.0,439.74127197265625
15170,56.0,340.1310729980469
15171,40.0,261.7774353027344
15172,32.0,193.18508911132812
15173,36.0,135.6287384033203
15174,24.0,87.7593765258789
15175,10.0,46.712825775146484
15176,4.0,23.730783462524414
15177,2.0,8.20302677154541
15178,0.0,1.5594921112060547
15179,0.0,0.6572113037109375
15180,0.0,0.5605945587158203
15181,0.0,0.7163715362548828
15182,0.0,0.7421951293945312
15183,0.0,0.8008155822753906
15184,0.0,0.8293552398681641
15185,0.0,0.9221897125244141
15186,0.0,1.0378131866455078
15187,0.0,1.1736431121826172
15188,0.0,1.2725391387939453
15189,0.0,1.3164787292480469
15190,0.0,1.0570793151855469
15191,0.0,0.9726734161376953
15192,0.0,0.9288806915283203
15193,0.0,0.9084510803222656
15194,0.0,0.8159008026123047
15195,0.0,0.9806880950927734
15196,0.0,1.151235580444336
15197,0.0,1.0705432891845703
15198,0.0,1.0969390869140625
15199,0.0,1.0556640625
15200,0.0,0.9524574279785156
15201,0.0,0.8728046417236328
15202,0.0,0.6274375915527344
15203,0.0,0.37329864501953125
15204,0.0,0.07075309753417969
15205,0.0,-0.24732398986816406
15206,0.0,-0.3737812042236328
15207,0.0,-0.4370708465576172
15208,0.0,-0.45445823669433594
15209,0.0,-0.5215492248535156
15210,0.0,-0.41514015197753906
15211,0.0,-0.27507781982421875
15212,0.0,-0.08628082275390625
15213,0.0,0.08365821838378906
15214,0.0,0.12016105651855469
15215,0.0,0.14186668395996094
15216,0.0,0.09931564331054688
15217,0.0,-0.06209564208984375
15218,0.0,-0.1773967742919922
15219,0.0,-0.3237571716308594
15220,0.0,-0.46416473388671875
15221,0.0,-0.6936855316162109
15222,0.0,-0.7904224395751953
15223,0.0,-0.4775657653808594
15224,0.0,0.8846435546875
15225,0.0,2.1458816528320312
15226,8.0,4.27107048034668
15227,14.0,7.700483322143555
15228,34.0,13.278280258178711
15229,54.0,22.35073471069336
15230,66.0,35.11698913574219
15231,92.0,49.370384216308594
15232,110.0,64.6651611328125
15233,98.0,81.30384826660156
15234,192.0,96.42142486572266
15235,196.0,108.55309295654297
15236,204.0,115.94642639160156
15237,204.0,120.48648834228516
15238,228.0,123.78361511230469
15239,178.0,126.02080535888672
15240,206.0,127.71318817138672
15241,268.0,130.91876220703125
15242,284.0,135.3275909423828
15243,260.0,139.39491271972656
15244,312.0,145.0696563720703
15245,224.0,158.56341552734375
15246,258.0,172.931884765625
15247,238.0,185.54537963867188
15248,262.0,195.80758666992188
15249,194.0,209.30050659179688
15250,242.0,221.5277099609375
15251,382.0,231.90133666992188
15252,380.0,241.93624877929688
15253,392.0,256.0249328613281
15254,668.0,272.9543151855469
15255,766.0,283.3088073730469
15256,300.0,295.0721435546875
15257,494.0,313.4759826660156
15258,352.0,342.9413146972656
15259,232.0,365.94189453125
15260,470.0,377.0570983886719
15261,794.0,350.3357238769531
15262,740.0,264.11468505859375
15263,218.0,162.55715942382812
15264,650.0,133.78826904296875
15265,596.0,126.9281234741211
15266,816.0,115.82445526123047
15267,688.0,99.26703643798828
15268,528.0,77.97541809082031
15269,416.0,54.78709030151367
15270,328.0,37.044532775878906
15271,230.0,20.54096221923828
15272,98.0,5.880679130554199
15273,28.0,2.087512969970703
15274,8.0,1.1439971923828125
15275,0.0,1.129180908203125
15276,0.0,1.3176536560058594
15277,0.0,1.510690689086914
15278,0.0,1.513723373413086
15279,0.0,1.5306358337402344
15280,0.0,1.5138721466064453
15281,0.0,1.4159603118896484
15282,0.0,1.3501148223876953
15283,0.0,1.2827606201171875
15284,0.0,1.2123165130615234
15285,0.0,1.0613727569580078
15286,0.0,1.0120487213134766
15287,0.0,0.9754257202148438
15288,0.0,0.9396152496337891
15289,0.0,0.7961273193359375
15290,0.0,0.7956523895263672
15291,0.0,0.8030414581298828
15292,0.0,0.8132457733154297
15293,0.0,0.6266574859619141
15294,0.0,0.9063053131103516
15295,0.0,0.9382514953613281
15296,0.0,0.9024257659912109
15297,0.0,0.8268947601318359
15298,0.0,0.75396728515625
15299,0.0,0.6983928680419922
15300,0.0,0.6498069763183594
15301,0.0,0.5286979675292969
15302,0.0,0.42337989807128906
15303,0.0,0.3464031219482422
15304,0.0,0.29314422607421875
15305,0.0,0.14253807067871094
15306,0.0,0.044208526611328125
15307,0.0,-0.021879196166992188
15308,0.0,-0.05856513977050781
15309,0.0,-0.1873931884765625
15310,0.0,-0.24712181091308594
15311,0.0,-0.3090629577636719
15312,0.0,-0.35307884216308594
15313,0.0,-0.5059185028076172
15314,0.0,-0.5682201385498047
15315,0.0,-0.6686325073242188
15316,0.0,-0.7680149078369141
15317,0.0,-1.1208839416503906
15318,0.0,-1.2373638153076172
15319,0.0,-1.437021255493164
15320,0.0,-1.5376968383789062
15321,8.0,-1.5594482421875
15322,22.0,4.63571834564209
15323,54.0,25.534141540527344
15324,82.0,53.196861267089844
15325,90.0,87.72051239013672
15326,98.0,122.8199691772461
15327,130.0,156.70498657226562
15328,202.0,194.8265380859375
15329,268.0,243.65191650390625
15330,352.0,301.21484375
15331,458.0,363.4702453613281
15332,564.0,443.4106750488281
15333,680.0,569.6482543945312
15334,786.0,718.8069458007812
15335,878.0,838.0178833007812
15336,964.0,917.0632934570312
15337,1040.0,969.8882446289062
15338,1116.0,1011.2689819335938
15339,1180.0,1043.66064453125
15340,1240.0,1095.6287841796875
15341,1284.0,1142.6871337890625
15342,1336.0,1222.6588134765625
15343,1384.0,1261.073486328125
15344,1416.0,1201.6072998046875
15345,1448.0,1068.3902587890625
15346,1464.0,876.7891235351562
15347,1484.0,812.8004150390625
15348,1482.0,771.7259521484375
15349,1486.0,755.659423828125
15350,1478.0,724.2919311523438
15351,1470.0,707.4702758789062
15352,1460.0,743.4268188476562
15353,1432.0,785.2843017578125
15354,1416.0,857.863037109375
15355,1360.0,954.377685546875
15356,1316.0,975.6636352539062
15357,1252.0,967.0428466796875
15358,1168.0,952.1991577148438
15359,1072.0,928.5382690429688
15360,998.0,891.4332275390625
15361,922.0,846.7042236328125
15362,808.0,757.9995727539062
15363,680.0,643.764404296875
15364,516.0,522.1399536132812
15365,192.0,359.96343994140625
15366,264.0,219.88912963867188
15367,208.0,96.0456314086914
15368,86.0,10.496621131896973
15369,30.0,0.8297386169433594
15370,12.0,-0.7339935302734375
15371,0.0,-0.9202232360839844
15372,0.0,-0.7281913757324219
15373,0.0,-0.6348304748535156
15374,0.0,-0.5186367034912109
15375,0.0,-0.39807701110839844
15376,0.0,-0.30401611328125
15377,0.0,-0.2976360321044922
15378,0.0,-0.33620643615722656
15379,0.0,-0.3397064208984375
15380,0.0,-0.3095817565917969
15381,0.0,-0.29970550537109375
15382,0.0,-0.4138507843017578
15383,0.0,-0.48207855224609375
15384,0.0,-0.5384635925292969
15385,0.0,-0.6050662994384766
15386,0.0,-0.73504638671875
15387,0.0,-0.7969570159912109
15388,0.0,-0.8379058837890625
15389,0.0,-0.2973003387451172
15390,0.0,-0.8145999908447266
15391,0.0,-0.8418426513671875
15392,0.0,-0.9422664642333984
15393,0.0,-0.9303359985351562
15394,0.0,-0.8274955749511719
15395,0.0,-0.7332496643066406
15396,0.0,-0.588958740234375
15397,0.0,-0.37671470642089844
15398,0.0,-0.17218971252441406
15399,0.0,-0.22107315063476562
15400,0.0,-0.29663848876953125
15401,0.0,-0.34220123291015625
15402,0.0,-0.23400115966796875
15403,0.0,-0.09700202941894531
15404,0.0,0.0273895263671875
15405,0.0,0.2214221954345703
15406,0.0,0.4572582244873047
15407,0.0,0.49721336364746094
15408,0.0,0.4337882995605469
15409,0.0,0.3445110321044922
15410,0.0,0.3435039520263672
15411,0.0,0.2863941192626953
15412,0.0,0.235015869140625
15413,0.0,0.3612098693847656
15414,0.0,2.7064895629882812
15415,0.0,7.814602851867676
15416,0.0,16.157371520996094
15417,4.0,27.341472625732422
15418,4.0,40.49402618408203
15419,8.0,54.83554458618164
15420,24.0,71.63929748535156
15421,40.0,94.2625961303711
15422,104.0,121.97312927246094
15423,116.0,153.27328491210938
15424,104.0,183.82568359375
15425,136.0,210.33816528320312
15426,156.0,227.57211303710938
15427,108.0,227.38876342773438
15428,114.0,216.5184326171875
15429,116.0,220.21127319335938
15430,142.0,228.13021850585938
15431,156.0,240.73147583007812
15432,196.0,255.6510009765625
15433,300.0,289.18389892578125
15434,282.0,360.2751159667969
15435,430.0,462.69757080078125
15436,392.0,542.30712890625
15437,320.0,610.6373901367188
15438,300.0,606.4647216796875
15439,252.0,596.8359375
15440,216.0,556.5573120117188
15441,252.0,505.0230407714844
15442,316.0,505.7977600097656
15443,340.0,496.8331604003906
15444,324.0,466.0037841796875
15445,284.0,401.5780334472656
15446,280.0,277.0309753417969
15447,226.0,192.06256103515625
15448,232.0,176.83499145507812
15449,174.0,172.42120361328125
15450,154.0,169.97854614257812
15451,202.0,170.12771606445312
15452,236.0,167.9725341796875
15453,240.0,152.50167846679688
15454,218.0,134.99185180664062
15455,152.0,105.66413879394531
15456,110.0,83.23954772949219
15457,60.0,66.09407806396484
15458,36.0,47.58258819580078
15459,32.0,31.688425064086914
15460,28.0,23.63495635986328
15461,24.0,16.267637252807617
15462,20.0,7.323881149291992
15463,10.0,1.0653877258300781
15464,6.0,-1.067892074584961
15465,0.0,-1.4831619262695312
15466,0.0,-1.5510272979736328
15467,0.0,-1.0743331909179688
15468,0.0,-0.2449359893798828
15469,0.0,0.6739368438720703
15470,0.0,1.0050277709960938
15471,0.0,1.055826187133789
15472,0.0,1.0531005859375
15473,0.0,1.0965251922607422
15474,0.0,1.0845966339111328
15475,0.0,1.1154632568359375
15476,0.0,1.0879402160644531
15477,0.0,1.0421142578125
15478,0.0,0.8523349761962891
15479,0.0,0.6433219909667969
15480,0.0,0.5421581268310547
15481,0.0,0.7170581817626953
15482,0.0,0.6592540740966797
15483,0.0,0.6981849670410156
15484,0.0,0.6757049560546875
15485,0.0,0.6269474029541016
15486,0.0,0.7646713256835938
15487,0.0,0.9422473907470703
15488,0.0,1.01934814453125
15489,0.0,0.8893756866455078
15490,0.0,0.4069252014160156
15491,0.0,-0.0739593505859375
15492,0.0,-0.3641223907470703
15493,0.0,-0.5165233612060547
15494,0.0,-0.6566982269287109
15495,0.0,-0.7040424346923828
15496,0.0,-0.7234363555908203
15497,0.0,-0.6863975524902344
15498,0.0,-0.4922828674316406
15499,0.0,-0.2643394470214844
15500,0.0,-0.110443115234375
15501,0.0,-0.019979476928710938
15502,0.0,0.13632583618164062
15503,0.0,0.15989112854003906
15504,0.0,0.20088958740234375
15505,0.0,0.1382770538330078
15506,0.0,0.3158740997314453
15507,0.0,0.4216022491455078
15508,0.0,0.5920372009277344
15509,0.0,0.9576873779296875
15510,0.0,2.830695152282715
15511,0.0,6.863984107971191
15512,6.0,15.8295259475708
15513,10.0,28.30130386352539
15514,30.0,43.13718795776367
15515,42.0,57.82560729980469
15516,84.0,74.18043518066406
15517,136.0,94.0280990600586
15518,152.0,120.4147720336914
15519,160.0,156.08920288085938
15520,224.0,220.75247192382812
15521,310.0,315.1911926269531
15522,366.0,455.39801025390625
15523,368.0,624.9313354492188
15524,404.0,751.4021606445312
15525,476.0,816.009765625
15526,454.0,910.262939453125
15527,432.0,1053.719970703125
15528,478.0,1110.32275390625
15529,458.0,1062.3922119140625
15530,310.0,972.83642578125
15531,426.0,826.6198120117188
15532,354.0,549.30908203125
15533,228.0,416.241943359375
15534,192.0,339.4828186035156
15535,184.0,258.7333984375
15536,264.0,212.310791015625
15537,352.0,191.28897094726562
15538,296.0,180.74737548828125
15539,248.0,198.99505615234375
15540,200.0,266.56646728515625
15541,200.0,409.5756530761719
15542,172.0,609.4752807617188
15543,124.0,768.6358032226562
15544,470.0,899.8839721679688
15545,1352.0,868.2906494140625
15546,1008.0,573.8189086914062
15547,730.0,365.866943359375
15548,274.0,315.1416320800781
15549,1118.0,277.35797119140625
15550,380.0,280.1580810546875
15551,512.0,236.92977905273438
15552,252.0,165.39480590820312
15553,124.0,104.60002136230469
15554,56.0,77.52644348144531
15555,398.0,67.08390808105469
15556,218.0,58.58650588989258
15557,100.0,42.718711853027344
15558,44.0,16.213720321655273
15559,96.0,4.474970817565918
15560,60.0,1.028951644897461
15561,20.0,-0.42114830017089844
15562,16.0,-0.1599445343017578
15563,0.0,0.40645408630371094
15564,0.0,0.6506538391113281
15565,0.0,0.6689128875732422
15566,0.0,0.2263927459716797
15567,0.0,0.1818523406982422
15568,0.0,-0.4480018615722656
15569,0.0,-1.1405048370361328
15570,0.0,0.10121536254882812
15571,0.0,0.7681217193603516
15572,0.0,1.0144805908203125
15573,0.0,1.089426040649414
15574,0.0,0.9169521331787109
15575,0.0,0.9815254211425781
15576,0.0,1.0827178955078125
15577,0.0,1.1865234375
15578,0.0,1.2470016479492188
15579,0.0,1.1644268035888672
15580,0.0,0.9496383666992188
15581,0.0,-0.7572574615478516
15582,0.0,-1.0569095611572266
15583,0.0,0.06705856323242188
15584,0.0,-0.0010223388671875
15585,0.0,-0.18363380432128906
15586,0.0,-0.7085494995117188
15587,0.0,-0.94879150390625
15588,0.0,-1.1308822631835938
15589,0.0,-1.094390869140625
15590,0.0,-1.2445240020751953
15591,0.0,-1.3860549926757812
15592,0.0,-1.3551101684570312
15593,0.0,-1.2170581817626953
15594,0.0,-0.9233036041259766
15595,0.0,-0.4507942199707031
15596,0.0,-0.17065811157226562
15597,0.0,-0.08119583129882812
15598,0.0,0.03377723693847656
15599,0.0,0.16538047790527344
15600,0.0,0.26022911071777344
15601,0.0,0.3350410461425781
15602,0.0,0.4035205841064453
15603,0.0,0.44404029846191406
15604,0.0,0.4404563903808594
15605,0.0,0.4260749816894531
15606,0.0,0.6758518218994141
15607,0.0,1.0199470520019531
15608,0.0,1.4918575286865234
15609,0.0,2.4550580978393555
15610,0.0,4.161231994628906
15611,0.0,7.07296085357666
15612,4.0,12.683019638061523
15613,2.0,24.27812957763672
15614,12.0,40.95354461669922
15615,46.0,61.101558685302734
15616,50.0,83.54145050048828
15617,60.0,108.21773529052734
15618,98.0,134.2352752685547
15619,92.0,161.36575317382812
15620,192.0,195.22714233398438
15621,260.0,242.141357421875
15622,744.0,320.531005859375
15623,1044.0,454.98150634765625
15624,1056.0,666.6724853515625
15625,732.0,865.8165893554688
15626,546.0,969.8680419921875
15627,1210.0,1035.6484375
15628,1222.0,1070.179443359375
15629,732.0,1096.8575439453125
15630,1026.0,1132.086669921875
15631,1248.0,1256.7061767578125
15632,248.0,1228.782958984375
15633,594.0,1223.698486328125
15634,1238.0,1229.0416259765625
15635,616.0,1252.8880615234375
15636,336.0,1263.7099609375
15637,900.0,1257.8304443359375
15638,388.0,1244.208740234375
15639,564.0,1186.364990234375
15640,252.0,1003.2781372070312
15641,520.0,884.4075317382812
15642,480.0,765.687255859375
15643,246.0,644.4514770507812
15644,1356.0,576.91162109375
15645,442.0,574.5814819335938
15646,640.0,582.94189453125
15647,628.0,562.6182861328125
15648,560.0,506.4773254394531
15649,952.0,427.9322204589844
15650,688.0,350.4361267089844
15651,592.0,298.3642578125
15652,568.0,232.05917358398438
15653,184.0,195.13040161132812
15654,292.0,173.49050903320312
15655,286.0,150.56326293945312
15656,150.0,93.9434585571289
15657,36.0,55.52464294433594
15658,6.0,30.50963592529297
15659,0.0,8.99307632446289
15660,0.0,0.6405715942382812
15661,0.0,-0.6043796539306641
15662,0.0,-0.985198974609375
15663,0.0,-1.0256080627441406
15664,0.0,-0.9698219299316406
15665,0.0,-0.8476753234863281
15666,0.0,-0.7647895812988281
15667,0.0,-0.6996078491210938
15668,0.0,-0.6392974853515625
15669,0.0,-0.5492210388183594
15670,0.0,-0.4627399444580078
15671,0.0,-0.36727333068847656
15672,0.0,-0.2881965637207031
15673,0.0,-0.24537086486816406
15674,0.0,-0.46668434143066406
15675,0.0,-0.5916976928710938
15676,0.0,-0.7573032379150391
15677,0.0,-1.397115707397461
15678,0.0,-0.9406185150146484
15679,0.0,-0.3641338348388672
15680,0.0,-0.19815826416015625
15681,0.0,-0.07403755187988281
15682,0.0,-0.18794822692871094
15683,0.0,-0.21584129333496094
15684,0.0,-0.24163246154785156
15685,0.0,-0.23595619201660156
15686,0.0,0.003631591796875
15687,0.0,0.24216651916503906
15688,0.0,0.5466041564941406
15689,0.0,0.7521648406982422
15690,0.0,0.4083976745605469
15691,0.0,0.24515724182128906
15692,0.0,-0.028156280517578125
15693,0.0,-0.32987403869628906
15694,0.0,-0.48978233337402344
15695,0.0,-0.7293605804443359
15696,0.0,-0.9436397552490234
15697,0.0,-1.2764129638671875
15698,0.0,-1.2176570892333984
15699,0.0,-1.2118167877197266
15700,0.0,-1.1230182647705078
15701,0.0,-1.1332626342773438
15702,0.0,-0.7463741302490234
15703,0.0,-0.28333473205566406
15704,2.0,0.6002082824707031
15705,8.0,2.9403467178344727
15706,36.0,11.530933380126953
15707,70.0,30.556255340576172
15708,98.0,52.899879455566406
15709,134.0,72.78254699707031
15710,176.0,91.91423797607422
15711,202.0,112.80511474609375
15712,242.0,138.03123474121094
15713,306.0,169.31478881835938
15714,396.0,213.21127319335938
15715,492.0,281.8641662597656
15716,568.0,366.1859436035156
15717,640.0,440.1015930175781
15718,692.0,519.9697875976562
15719,712.0,629.7172241210938
15720,706.0,720.12060546875
15721,806.0,821.6875
15722,956.0,910.322265625
15723,1088.0,1002.2041015625
15724,1134.0,1118.1197509765625
15725,1128.0,1188.2470703125
15726,1236.0,1233.24609375
15727,1316.0,1255.5458984375
15728,1326.0,1266.6478271484375
15729,1248.0,1270.199951171875
15730,978.0,1271.240234375
15731,1166.0,1271.495849609375
15732,1418.0,1271.475830078125
15733,1392.0,1271.166015625
15734,1426.0,1270.44140625
15735,1040.0,1268.376220703125
15736,596.0,1263.30712890625
15737,420.0,1230.0128173828125
15738,464.0,1218.8172607421875
15739,488.0,1221.7227783203125
15740,994.0,1223.0357666015625
15741,826.0,1233.5543212890625
15742,868.0,1230.2615966796875
15743,920.0,1188.5914306640625
15744,994.0,1107.421142578125
15745,870.0,1040.98681640625
15746,644.0,975.5123901367188
15747,398.0,827.9367065429688
15748,254.0,662.9605102539062
15749,222.0,611.1869506835938
15750,282.0,536.7910766601562
15751,198.0,416.9606018066406
15752,120.0,258.6627502441406
15753,34.0,168.830810546875
15754,12.0,77.40008544921875
15755,0.0,27.247835159301758
15756,0.0,3.8890037536621094
15757,0.0,1.1616039276123047
15758,0.0,0.671295166015625
15759,0.0,0.6662025451660156
15760,0.0,0.7571239471435547
15761,0.0,0.7734222412109375
15762,0.0,0.7876815795898438
15763,0.0,0.8311882019042969
15764,0.0,0.8780441284179688
15765,0.0,0.8531112670898438
15766,0.0,0.9007148742675781
15767,0.0,0.9422588348388672
15768,0.0,0.9566097259521484
15769,0.0,0.9010601043701172
15770,0.0,0.9144210815429688
15771,0.0,0.9343051910400391
15772,0.0,0.9473781585693359
15773,0.0,0.8419589996337891
15774,0.0,0.8808555603027344
15775,0.0,0.7436904907226562
15776,0.0,0.5520229339599609
15777,0.0,0.3691520690917969
15778,0.0,0.21534347534179688
15779,0.0,0.14146041870117188
15780,0.0,0.10825157165527344
15781,0.0,0.06629180908203125
15782,0.0,0.023502349853515625
15783,0.0,0.01802825927734375
15784,0.0,0.036285400390625
15785,0.0,0.016994476318359375
15786,0.0,0.005916595458984375
15787,0.0,0.0052700042724609375
15788,0.0,0.016660690307617188
15789,0.0,0.013690948486328125
15790,0.0,0.046298980712890625
15791,0.0,0.0709991455078125
15792,0.0,0.09232521057128906
15793,0.0,0.09903717041015625
15794,0.0,0.15728759765625
15795,0.0,0.1831226348876953
15796,0.0,0.21416282653808594
15797,0.0,0.31242942810058594
15798,0.0,0.5585708618164062
15799,0.0,0.9329414367675781
15800,4.0,2.210582733154297
15801,10.0,8.76655101776123
15802,26.0,28.042465209960938
15803,40.0,47.70519256591797
15804,48.0,64.44513702392578
15805,56.0,81.1075439453125
15806,64.0,102.50765228271484
15807,98.0,133.3516387939453
15808,162.0,183.86572265625
15809,248.0,237.08233642578125
15810,356.0,308.13201904296875
15811,468.0,406.159912109375
15812,580.0,522.20068359375
15813,682.0,624.9816284179688
15814,774.0,722.7672729492188
15815,860.0,798.9874877929688
15816,944.0,864.5744018554688
15817,1016.0,917.1192016601562
15818,1084.0,999.7532958984375
15819,1142.0,1084.0286865234375
15820,1194.0,1208.914306640625
15821,1248.0,1249.4306640625
15822,1288.0,1261.0999755859375
15823,1328.0,1266.463134765625
15824,1364.0,1269.4114990234375
15825,1380.0,1270.5220947265625
15826,1404.0,1271.1092529296875
15827,1428.0,1271.4364013671875
15828,1436.0,1271.630615234375
15829,1436.0,1271.73681640625
15830,1432.0,1271.76171875
15831,1432.0,1271.76220703125
15832,1416.0,1271.698486328125
15833,1392.0,1271.61083984375
15834,1362.0,1271.21142578125
15835,1334.0,1270.035888671875
15836,1296.0,1266.017333984375
15837,1240.0,1257.02294921875
15838,1172.0,1230.9224853515625
15839,1102.0,1213.6495361328125
15840,1022.0,1200.1392822265625
15841,934.0,1132.6270751953125
15842,830.0,1035.6024169921875
15843,740.0,864.0253295898438
15844,622.0,748.636474609375
15845,492.0,686.6883544921875
15846,386.0,596.7860717773438
15847,276.0,453.1375732421875
15848,186.0,289.9233703613281
15849,56.0,193.4508056640625
15850,6.0,98.12638854980469
15851,2.0,42.48844909667969
15852,0.0,8.194315910339355
15853,0.0,1.5430736541748047
15854,0.0,0.6371860504150391
15855,0.0,0.5672073364257812
15856,0.0,0.6651573181152344
15857,0.0,0.697174072265625
15858,0.0,0.7624473571777344
15859,0.0,0.8222732543945312
15860,0.0,0.8647708892822266
15861,0.0,0.8338470458984375
15862,0.0,0.8562259674072266
15863,0.0,0.8784828186035156
15864,0.0,0.8895225524902344
15865,0.0,0.8431777954101562
15866,0.0,0.8540840148925781
15867,0.0,0.8687686920166016
15868,0.0,0.8790435791015625
15869,0.0,0.7798957824707031
15870,0.0,0.9650192260742188
15871,0.0,0.8811588287353516
15872,0.0,0.7429943084716797
15873,0.0,0.5882453918457031
15874,0.0,0.4645195007324219
15875,0.0,0.4208106994628906
15876,0.0,0.41413116455078125
15877,0.0,0.3758087158203125
15878,0.0,0.3225669860839844
15879,0.0,0.29755401611328125
15880,0.0,0.2899913787841797
15881,0.0,0.225799560546875
15882,0.0,0.1828327178955078
15883,0.0,0.1535167694091797
15884,0.0,0.13820648193359375
15885,0.0,0.0511932373046875
15886,0.0,0.008302688598632812
15887,0.0,-0.02593231201171875
15888,0.0,-0.04739189147949219
15889,0.0,-0.13580322265625
15890,0.0,-0.1571331024169922
15891,0.0,-0.2299346923828125
15892,0.0,-0.29286766052246094
15893,0.0,-0.37706756591796875
15894,0.0,-0.31873321533203125
15895,2.0,-0.18933868408203125
15896,4.0,0.4839286804199219
15897,12.0,4.971352577209473
15898,30.0,20.287982940673828
15899,42.0,43.10465621948242
15900,48.0,60.78085708618164
15901,58.0,77.74851989746094
15902,70.0,101.49736022949219
15903,108.0,138.3136444091797
15904,176.0,196.69949340820312
15905,256.0,256.7599792480469
15906,352.0,340.94012451171875
15907,456.0,449.66876220703125
15908,564.0,567.8350830078125
15909,660.0,658.544189453125
15910,748.0,748.71337890625
15911,836.0,813.2103881835938
15912,912.0,876.6304321289062
15913,988.0,924.8248901367188
15914,1056.0,998.6116943359375
15915,1116.0,1079.455322265625
15916,1172.0,1196.583984375
15917,1224.0,1225.973876953125
15918,1264.0,1237.515869140625
15919,1304.0,1246.5216064453125
15920,1340.0,1261.9156494140625
15921,1376.0,1267.7852783203125
15922,1392.0,1269.3905029296875
15923,1402.0,1270.457763671875
15924,1412.0,1271.140380859375
15925,1410.0,1271.2117919921875
15926,1408.0,1270.96240234375
15927,1384.0,1270.29443359375
15928,1364.0,1268.4833984375
15929,1350.0,1265.5765380859375
15930,1310.0,1258.56689453125
15931,1278.0,1248.3349609375
15932,1238.0,1233.35986328125
15933,1190.0,1218.5941162109375
15934,1126.0,1191.2523193359375
15935,1062.0,1131.6031494140625
15936,982.0,1040.653564453125
15937,892.0,962.37548828125
15938,788.0,856.364013671875
15939,688.0,756.3853149414062
15940,582.0,650.0252075195312
15941,466.0,565.1531372070312
15942,352.0,452.60272216796875
15943,252.0,323.9661865234375
15944,166.0,177.72811889648438
15945,62.0,93.26683807373047
15946,10.0,43.98126983642578
15947,0.0,15.711738586425781
15948,0.0,2.330537796020508
15949,0.0,1.0470619201660156
15950,0.0,0.8628654479980469
15951,0.0,0.9244480133056641
15952,0.0,1.024728775024414
15953,0.0,1.0384273529052734
15954,0.0,1.0720272064208984
15955,0.0,1.103567123413086
15956,0.0,1.1225147247314453
15957,0.0,1.0715827941894531
15958,0.0,0.8970794677734375
15959,0.0,0.6790828704833984
15960,0.0,0.45824432373046875
15961,0.0,0.2748069763183594
15962,0.0,0.18801116943359375
15963,0.0,0.14807510375976562
15964,0.0,0.12508392333984375
15965,0.0,0.3772163391113281
15966,0.0,0.3355884552001953
15967,0.0,0.5045013427734375
15968,0.0,0.48204612731933594
15969,0.0,0.3189697265625
15970,0.0,0.07492637634277344
15971,0.0,-0.15282821655273438
15972,0.0,-0.3891639709472656
15973,0.0,-0.6441726684570312
15974,0.0,-0.42589378356933594
15975,0.0,-0.03597831726074219
15976,0.0,0.15786170959472656
15977,0.0,0.12005615234375
15978,0.0,0.1038360595703125
15979,0.0,-0.009962081909179688
15980,0.0,-0.09677314758300781
15981,0.0,-0.2327423095703125
15982,0.0,-0.23718643188476562
15983,0.0,-0.287322998046875
15984,0.0,-0.3405132293701172
15985,0.0,-0.4679756164550781
15986,0.0,-0.3323383331298828
15987,0.0,-0.24846649169921875
15988,0.0,-0.10076713562011719
15989,0.0,-0.012722015380859375
15990,0.0,0.15384483337402344
15991,0.0,0.3646965026855469
15992,0.0,0.9474220275878906
15993,6.0,2.796706199645996
15994,40.0,10.065810203552246
15995,60.0,25.7784481048584
15996,76.0,46.42987060546875
15997,104.0,70.30464172363281
15998,126.0,98.42955017089844
15999,164.0,131.70742797851562
16000,194.0,165.81634521484375
16001,320.0,192.41546630859375
16002,420.0,236.169921875
16003,470.0,299.06915283203125
16004,386.0,381.36187744140625
16005,248.0,484.9045715332031
16006,228.0,623.4821166992188
16007,416.0,775.8856201171875
16008,712.0,870.5423583984375
16009,660.0,921.6287231445312
16010,884.0,952.568359375
16011,824.0,991.9109497070312
16012,914.0,1053.82666015625
16013,1394.0,1141.18115234375
16014,1352.0,1263.4892578125
16015,1488.0,1268.2684326171875
16016,1218.0,1268.90380859375
16017,1462.0,1266.58154296875
16018,1516.0,1267.10107421875
16019,1504.0,1268.066650390625
16020,1508.0,1267.240966796875
16021,1490.0,1266.4864501953125
16022,1352.0,1264.6480712890625
16023,1328.0,1260.0604248046875
16024,1130.0,1247.58056640625
16025,940.0,1224.756103515625
16026,1208.0,1190.5748291015625
16027,928.0,1146.5908203125
16028,982.0,1084.4859619140625
16029,996.0,1043.2340087890625
16030,684.0,1003.9613037109375
16031,250.0,959.3601684570312
16032,364.0,877.8740844726562
16033,136.0,857.9320678710938
16034,208.0,851.6149291992188
16035,164.0,799.2166137695312
16036,238.0,530.768798828125
16037,162.0,366.689208984375
16038,108.0,309.8389892578125
16039,110.0,258.5093994140625
16040,78.0,162.75119018554688
16041,80.0,118.82405090332031
16042,12.0,80.04875946044922
16043,2.0,51.15142059326172
16044,0.0,6.417198181152344
16045,0.0,-1.8411693572998047
16046,0.0,-2.1303939819335938
16047,0.0,-1.3666248321533203
16048,0.0,-0.4026298522949219
16049,0.0,0.322479248046875
16050,0.0,0.6903419494628906
16051,0.0,0.8815021514892578
16052,0.0,0.9719257354736328
16053,0.0,1.040792465209961
16054,0.0,1.0646991729736328
16055,0.0,1.102773666381836
16056,0.0,1.129190444946289
16057,0.0,1.125680923461914
16058,0.0,1.100637435913086
16059,0.0,1.1232929229736328
16060,0.0,1.1503582000732422
16061,0.0,0.3243370056152344
16062,0.0,-0.09218406677246094
16063,0.0,-0.3615589141845703
16064,0.0,-0.5073661804199219
16065,0.0,-0.5440216064453125
16066,0.0,-0.5977439880371094
16067,0.0,-0.6083049774169922
16068,0.0,-0.5965442657470703
16069,0.0,-0.5450115203857422
16070,0.0,-0.5494823455810547
16071,0.0,-0.5236568450927734
16072,0.0,-0.4889354705810547
16073,0.0,-0.43366050720214844
16074,0.0,-0.4347114562988281
16075,0.0,-0.4286212921142578
16076,0.0,-0.4127674102783203
16077,0.0,-0.380859375
16078,0.0,-0.38278770446777344
16079,0.0,-0.3924388885498047
16080,0.0,-0.397979736328125
16081,0.0,-0.39500999450683594
16082,0.0,-0.3922996520996094
16083,0.0,-0.4070758819580078
16084,0.0,-0.41864967346191406
16085,0.0,-0.4031810760498047
16086,0.0,-0.37018585205078125
16087,0.0,-0.3240966796875
16088,4.0,0.1409454345703125
16089,10.0,2.520505905151367
16090,24.0,16.387561798095703
16091,36.0,40.8538703918457
16092,48.0,58.50213623046875
16093,56.0,71.76884460449219
16094,64.0,88.29183959960938
16095,106.0,117.40750122070312
16096,176.0,173.50079345703125
16097,278.0,251.83526611328125
16098,376.0,364.8466796875
16099,390.0,488.3463439941406
16100,428.0,598.749267578125
16101,478.0,686.8052978515625
16102,440.0,770.81494140625
16103,510.0,879.2288818359375
16104,946.0,976.4014282226562
16105,1268.0,951.4744873046875
16106,658.0,1015.035888671875
16107,442.0,1080.8348388671875
16108,432.0,1110.08056640625
16109,708.0,970.1402587890625
16110,448.0,954.755859375
16111,384.0,982.15673828125
16112,516.0,888.2672729492188
16113,750.0,825.7129516601562
16114,1122.0,724.1626586914062
16115,610.0,637.5321044921875
16116,626.0,644.8049926757812
16117,540.0,652.5242919921875
16118,684.0,757.186767578125
16119,720.0,939.3909301757812
16120,604.0,1049.8135986328125
16121,744.0,1101.6700439453125
16122,914.0,1097.623291015625
16123,1354.0,1031.55224609375
16124,754.0,926.5244140625
16125,898.0,796.7581176757812
16126,1344.0,624.517333984375
16127,1064.0,518.0804443359375
16128,1002.0,399.97039794921875
16129,1032.0,281.99481201171875
16130,708.0,228.13116455078125
16131,606.0,174.1175537109375
16132,498.0,143.9541015625
16133,418.0,134.27212524414062
16134,336.0,133.18829345703125
16135,264.0,127.73966979980469
16136,70.0,104.48706817626953
16137,34.0,88.55863952636719
16138,8.0,55.378395080566406
16139,0.0,20.69540786743164
16140,0.0,2.024341583251953
16141,0.0,1.3578033447265625
16142,0.0,1.1846179962158203
16143,0.0,1.171060562133789
16144,0.0,1.1595077514648438
16145,0.0,1.13116455078125
16146,0.0,1.1727943420410156
16147,0.0,1.2484111785888672
16148,0.0,1.315420150756836
16149,0.0,1.321258544921875
16150,0.0,0.6403293609619141
16151,0.0,0.3356742858886719
16152,0.0,0.20580101013183594
16153,0.0,0.16148757934570312
16154,0.0,0.1532878875732422
16155,0.0,0.3124828338623047
16156,0.0,0.5435047149658203
16157,0.0,-0.15740013122558594
16158,0.0,-0.4979114532470703
16159,0.0,-0.5388832092285156
16160,0.0,-0.6919803619384766
16161,0.0,-0.64825439453125
16162,0.0,-0.6082916259765625
16163,0.0,-0.47968101501464844
16164,0.0,-0.3174629211425781
16165,0.0,-0.12108993530273438
16166,0.0,-0.1408214569091797
16167,0.0,0.035236358642578125
16168,0.0,0.3567008972167969
16169,0.0,0.5701255798339844
16170,0.0,1.0294113159179688
16171,0.0,1.7368907928466797
16172,0.0,2.5115346908569336
16173,0.0,3.7708635330200195
16174,0.0,5.505213737487793
16175,0.0,7.157876014709473
16176,0.0,8.441706657409668
16177,0.0,10.651636123657227
16178,0.0,13.079962730407715
16179,0.0,15.466239929199219
16180,0.0,17.762836456298828
16181,0.0,23.535560607910156
16182,0.0,32.38057327270508
16183,0.0,43.305580139160156
16184,4.0,57.76362228393555
16185,4.0,76.82573699951172
16186,14.0,96.19556427001953
16187,38.0,114.59185028076172
16188,46.0,134.18814086914062
16189,70.0,153.06765747070312
16190,86.0,175.38360595703125
16191,110.0,193.44821166992188
16192,124.0,211.47012329101562
16193,138.0,233.85858154296875
16194,150.0,264.2232666015625
16195,166.0,300.41131591796875
16196,166.0,344.5385437011719
16197,184.0,406.55499267578125
16198,216.0,506.6500549316406
16199,268.0,667.4751586914062
16200,304.0,808.8300170898438
16201,236.0,899.1199951171875
16202,224.0,999.7432250976562
16203,214.0,1042.657470703125
16204,284.0,945.7008056640625
16205,308.0,805.9984130859375
16206,286.0,807.309326171875
16207,400.0,937.87939453125
16208,444.0,1028.51123046875
16209,496.0,1024.2265625
16210,568.0,949.0386352539062
16211,628.0,843.0927734375
16212,596.0,759.8986206054688
16213,808.0,719.71240234375
16214,784.0,772.29248046875
16215,548.0,693.833984375
16216,416.0,532.669189453125
16217,296.0,387.588623046875
16218,232.0,389.6217041015625
16219,294.0,356.9308776855469
16220,312.0,311.3130187988281
16221,290.0,261.0449523925781
16222,288.0,203.181396484375
16223,400.0,160.389404296875
16224,268.0,141.7115478515625
16225,180.0,128.51815795898438
16226,212.0,116.42613983154297
16227,160.0,103.53439331054688
16228,124.0,91.52277374267578
16229,118.0,84.39412689208984
16230,108.0,76.9171371459961
16231,104.0,64.25174713134766
16232,66.0,47.21271896362305
16233,56.0,34.19379425048828
16234,44.0,16.272464752197266
16235,8.0,4.826084136962891
16236,0.0,1.8095817565917969
16237,0.0,1.3833847045898438
16238,0.0,1.17718505859375
16239,0.0,1.1225624084472656
16240,0.0,1.1024246215820312
16241,0.0,1.1174468994140625
16242,0.0,1.0905094146728516
16243,0.0,1.0834102630615234
16244,0.0,1.0757884979248047
16245,0.0,1.0386333465576172
16246,0.0,1.071075439453125
16247,0.0,1.1585845947265625
16248,0.0,1.2616729736328125
16249,0.0,1.3113460540771484
16250,0.0,1.000131607055664
16251,0.0,0.8219490051269531
16252,0.0,0.6593704223632812
16253,0.0,0.4474601745605469
16254,0.0,0.20920753479003906
16255,0.0,0.04497718811035156
16256,0.0,-0.2877082824707031
16257,0.0,-0.37426185607910156
16258,0.0,-0.5601730346679688
16259,0.0,-0.5933761596679688
16260,0.0,-0.5506973266601562
16261,0.0,-0.34554481506347656
16262,0.0,-0.08271026611328125
16263,0.0,0.17196273803710938
16264,0.0,0.6131725311279297
16265,0.0,0.8399143218994141
16266,0.0,1.0740184783935547
16267,0.0,1.2696819305419922
16268,0.0,1.36016845703125
16269,0.0,1.404083251953125
16270,0.0,1.155252456665039
16271,0.0,0.9227428436279297
16272,0.0,0.7489891052246094
16273,0.0,0.7152748107910156
16274,0.0,0.7756633758544922
16275,0.0,0.8025379180908203
16276,0.0,0.8320045471191406
16277,0.0,0.9730110168457031
16278,0.0,1.2102203369140625
16279,0.0,1.7529582977294922
16280,2.0,3.4045801162719727
16281,8.0,8.947920799255371
16282,22.0,21.088651657104492
16283,28.0,38.328399658203125
16284,36.0,57.10873031616211
16285,40.0,78.33757781982422
16286,48.0,108.55158233642578
16287,60.0,145.99496459960938
16288,72.0,185.21066284179688
16289,86.0,237.182861328125
16290,132.0,313.8092956542969
16291,218.0,397.42645263671875
16292,384.0,478.439453125
16293,760.0,564.9307861328125
16294,840.0,691.2944946289062
16295,892.0,839.332275390625
16296,974.0,906.714111328125
16297,758.0,923.373779296875
16298,660.0,949.4009399414062
16299,1138.0,999.0274658203125
16300,1286.0,1076.9510498046875
16301,1248.0,1138.2330322265625
16302,900.0,1151.696533203125
16303,844.0,1191.3104248046875
16304,216.0,1210.9251708984375
16305,952.0,1203.159423828125
16306,380.0,1177.8555908203125
16307,1424.0,1180.891357421875
16308,556.0,1158.84716796875
16309,1324.0,1119.611083984375
16310,1268.0,1057.428466796875
16311,602.0,1035.696044921875
16312,1602.0,1106.9713134765625
16313,1260.0,1227.472412109375
16314,518.0,1246.8990478515625
16315,1478.0,1245.4456787109375
16316,1282.0,1226.0894775390625
16317,1324.0,1207.260986328125
16318,1166.0,1137.7886962890625
16319,268.0,1055.658203125
16320,1120.0,1004.7799072265625
16321,1008.0,944.2421875
16322,884.0,806.2870483398438
16323,794.0,614.50537109375
16324,534.0,401.0461730957031
16325,564.0,284.6060791015625
16326,416.0,230.2911376953125
16327,304.0,190.80364990234375
16328,198.0,132.70921325683594
16329,30.0,78.82392883300781
16330,16.0,43.78645324707031
16331,4.0,27.698062896728516
16332,0.0,10.808570861816406
16333,0.0,2.563098907470703
16334,0.0,-0.23358154296875
16335,0.0,-1.1213493347167969
16336,0.0,-1.401031494140625
16337,0.0,-1.3851451873779297
16338,0.0,-1.4741039276123047
16339,0.0,-1.5107402801513672
16340,0.0,-1.5777034759521484
16341,0.0,-1.604146957397461
16342,0.0,-1.6625900268554688
16343,0.0,-1.6477069854736328
16344,0.0,-1.6467819213867188
16345,0.0,-1.6563053131103516
16346,0.0,-1.6582775115966797
16347,0.0,-1.5957698822021484
16348,0.0,-1.625650405883789
16349,0.0,-2.3804454803466797
16350,0.0,-2.319162368774414
16351,0.0,-2.174602508544922
16352,0.0,-2.049592971801758
16353,0.0,-1.8954505920410156
16354,0.0,-1.8285369873046875
16355,0.0,-1.7579612731933594
16356,0.0,-1.7135391235351562
16357,0.0,-1.6383705139160156
16358,0.0,-1.44854736328125
16359,0.0,-1.2881965637207031
16360,0.0,-1.1296558380126953
16361,0.0,-0.9983863830566406
16362,0.0,-0.8040409088134766
16363,0.0,-0.6512222290039062
16364,0.0,-0.543701171875
16365,0.0,-0.36736488342285156
16366,0.0,-0.007871627807617188
16367,0.0,0.3522930145263672
16368,0.0,0.6685161590576172
16369,0.0,1.3223228454589844
16370,0.0,2.5811853408813477
16371,0.0,3.9902963638305664
16372,0.0,5.443612098693848
16373,0.0,8.205060005187988
16374,0.0,12.422237396240234
16375,6.0,20.199796676635742
16376,22.0,35.15614318847656
16377,40.0,56.639549255371094
16378,80.0,80.11004638671875
16379,124.0,102.24564361572266
16380,180.0,123.58319091796875
16381,200.0,144.2141571044922
16382,206.0,164.33822631835938
16383,214.0,188.79672241210938
16384,264.0,225.28842163085938
16385,308.0,272.1275329589844
16386,332.0,321.7866516113281
16387,462.0,369.344970703125
16388,418.0,420.6642150878906
16389,608.0,476.9801940917969
16390,836.0,544.3352661132812
16391,636.0,603.4271240234375
16392,474.0,646.1365356445312
16393,724.0,645.9259033203125
16394,936.0,635.7914428710938
16395,1042.0,666.1449584960938
16396,648.0,867.354248046875
16397,722.0,983.359619140625
16398,878.0,1042.73681640625
16399,460.0,1140.196044921875
16400,396.0,1230.64453125
16401,594.0,1236.375
16402,1010.0,1172.6448974609375
16403,868.0,1154.9371337890625
16404,756.0,1178.578125
16405,530.0,1234.0452880859375
16406,314.0,1267.34619140625
16407,280.0,1270.8624267578125
16408,354.0,1271.0950927734375
16409,438.0,1270.76904296875
16410,640.0,1266.068603515625
16411,682.0,1199.8782958984375
16412,618.0,1068.722412109375
16413,450.0,863.7130126953125
16414,218.0,694.9721069335938
16415,80.0,575.80029296875
16416,100.0,439.9349060058594
16417,196.0,388.3558349609375
16418,192.0,327.8173828125
16419,140.0,276.7809753417969
16420,116.0,238.1124267578125
16421,104.0,208.6861572265625
16422,64.0,176.24050903320312
16423,54.0,121.16326904296875
16424,20.0,64.6244125366211
16425,10.0,52.86191177368164
16426,8.0,41.577781677246094
16427,4.0,24.925079345703125
16428,0.0,6.077312469482422
16429,0.0,1.0818634033203125
16430,0.0,-0.08519554138183594
16431,0.0,-0.37204742431640625
16432,0.0,-0.3683490753173828
16433,0.0,-0.2723731994628906
16434,0.0,-0.12708663940429688
16435,0.0,-0.021673202514648438
16436,0.0,0.08540153503417969
16437,0.0,0.1400146484375
16438,0.0,0.1395854949951172
16439,0.0,0.1746845245361328
16440,0.0,0.19813156127929688
16441,0.0,0.20270347595214844
16442,0.0,0.17087745666503906
16443,0.0,0.15459251403808594
16444,0.0,0.12984657287597656
16445,0.0,0.24002838134765625
16446,0.0,0.18985366821289062
16447,0.0,0.1439342498779297
16448,0.0,0.019777297973632812
16449,0.0,0.037166595458984375
16450,0.0,-0.2072734832763672
16451,0.0,-0.44817543029785156
16452,0.0,-0.7190303802490234
16453,0.0,-0.9313144683837891
16454,0.0,-0.9012870788574219
16455,0.0,-0.8637275695800781
16456,0.0,-0.7473812103271484
16457,0.0,-0.5365848541259766
16458,0.0,-0.44283485412597656
16459,0.0,-0.2989006042480469
16460,0.0,-0.2142200469970703
16461,0.0,-0.06596755981445312
16462,0.0,0.05770111083984375
16463,0.0,0.08121299743652344
16464,0.0,0.0750732421875
16465,0.0,0.17153358459472656
16466,0.0,0.45406341552734375
16467,0.0,0.8513736724853516
16468,0.0,1.560323715209961
16469,0.0,3.3399648666381836
16470,0.0,8.409588813781738
16471,0.0,17.497203826904297
16472,4.0,25.81081199645996
16473,8.0,33.525611877441406
16474,8.0,42.570716857910156
16475,8.0,51.85932922363281
16476,26.0,61.83584976196289
16477,38.0,74.43197631835938
16478,36.0,91.67244720458984
16479,62.0,112.36085510253906
16480,50.0,135.67233276367188
16481,62.0,157.3778076171875
16482,58.0,175.39422607421875
16483,72.0,188.1357421875
16484,94.0,196.52923583984375
16485,98.0,202.81011962890625
16486,104.0,215.16323852539062
16487,176.0,239.27996826171875
16488,172.0,274.5586242675781
16489,168.0,303.2171936035156
16490,164.0,351.2481384277344
16491,204.0,439.0869140625
16492,252.0,494.0282897949219
16493,298.0,463.3711242675781
16494,346.0,465.1001281738281
16495,558.0,509.9344482421875
16496,634.0,592.669189453125
16497,998.0,756.4081420898438
16498,740.0,916.4395141601562
16499,930.0,1016.356201171875
16500,852.0,1068.9949951171875
16501,1168.0,1099.5098876953125
16502,1064.0,1105.2967529296875
16503,1042.0,1049.2120361328125
16504,1486.0,978.4435424804688
16505,1374.0,940.2584228515625
16506,1398.0,1041.8875732421875
16507,1366.0,1084.8333740234375
16508,1328.0,1009.1265258789062
16509,1286.0,892.7647705078125
16510,1042.0,810.6533203125
16511,1026.0,754.5338134765625
16512,1022.0,702.0182495117188
16513,862.0,668.4178466796875
16514,744.0,637.2941284179688
16515,630.0,608.640380859375
16516,500.0,614.8026123046875
16517,246.0,464.4385986328125
16518,290.0,290.19573974609375
16519,184.0,244.44363403320312
16520,136.0,237.04583740234375
16521,86.0,205.2821044921875
16522,46.0,144.4827880859375
16523,20.0,68.23197937011719
16524,4.0,10.285146713256836
16525,0.0,1.3275222778320312
16526,0.0,0.7592239379882812
16527,0.0,0.9767990112304688
16528,0.0,1.1555805206298828
16529,0.0,1.225149154663086
16530,0.0,1.0938053131103516
16531,0.0,0.9845771789550781
16532,0.0,0.8459739685058594
16533,0.0,0.6482295989990234
16534,0.0,0.5626296997070312
16535,0.0,0.5387859344482422
16536,0.0,0.5182685852050781
16537,0.0,0.49418067932128906
16538,0.0,0.45502281188964844
16539,0.0,0.438720703125
16540,0.0,0.4216880798339844
16541,0.0,0.7514133453369141
16542,0.0,0.6782436370849609
16543,0.0,0.5324440002441406
16544,0.0,0.1321239471435547
16545,0.0,-0.15533828735351562
16546,0.0,-0.32001686096191406
16547,0.0,-0.3756141662597656
16548,0.0,-0.39665794372558594
16549,0.0,-0.3715667724609375
16550,0.0,-0.39482688903808594
16551,0.0,-0.389801025390625
16552,0.0,-0.43076324462890625
16553,0.0,-0.44020652770996094
16554,0.0,-0.5008773803710938
16555,0.0,-0.5016403198242188
16556,0.0,-0.47942352294921875
16557,0.0,-0.3727531433105469
16558,0.0,-0.3633003234863281
16559,0.0,-0.3538398742675781
16560,0.0,-0.33583831787109375
16561,0.0,-0.22780609130859375
16562,0.0,0.1771869659423828
16563,0.0,0.7597618103027344
16564,0.0,1.6483192443847656
16565,0.0,3.504486083984375
16566,0.0,4.47314453125
16567,4.0,6.580183982849121
16568,8.0,12.249431610107422
16569,16.0,27.174278259277344
16570,6.0,48.22996520996094
16571,8.0,66.90835571289062
16572,22.0,85.21803283691406
16573,48.0,103.5920639038086
16574,84.0,124.4563980102539
16575,60.0,149.10205078125
16576,134.0,178.03131103515625
16577,126.0,211.40966796875
16578,146.0,244.726806640625
16579,154.0,271.6479797363281
16580,152.0,306.8544921875
16581,292.0,370.1604919433594
16582,356.0,493.4935302734375
16583,542.0,578.0069580078125
16584,506.0,656.1897583007812
16585,500.0,718.8767700195312
16586,480.0,754.4249877929688
16587,524.0,749.827880859375
16588,886.0,722.6207885742188
16589,916.0,692.3167724609375
16590,978.0,684.5385131835938
16591,942.0,679.8054809570312
16592,620.0,691.7802734375
16593,1378.0,713.912109375
16594,1232.0,811.3950805664062
16595,1024.0,902.6668090820312
16596,1144.0,916.4459228515625
16597,996.0,889.8465576171875
16598,772.0,836.5655517578125
16599,164.0,805.1145629882812
16600,130.0,870.9598388671875
16601,170.0,749.4442138671875
16602,216.0,786.455810546875
16603,268.0,801.4710693359375
16604,312.0,808.14453125
16605,256.0,733.6000366210938
16606,598.0,606.6564331054688
16607,550.0,505.921142578125
16608,136.0,371.1739196777344
16609,136.0,242.06039428710938
16610,136.0,183.93267822265625
16611,80.0,164.3533935546875
16612,78.0,151.37088012695312
16613,64.0,132.68116760253906
16614,66.0,112.4334945678711
16615,52.0,91.6324691772461
16616,48.0,54.306339263916016
16617,28.0,37.048919677734375
16618,16.0,19.87163734436035
16619,4.0,5.08438777923584
16620,0.0,0.39845848083496094
16621,0.0,-0.1592845916748047
16622,0.0,-0.1984272003173828
16623,0.0,-0.09334373474121094
16624,0.0,0.049774169921875
16625,0.0,0.17751693725585938
16626,0.0,0.21347427368164062
16627,0.0,0.27646636962890625
16628,0.0,0.3538341522216797
16629,0.0,0.41124534606933594
16630,0.0,0.4345359802246094
16631,0.0,0.4721698760986328
16632,0.0,0.4985313415527344
16633,0.0,0.5085372924804688
16634,0.0,0.4234466552734375
16635,0.0,0.38266563415527344
16636,0.0,0.36446571350097656
16637,0.0,0.4765796661376953
16638,0.0,0.4097118377685547
16639,0.0,0.2904930114746094
16640,0.0,0.245849609375
16641,0.0,0.3301830291748047
16642,0.0,0.3474617004394531
16643,0.0,0.4173927307128906
16644,0.0,0.4857025146484375
16645,0.0,0.5226554870605469
16646,0.0,0.30010032653808594
16647,0.0,0.16813278198242188
16648,0.0,0.18100357055664062
16649,0.0,0.35088348388671875
16650,0.0,0.4420127868652344
16651,0.0,0.4311504364013672
16652,0.0,0.3854846954345703
16653,0.0,0.3999805450439453
16654,0.0,0.49378204345703125
16655,0.0,0.5527744293212891
16656,0.0,0.6116924285888672
16657,0.0,0.8065872192382812
16658,0.0,1.0699729919433594
16659,0.0,1.2874183654785156
16660,0.0,1.48773193359375
16661,0.0,1.9842166900634766
16662,2.0,3.0543384552001953
16663,6.0,5.5385026931762695
16664,24.0,13.116394996643066
16665,48.0,30.041414260864258
16666,78.0,50.14515686035156
16667,90.0,67.5130386352539
16668,128.0,85.24552917480469
16669,144.0,108.3547134399414
16670,142.0,137.9561004638672
16671,140.0,166.15695190429688
16672,170.0,201.78741455078125
16673,234.0,262.7806701660156
16674,360.0,356.6979064941406
16675,386.0,433.5798034667969
16676,340.0,518.1917114257812
16677,356.0,606.0344848632812
16678,376.0,694.4451904296875
16679,608.0,759.5455932617188
16680,744.0,884.9290161132812
16681,692.0,943.38916015625
16682,828.0,1015.0318603515625
16683,592.0,1106.530517578125
16684,766.0,1270.8363037109375
16685,830.0,1271.7261962890625
16686,1052.0,1271.755126953125
16687,1256.0,1271.5660400390625
16688,1294.0,1271.369140625
16689,1242.0,1270.7144775390625
16690,1326.0,1268.5540771484375
16691,1326.0,1269.9720458984375
16692,1358.0,1271.87451171875
16693,1312.0,1271.73974609375
16694,1334.0,1266.236083984375
16695,1380.0,1251.32470703125
16696,1350.0,1233.2635498046875
16697,1338.0,1217.4161376953125
16698,1148.0,1195.0257568359375
16699,1046.0,1164.8082275390625
16700,1254.0,1135.4874267578125
16701,1148.0,1117.4981689453125
16702,1060.0,1084.8460693359375
16703,1028.0,1033.95263671875
16704,928.0,954.1094970703125
16705,856.0,885.9805908203125
16706,704.0,792.9411010742188
16707,606.0,697.7055053710938
16708,498.0,585.1337280273438
16709,394.0,522.7958374023438
16710,286.0,431.33770751953125
16711,188.0,318.12506103515625
16712,152.0,177.577880859375
16713,92.0,99.04631805419922
16714,38.0,54.738155364990234
16715,10.0,27.162548065185547
16716,0.0,4.912479400634766
16717,0.0,1.468587875366211
16718,0.0,0.989776611328125
16719,0.0,0.9939136505126953
16720,0.0,1.1298561096191406
16721,0.0,1.1641788482666016
16722,0.0,1.202310562133789
16723,0.0,1.2309513092041016
16724,0.0,1.2624969482421875
16725,0.0,1.2596054077148438
16726,0.0,1.2809410095214844
16727,0.0,1.3204574584960938
16728,0.0,1.3610706329345703
16729,0.0,1.3902454376220703
16730,0.0,1.3299522399902344
16731,0.0,1.238882064819336
16732,0.0,1.1425762176513672
16733,0.0,0.738006591796875
16734,0.0,0.2022552490234375
16735,0.0,-0.2105865478515625
16736,0.0,-0.5637607574462891
16737,0.0,-0.9024848937988281
16738,0.0,-1.162435531616211
16739,0.0,-1.3345870971679688
16740,0.0,-1.4582443237304688
16741,0.0,-1.5572872161865234
16742,0.0,-1.6504497528076172
16743,0.0,-1.6814079284667969
16744,0.0,-1.6763839721679688
16745,0.0,-1.676919937133789
16746,0.0,-1.5795249938964844
16747,0.0,-1.3761920928955078
16748,0.0,-1.117666244506836
16749,0.0,-0.7536830902099609
16750,0.0,-0.5602626800537109
16751,0.0,-0.5490341186523438
16752,0.0,-0.6491813659667969
16753,0.0,-0.7041912078857422
16754,0.0,-0.5265331268310547
16755,0.0,-0.20846176147460938
16756,0.0,0.25762367248535156
16757,0.0,1.8129653930664062
16758,0.0,4.851280212402344
16759,4.0,10.919930458068848
16760,8.0,23.64330291748047
16761,26.0,40.815216064453125
16762,38.0,57.38029479980469
16763,60.0,73.29780578613281
16764,88.0,92.5323486328125
16765,74.0,116.6392593383789
16766,94.0,141.04257202148438
16767,140.0,161.96722412109375
16768,138.0,193.1810302734375
16769,206.0,246.21148681640625
16770,316.0,335.0696105957031
16771,504.0,407.335205078125
16772,492.0,492.6482238769531
16773,604.0,564.3322143554688
16774,732.0,626.71728515625
16775,786.0,675.9056396484375
16776,666.0,717.5398559570312
16777,960.0,741.1456298828125
16778,784.0,756.69384765625
16779,620.0,762.9010009765625
16780,928.0,788.5638427734375
16781,764.0,917.6007690429688
16782,804.0,1094.47119140625
16783,738.0,1205.8013916015625
16784,918.0,1224.6905517578125
16785,1366.0,1216.7275390625
16786,1150.0,1178.2386474609375
16787,580.0,1096.8369140625
16788,396.0,874.7598266601562
16789,362.0,535.0850830078125
16790,350.0,442.8595886230469
16791,264.0,407.56561279296875
16792,304.0,375.6673278808594
16793,1080.0,395.0387878417969
16794,572.0,505.8376159667969
16795,572.0,712.6812133789062
16796,280.0,603.93701171875
16797,84.0,549.626220703125
16798,48.0,508.33966064453125
16799,108.0,448.9122009277344
16800,80.0,391.2589111328125
16801,76.0,372.689453125
16802,258.0,335.5205383300781
16803,408.0,266.2056579589844
16804,318.0,194.66348266601562
16805,162.0,169.686767578125
16806,110.0,134.16650390625
16807,68.0,91.50260925292969
16808,52.0,52.8555908203125
16809,34.0,38.541595458984375
16810,2.0,27.764001846313477
16811,0.0,16.639665603637695
16812,0.0,5.398794174194336
16813,0.0,1.74615478515625
16814,0.0,0.6467685699462891
16815,0.0,0.33936119079589844
16816,0.0,0.24440574645996094
16817,0.0,0.2440471649169922
16818,0.0,0.16144371032714844
16819,0.0,0.12800216674804688
16820,0.0,0.13430023193359375
16821,0.0,0.1574535369873047
16822,0.0,0.09783172607421875
16823,0.0,0.05738067626953125
16824,0.0,-0.00225067138671875
16825,0.0,-0.04815101623535156
16826,0.0,0.08027076721191406
16827,0.0,0.3406829833984375
16828,0.0,0.6206245422363281
16829,0.0,0.5565395355224609
16830,0.0,0.14204788208007812
16831,0.0,-0.3207893371582031
16832,0.0,-0.6766986846923828
16833,0.0,-0.9225902557373047
16834,0.0,-1.077280044555664
16835,0.0,-1.1678009033203125
16836,0.0,-1.222604751586914
16837,0.0,-1.260110855102539
16838,0.0,-1.03167724609375
16839,0.0,-0.6462974548339844
16840,0.0,-0.2535228729248047
16841,0.0,0.03302574157714844
16842,0.0,0.168060302734375
16843,0.0,0.20255470275878906
16844,0.0,0.1943683624267578
16845,0.0,0.1649646759033203
16846,0.0,0.2218914031982422
16847,0.0,0.22360801696777344
16848,0.0,0.2403278350830078
16849,0.0,0.30976295471191406
16850,0.0,0.5113315582275391
16851,0.0,0.6606349945068359
16852,0.0,0.8331680297851562
16853,0.0,1.3178863525390625
16854,4.0,2.5451250076293945
16855,24.0,5.50740909576416
16856,38.0,14.187439918518066
16857,54.0,33.278564453125
16858,68.0,55.94307327270508
16859,88.0,77.18213653564453
16860,100.0,99.630859375
16861,116.0,125.46199798583984
16862,172.0,150.04141235351562
16863,174.0,170.746337890625
16864,222.0,200.82742309570312
16865,268.0,256.7984924316406
16866,372.0,332.1422424316406
16867,486.0,393.82159423828125
16868,618.0,454.92828369140625
16869,648.0,520.4209594726562
16870,890.0,599.834228515625
16871,820.0,693.634765625
16872,894.0,799.06787109375
16873,416.0,870.5836791992188
16874,694.0,912.7384643554688
16875,690.0,923.302734375
16876,694.0,1172.0277099609375
16877,546.0,1220.427490234375
16878,520.0,1234.1842041015625
16879,424.0,1248.3079833984375
16880,442.0,1258.2232666015625
16881,758.0,1261.8118896484375
16882,908.0,1265.797119140625
16883,636.0,1269.406982421875
16884,648.0,1270.6552734375
16885,652.0,1270.088134765625
16886,588.0,1263.53271484375
16887,264.0,1195.0675048828125
16888,300.0,1051.0369873046875
16889,366.0,1000.6099853515625
16890,302.0,915.6846923828125
16891,342.0,825.1550903320312
16892,398.0,737.0051879882812
16893,1216.0,725.4224853515625
16894,1016.0,693.7116088867188
16895,956.0,656.375732421875
16896,1024.0,621.1270751953125
16897,928.0,586.5606689453125
16898,776.0,533.7491455078125
16899,496.0,473.98223876953125
16900,150.0,397.46917724609375
16901,206.0,325.808349609375
16902,352.0,267.0483703613281
16903,128.0,199.73046875
16904,132.0,106.62775421142578
16905,114.0,69.16695404052734
16906,54.0,42.263938903808594
16907,22.0,22.941619873046875
16908,4.0,6.5053606033325195
16909,2.0,1.7761688232421875
16910,0.0,0.6330890655517578
16911,0.0,0.2729053497314453
16912,0.0,0.1583995819091797
16913,0.0,0.10639381408691406
16914,0.0,0.036773681640625
16915,0.0,0.01599884033203125
16916,0.0,0.03243827819824219
16917,0.0,0.03670310974121094
16918,0.0,0.025339126586914062
16919,0.0,0.10079002380371094
16920,0.0,0.13361167907714844
16921,0.0,0.11889076232910156
16922,0.0,0.07420539855957031
16923,0.0,0.056407928466796875
16924,0.0,0.058124542236328125
16925,0.0,0.5925159454345703
16926,0.0,0.18669509887695312
16927,0.0,0.16445541381835938
16928,0.0,0.13494110107421875
16929,0.0,0.2324676513671875
16930,0.0,0.23825645446777344
16931,0.0,0.26247406005859375
16932,0.0,0.2727851867675781
16933,0.0,0.3069324493408203
16934,0.0,0.28070640563964844
16935,0.0,0.28772926330566406
16936,0.0,0.2674694061279297
16937,0.0,0.2555274963378906
16938,0.0,0.2524299621582031
16939,0.0,0.2138347625732422
16940,0.0,0.18690872192382812
16941,0.0,0.16719818115234375
16942,0.0,0.1999835968017578
16943,0.0,0.2109832763671875
16944,0.0,0.2769317626953125
16945,0.0,0.8226242065429688
16946,0.0,2.223539352416992
16947,0.0,4.139433860778809
16948,0.0,5.765552520751953
16949,0.0,7.891806602478027
16950,0.0,10.08111572265625
16951,8.0,14.961743354797363
16952,8.0,26.960044860839844
16953,12.0,45.10817337036133
16954,56.0,65.87117767333984
16955,64.0,85.8503189086914
16956,68.0,105.20429229736328
16957,92.0,123.7868881225586
16958,56.0,144.87646484375
16959,52.0,169.90249633789062
16960,84.0,205.85720825195312
16961,110.0,228.48336791992188
16962,118.0,248.20108032226562
16963,108.0,256.0600891113281
16964,122.0,250.14724731445312
16965,190.0,231.52743530273438
16966,208.0,208.96649169921875
16967,164.0,207.35684204101562
16968,172.0,252.57623291015625
16969,188.0,298.010498046875
16970,240.0,322.0352478027344
16971,378.0,296.6589660644531
16972,366.0,236.964111328125
16973,280.0,213.2413330078125
16974,240.0,201.27972412109375
16975,264.0,194.22756958007812
16976,240.0,190.68878173828125
16977,160.0,189.24514770507812
16978,164.0,190.75466918945312
16979,182.0,190.85699462890625
16980,160.0,189.99069213867188
16981,216.0,183.2774658203125
16982,214.0,180.781982421875
16983,348.0,182.1063232421875
16984,1194.0,189.07766723632812
16985,430.0,194.18377685546875
16986,280.0,200.85806274414062
16987,300.0,205.16427612304688
16988,360.0,212.92279052734375
16989,284.0,214.32830810546875
16990,316.0,215.0106201171875
16991,220.0,215.10601806640625
16992,232.0,219.74411010742188
16993,240.0,204.52764892578125
16994,288.0,188.56271362304688
16995,724.0,180.67117309570312
16996,600.0,178.53372192382812
16997,352.0,158.34634399414062
16998,334.0,131.6680908203125
16999,284.0,98.25846099853516
17000,138.0,63.8041877746582
17001,78.0,47.96747589111328
17002,38.0,37.955810546875
17003,12.0,26.433048248291016
17004,2.0,13.812898635864258
17005,0.0,5.240447998046875
17006,0.0,1.28619384765625
17007,0.0,0.029596328735351562
17008,0.0,-0.3911151885986328
17009,0.0,-0.3999176025390625
17010,0.0,-0.47265625
17011,0.0,-0.3705921173095703
17012,0.0,-0.1708545684814453
17013,0.0,0.125335693359375
17014,0.0,0.21347999572753906
17015,0.0,0.2521324157714844
17016,0.0,0.2232685089111328
17017,0.0,0.15436172485351562
17018,0.0,0.10010910034179688
17019,0.0,0.07949066162109375
17020,0.0,0.08841514587402344
17021,0.0,0.6225719451904297
17022,0.0,0.2858123779296875
17023,0.0,0.1466655731201172
17024,0.0,-0.2718315124511719
17025,0.0,-0.9283161163330078
17026,0.0,-1.2548694610595703
17027,0.0,-1.438405990600586
17028,0.0,-1.543436050415039
17029,0.0,-1.5921382904052734
17030,0.0,-1.6754894256591797
17031,0.0,-1.6902503967285156
17032,0.0,-1.6634998321533203
17033,0.0,-1.600870132446289
17034,0.0,-1.5734519958496094
17035,0.0,-1.5331134796142578
17036,0.0,-1.5053596496582031
17037,0.0,-1.4310131072998047
17038,0.0,-1.3271465301513672
17039,0.0,-1.1795635223388672
17040,0.0,-1.027902603149414
17041,0.0,-0.7783832550048828
17042,0.0,-0.47306251525878906
17043,0.0,-0.14449501037597656
17044,0.0,0.2453937530517578
17045,2.0,1.323873519897461
17046,4.0,4.063381195068359
17047,20.0,10.499244689941406
17048,32.0,24.181724548339844
17049,38.0,42.567405700683594
17050,46.0,59.369537353515625
17051,52.0,77.75517272949219
17052,60.0,101.80240631103516
17053,68.0,131.73846435546875
17054,88.0,162.01348876953125
17055,136.0,192.818115234375
17056,208.0,251.691650390625
17057,296.0,340.4956970214844
17058,404.0,455.487548828125
17059,504.0,563.9171142578125
17060,600.0,714.7847290039062
17061,688.0,814.0008544921875
17062,788.0,904.21435546875
17063,848.0,986.3421630859375
17064,930.0,1057.3209228515625
17065,1022.0,1087.9898681640625
17066,1072.0,1123.2318115234375
17067,1120.0,1163.7181396484375
17068,1208.0,1260.149169921875
17069,1248.0,1260.0322265625
17070,1276.0,1249.2142333984375
17071,1240.0,1248.833740234375
17072,1326.0,1253.467529296875
17073,1434.0,1271.157470703125
17074,1428.0,1271.793701171875
17075,1396.0,1271.877197265625
17076,1220.0,1271.89990234375
17077,1148.0,1271.774169921875
17078,1388.0,1270.55126953125
17079,1312.0,1261.5418701171875
17080,1220.0,1247.0443115234375
17081,1342.0,1224.8372802734375
17082,1150.0,1156.2679443359375
17083,860.0,1083.616943359375
17084,984.0,1034.6529541015625
17085,488.0,1040.3145751953125
17086,814.0,1002.9176025390625
17087,824.0,962.9589233398438
17088,428.0,927.9318237304688
17089,496.0,870.2921142578125
17090,672.0,790.515625
17091,616.0,701.1166381835938
17092,424.0,565.325927734375
17093,480.0,496.87774658203125
17094,398.0,405.759765625
17095,226.0,286.2433776855469
17096,122.0,155.54678344726562
17097,54.0,91.53158569335938
17098,40.0,54.395809173583984
17099,22.0,30.41968536376953
17100,6.0,9.446390151977539
17101,0.0,2.5924625396728516
17102,0.0,1.1751747131347656
17103,0.0,0.9552230834960938
17104,0.0,1.0139961242675781
17105,0.0,1.0510635375976562
17106,0.0,1.1156139373779297
17107,0.0,1.1775035858154297
17108,0.0,1.245309829711914
17109,0.0,1.2770328521728516
17110,0.0,1.3077545166015625
17111,0.0,1.331634521484375
17112,0.0,1.3628520965576172
17113,0.0,1.3607845306396484
17114,0.0,1.3654327392578125
17115,0.0,1.3682689666748047
17116,0.0,1.3782768249511719
17117,0.0,1.0329341888427734
17118,0.0,0.38248634338378906
17119,0.0,-0.2998237609863281
17120,0.0,-0.8240718841552734
17121,0.0,-1.193960189819336
17122,0.0,-1.2395057678222656
17123,0.0,-1.1874446868896484
17124,0.0,-1.0745162963867188
17125,0.0,-0.9090995788574219
17126,0.0,-0.4290046691894531
17127,0.0,0.024435043334960938
17128,0.0,0.3792724609375
17129,0.0,0.7344017028808594
17130,0.0,0.8169498443603516
17131,0.0,0.8671360015869141
17132,0.0,0.8990230560302734
17133,0.0,1.1446380615234375
17134,0.0,0.929351806640625
17135,0.0,0.47681617736816406
17136,0.0,-0.2156963348388672
17137,0.0,-0.7672691345214844
17138,0.0,-0.15877151489257812
17139,0.0,0.48535919189453125
17140,0.0,0.9577884674072266
17141,0.0,2.0162696838378906
17142,4.0,5.276518821716309
17143,8.0,14.291659355163574
17144,40.0,29.490957260131836
17145,64.0,45.75565719604492
17146,68.0,59.58931350708008
17147,76.0,70.7076644897461
17148,84.0,79.57758331298828
17149,98.0,89.85454559326172
17150,118.0,104.84750366210938
17151,164.0,130.1923065185547
17152,228.0,173.67178344726562
17153,316.0,266.341796875
17154,404.0,405.82513427734375
17155,492.0,517.750244140625
17156,592.0,650.7433471679688
17157,688.0,754.0511474609375
17158,772.0,842.5422973632812
17159,858.0,934.1639404296875
17160,942.0,1023.3047485351562
17161,940.0,1055.3970947265625
17162,982.0,1081.5611572265625
17163,1058.0,1112.317138671875
17164,1032.0,1189.353271484375
17165,946.0,1237.033447265625
17166,934.0,1253.5904541015625
17167,792.0,1258.855712890625
17168,1030.0,1259.0059814453125
17169,1098.0,1255.5653076171875
17170,772.0,1252.63818359375
17171,824.0,1248.3953857421875
17172,928.0,1246.0162353515625
17173,644.0,1247.8597412109375
17174,512.0,1248.2225341796875
17175,456.0,1243.8590087890625
17176,536.0,1228.4239501953125
17177,512.0,1187.59765625
17178,500.0,1117.98681640625
17179,834.0,1042.9490966796875
17180,774.0,907.1683959960938
17181,548.0,762.8839111328125
17182,372.0,622.0227661132812
17183,328.0,514.64990234375
17184,286.0,444.6348571777344
17185,240.0,384.23724365234375
17186,198.0,322.01153564453125
17187,184.0,267.8583068847656
17188,150.0,206.46524047851562
17189,90.0,161.35025024414062
17190,48.0,120.08509063720703
17191,32.0,82.26332092285156
17192,24.0,49.19856643676758
17193,16.0,35.24198913574219
17194,10.0,24.942092895507812
17195,2.0,11.749693870544434
17196,0.0,1.7263755798339844
17197,0.0,0.2180042266845703
17198,0.0,-0.06749916076660156
17199,0.0,-0.11863327026367188
17200,0.0,-0.11005973815917969
17201,0.0,-0.09764289855957031
17202,0.0,-0.17288589477539062
17203,0.0,-0.2162342071533203
17204,0.0,-0.14414596557617188
17205,0.0,-0.09149551391601562
17206,0.0,-0.06273269653320312
17207,0.0,-0.028753280639648438
17208,0.0,0.014186859130859375
17209,0.0,0.052642822265625
17210,0.0,0.024824142456054688
17211,0.0,0.013477325439453125
17212,0.0,0.019283294677734375
17213,0.0,0.6752338409423828
17214,0.0,0.3566932678222656
17215,0.0,0.19044113159179688
17216,0.0,-0.0635528564453125
17217,0.0,-0.3051948547363281
17218,0.0,-0.33922386169433594
17219,0.0,-0.362701416015625
17220,0.0,-0.3469810485839844
17221,0.0,-0.3096275329589844
17222,0.0,-0.36261749267578125
17223,0.0,-0.38370323181152344
17224,0.0,-0.4007911682128906
17225,0.0,-0.4822502136230469
17226,0.0,-0.5761241912841797
17227,0.0,-0.6171226501464844
17228,0.0,-0.6334819793701172
17229,0.0,-0.5121269226074219
17230,0.0,-0.1142578125
17231,0.0,0.055385589599609375
17232,0.0,0.0023746490478515625
17233,0.0,0.06137847900390625
17234,0.0,0.11522674560546875
17235,0.0,0.255340576171875
17236,0.0,0.33904457092285156
17237,0.0,0.6037044525146484
17238,0.0,1.1739616394042969
17239,2.0,2.2240066528320312
17240,2.0,4.128503799438477
17241,4.0,8.540950775146484
17242,4.0,17.455060958862305
17243,6.0,31.651439666748047
17244,6.0,48.850868225097656
17245,8.0,66.76870727539062
17246,22.0,84.74073028564453
17247,30.0,100.41554260253906
17248,38.0,113.85460662841797
17249,42.0,123.89508056640625
17250,84.0,132.0426025390625
17251,80.0,136.92376708984375
17252,32.0,139.92276000976562
17253,44.0,140.20626831054688
17254,56.0,140.55319213867188
17255,80.0,140.69467163085938
17256,72.0,141.11178588867188
17257,48.0,140.87734985351562
17258,72.0,140.04568481445312
17259,84.0,138.53692626953125
17260,64.0,136.86996459960938
17261,66.0,133.66644287109375
17262,50.0,136.87081909179688
17263,64.0,144.65301513671875
17264,92.0,151.77304077148438
17265,122.0,155.6878662109375
17266,116.0,163.07952880859375
17267,108.0,170.61868286132812
17268,102.0,177.46905517578125
17269,78.0,181.48568725585938
17270,64.0,179.24365234375
17271,74.0,170.81854248046875
17272,80.0,156.82431030273438
17273,74.0,141.4764404296875
17274,66.0,141.57540893554688
17275,74.0,143.7003173828125
17276,102.0,145.08740234375
17277,116.0,143.794189453125
17278,82.0,140.04840087890625
17279,102.0,130.61968994140625
17280,70.0,116.55806732177734
17281,72.0,92.91619873046875
17282,70.0,74.06096649169922
17283,96.0,60.68605422973633
17284,58.0,51.08827209472656
17285,50.0,40.02943801879883
17286,44.0,30.906314849853516
17287,24.0,22.554187774658203
17288,12.0,15.088482856750488
17289,4.0,8.31032657623291
17290,8.0,3.60675048828125
17291,0.0,1.1597900390625
17292,0.0,0.42972564697265625
17293,0.0,0.2517566680908203
17294,0.0,0.17123031616210938
17295,0.0,0.24274063110351562
17296,0.0,0.30733299255371094
17297,0.0,0.4009552001953125
17298,0.0,0.20278358459472656
17299,0.0,0.22939109802246094
17300,0.0,0.34101104736328125
17301,0.0,0.3859233856201172
17302,0.0,0.3747539520263672
17303,0.0,0.43485069274902344
17304,0.0,0.5565624237060547
17305,0.0,0.6943302154541016
17306,0.0,0.7551956176757812
17307,0.0,0.9180088043212891
17308,0.0,1.059946060180664
17309,0.0,0.6767005920410156
17310,0.0,-0.09722328186035156
17311,0.0,-0.5664405822753906
17312,0.0,-0.6748943328857422
17313,0.0,-0.42997169494628906
17314,0.0,-0.298828125
17315,0.0,-0.2469959259033203
17316,0.0,-0.198089599609375
17317,0.0,-0.1901397705078125
17318,0.0,-0.1653919219970703
17319,0.0,-0.0754852294921875
17320,0.0,0.17467117309570312
17321,0.0,0.2352447509765625
17322,0.0,0.20279884338378906
17323,0.0,0.12502670288085938
17324,0.0,0.012346267700195312
17325,0.0,-0.16467666625976562
17326,0.0,-0.13023948669433594
17327,0.0,-0.0072116851806640625
17328,0.0,0.12270164489746094
17329,0.0,0.3377857208251953
17330,0.0,0.6821231842041016
17331,0.0,1.0679359436035156
17332,0.0,1.4780120849609375
17333,2.0,2.5418405532836914
17334,2.0,4.019787788391113
17335,0.0,6.420017242431641
17336,0.0,10.080288887023926
17337,8.0,17.099651336669922
17338,54.0,27.85187530517578
17339,74.0,39.931060791015625
17340,32.0,51.53202819824219
17341,20.0,63.38218688964844
17342,96.0,75.96464538574219
17343,136.0,88.29254913330078
17344,140.0,99.41006469726562
17345,82.0,107.6815414428711
17346,142.0,116.01444244384766
17347,232.0,124.3080062866211
17348,216.0,133.10641479492188
17349,156.0,140.66372680664062
17350,174.0,143.900146484375
17351,212.0,154.73388671875
17352,270.0,174.47119140625
17353,296.0,191.14328002929688
17354,390.0,190.81411743164062
17355,286.0,182.62210083007812
17356,168.0,178.63189697265625
17357,252.0,182.29293823242188
17358,228.0,188.28216552734375
17359,198.0,185.53173828125
17360,178.0,198.15179443359375
17361,88.0,190.30245971679688
17362,128.0,164.57546997070312
17363,200.0,156.148193359375
17364,296.0,157.61386108398438
17365,236.0,161.7593994140625
17366,284.0,164.612060546875
17367,280.0,165.864013671875
17368,264.0,166.86026000976562
17369,240.0,171.29693603515625
17370,236.0,163.43157958984375
17371,300.0,142.72509765625
17372,206.0,132.2830810546875
17373,90.0,129.23416137695312
17374,52.0,128.9000701904297
17375,68.0,129.6309814453125
17376,84.0,127.51163482666016
17377,134.0,125.54757690429688
17378,198.0,125.14256286621094
17379,184.0,125.25016021728516
17380,162.0,124.43280792236328
17381,126.0,121.65213012695312
17382,88.0,103.04569244384766
17383,56.0,70.57814025878906
17384,26.0,45.058223724365234
17385,12.0,26.476163864135742
17386,2.0,9.32013988494873
17387,0.0,3.0456666946411133
17388,0.0,1.5575695037841797
17389,0.0,1.0829315185546875
17390,0.0,1.008392333984375
17391,0.0,1.0787601470947266
17392,0.0,1.1922836303710938
17393,0.0,1.2391948699951172
17394,0.0,1.2042999267578125
17395,0.0,1.2402572631835938
17396,0.0,1.3692283630371094
17397,0.0,1.3861274719238281
17398,0.0,1.4419326782226562
17399,0.0,1.4945220947265625
17400,0.0,1.5436019897460938
17401,0.0,1.4661846160888672
17402,0.0,1.472085952758789
17403,0.0,1.4732074737548828
17404,0.0,1.4787864685058594
17405,0.0,1.0451164245605469
17406,0.0,0.8610725402832031
17407,0.0,0.39538002014160156
17408,0.0,0.1362438201904297
17409,0.0,0.03539085388183594
17410,0.0,0.07066154479980469
17411,0.0,0.07994270324707031
17412,0.0,0.1437835693359375
17413,0.0,0.2298297882080078
17414,0.0,0.35650634765625
17415,0.0,0.4506340026855469
17416,0.0,0.5747241973876953
17417,0.0,0.6099357604980469
17418,0.0,0.5668411254882812
17419,0.0,0.39002037048339844
17420,0.0,0.09419059753417969
17421,0.0,-0.34382057189941406
17422,0.0,-0.6329402923583984
17423,0.0,-0.7966289520263672
17424,0.0,-0.8885154724121094
17425,0.0,-0.9226665496826172
17426,0.0,-0.7674217224121094
17427,0.0,-0.477264404296875
17428,0.0,-0.026117324829101562
17429,0.0,1.2925395965576172
17430,4.0,4.861344337463379
17431,8.0,13.495307922363281
17432,26.0,29.18331527709961
17433,38.0,48.48052215576172
17434,44.0,67.80584716796875
17435,52.0,91.34410095214844
17436,60.0,121.57576751708984
17437,66.0,153.86138916015625
17438,92.0,193.73928833007812
17439,142.0,261.8713073730469
17440,216.0,370.7209777832031
17441,306.0,476.7754821777344
17442,406.0,579.9039916992188
17443,512.0,689.4368286132812
17444,610.0,799.2390747070312
17445,706.0,877.6975708007812
17446,794.0,939.4096069335938
17447,872.0,982.711181640625
17448,946.0,1017.2843627929688
17449,1014.0,1042.708984375
17450,1078.0,1065.728271484375
17451,1144.0,1088.5933837890625
17452,1164.0,1141.473876953125
17453,1204.0,1185.4239501953125
17454,1272.0,1230.89208984375
17455,1256.0,1263.06640625
17456,1340.0,1268.7017822265625
17457,1370.0,1268.5947265625
17458,1350.0,1267.630615234375
17459,1334.0,1261.5828857421875
17460,1402.0,1206.238525390625
17461,1418.0,1107.9537353515625
17462,1394.0,1027.7745361328125
17463,1040.0,969.3834228515625
17464,880.0,908.0474243164062
17465,1366.0,839.4564819335938
17466,1070.0,762.3325805664062
17467,1112.0,673.21044921875
17468,504.0,645.3421630859375
17469,396.0,629.2685546875
17470,280.0,618.0237426757812
17471,192.0,599.1810913085938
17472,122.0,570.4389038085938
17473,122.0,534.3280029296875
17474,172.0,507.27313232421875
17475,146.0,472.198486328125
17476,322.0,424.64691162109375
17477,396.0,368.4350280761719
17478,376.0,282.2261962890625
17479,148.0,213.90762329101562
17480,104.0,142.71893310546875
17481,56.0,86.7677001953125
17482,16.0,54.02272033691406
17483,6.0,35.34407043457031
17484,2.0,18.433813095092773
17485,0.0,6.758332252502441
17486,0.0,2.4018211364746094
17487,0.0,1.090066909790039
17488,0.0,0.5277061462402344
17489,0.0,0.305908203125
17490,0.0,0.21816253662109375
17491,0.0,0.2159423828125
17492,0.0,0.24222183227539062
17493,0.0,0.2725658416748047
17494,0.0,0.2554740905761719
17495,0.0,0.26235389709472656
17496,0.0,0.32152748107910156
17497,0.0,0.4085865020751953
17498,0.0,0.3999195098876953
17499,0.0,0.3549003601074219
17500,0.0,0.3416290283203125
17501,0.0,0.24258995056152344
17502,0.0,0.23067283630371094
17503,0.0,0.41016197204589844
17504,0.0,0.7325477600097656
17505,0.0,1.1146297454833984
17506,0.0,1.0163860321044922
17507,0.0,0.7983379364013672
17508,0.0,0.4770545959472656
17509,0.0,0.06740188598632812
17510,0.0,-0.23599624633789062
17511,0.0,-0.38173484802246094
17512,0.0,-0.48938751220703125
17513,0.0,-0.6129474639892578
17514,0.0,-0.6921100616455078
17515,0.0,-0.7871017456054688
17516,0.0,-0.8332290649414062
17517,0.0,-0.9003009796142578
17518,0.0,-0.7255706787109375
17519,0.0,-0.6398582458496094
17520,0.0,-0.49310302734375
17521,0.0,-0.30663490295410156
17522,0.0,-0.04944419860839844
17523,0.0,0.23127365112304688
17524,0.0,0.5553665161132812
17525,0.0,1.5823993682861328
17526,0.0,4.341586112976074
17527,0.0,11.974332809448242
17528,0.0,26.186307907104492
17529,6.0,46.911895751953125
17530,38.0,69.21697998046875
17531,62.0,91.9163818359375
17532,70.0,114.50950622558594
17533,120.0,136.07086181640625
17534,100.0,154.4161376953125
17535,120.0,173.07852172851562
17536,124.0,204.73318481445312
17537,108.0,257.69195556640625
17538,128.0,322.2144470214844
17539,132.0,383.1034240722656
17540,164.0,448.33135986328125
17541,216.0,505.64971923828125
17542,200.0,548.3390502929688
17543,156.0,533.8148193359375
17544,154.0,461.550537109375
17545,110.0,435.8553161621094
17546,112.0,423.9233703613281
17547,82.0,425.4436340332031
17548,110.0,435.2359313964844
17549,118.0,469.7012023925781
17550,226.0,499.13250732421875
17551,324.0,506.87615966796875
17552,260.0,494.30877685546875
17553,264.0,475.00689697265625
17554,236.0,447.9870300292969
17555,234.0,365.2378845214844
17556,110.0,262.8472900390625
17557,100.0,222.70928955078125
17558,154.0,229.25540161132812
17559,102.0,287.31658935546875
17560,146.0,428.1856994628906
17561,176.0,655.1488037109375
17562,178.0,880.6944580078125
17563,148.0,1065.759521484375
17564,88.0,1173.99365234375
17565,42.0,1189.69873046875
17566,34.0,1022.405029296875
17567,80.0,874.6986694335938
17568,410.0,752.6610107421875
17569,354.0,616.8108520507812
17570,488.0,560.7445068359375
17571,370.0,508.5114440917969
17572,326.0,434.3598327636719
17573,220.0,354.96563720703125
17574,180.0,285.97039794921875
17575,132.0,217.80270385742188
17576,92.0,170.62332153320312
17577,60.0,133.00363159179688
17578,40.0,94.18678283691406
17579,28.0,53.62451171875
17580,4.0,17.190614700317383
17581,0.0,6.365449905395508
17582,0.0,1.9509239196777344
17583,0.0,0.8435039520263672
17584,0.0,0.47162628173828125
17585,0.0,0.4643669128417969
17586,0.0,0.5587825775146484
17587,0.0,0.7572746276855469
17588,0.0,0.9781074523925781
17589,0.0,1.0974597930908203
17590,0.0,1.1195297241210938
17591,0.0,1.1354427337646484
17592,0.0,1.1828422546386719
17593,0.0,1.153696060180664
17594,0.0,1.1727886199951172
17595,0.0,1.1900253295898438
17596,0.0,1.2209281921386719
17597,0.0,1.1607990264892578
17598,0.0,1.2034587860107422
17599,0.0,0.9191360473632812
17600,0.0,0.6120376586914062
17601,0.0,0.30611228942871094
17602,0.0,-0.009586334228515625
17603,0.0,-0.29598045349121094
17604,0.0,-0.5137405395507812
17605,0.0,-0.6597919464111328
17606,0.0,-0.7831249237060547
17607,0.0,-0.8603363037109375
17608,0.0,-0.9105243682861328
17609,0.0,-0.8778934478759766
17610,0.0,-0.9539203643798828
17611,0.0,-1.05517578125
17612,0.0,-1.1303787231445312
17613,0.0,-1.1452598571777344
17614,0.0,-1.1908950805664062
17615,0.0,-1.2412300109863281
17616,0.0,-1.2946395874023438
17617,0.0,-1.2787590026855469
17618,0.0,-1.2252216339111328
17619,0.0,-1.1370983123779297
17620,0.0,-1.0026607513427734
17621,0.0,-0.09810638427734375
17622,0.0,3.15274715423584
17623,8.0,13.518255233764648
17624,20.0,35.792423248291016
17625,34.0,56.00938415527344
17626,38.0,70.72930908203125
17627,46.0,81.65200805664062
17628,50.0,92.52510833740234
17629,56.0,110.4056396484375
17630,76.0,138.34280395507812
17631,126.0,176.52096557617188
17632,206.0,246.39678955078125
17633,308.0,353.63043212890625
17634,416.0,456.8722229003906
17635,480.0,564.4835815429688
17636,510.0,714.053466796875
17637,706.0,777.4917602539062
17638,608.0,819.7542724609375
17639,972.0,847.7110595703125
17640,1050.0,883.0185546875
17641,1182.0,872.20947265625
17642,984.0,911.3191528320312
17643,1034.0,965.9585571289062
17644,544.0,1021.1437377929688
17645,588.0,1063.4739990234375
17646,510.0,1092.2572021484375
17647,532.0,1103.6201171875
17648,524.0,1118.40576171875
17649,636.0,1123.4027099609375
17650,556.0,1038.0966796875
17651,498.0,934.5169677734375
17652,402.0,798.9053344726562
17653,568.0,710.7089233398438
17654,620.0,706.8928833007812
17655,528.0,705.6423950195312
17656,540.0,663.5227661132812
17657,584.0,632.9475708007812
17658,664.0,591.7074584960938
17659,452.0,568.8359375
17660,420.0,562.868896484375
17661,388.0,560.6770629882812
17662,384.0,550.1388549804688
17663,412.0,530.7616577148438
17664,458.0,512.2064819335938
17665,326.0,492.9207763671875
17666,244.0,468.51239013671875
17667,196.0,427.8067321777344
17668,208.0,360.00006103515625
17669,148.0,297.0471496582031
17670,232.0,244.05450439453125
17671,270.0,190.25247192382812
17672,226.0,131.41220092773438
17673,162.0,101.3675537109375
17674,100.0,74.67840576171875
17675,48.0,50.00017166137695
17676,6.0,20.26386833190918
17677,2.0,6.2824249267578125
17678,0.0,1.8624858856201172
17679,0.0,0.9154739379882812
17680,0.0,0.7416019439697266
17681,0.0,0.6700897216796875
17682,0.0,0.6246318817138672
17683,0.0,0.5663032531738281
17684,0.0,0.49272727966308594
17685,0.0,0.38695335388183594
17686,0.0,0.3250465393066406
17687,0.0,0.26877403259277344
17688,0.0,0.25331687927246094
17689,0.0,0.2437114715576172
17690,0.0,0.2681255340576172
17691,0.0,0.28876495361328125
17692,0.0,0.3155231475830078
17693,0.0,0.30279541015625
17694,0.0,0.2013378143310547
17695,0.0,0.11349296569824219
17696,0.0,0.010301589965820312
17697,0.0,-0.02753448486328125
17698,0.0,0.2344646453857422
17699,0.0,0.48602294921875
17700,0.0,0.7268028259277344
17701,0.0,0.8286056518554688
17702,0.0,0.6702003479003906
17703,0.0,0.6064071655273438
17704,0.0,0.6205654144287109
17705,0.0,0.5834789276123047
17706,0.0,0.5308265686035156
17707,0.0,0.5313434600830078
17708,0.0,0.5389328002929688
17709,0.0,0.5126171112060547
17710,0.0,0.6316566467285156
17711,0.0,0.6197719573974609
17712,0.0,0.5300464630126953
17713,0.0,0.30077362060546875
17714,0.0,0.15608596801757812
17715,0.0,0.2680397033691406
17716,0.0,0.5836963653564453
17717,0.0,1.5864238739013672
17718,4.0,4.624972343444824
17719,10.0,13.312877655029297
17720,28.0,32.389625549316406
17721,40.0,53.99534606933594
17722,48.0,72.36054992675781
17723,58.0,90.36234283447266
17724,68.0,110.9744644165039
17725,78.0,134.96987915039062
17726,108.0,157.99795532226562
17727,166.0,180.04083251953125
17728,250.0,224.17584228515625
17729,334.0,303.6429138183594
17730,396.0,396.71649169921875
17731,512.0,489.34991455078125
17732,514.0,634.541259765625
17733,668.0,748.9158325195312
17734,712.0,813.4515991210938
17735,824.0,864.437255859375
17736,992.0,967.1926879882812
17737,1014.0,962.28173828125
17738,874.0,916.1787719726562
17739,342.0,900.9244995117188
17740,386.0,997.8018188476562
17741,516.0,1090.669189453125
17742,660.0,1167.40576171875
17743,700.0,1194.8173828125
17744,552.0,1199.45166015625
17745,366.0,1206.3648681640625
17746,186.0,1211.1661376953125
17747,182.0,1209.7000732421875
17748,278.0,1193.440673828125
17749,446.0,1145.013671875
17750,860.0,964.0790405273438
17751,558.0,839.293212890625
17752,738.0,755.6672973632812
17753,398.0,703.5601196289062
17754,300.0,675.0333251953125
17755,268.0,659.8802490234375
17756,448.0,672.3692626953125
17757,1036.0,718.9244384765625
17758,600.0,726.2802124023438
17759,348.0,710.6207275390625
17760,408.0,678.7267456054688
17761,352.0,659.20703125
17762,344.0,617.4341430664062
17763,436.0,549.44921875
17764,600.0,480.0364990234375
17765,584.0,430.1668395996094
17766,352.0,372.0654602050781
17767,276.0,303.3909912109375
17768,220.0,209.57760620117188
17769,148.0,137.8641357421875
17770,92.0,88.77710723876953
17771,46.0,52.1189079284668
17772,10.0,21.386606216430664
17773,0.0,6.307856559753418
17774,0.0,2.4366817474365234
17775,0.0,1.632406234741211
17776,0.0,1.4680194854736328
17777,0.0,1.3883743286132812
17778,0.0,1.1358585357666016
17779,0.0,0.8299274444580078
17780,0.0,0.6019935607910156
17781,0.0,0.449920654296875
17782,0.0,0.415069580078125
17783,0.0,0.4107341766357422
17784,0.0,0.4531993865966797
17785,0.0,0.4669475555419922
17786,0.0,0.44162559509277344
17787,0.0,0.41788291931152344
17788,0.0,0.4093437194824219
17789,0.0,0.7340812683105469
17790,0.0,0.6249618530273438
17791,0.0,0.6957054138183594
17792,0.0,0.7130947113037109
17793,0.0,0.7713603973388672
17794,0.0,0.7462692260742188
17795,0.0,0.7344875335693359
17796,0.0,0.72021484375
17797,0.0,0.7553272247314453
17798,0.0,0.7529411315917969
17799,0.0,0.7392730712890625
17800,0.0,0.7657661437988281
17801,0.0,0.775177001953125
17802,0.0,0.7242488861083984
17803,0.0,0.6387996673583984
17804,0.0,0.5323352813720703
17805,0.0,0.4516925811767578
17806,0.0,0.4850311279296875
17807,0.0,0.4792366027832031
17808,0.0,0.4988212585449219
17809,0.0,0.5760955810546875
17810,0.0,0.6870841979980469
17811,0.0,0.7670497894287109
17812,0.0,0.8682460784912109
17813,2.0,1.4953041076660156
17814,8.0,3.4667577743530273
17815,26.0,8.35193920135498
17816,56.0,15.982752799987793
17817,100.0,27.411184310913086
17818,124.0,46.09855651855469
17819,148.0,68.59980773925781
17820,152.0,93.79824829101562
17821,128.0,120.87199401855469
17822,148.0,145.5394744873047
17823,108.0,165.93716430664062
17824,52.0,186.77365112304688
17825,44.0,203.51132202148438
17826,76.0,218.72430419921875
17827,152.0,235.69180297851562
17828,254.0,260.4783020019531
17829,298.0,284.92547607421875
17830,248.0,312.9744873046875
17831,160.0,330.5949401855469
17832,132.0,267.3945007324219
17833,256.0,203.42648315429688
17834,188.0,170.00778198242188
17835,88.0,144.7312774658203
17836,84.0,126.41476440429688
17837,78.0,112.72911834716797
17838,42.0,107.85083770751953
17839,32.0,107.16864776611328
17840,48.0,107.67196655273438
17841,52.0,107.53364562988281
17842,56.0,106.90097045898438
17843,64.0,106.07977294921875
17844,68.0,105.2806167602539
17845,100.0,104.603271484375
17846,152.0,109.88548278808594
17847,112.0,117.08024597167969
17848,106.0,119.93247985839844
17849,98.0,121.7745590209961
17850,132.0,125.70365905761719
17851,134.0,129.51559448242188
17852,100.0,131.4553680419922
17853,110.0,131.2041778564453
17854,104.0,132.21768188476562
17855,84.0,133.2839813232422
17856,68.0,134.10401916503906
17857,56.0,133.4966583251953
17858,50.0,130.6194610595703
17859,42.0,122.89071655273438
17860,28.0,110.265869140625
17861,18.0,87.62472534179688
17862,20.0,57.67405319213867
17863,10.0,40.020904541015625
17864,6.0,32.556610107421875
17865,4.0,23.7989501953125
17866,4.0,10.805519104003906
17867,2.0,3.4677305221557617
17868,0.0,1.2581443786621094
17869,0.0,0.7189903259277344
17870,0.0,0.46715736389160156
17871,0.0,0.35665130615234375
17872,0.0,0.2994861602783203
17873,0.0,0.25275230407714844
17874,0.0,0.1422290802001953
17875,0.0,0.11235427856445312
17876,0.0,0.12188148498535156
17877,0.0,0.15657615661621094
17878,0.0,0.18407630920410156
17879,0.0,0.2300567626953125
17880,0.0,0.2942218780517578
17881,0.0,0.36597442626953125
17882,0.0,0.3657379150390625
17883,0.0,0.3921775817871094
17884,0.0,0.4151115417480469
17885,0.0,0.049991607666015625
17886,0.0,-0.6102619171142578
17887,0.0,-0.8648147583007812
17888,0.0,-0.9504871368408203
17889,0.0,-1.0160942077636719
17890,0.0,-1.0098628997802734
17891,0.0,-1.0216217041015625
17892,0.0,-1.0283775329589844
17893,0.0,-1.0082683563232422
17894,0.0,-0.9479598999023438
17895,0.0,-0.8796138763427734
17896,0.0,-0.82513427734375
17897,0.0,-0.7793369293212891
17898,0.0,-0.7208003997802734
17899,0.0,-0.6839046478271484
17900,0.0,-0.6532745361328125
17901,0.0,-0.5913028717041016
17902,0.0,-0.7111072540283203
17903,0.0,-0.9282245635986328
17904,0.0,-1.1162242889404297
17905,0.0,-1.1252574920654297
17906,0.0,-0.8040504455566406
17907,0.0,-0.43579864501953125
17908,0.0,-0.031803131103515625
17909,0.0,0.7178611755371094
17910,2.0,2.369729995727539
17911,2.0,5.2498321533203125
17912,8.0,10.093841552734375
17913,8.0,19.829450607299805
17914,8.0,35.28630828857422
17915,16.0,53.89506530761719
17916,24.0,72.4011459350586
17917,44.0,89.68295288085938
17918,68.0,105.44979095458984
17919,72.0,117.97734069824219
17920,60.0,129.88632202148438
17921,70.0,143.3248291015625
17922,134.0,162.54989624023438
17923,176.0,190.20321655273438
17924,188.0,235.07965087890625
17925,164.0,271.7406921386719
17926,208.0,291.198974609375
17927,296.0,292.6969909667969
17928,214.0,294.4820251464844
17929,106.0,282.55743408203125
17930,258.0,334.41912841796875
17931,438.0,413.9678039550781
17932,420.0,536.13330078125
17933,564.0,670.8599853515625
17934,854.0,800.3167724609375
17935,686.0,926.2538452148438
17936,504.0,1018.809326171875
17937,512.0,1040.2344970703125
17938,554.0,1022.119873046875
17939,552.0,985.9824829101562
17940,530.0,922.9921264648438
17941,522.0,859.3899536132812
17942,542.0,823.5967407226562
17943,500.0,790.2205810546875
17944,596.0,750.8533325195312
17945,516.0,712.1376342773438
17946,288.0,715.1130981445312
17947,272.0,720.4122314453125
17948,304.0,723.9296875
17949,358.0,711.3922729492188
17950,332.0,666.8253173828125
17951,260.0,614.552001953125
17952,326.0,491.99530029296875
17953,260.0,385.087158203125
17954,162.0,308.2898254394531
17955,464.0,257.5079345703125
17956,390.0,217.80941772460938
17957,200.0,254.71517944335938
17958,128.0,233.97940063476562
17959,168.0,197.82229614257812
17960,188.0,148.12429809570312
17961,106.0,111.04316711425781
17962,46.0,73.94379425048828
17963,32.0,46.147178649902344
17964,32.0,22.301420211791992
17965,10.0,7.774839401245117
17966,2.0,2.4311914443969727
17967,0.0,1.3022193908691406
17968,0.0,0.9906959533691406
17969,0.0,1.0425453186035156
17970,0.0,0.9558124542236328
17971,0.0,0.8964481353759766
17972,0.0,0.8666591644287109
17973,0.0,0.8058242797851562
17974,0.0,0.6987228393554688
17975,0.0,0.6034259796142578
17976,0.0,0.545013427734375
17977,0.0,0.45847129821777344
17978,0.0,0.5849552154541016
17979,0.0,0.7798633575439453
17980,0.0,0.9880733489990234
17981,0.0,1.1717872619628906
17982,0.0,1.1891841888427734
17983,0.0,1.1453933715820312
17984,0.0,1.097097396850586
17985,0.0,1.0608577728271484
17986,0.0,1.000579833984375
17987,0.0,0.9708766937255859
17988,0.0,0.9575290679931641
17989,0.0,0.8993434906005859
17990,0.0,0.8240127563476562
17991,0.0,0.7823829650878906
17992,0.0,0.7682514190673828
17993,0.0,0.7275180816650391
17994,0.0,0.6784000396728516
17995,0.0,0.6415309906005859
17996,0.0,0.6206340789794922
17997,0.0,0.5283794403076172
17998,0.0,0.4078521728515625
17999,0.0,0.23091506958007812
18000,0.0,0.034576416015625
18001,0.0,-0.2105236053466797
18002,0.0,-0.4116783142089844
18003,0.0,-0.6009349822998047
18004,2.0,-0.7206687927246094
18005,8.0,-0.3508930206298828
18006,26.0,5.354384422302246
18007,36.0,31.22451400756836
18008,46.0,50.44173812866211
18009,54.0,61.51238250732422
18010,60.0,71.93236541748047
18011,68.0,83.27885437011719
18012,72.0,96.21641540527344
18013,84.0,113.28639221191406
18014,108.0,137.85516357421875
18015,168.0,178.06668090820312
18016,246.0,266.6911926269531
18017,346.0,358.4791259765625
18018,456.0,449.18536376953125
18019,566.0,570.076904296875
18020,674.0,730.5753173828125
18021,768.0,800.8656005859375
18022,860.0,858.3255004882812
18023,944.0,909.2482299804688
18024,1016.0,989.638671875
18025,1094.0,1062.6524658203125
18026,1170.0,1108.382568359375
18027,1236.0,1142.661865234375
18028,1292.0,1238.9158935546875
18029,1340.0,1259.3427734375
18030,1380.0,1267.0140380859375
18031,1416.0,1269.9444580078125
18032,1464.0,1271.191650390625
18033,1484.0,1271.58056640625
18034,1490.0,1271.756591796875
18035,1494.0,1271.83642578125
18036,1506.0,1271.875244140625
18037,1514.0,1271.8851318359375
18038,1524.0,1271.884765625
18039,1516.0,1271.88037109375
18040,1504.0,1271.8701171875
18041,1482.0,1271.846435546875
18042,1422.0,1271.7513427734375
18043,1384.0,1271.52978515625
18044,1144.0,1270.809326171875
18045,1186.0,1268.135986328125
18046,1242.0,1236.7098388671875
18047,1120.0,1151.8118896484375
18048,1104.0,1137.6527099609375
18049,1026.0,1104.3455810546875
18050,922.0,1038.0311279296875
18051,836.0,884.99853515625
18052,728.0,770.87646484375
18053,624.0,715.9244384765625
18054,508.0,650.4644165039062
18055,394.0,554.1640625
18056,280.0,398.80126953125
18057,190.0,279.0484619140625
18058,126.0,179.19857788085938
18059,74.0,88.92547607421875
18060,24.0,31.91282844543457
18061,8.0,7.560792922973633
18062,0.0,1.2445659637451172
18063,0.0,0.40479087829589844
18064,0.0,0.3255290985107422
18065,0.0,0.38352203369140625
18066,0.0,0.44789886474609375
18067,0.0,0.5201072692871094
18068,0.0,0.5776882171630859
18069,0.0,0.5809497833251953
18070,0.0,0.5795536041259766
18071,0.0,0.5820713043212891
18072,0.0,0.6029014587402344
18073,0.0,0.5907211303710938
18074,0.0,0.6109867095947266
18075,0.0,0.6326847076416016
18076,0.0,0.6461715698242188
18077,0.0,0.8252201080322266
18078,0.0,1.1130828857421875
18079,0.0,1.137502670288086
18080,0.0,1.0887985229492188
18081,0.0,1.0483627319335938
18082,0.0,0.9654140472412109
18083,0.0,0.914215087890625
18084,0.0,0.8796119689941406
18085,0.0,0.8400936126708984
18086,0.0,0.7913131713867188
18087,0.0,0.7904033660888672
18088,0.0,0.8137264251708984
18089,0.0,0.8066234588623047
18090,0.0,0.7931728363037109
18091,0.0,0.7855758666992188
18092,0.0,0.7880153656005859
18093,0.0,0.7344379425048828
18094,0.0,0.6605243682861328
18095,0.0,0.5282726287841797
18096,0.0,0.37700653076171875
18097,0.0,0.17203712463378906
18098,0.0,0.0760498046875
18099,0.0,0.20725059509277344
18100,4.0,1.9140090942382812
18101,8.0,9.136317253112793
18102,32.0,22.392120361328125
18103,40.0,37.32748031616211
18104,50.0,49.92293930053711
18105,58.0,61.037559509277344
18106,66.0,72.06727600097656
18107,70.0,83.72614288330078
18108,76.0,96.95146942138672
18109,84.0,115.29019165039062
18110,112.0,142.40785217285156
18111,168.0,185.34512329101562
18112,252.0,275.8067321777344
18113,352.0,363.7437438964844
18114,468.0,454.741943359375
18115,576.0,560.895263671875
18116,680.0,716.6025390625
18117,780.0,784.6587524414062
18118,868.0,846.4940185546875
18119,954.0,909.119140625
18120,1038.0,1010.8422241210938
18121,1108.0,1069.9571533203125
18122,1176.0,1122.0576171875
18123,1248.0,1211.3863525390625
18124,1296.0,1262.4979248046875
18125,1352.0,1268.00390625
18126,1396.0,1270.343505859375
18127,1416.0,1271.3631591796875
18128,1442.0,1271.755615234375
18129,1470.0,1271.845703125
18130,1484.0,1271.88330078125
18131,1496.0,1271.89892578125
18132,1512.0,1271.906494140625
18133,1500.0,1271.9049072265625
18134,1492.0,1271.897705078125
18135,1490.0,1271.88720703125
18136,1468.0,1271.85400390625
18137,1450.0,1271.77783203125
18138,1434.0,1271.5018310546875
18139,1382.0,1270.82470703125
18140,1344.0,1268.564453125
18141,1292.0,1258.1619873046875
18142,1224.0,1210.8729248046875
18143,1078.0,1152.2095947265625
18144,1162.0,1132.0472412109375
18145,1012.0,1081.7078857421875
18146,904.0,998.5855102539062
18147,816.0,837.75244140625
18148,710.0,730.6264038085938
18149,602.0,668.3731079101562
18150,492.0,590.8243408203125
18151,378.0,477.3930358886719
18152,274.0,342.67022705078125
18153,184.0,234.69537353515625
18154,122.0,145.65106201171875
18155,70.0,67.9815673828125
18156,28.0,23.350383758544922
18157,6.0,5.22758674621582
18158,2.0,1.1320991516113281
18159,0.0,0.4659767150878906
18160,0.0,0.40467262268066406
18161,0.0,0.47681617736816406
18162,0.0,0.5952396392822266
18163,0.0,0.688446044921875
18164,0.0,0.7463760375976562
18165,0.0,0.7171421051025391
18166,0.0,0.7676486968994141
18167,0.0,0.8003711700439453
18168,0.0,0.8153591156005859
18169,0.0,0.7662525177001953
18170,0.0,0.7918968200683594
18171,0.0,0.8116626739501953
18172,0.0,0.8282985687255859
18173,0.0,0.7881107330322266
18174,0.0,1.17608642578125
18175,0.0,1.1808891296386719
18176,0.0,1.109527587890625
18177,0.0,1.0252323150634766
18178,0.0,0.8880329132080078
18179,0.0,0.7766189575195312
18180,0.0,0.6890144348144531
18181,0.0,0.5959720611572266
18182,0.0,0.47217559814453125
18183,0.0,0.3910236358642578
18184,0.0,0.33288002014160156
18185,0.0,0.24965476989746094
18186,0.0,0.17119598388671875
18187,0.0,0.13102340698242188
18188,0.0,0.11635589599609375
18189,0.0,0.08682632446289062
18190,0.0,0.08245468139648438
18191,0.0,0.10021591186523438
18192,0.0,0.172027587890625
18193,0.0,0.4635028839111328
18194,0.0,1.5465202331542969
18195,0.0,5.027571678161621
18196,4.0,10.333294868469238
18197,10.0,17.23940086364746
18198,30.0,28.422866821289062
18199,40.0,40.074195861816406
18200,50.0,49.54820251464844
18201,56.0,58.21834182739258
18202,62.0,66.37722778320312
18203,70.0,75.92311096191406
18204,76.0,88.76647186279297
18205,86.0,108.984619140625
18206,116.0,139.21774291992188
18207,176.0,183.00082397460938
18208,256.0,263.6322937011719
18209,356.0,352.8927001953125
18210,472.0,457.63421630859375
18211,580.0,558.127197265625
18212,674.0,708.3262939453125
18213,762.0,798.9310302734375
18214,828.0,850.6179809570312
18215,728.0,950.9667358398438
18216,876.0,1028.302490234375
18217,988.0,1046.5203857421875
18218,1092.0,1064.9317626953125
18219,1106.0,1127.5150146484375
18220,1242.0,1230.6861572265625
18221,1286.0,1260.8729248046875
18222,1338.0,1270.4012451171875
18223,1370.0,1271.85498046875
18224,1394.0,1271.9268798828125
18225,1404.0,1271.93505859375
18226,1434.0,1271.935302734375
18227,1446.0,1271.9342041015625
18228,1444.0,1271.9296875
18229,1460.0,1271.9205322265625
18230,1404.0,1271.889892578125
18231,1332.0,1271.822021484375
18232,1310.0,1271.600341796875
18233,1394.0,1271.183349609375
18234,1362.0,1269.51904296875
18235,1362.0,1262.867431640625
18236,1324.0,1250.967041015625
18237,1272.0,1238.3277587890625
18238,1208.0,1204.6307373046875
18239,1130.0,1150.667236328125
18240,1066.0,1104.6729736328125
18241,988.0,1052.319580078125
18242,878.0,976.0930786132812
18243,792.0,903.620361328125
18244,690.0,819.89208984375
18245,588.0,756.4403076171875
18246,480.0,676.4152221679688
18247,370.0,556.7877197265625
18248,260.0,412.53009033203125
18249,182.0,303.33477783203125
18250,122.0,191.47650146484375
18251,74.0,105.82950592041016
18252,32.0,53.76302719116211
18253,8.0,19.595478057861328
18254,4.0,3.188960075378418
18255,0.0,0.6765880584716797
18256,0.0,0.34507179260253906
18257,0.0,0.360382080078125
18258,0.0,0.4733562469482422
18259,0.0,0.5694656372070312
18260,0.0,0.6349678039550781
18261,0.0,0.6180953979492188
18262,0.0,0.6522560119628906
18263,0.0,0.6731719970703125
18264,0.0,0.6797103881835938
18265,0.0,0.6417407989501953
18266,0.0,0.6556663513183594
18267,0.0,0.6629238128662109
18268,0.0,0.6678123474121094
18269,0.0,0.5953292846679688
18270,0.0,1.1133842468261719
18271,0.0,1.1754035949707031
18272,0.0,1.1628761291503906
18273,0.0,1.1458663940429688
18274,0.0,1.0688533782958984
18275,0.0,1.0040340423583984
18276,0.0,0.9433002471923828
18277,0.0,0.8584918975830078
18278,0.0,0.7424488067626953
18279,0.0,0.6708145141601562
18280,0.0,0.6212902069091797
18281,0.0,0.5582733154296875
18282,0.0,0.4620857238769531
18283,0.0,0.3798942565917969
18284,0.0,0.3124370574951172
18285,0.0,0.19635391235351562
18286,0.0,0.038990020751953125
18287,0.0,-0.14163780212402344
18288,0.0,-0.3071136474609375
18289,0.0,-0.4356880187988281
18290,0.0,-0.3726234436035156
18291,0.0,0.8169727325439453
18292,0.0,8.245953559875488
18293,10.0,20.16727066040039
18294,26.0,34.19243621826172
18295,38.0,45.53071975708008
18296,50.0,53.42781066894531
18297,56.0,60.36852264404297
18298,64.0,66.80859375
18299,68.0,73.59571838378906
18300,78.0,81.47622680664062
18301,86.0,92.59066009521484
18302,112.0,112.69468688964844
18303,166.0,154.35647583007812
18304,250.0,249.62295532226562
18305,352.0,334.6456604003906
18306,460.0,445.0054931640625
18307,574.0,559.664794921875
18308,626.0,713.4954223632812
18309,742.0,789.4818725585938
18310,838.0,858.99755859375
18311,894.0,932.4815673828125
18312,990.0,999.7640991210938
18313,1060.0,1042.240966796875
18314,1122.0,1102.6624755859375
18315,1166.0,1165.568359375
18316,1216.0,1236.444091796875
18317,1260.0,1260.004150390625
18318,1284.0,1269.941650390625
18319,1324.0,1271.7889404296875
18320,1196.0,1271.91552734375
18321,1400.0,1271.925048828125
18322,1408.0,1271.9208984375
18323,1420.0,1271.90673828125
18324,1436.0,1271.8607177734375
18325,1436.0,1271.738037109375
18326,1432.0,1271.28271484375
18327,1430.0,1270.109375
18328,1414.0,1264.718994140625
18329,1384.0,1246.7852783203125
18330,1372.0,1216.658935546875
18331,1276.0,1151.2606201171875
18332,934.0,1088.8775634765625
18333,958.0,1032.5601806640625
18334,1130.0,950.1228637695312
18335,962.0,863.1567993164062
18336,1016.0,773.2680053710938
18337,922.0,678.7080078125
18338,702.0,594.1622314453125
18339,596.0,527.8837890625
18340,552.0,491.55010986328125
18341,416.0,454.5519714355469
18342,466.0,408.0406494140625
18343,324.0,350.7268371582031
18344,222.0,286.7986145019531
18345,140.0,229.19992065429688
18346,100.0,162.39187622070312
18347,68.0,94.00820922851562
18348,32.0,34.30219268798828
18349,12.0,9.46627426147461
18350,4.0,2.0563907623291016
18351,0.0,0.9100399017333984
18352,0.0,0.6078376770019531
18353,0.0,0.496429443359375
18354,0.0,0.51397705078125
18355,0.0,0.55712890625
18356,0.0,0.612457275390625
18357,0.0,0.6077919006347656
18358,0.0,0.6474361419677734
18359,0.0,0.6784400939941406
18360,0.0,0.7036514282226562
18361,0.0,0.681976318359375
18362,0.0,0.7103729248046875
18363,0.0,0.726409912109375
18364,0.0,0.7391452789306641
18365,0.0,0.5198326110839844
18366,0.0,0.9407291412353516
18367,0.0,1.0449600219726562
18368,0.0,1.0717658996582031
18369,0.0,1.0516223907470703
18370,0.0,0.92578125
18371,0.0,0.8618316650390625
18372,0.0,0.8273601531982422
18373,0.0,0.8581047058105469
18374,0.0,0.9328765869140625
18375,0.0,1.0136699676513672
18376,0.0,1.1255626678466797
18377,0.0,1.2958621978759766
18378,0.0,1.5739288330078125
18379,0.0,1.6545028686523438
18380,0.0,1.605550765991211
18381,0.0,1.5035247802734375
18382,0.0,1.2776679992675781
18383,0.0,1.0140247344970703
18384,0.0,0.6867389678955078
18385,0.0,0.5121307373046875
18386,0.0,0.6287403106689453
18387,2.0,1.1751174926757812
18388,4.0,3.108555793762207
18389,10.0,10.687457084655762
18390,28.0,25.54293441772461
18391,42.0,40.93001174926758
18392,50.0,51.668399810791016
18393,58.0,59.756141662597656
18394,66.0,67.04094696044922
18395,74.0,74.70881652832031
18396,80.0,83.62818145751953
18397,92.0,96.4632339477539
18398,120.0,117.89714050292969
18399,172.0,160.66534423828125
18400,248.0,243.2254638671875
18401,342.0,341.51385498046875
18402,442.0,452.4100341796875
18403,540.0,556.117431640625
18404,636.0,696.767333984375
18405,732.0,758.1090087890625
18406,820.0,812.044189453125
18407,892.0,868.5886840820312
18408,968.0,1003.718017578125
18409,1042.0,1081.8026123046875
18410,1102.0,1132.6380615234375
18411,1156.0,1190.501708984375
18412,1212.0,1246.558837890625
18413,1252.0,1260.421875
18414,1304.0,1267.4072265625
18415,1338.0,1270.4501953125
18416,1374.0,1271.5887451171875
18417,1388.0,1271.7998046875
18418,1400.0,1271.8736572265625
18419,1414.0,1271.90771484375
18420,1428.0,1271.919677734375
18421,1418.0,1271.9185791015625
18422,1414.0,1271.9080810546875
18423,1396.0,1271.8787841796875
18424,1374.0,1271.7242431640625
18425,1360.0,1270.907958984375
18426,1334.0,1268.10791015625
18427,1314.0,1262.341796875
18428,1260.0,1248.6240234375
18429,1232.0,1213.3460693359375
18430,1184.0,1122.9908447265625
18431,1108.0,1048.571533203125
18432,1032.0,965.3173828125
18433,954.0,900.384033203125
18434,858.0,833.8342895507812
18435,782.0,757.3323364257812
18436,670.0,653.71875
18437,580.0,593.6273803710938
18438,472.0,514.2006225585938
18439,364.0,428.2057189941406
18440,260.0,307.3948059082031
18441,180.0,199.05426025390625
18442,120.0,114.88569641113281
18443,70.0,73.16249084472656
18444,34.0,36.137672424316406
18445,14.0,10.89811897277832
18446,4.0,2.1798534393310547
18447,0.0,0.7762184143066406
18448,0.0,0.4507427215576172
18449,0.0,0.33472633361816406
18450,0.0,0.41432952880859375
18451,0.0,0.5040016174316406
18452,0.0,0.5935077667236328
18453,0.0,0.6274795532226562
18454,0.0,0.6533908843994141
18455,0.0,0.6653900146484375
18456,0.0,0.6897392272949219
18457,0.0,0.67901611328125
18458,0.0,0.7010002136230469
18459,0.0,0.7113418579101562
18460,0.0,0.7287673950195312
18461,0.0,0.7143669128417969
18462,0.0,0.578521728515625
18463,0.0,0.16753387451171875
18464,0.0,-0.2123432159423828
18465,0.0,-0.5535202026367188
18466,0.0,-0.8930320739746094
18467,0.0,-1.1206016540527344
18468,0.0,-1.2950000762939453
18469,0.0,-1.4998760223388672
18470,0.0,-1.7714042663574219
18471,0.0,-1.9727973937988281
18472,0.0,-2.1057701110839844
18473,0.0,-2.2954559326171875
18474,0.0,-2.4122085571289062
18475,0.0,-2.4214401245117188
18476,0.0,-2.3305435180664062
18477,0.0,-2.021036148071289
18478,0.0,-2.2806148529052734
18479,0.0,-2.581441879272461
18480,0.0,-2.889101028442383
18481,0.0,-2.6152591705322266
18482,0.0,-1.9689922332763672
18483,2.0,-0.6660747528076172
18484,6.0,3.197869300842285
18485,22.0,14.515228271484375
18486,34.0,31.674118041992188
18487,28.0,48.04646301269531
18488,38.0,60.816280364990234
18489,54.0,71.85826110839844
18490,64.0,82.00161743164062
18491,84.0,91.12210845947266
18492,136.0,99.90137481689453
18493,122.0,112.04147338867188
18494,142.0,130.68727111816406
18495,194.0,166.60635375976562
18496,264.0,250.36264038085938
18497,360.0,382.1058349609375
18498,454.0,491.9329528808594
18499,566.0,598.1992797851562
18500,664.0,677.9097290039062
18501,448.0,717.62255859375
18502,654.0,747.707763671875
18503,856.0,771.8307495117188
18504,934.0,831.038818359375
18505,712.0,902.7205810546875
18506,1104.0,970.4894409179688
18507,1142.0,1061.1097412109375
18508,1202.0,1195.1595458984375
18509,1254.0,1216.89990234375
18510,1316.0,1234.4913330078125
18511,964.0,1249.89501953125
18512,1184.0,1255.8818359375
18513,1428.0,1261.08154296875
18514,1396.0,1263.970703125
18515,1468.0,1265.03564453125
18516,1384.0,1265.235595703125
18517,1444.0,1266.186767578125
18518,1452.0,1266.45703125
18519,1148.0,1265.3907470703125
18520,1244.0,1262.9560546875
18521,1400.0,1257.8597412109375
18522,1376.0,1245.0616455078125
18523,1260.0,1207.6728515625
18524,1276.0,1096.1531982421875
18525,1222.0,979.7056274414062
18526,1150.0,859.94970703125
18527,1068.0,776.49072265625
18528,940.0,716.8820190429688
18529,944.0,663.500732421875
18530,784.0,582.4319458007812
18531,604.0,486.4138488769531
18532,628.0,415.6439208984375
18533,496.0,367.4718933105469
18534,140.0,310.9410400390625
18535,100.0,257.0865173339844
18536,32.0,176.81097412109375
18537,40.0,121.14836883544922
18538,40.0,82.3692626953125
18539,62.0,52.55242156982422
18540,38.0,27.71588897705078
18541,12.0,10.80334186553955
18542,0.0,2.783937454223633
18543,0.0,1.0723304748535156
18544,0.0,0.5829887390136719
18545,0.0,0.3916606903076172
18546,0.0,0.36919403076171875
18547,0.0,0.43212318420410156
18548,0.0,0.5288944244384766
18549,0.0,0.5903224945068359
18550,0.0,0.7057533264160156
18551,0.0,0.7729892730712891
18552,0.0,0.8423480987548828
18553,0.0,0.8736152648925781
18554,0.0,0.8971900939941406
18555,0.0,0.9038562774658203
18556,0.0,0.9099655151367188
18557,0.0,0.8584327697753906
18558,0.0,0.9775867462158203
18559,0.0,0.8348617553710938
18560,0.0,0.6686210632324219
18561,0.0,0.4387187957763672
18562,0.0,0.1872425079345703
18563,0.0,-0.043079376220703125
18564,0.0,-0.24886703491210938
18565,0.0,-0.5018253326416016
18566,0.0,-0.7347202301025391
18567,0.0,-0.8322429656982422
18568,0.0,-0.8148708343505859
18569,0.0,-0.7211532592773438
18570,0.0,-0.408935546875
18571,0.0,-0.03488922119140625
18572,0.0,0.44971275329589844
18573,0.0,1.0133190155029297
18574,0.0,1.2253398895263672
18575,0.0,0.9829082489013672
18576,0.0,0.5681285858154297
18577,0.0,0.5448589324951172
18578,0.0,1.2561912536621094
18579,0.0,3.252483367919922
18580,6.0,6.35521125793457
18581,16.0,12.15196418762207
18582,40.0,24.073448181152344
18583,66.0,43.8591423034668
18584,86.0,64.22002410888672
18585,92.0,79.34584045410156
18586,104.0,93.12596130371094
18587,160.0,107.66658782958984
18588,128.0,124.02622985839844
18589,150.0,143.51272583007812
18590,180.0,162.58489990234375
18591,272.0,184.13165283203125
18592,236.0,214.49002075195312
18593,340.0,261.4935302734375
18594,400.0,320.0049133300781
18595,458.0,400.38787841796875
18596,482.0,528.5083618164062
18597,488.0,549.28076171875
18598,640.0,588.5978393554688
18599,678.0,661.6755981445312
18600,658.0,689.3394775390625
18601,960.0,653.4574584960938
18602,720.0,597.0792236328125
18603,596.0,558.1285400390625
18604,316.0,568.6588745117188
18605,480.0,585.688720703125
18606,404.0,621.894775390625
18607,576.0,687.652099609375
18608,456.0,722.9133911132812
18609,472.0,676.6426391601562
18610,438.0,640.9926147460938
18611,398.0,578.823486328125
18612,188.0,535.8807983398438
18613,64.0,463.85028076171875
18614,112.0,449.722412109375
18615,100.0,258.35528564453125
18616,112.0,213.95068359375
18617,116.0,185.05230712890625
18618,186.0,165.67080688476562
18619,114.0,161.8173828125
18620,138.0,167.79330444335938
18621,114.0,176.43682861328125
18622,116.0,176.22998046875
18623,108.0,166.17507934570312
18624,166.0,154.78375244140625
18625,114.0,140.76760864257812
18626,148.0,134.2068328857422
18627,104.0,133.1339111328125
18628,108.0,134.29063415527344
18629,100.0,132.0506591796875
18630,98.0,110.40094757080078
18631,130.0,91.18962097167969
18632,48.0,77.78855895996094
18633,48.0,45.61232376098633
18634,48.0,25.733049392700195
18635,12.0,11.705114364624023
18636,2.0,4.55930233001709
18637,0.0,1.7256488800048828
18638,0.0,0.4121875762939453
18639,0.0,-0.10456085205078125
18640,0.0,-0.343048095703125
18641,0.0,-0.5692863464355469
18642,0.0,-0.6916465759277344
18643,0.0,-1.0245361328125
18644,0.0,-1.2070503234863281
18645,0.0,-0.98919677734375
18646,0.0,-0.6057815551757812
18647,0.0,-0.07950210571289062
18648,0.0,0.4127044677734375
18649,0.0,0.40640830993652344
18650,0.0,0.3966827392578125
18651,0.0,0.47660255432128906
18652,0.0,0.5935649871826172
18653,0.0,-0.32186317443847656
18654,0.0,-0.7071533203125
18655,0.0,-0.4756145477294922
18656,0.0,0.04078102111816406
18657,0.0,0.6901340484619141
18658,0.0,0.9189395904541016
18659,0.0,1.0413990020751953
18660,0.0,1.0506420135498047
18661,0.0,1.0262813568115234
18662,0.0,0.8972530364990234
18663,0.0,0.3407001495361328
18664,0.0,0.08293533325195312
18665,0.0,0.14281272888183594
18666,0.0,0.12697982788085938
18667,0.0,0.008319854736328125
18668,0.0,-0.2011127471923828
18669,0.0,-0.0594940185546875
18670,0.0,0.2980194091796875
18671,0.0,0.6646499633789062
18672,0.0,0.8846893310546875
18673,0.0,1.7901287078857422
18674,0.0,3.319521903991699
18675,0.0,5.038971900939941
18676,2.0,8.608563423156738
18677,10.0,17.17145347595215
18678,38.0,33.44684600830078
18679,48.0,52.48594665527344
18680,60.0,69.17300415039062
18681,56.0,83.71541595458984
18682,72.0,96.31510162353516
18683,76.0,108.71390533447266
18684,148.0,122.1363525390625
18685,160.0,141.37689208984375
18686,236.0,156.92599487304688
18687,230.0,171.918212890625
18688,274.0,194.3892822265625
18689,252.0,211.50582885742188
18690,274.0,219.48309326171875
18691,340.0,214.59078979492188
18692,198.0,211.96682739257812
18693,284.0,220.80709838867188
18694,316.0,238.294677734375
18695,540.0,249.64852905273438
18696,400.0,230.1822509765625
18697,328.0,206.41909790039062
18698,488.0,194.37026977539062
18699,1190.0,186.43362426757812
18700,946.0,184.37612915039062
18701,656.0,190.14590454101562
18702,1058.0,269.64654541015625
18703,814.0,460.7488098144531
18704,460.0,708.3836669921875
18705,500.0,923.5435180664062
18706,488.0,1144.6802978515625
18707,556.0,1228.7628173828125
18708,1016.0,1250.340576171875
18709,920.0,1250.9483642578125
18710,1032.0,1256.20556640625
18711,774.0,1262.3427734375
18712,1078.0,1263.238037109375
18713,460.0,1226.27294921875
18714,694.0,1143.4425048828125
18715,450.0,1087.3564453125
18716,670.0,940.839599609375
18717,698.0,661.9511108398438
18718,304.0,268.184814453125
18719,516.0,170.3951416015625
18720,474.0,152.54791259765625
18721,204.0,153.5328369140625
18722,118.0,156.24517822265625
18723,214.0,160.2347412109375
18724,114.0,165.19076538085938
18725,92.0,169.58831787109375
18726,112.0,162.79364013671875
18727,84.0,142.18511962890625
18728,136.0,104.10731506347656
18729,116.0,79.37113952636719
18730,124.0,60.20591735839844
18731,76.0,44.19036102294922
18732,42.0,28.9831600189209
18733,18.0,13.196290969848633
18734,8.0,4.247249603271484
18735,0.0,1.941009521484375
18736,0.0,1.46533203125
18737,0.0,1.3081321716308594
18738,0.0,1.2217044830322266
18739,0.0,1.173288345336914
18740,0.0,1.1462173461914062
18741,0.0,1.0482425689697266
18742,0.0,1.0268173217773438
18743,0.0,1.0270137786865234
18744,0.0,1.0397319793701172
18745,0.0,1.0041828155517578
18746,0.0,0.9351978302001953
18747,0.0,0.8257675170898438
18748,0.0,0.7103481292724609
18749,0.0,0.6296577453613281
18750,0.0,0.626220703125
18751,0.0,0.2892417907714844
18752,0.0,0.06137657165527344
18753,0.0,0.05341911315917969
18754,0.0,0.04589080810546875
18755,0.0,-0.05381965637207031
18756,0.0,-0.1682720184326172
18757,0.0,-0.2697944641113281
18758,0.0,-0.33363914489746094
18759,0.0,-0.44787025451660156
18760,0.0,-0.5366382598876953
18761,0.0,-0.6620082855224609
18762,0.0,-0.9693374633789062
18763,0.0,-1.3822689056396484
18764,0.0,-1.8524341583251953
18765,0.0,-2.1909732818603516
18766,0.0,-2.107625961303711
18767,0.0,-1.8700218200683594
18768,0.0,-1.4755802154541016
18769,0.0,-1.006032943725586
18770,0.0,-0.4832649230957031
18771,4.0,0.3422966003417969
18772,2.0,1.9693794250488281
18773,6.0,6.336175918579102
18774,16.0,13.921643257141113
18775,28.0,24.084428787231445
18776,44.0,36.13146209716797
18777,72.0,53.12029266357422
18778,80.0,79.19734954833984
18779,138.0,109.23716735839844
18780,198.0,135.17669677734375
18781,156.0,153.71258544921875
18782,160.0,169.25665283203125
18783,272.0,190.02316284179688
18784,364.0,225.21725463867188
18785,420.0,281.428955078125
18786,410.0,374.9473571777344
18787,362.0,460.9046630859375
18788,454.0,559.3412475585938
18789,750.0,627.9603881835938
18790,572.0,668.8905639648438
18791,880.0,652.3507690429688
18792,662.0,610.7476196289062
18793,1098.0,570.4136352539062
18794,852.0,561.9456176757812
18795,948.0,554.7035522460938
18796,980.0,555.9227905273438
18797,1246.0,592.64697265625
18798,1164.0,634.2183227539062
18799,1066.0,638.2359619140625
18800,1556.0,598.0591430664062
18801,1578.0,550.0105590820312
18802,1382.0,526.0906982421875
18803,1484.0,510.3311462402344
18804,1454.0,500.4149169921875
18805,1008.0,486.7121276855469
18806,1178.0,527.3046875
18807,848.0,558.7474975585938
18808,1412.0,604.1751708984375
18809,1572.0,628.0092163085938
18810,768.0,653.7056884765625
18811,480.0,662.1189575195312
18812,760.0,617.0418701171875
18813,386.0,555.9917602539062
18814,702.0,539.429443359375
18815,760.0,525.31787109375
18816,554.0,477.74176025390625
18817,332.0,416.2668151855469
18818,550.0,397.36627197265625
18819,936.0,344.90081787109375
18820,394.0,298.6774597167969
18821,634.0,249.49334716796875
18822,598.0,191.9710693359375
18823,350.0,161.56304931640625
18824,204.0,143.64422607421875
18825,108.0,108.13638305664062
18826,88.0,87.0995864868164
18827,74.0,60.497154235839844
18828,52.0,36.718711853027344
18829,26.0,23.83696746826172
18830,8.0,12.721529006958008
18831,2.0,3.6426210403442383
18832,0.0,0.1634197235107422
18833,0.0,-0.4259033203125
18834,0.0,-0.7217521667480469
18835,0.0,-0.7890262603759766
18836,0.0,-0.8051166534423828
18837,0.0,-0.7531166076660156
18838,0.0,-0.7851982116699219
18839,0.0,-0.7883567810058594
18840,0.0,-0.7857456207275391
18841,0.0,-0.7548885345458984
18842,0.0,-0.7665863037109375
18843,0.0,-0.7699604034423828
18844,0.0,-0.7856121063232422
18845,0.0,-1.019174575805664
18846,0.0,-1.1002349853515625
18847,0.0,-1.1030845642089844
18848,0.0,-1.0526981353759766
18849,0.0,-0.9376182556152344
18850,0.0,-0.7897586822509766
18851,0.0,-0.5819282531738281
18852,0.0,-0.30036163330078125
18853,0.0,0.03520774841308594
18854,0.0,0.33319664001464844
18855,0.0,0.6235694885253906
18856,0.0,0.9107017517089844
18857,0.0,1.0583362579345703
18858,0.0,0.943603515625
18859,0.0,0.7631797790527344
18860,0.0,0.5068454742431641
18861,0.0,0.12749290466308594
18862,0.0,-0.1866283416748047
18863,0.0,-0.33658409118652344
18864,0.0,-0.38153839111328125
18865,0.0,-0.33080101013183594
18866,0.0,-0.3146991729736328
18867,4.0,-0.18689537048339844
18868,10.0,0.9283618927001953
18869,32.0,8.548685073852539
18870,40.0,25.593921661376953
18871,40.0,42.72894287109375
18872,64.0,55.5791015625
18873,68.0,67.37263488769531
18874,78.0,79.106689453125
18875,86.0,92.15557861328125
18876,96.0,109.21082305908203
18877,108.0,133.42361450195312
18878,148.0,164.2469482421875
18879,204.0,226.86688232421875
18880,292.0,354.1812438964844
18881,388.0,474.4617004394531
18882,516.0,615.1316528320312
18883,620.0,758.8961181640625
18884,736.0,862.0584716796875
18885,848.0,909.0626831054688
18886,936.0,957.1614379882812
18887,1082.0,1004.868408203125
18888,990.0,1044.4488525390625
18889,988.0,1054.1851806640625
18890,848.0,1108.3856201171875
18891,1142.0,1082.7239990234375
18892,1428.0,1118.9864501953125
18893,1410.0,1149.203125
18894,1440.0,1211.93603515625
18895,1350.0,1248.3577880859375
18896,1502.0,1265.601806640625
18897,1472.0,1266.3516845703125
18898,1472.0,1256.0379638671875
18899,1568.0,1263.0244140625
18900,1548.0,1271.4483642578125
18901,1482.0,1271.77734375
18902,1546.0,1271.8623046875
18903,1416.0,1271.88818359375
18904,1516.0,1271.87109375
18905,1472.0,1271.740234375
18906,1482.0,1271.350341796875
18907,1414.0,1270.6856689453125
18908,1342.0,1270.3883056640625
18909,1332.0,1269.0301513671875
18910,1266.0,1258.6644287109375
18911,1186.0,1193.0411376953125
18912,1106.0,1063.28271484375
18913,1032.0,954.5955810546875
18914,924.0,857.3215942382812
18915,838.0,781.6173095703125
18916,724.0,710.5377807617188
18917,626.0,667.1644897460938
18918,512.0,593.5382080078125
18919,404.0,473.3991394042969
18920,296.0,327.7470397949219
18921,208.0,208.95437622070312
18922,136.0,119.33451080322266
18923,86.0,72.40090942382812
18924,44.0,38.69658660888672
18925,22.0,15.021449089050293
18926,4.0,2.905801773071289
18927,4.0,0.6193809509277344
18928,0.0,0.03819465637207031
18929,0.0,-0.16034698486328125
18930,0.0,-0.39290428161621094
18931,0.0,-0.42682647705078125
18932,0.0,-0.3723106384277344
18933,0.0,-0.3393840789794922
18934,0.0,-0.3185138702392578
18935,0.0,-0.3037395477294922
18936,0.0,-0.2918243408203125
18937,0.0,-0.32129478454589844
18938,0.0,-0.2120819091796875
18939,0.0,-0.10914039611816406
18940,0.0,0.0009899139404296875
18941,0.0,-0.5173053741455078
18942,0.0,-0.8189373016357422
18943,0.0,-1.2133655548095703
18944,0.0,-1.6100692749023438
18945,0.0,-1.9217262268066406
18946,0.0,-1.9953594207763672
18947,0.0,-2.0276927947998047
18948,0.0,-1.8999862670898438
18949,0.0,-1.8155784606933594
18950,0.0,-1.681741714477539
18951,0.0,-1.532064437866211
18952,0.0,-1.3751106262207031
18953,0.0,-1.5038681030273438
18954,0.0,-1.3789138793945312
18955,0.0,-1.2766876220703125
18956,0.0,-1.1733551025390625
18957,0.0,-1.2191352844238281
18958,0.0,-1.0397071838378906
18959,0.0,-0.886260986328125
18960,0.0,-0.7334346771240234
18961,0.0,-0.6339550018310547
18962,0.0,-0.4230918884277344
18963,0.0,-0.16664505004882812
18964,0.0,0.19793701171875
18965,8.0,1.8622379302978516
18966,12.0,5.89680290222168
18967,40.0,13.227131843566895
18968,64.0,23.918394088745117
18969,92.0,38.20600128173828
18970,118.0,55.871585845947266
18971,134.0,78.09657287597656
18972,150.0,107.22306060791016
18973,196.0,145.36996459960938
18974,218.0,191.19561767578125
18975,252.0,246.67990112304688
18976,288.0,311.1308898925781
18977,328.0,371.62506103515625
18978,332.0,417.3829040527344
18979,360.0,477.06756591796875
18980,426.0,547.4996948242188
18981,536.0,576.3345336914062
18982,588.0,578.5776977539062
18983,578.0,614.28515625
18984,572.0,726.005859375
18985,626.0,789.6139526367188
18986,644.0,821.7933349609375
18987,670.0,875.7124633789062
18988,720.0,919.84716796875
18989,812.0,943.97021484375
18990,952.0,990.0687866210938
18991,1360.0,1033.2296142578125
18992,1300.0,1069.9521484375
18993,1548.0,1067.4437255859375
18994,1436.0,1028.6488037109375
18995,310.0,974.2574462890625
18996,118.0,934.869140625
18997,110.0,1079.6728515625
18998,186.0,1101.402099609375
18999,308.0,1075.561279296875
19000,446.0,1066.8603515625
19001,562.0,1063.8154296875
19002,714.0,1036.744140625
19003,936.0,987.5106811523438
19004,746.0,930.1484985351562
19005,416.0,905.2562255859375
19006,324.0,851.046142578125
19007,632.0,796.5650024414062
19008,380.0,741.60400390625
19009,512.0,773.1268310546875
19010,272.0,750.4793701171875
19011,212.0,630.150634765625
19012,340.0,496.3421936035156
19013,168.0,337.2059326171875
19014,260.0,237.09732055664062
19015,226.0,186.49942016601562
19016,116.0,123.29444885253906
19017,98.0,75.0528335571289
19018,74.0,50.23650360107422
19019,52.0,32.77430725097656
19020,22.0,17.34734344482422
19021,12.0,6.927347183227539
19022,0.0,1.5444202423095703
19023,0.0,-0.1706390380859375
19024,0.0,-0.7728271484375
19025,0.0,-0.9503955841064453
19026,0.0,-0.9375171661376953
19027,0.0,-0.7801284790039062
19028,0.0,-0.5445079803466797
19029,0.0,-0.3502941131591797
19030,0.0,-0.3189430236816406
19031,0.0,-0.29035377502441406
19032,0.0,-0.3082866668701172
19033,0.0,-0.3675518035888672
19034,0.0,-0.4396381378173828
19035,0.0,-0.4464836120605469
19036,0.0,-0.3735466003417969
19037,0.0,0.03560638427734375
19038,0.0,-0.16770553588867188
19039,0.0,-0.2440052032470703
19040,0.0,-0.28296661376953125
19041,0.0,-0.2284069061279297
19042,0.0,-0.24411392211914062
19043,0.0,-0.24136924743652344
19044,0.0,-0.23243331909179688
19045,0.0,-0.13466835021972656
19046,0.0,-0.059490203857421875
19047,0.0,0.03552436828613281
19048,0.0,0.1803131103515625
19049,0.0,0.42534828186035156
19050,0.0,0.5192890167236328
19051,0.0,0.5391445159912109
19052,0.0,0.48974037170410156
19053,0.0,0.5569610595703125
19054,0.0,0.6964073181152344
19055,0.0,0.8273448944091797
19056,0.0,0.9524917602539062
19057,0.0,1.5028362274169922
19058,0.0,2.2875728607177734
19059,6.0,3.6145286560058594
19060,22.0,6.965986251831055
19061,44.0,20.04938316345215
19062,58.0,42.14643859863281
19063,72.0,64.49649047851562
19064,90.0,85.19195556640625
19065,108.0,108.56487274169922
19066,112.0,134.2349853515625
19067,106.0,160.11968994140625
19068,110.0,188.55615234375
19069,112.0,234.062744140625
19070,144.0,309.6106872558594
19071,210.0,393.9647216796875
19072,294.0,484.6163330078125
19073,404.0,570.8447875976562
19074,508.0,649.945556640625
19075,480.0,739.1975708007812
19076,508.0,849.672119140625
19077,404.0,919.7102661132812
19078,490.0,941.9946899414062
19079,776.0,941.4971923828125
19080,1062.0,896.380615234375
19081,1044.0,850.439208984375
19082,994.0,823.150390625
19083,1012.0,797.1228637695312
19084,898.0,780.5350952148438
19085,1068.0,766.5558471679688
19086,804.0,762.534912109375
19087,1126.0,775.7084350585938
19088,814.0,808.228515625
19089,1016.0,842.6915283203125
19090,994.0,864.6692504882812
19091,960.0,871.1044921875
19092,806.0,865.8101806640625
19093,1194.0,865.8622436523438
19094,1210.0,857.6428833007812
19095,1280.0,843.7532348632812
19096,830.0,826.6557006835938
19097,978.0,820.014404296875
19098,476.0,769.7163696289062
19099,568.0,677.7445678710938
19100,328.0,647.3321533203125
19101,664.0,614.666259765625
19102,300.0,586.8042602539062
19103,582.0,572.9757080078125
19104,348.0,553.3236694335938
19105,218.0,483.2762756347656
19106,228.0,471.208251953125
19107,452.0,472.6687927246094
19108,262.0,404.1009216308594
19109,310.0,300.22265625
19110,314.0,262.05621337890625
19111,182.0,225.46670532226562
19112,182.0,159.66885375976562
19113,170.0,139.02145385742188
19114,136.0,126.47570037841797
19115,80.0,92.43560028076172
19116,48.0,50.305519104003906
19117,26.0,35.56674575805664
19118,10.0,15.16023063659668
19119,4.0,2.937191963195801
19120,0.0,0.7811088562011719
19121,0.0,0.7018318176269531
19122,0.0,0.8826580047607422
19123,0.0,1.0801410675048828
19124,0.0,1.2324333190917969
19125,0.0,1.2196292877197266
19126,0.0,1.1730308532714844
19127,0.0,1.1051254272460938
19128,0.0,1.0226364135742188
19129,0.0,0.8582916259765625
19130,0.0,0.6457366943359375
19131,0.0,0.42594337463378906
19132,0.0,0.2519550323486328
19133,0.0,0.22333526611328125
19134,0.0,0.5413761138916016
19135,0.0,0.5132427215576172
19136,0.0,0.5125808715820312
19137,0.0,0.5399951934814453
19138,0.0,0.5881404876708984
19139,0.0,0.62982177734375
19140,0.0,0.6828212738037109
19141,0.0,0.7615718841552734
19142,0.0,0.8595066070556641
19143,0.0,0.9212532043457031
19144,0.0,0.9478664398193359
19145,0.0,0.9426918029785156
19146,0.0,0.7287750244140625
19147,0.0,0.3152599334716797
19148,0.0,-0.15207290649414062
19149,0.0,-0.5109710693359375
19150,0.0,-0.7526931762695312
19151,0.0,-0.9204387664794922
19152,0.0,-1.068359375
19153,0.0,-0.8540248870849609
19154,0.0,-0.31871795654296875
19155,4.0,1.2149543762207031
19156,14.0,6.820540428161621
19157,34.0,21.3858642578125
19158,40.0,37.839454650878906
19159,50.0,49.54425811767578
19160,56.0,57.244510650634766
19161,62.0,63.78164291381836
19162,68.0,69.99485778808594
19163,72.0,76.57723999023438
19164,80.0,86.41409301757812
19165,88.0,105.97089385986328
19166,124.0,143.05908203125
19167,180.0,207.01666259765625
19168,268.0,323.78857421875
19169,372.0,413.3424072265625
19170,472.0,525.2716674804688
19171,576.0,654.9779663085938
19172,672.0,777.1013793945312
19173,764.0,829.0776977539062
19174,856.0,867.5205688476562
19175,932.0,902.9609985351562
19176,1008.0,947.3247680664062
19177,1078.0,952.1671142578125
19178,1142.0,984.4088745117188
19179,1084.0,1016.5733642578125
19180,862.0,1063.6121826171875
19181,1306.0,1089.2587890625
19182,1172.0,1108.1453857421875
19183,1060.0,1124.4552001953125
19184,664.0,1175.97119140625
19185,466.0,1210.0560302734375
19186,1190.0,1223.7650146484375
19187,976.0,1221.1875
19188,1312.0,1213.1844482421875
19189,580.0,1188.80517578125
19190,646.0,1175.2596435546875
19191,1446.0,1170.06298828125
19192,500.0,1167.164306640625
19193,364.0,1166.526123046875
19194,648.0,1161.7574462890625
19195,1402.0,1165.420654296875
19196,774.0,1205.8287353515625
19197,444.0,1201.0130615234375
19198,1286.0,1177.6722412109375
19199,442.0,1133.9969482421875
19200,304.0,1089.5830078125
19201,544.0,1058.43701171875
19202,576.0,1003.5572509765625
19203,228.0,868.6360473632812
19204,720.0,716.2749633789062
19205,544.0,570.89013671875
19206,492.0,438.25506591796875
19207,438.0,361.93951416015625
19208,306.0,317.2958679199219
19209,216.0,261.368408203125
19210,144.0,186.69979858398438
19211,90.0,115.50079345703125
19212,50.0,55.74223709106445
19213,22.0,20.341636657714844
19214,10.0,3.7213687896728516
19215,2.0,1.1017894744873047
19216,0.0,0.7143707275390625
19217,0.0,0.5955715179443359
19218,0.0,0.6062812805175781
19219,0.0,0.6397304534912109
19220,0.0,0.6812419891357422
19221,0.0,0.6773834228515625
19222,0.0,0.7081165313720703
19223,0.0,0.7301483154296875
19224,0.0,0.7443027496337891
19225,0.0,0.7380580902099609
19226,0.0,0.7423934936523438
19227,0.0,0.739471435546875
19228,0.0,0.7407093048095703
19229,0.0,1.0072135925292969
19230,0.0,0.4920082092285156
19231,0.0,0.1301746368408203
19232,0.0,-0.038692474365234375
19233,0.0,-0.07217597961425781
19234,0.0,-0.17695045471191406
19235,0.0,-0.2924327850341797
19236,0.0,-0.31635475158691406
19237,0.0,-0.16793251037597656
19238,0.0,-0.2808399200439453
19239,0.0,-0.4658985137939453
19240,0.0,-0.6985340118408203
19241,0.0,-0.9277114868164062
19242,0.0,-0.8531055450439453
19243,0.0,-0.80596923828125
19244,0.0,-0.7304325103759766
19245,0.0,-0.4459400177001953
19246,0.0,-0.34116363525390625
19247,0.0,-0.1206817626953125
19248,0.0,0.16803932189941406
19249,0.0,1.3802566528320312
19250,2.0,3.472932815551758
19251,0.0,9.623309135437012
19252,8.0,23.329885482788086
19253,36.0,39.410980224609375
19254,32.0,52.424537658691406
19255,60.0,63.10541915893555
19256,84.0,72.14064025878906
19257,110.0,83.24793243408203
19258,126.0,96.6395492553711
19259,156.0,110.77452850341797
19260,168.0,125.44035339355469
19261,184.0,141.22207641601562
19262,136.0,160.02017211914062
19263,188.0,190.91641235351562
19264,264.0,268.3001403808594
19265,344.0,360.4131164550781
19266,476.0,454.7173767089844
19267,524.0,538.1951293945312
19268,538.0,638.9537353515625
19269,742.0,689.3819580078125
19270,780.0,750.9447631835938
19271,858.0,867.937744140625
19272,942.0,1000.1690063476562
19273,1062.0,1063.22021484375
19274,1114.0,1131.9908447265625
19275,840.0,1198.1480712890625
19276,882.0,1251.60693359375
19277,1522.0,1264.348876953125
19278,1360.0,1268.4482421875
19279,1372.0,1268.765380859375
19280,1340.0,1267.549560546875
19281,1412.0,1262.1905517578125
19282,1092.0,1255.6168212890625
19283,1080.0,1249.9124755859375
19284,518.0,1240.715576171875
19285,662.0,1242.09375
19286,924.0,1228.5323486328125
19287,792.0,1191.00439453125
19288,572.0,1095.09521484375
19289,612.0,893.4279174804688
19290,510.0,838.6310424804688
19291,708.0,902.1495971679688
19292,742.0,937.351806640625
19293,878.0,960.5099487304688
19294,1228.0,975.3048706054688
19295,1026.0,974.9161987304688
19296,720.0,957.3975219726562
19297,474.0,918.93994140625
19298,354.0,830.8640747070312
19299,428.0,685.62939453125
19300,680.0,518.9903564453125
19301,572.0,349.043701171875
19302,452.0,284.15887451171875
19303,352.0,241.70657348632812
19304,240.0,185.91854858398438
19305,188.0,147.09246826171875
19306,98.0,117.08448028564453
19307,74.0,87.01010131835938
19308,56.0,50.34066390991211
19309,32.0,30.495532989501953
19310,12.0,11.545295715332031
19311,0.0,2.5487070083618164
19312,0.0,0.6321468353271484
19313,0.0,0.14726829528808594
19314,0.0,0.009029388427734375
19315,0.0,-0.016595840454101562
19316,0.0,0.027429580688476562
19317,0.0,0.04026031494140625
19318,0.0,-0.009105682373046875
19319,0.0,-0.0273895263671875
19320,0.0,0.010179519653320312
19321,0.0,0.023485183715820312
19322,0.0,0.09421348571777344
19323,0.0,0.1593303680419922
19324,0.0,0.22745132446289062
19325,0.0,0.2596168518066406
19326,0.0,0.4650459289550781
19327,0.0,0.5142478942871094
19328,0.0,0.5507869720458984
19329,0.0,0.6053485870361328
19330,0.0,0.6806774139404297
19331,0.0,0.7436008453369141
19332,0.0,0.8059215545654297
19333,0.0,0.8928871154785156
19334,0.0,1.0202560424804688
19335,0.0,1.107126235961914
19336,0.0,1.2292156219482422
19337,0.0,1.2813224792480469
19338,0.0,1.3190059661865234
19339,0.0,1.3634929656982422
19340,0.0,1.39898681640625
19341,0.0,1.4402332305908203
19342,0.0,1.2585067749023438
19343,0.0,1.1700191497802734
19344,0.0,1.1171646118164062
19345,0.0,1.2687034606933594
19346,0.0,1.906454086303711
19347,4.0,2.777716636657715
19348,16.0,4.836301803588867
19349,36.0,11.165515899658203
19350,46.0,26.113567352294922
19351,52.0,45.243560791015625
19352,58.0,59.88947296142578
19353,60.0,72.98031616210938
19354,72.0,86.18496704101562
19355,82.0,100.78350830078125
19356,82.0,119.3147201538086
19357,92.0,143.52259826660156
19358,128.0,174.0810546875
19359,188.0,218.12112426757812
19360,276.0,309.4723205566406
19361,352.0,413.8173522949219
19362,464.0,517.6807861328125
19363,530.0,626.2797241210938
19364,756.0,761.1089477539062
19365,830.0,830.635986328125
19366,870.0,898.5985107421875
19367,774.0,981.4873657226562
19368,1024.0,1076.555908203125
19369,1078.0,1112.048583984375
19370,1182.0,1152.1456298828125
19371,1232.0,1231.81787109375
19372,1028.0,1258.0390625
19373,1268.0,1264.820068359375
19374,1052.0,1270.0693359375
19375,928.0,1271.301025390625
19376,1434.0,1271.4217529296875
19377,1094.0,1270.98681640625
19378,1188.0,1268.14404296875
19379,1460.0,1259.0233154296875
19380,1296.0,1235.4210205078125
19381,1440.0,1204.0325927734375
19382,1396.0,1190.1739501953125
19383,1410.0,1185.1893310546875
19384,1374.0,1181.436767578125
19385,1196.0,1175.6744384765625
19386,1270.0,1165.67626953125
19387,1312.0,1159.1629638671875
19388,1382.0,1152.894775390625
19389,1230.0,1148.0654296875
19390,266.0,1129.2344970703125
19391,644.0,1116.299072265625
19392,676.0,1144.2142333984375
19393,274.0,1074.6285400390625
19394,278.0,989.0769653320312
19395,272.0,880.0731811523438
19396,432.0,743.8948364257812
19397,676.0,641.3629150390625
19398,256.0,513.951904296875
19399,312.0,388.26995849609375
19400,252.0,277.04083251953125
19401,176.0,261.4482727050781
19402,130.0,193.43002319335938
19403,86.0,119.57481384277344
19404,48.0,57.030513763427734
19405,24.0,35.204593658447266
19406,6.0,13.238414764404297
19407,2.0,2.4068984985351562
19408,0.0,0.4386463165283203
19409,0.0,0.26505470275878906
19410,0.0,0.498931884765625
19411,0.0,0.7305908203125
19412,0.0,0.9350242614746094
19413,0.0,1.0119590759277344
19414,0.0,1.0490474700927734
19415,0.0,1.0808734893798828
19416,0.0,1.1055450439453125
19417,0.0,1.0778427124023438
19418,0.0,1.1111698150634766
19419,0.0,1.1438407897949219
19420,0.0,1.1745719909667969
19421,0.0,1.2661380767822266
19422,0.0,1.3026657104492188
19423,0.0,1.0539531707763672
19424,0.0,0.7815914154052734
19425,0.0,0.5137996673583984
19426,0.0,0.2793693542480469
19427,0.0,0.14452362060546875
19428,0.0,0.06491661071777344
19429,0.0,-0.09308433532714844
19430,0.0,-0.31125450134277344
19431,0.0,-0.4683666229248047
19432,0.0,-0.6349449157714844
19433,0.0,-0.7699127197265625
19434,0.0,-0.9466056823730469
19435,0.0,-1.082773208618164
19436,0.0,-1.1898269653320312
19437,0.0,-1.3209362030029297
19438,0.0,-1.5668811798095703
19439,0.0,-1.828847885131836
19440,0.0,-2.108011245727539
19441,0.0,-2.012605667114258
19442,0.0,-1.4068870544433594
19443,8.0,1.1176414489746094
19444,22.0,8.84231185913086
19445,36.0,23.287521362304688
19446,46.0,38.03989791870117
19447,52.0,48.785491943359375
19448,60.0,56.67154312133789
19449,64.0,63.849124908447266
19450,74.0,70.3466567993164
19451,80.0,76.50213623046875
19452,84.0,83.91813659667969
19453,96.0,98.94757843017578
19454,134.0,131.29757690429688
19455,196.0,182.49176025390625
19456,278.0,291.7283020019531
19457,378.0,403.0441589355469
19458,482.0,503.9404602050781
19459,582.0,616.8209838867188
19460,680.0,762.3619995117188
19461,764.0,843.8710327148438
19462,854.0,920.5504760742188
19463,938.0,1013.6296997070312
19464,1020.0,1051.6488037109375
19465,1088.0,1110.3079833984375
19466,1148.0,1194.3990478515625
19467,1206.0,1255.6822509765625
19468,1262.0,1268.95458984375
19469,1312.0,1270.413330078125
19470,1344.0,1271.18359375
19471,1368.0,1271.547119140625
19472,1404.0,1271.748779296875
19473,1434.0,1271.80224609375
19474,1450.0,1271.8282470703125
19475,1448.0,1271.84619140625
19476,1468.0,1271.857666015625
19477,1456.0,1271.8375244140625
19478,1456.0,1271.814453125
19479,1436.0,1271.7919921875
19480,1420.0,1271.77099609375
19481,1400.0,1271.67578125
19482,1368.0,1271.459716796875
19483,1360.0,1270.93505859375
19484,1324.0,1269.60107421875
19485,1262.0,1261.001953125
19486,1206.0,1218.25830078125
19487,1140.0,1166.87353515625
19488,1080.0,1119.469970703125
19489,988.0,1063.2529296875
19490,896.0,966.28515625
19491,792.0,827.865234375
19492,710.0,729.2369384765625
19493,618.0,668.1971435546875
19494,512.0,588.6337280273438
19495,408.0,492.6803894042969
19496,304.0,388.2962951660156
19497,222.0,293.4209289550781
19498,148.0,208.22576904296875
19499,94.0,131.00009155273438
19500,56.0,48.24858093261719
19501,26.0,26.56492042541504
19502,14.0,6.866788864135742
19503,4.0,1.2059669494628906
19504,0.0,0.5419216156005859
19505,0.0,0.5430679321289062
19506,0.0,0.6814994812011719
19507,0.0,0.8127899169921875
19508,0.0,0.936431884765625
19509,0.0,0.9674720764160156
19510,0.0,1.0049896240234375
19511,0.0,1.0450382232666016
19512,0.0,1.0840835571289062
19513,0.0,1.0665702819824219
19514,0.0,1.0929298400878906
19515,0.0,1.1121673583984375
19516,0.0,1.1267147064208984
19517,0.0,1.2469558715820312
19518,0.0,1.2002735137939453
19519,0.0,0.9870853424072266
19520,0.0,0.82037353515625
19521,0.0,0.6862564086914062
19522,0.0,0.51531982421875
19523,0.0,0.38846778869628906
19524,0.0,0.2987995147705078
19525,0.0,0.14629745483398438
19526,0.0,-0.07032203674316406
19527,0.0,-0.21609115600585938
19528,0.0,-0.3587169647216797
19529,0.0,-0.4944934844970703
19530,0.0,-0.6358356475830078
19531,0.0,-0.6829776763916016
19532,0.0,-0.6803951263427734
19533,0.0,-0.6761589050292969
19534,0.0,-0.7622184753417969
19535,0.0,-0.8824272155761719
19536,0.0,-1.012990951538086
19537,0.0,-0.7687931060791016
19538,4.0,0.009527206420898438
19539,6.0,2.9341602325439453
19540,22.0,12.13515853881836
19541,38.0,28.019777297973633
19542,46.0,42.449249267578125
19543,56.0,52.66391372680664
19544,62.0,60.0541877746582
19545,70.0,66.88101196289062
19546,74.0,73.42495727539062
19547,82.0,80.2710952758789
19548,88.0,89.90080261230469
19549,96.0,108.68962097167969
19550,136.0,143.2854461669922
19551,190.0,191.794921875
19552,274.0,293.9313659667969
19553,368.0,401.8042907714844
19554,468.0,500.9915466308594
19555,568.0,601.00537109375
19556,660.0,732.2416381835938
19557,752.0,819.5032958984375
19558,836.0,890.0089721679688
19559,908.0,962.1968994140625
19560,980.0,1024.1602783203125
19561,1044.0,1078.2452392578125
19562,1116.0,1129.260498046875
19563,1176.0,1214.2259521484375
19564,1220.0,1263.060302734375
19565,1264.0,1268.9627685546875
19566,1292.0,1270.8973388671875
19567,1312.0,1271.685302734375
19568,1352.0,1271.894775390625
19569,1396.0,1271.917724609375
19570,1412.0,1271.924560546875
19571,1418.0,1271.927001953125
19572,1422.0,1271.927490234375
19573,1414.0,1271.92431640625
19574,1418.0,1271.916259765625
19575,1406.0,1271.904541015625
19576,1390.0,1271.8887939453125
19577,1372.0,1271.85107421875
19578,1344.0,1271.7177734375
19579,1318.0,1271.2039794921875
19580,1276.0,1269.616943359375
19581,1234.0,1266.248046875
19582,1188.0,1253.9293212890625
19583,1116.0,1203.0904541015625
19584,1048.0,1110.4381103515625
19585,964.0,1026.6536865234375
19586,874.0,944.751708984375
19587,782.0,851.1267700195312
19588,694.0,759.9172973632812
19589,574.0,703.4446411132812
19590,490.0,635.8361206054688
19591,388.0,541.5119018554688
19592,262.0,441.08868408203125
19593,172.0,362.3739929199219
19594,140.0,266.9579162597656
19595,94.0,165.17379760742188
19596,54.0,87.28035736083984
19597,34.0,58.43946075439453
19598,20.0,28.181053161621094
19599,4.0,6.514043807983398
19600,0.0,0.5896263122558594
19601,0.0,-0.2042560577392578
19602,0.0,-0.3538055419921875
19603,0.0,-0.3167858123779297
19604,0.0,-0.1715087890625
19605,0.0,-0.08295440673828125
19606,0.0,-0.04943275451660156
19607,0.0,-0.017850875854492188
19608,0.0,0.040706634521484375
19609,0.0,0.07671737670898438
19610,0.0,0.03389167785644531
19611,0.0,0.023097991943359375
19612,0.0,0.04495429992675781
19613,0.0,0.41144371032714844
19614,0.0,0.24471092224121094
19615,0.0,0.1778850555419922
19616,0.0,0.16341400146484375
19617,0.0,0.24754905700683594
19618,0.0,0.25232696533203125
19619,0.0,0.2538280487060547
19620,0.0,0.24799346923828125
19621,0.0,0.33220863342285156
19622,0.0,0.2663078308105469
19623,0.0,0.1656818389892578
19624,0.0,0.09452629089355469
19625,0.0,0.08142662048339844
19626,0.0,0.12122535705566406
19627,0.0,0.17987632751464844
19628,0.0,0.22944259643554688
19629,0.0,0.4977397918701172
19630,0.0,0.8160495758056641
19631,0.0,1.1881065368652344
19632,0.0,1.4928607940673828
19633,0.0,2.591425895690918
19634,2.0,4.669096946716309
19635,8.0,8.49105167388916
19636,16.0,15.218403816223145
19637,44.0,27.914552688598633
19638,72.0,46.19682312011719
19639,88.0,65.53563690185547
19640,78.0,83.7721939086914
19641,82.0,100.11343383789062
19642,76.0,116.56232452392578
19643,92.0,134.03173828125
19644,128.0,154.56008911132812
19645,128.0,182.01010131835938
19646,162.0,228.94454956054688
19647,270.0,293.031005859375
19648,324.0,359.9903869628906
19649,396.0,416.8728332519531
19650,470.0,481.2231140136719
19651,598.0,558.7221069335938
19652,642.0,683.2830200195312
19653,752.0,771.320556640625
19654,820.0,848.8780517578125
19655,874.0,892.3129272460938
19656,918.0,927.9368286132812
19657,994.0,970.313232421875
19658,1024.0,1014.1030883789062
19659,1172.0,1061.6502685546875
19660,1132.0,1126.1715087890625
19661,1094.0,1164.8253173828125
19662,1322.0,1200.2735595703125
19663,1352.0,1230.525634765625
19664,1288.0,1247.9351806640625
19665,1300.0,1250.2698974609375
19666,1288.0,1250.7376708984375
19667,864.0,1249.4051513671875
19668,1372.0,1244.7237548828125
19669,1460.0,1239.2501220703125
19670,1308.0,1235.1563720703125
19671,1368.0,1231.0369873046875
19672,1438.0,1226.305908203125
19673,1382.0,1221.1854248046875
19674,1334.0,1201.06884765625
19675,1330.0,1150.779541015625
19676,1280.0,1090.253173828125
19677,1220.0,1066.9622802734375
19678,1128.0,1073.1539306640625
19679,980.0,1056.42626953125
19680,1010.0,1018.6082763671875
19681,992.0,970.520751953125
19682,464.0,896.88330078125
19683,358.0,820.0641479492188
19684,332.0,778.4749145507812
19685,424.0,727.8865356445312
19686,348.0,655.67236328125
19687,380.0,557.0466918945312
19688,294.0,332.43707275390625
19689,114.0,194.7364501953125
19690,76.0,112.43801879882812
19691,72.0,70.5702133178711
19692,44.0,29.508033752441406
19693,30.0,19.925447463989258
19694,10.0,8.351628303527832
19695,2.0,1.236013412475586
19696,0.0,-0.32120513916015625
19697,0.0,-0.5105648040771484
19698,0.0,-0.5150909423828125
19699,0.0,-0.46004295349121094
19700,0.0,-0.3176918029785156
19701,0.0,-0.28660011291503906
19702,0.0,-0.2470531463623047
19703,0.0,-0.21094322204589844
19704,0.0,-0.16843605041503906
19705,0.0,-0.17351722717285156
19706,0.0,-0.16126441955566406
19707,0.0,-0.14922523498535156
19708,0.0,-0.12874603271484375
19709,0.0,0.9099292755126953
19710,0.0,0.7580623626708984
19711,0.0,0.6359195709228516
19712,0.0,0.5499153137207031
19713,0.0,0.6826744079589844
19714,0.0,0.5049839019775391
19715,0.0,0.17180442810058594
19716,0.0,-0.39272117614746094
19717,0.0,-0.8355350494384766
19718,0.0,-0.7850894927978516
19719,0.0,-0.5879669189453125
19720,0.0,-0.144012451171875
19721,0.0,0.5981330871582031
19722,0.0,0.5571670532226562
19723,0.0,0.5543022155761719
19724,0.0,0.5686435699462891
19725,0.0,1.1552391052246094
19726,0.0,1.9303016662597656
19727,0.0,2.7728090286254883
19728,0.0,3.410284996032715
19729,0.0,5.8591718673706055
19730,2.0,7.2307538986206055
19731,4.0,10.320091247558594
19732,8.0,16.73458480834961
19733,24.0,26.406763076782227
19734,56.0,41.23649215698242
19735,114.0,58.657711029052734
19736,102.0,85.42153930664062
19737,90.0,126.6191177368164
19738,126.0,165.44583129882812
19739,180.0,192.72076416015625
19740,172.0,200.94778442382812
19741,192.0,211.60833740234375
19742,156.0,236.8753662109375
19743,210.0,317.4068298339844
19744,354.0,397.19732666015625
19745,488.0,432.8364562988281
19746,492.0,454.39117431640625
19747,616.0,483.2842712402344
19748,748.0,520.1226806640625
19749,420.0,530.9768676757812
19750,900.0,541.6634521484375
19751,580.0,549.0938720703125
19752,1110.0,556.5006713867188
19753,938.0,563.9044799804688
19754,1222.0,588.8958129882812
19755,406.0,649.1603393554688
19756,852.0,789.2255859375
19757,936.0,939.6669921875
19758,844.0,1016.272705078125
19759,974.0,1010.984375
19760,738.0,969.3511962890625
19761,530.0,1010.0315551757812
19762,318.0,1141.905517578125
19763,516.0,1223.935302734375
19764,1024.0,1241.2279052734375
19765,988.0,1222.9443359375
19766,364.0,1152.16796875
19767,436.0,1061.09814453125
19768,306.0,940.3180541992188
19769,550.0,968.029541015625
19770,442.0,916.7048950195312
19771,254.0,820.6453857421875
19772,202.0,737.4441528320312
19773,130.0,581.8731079101562
19774,122.0,459.8764953613281
19775,186.0,403.78662109375
19776,102.0,372.3912353515625
19777,66.0,346.81402587890625
19778,84.0,335.66455078125
19779,172.0,340.4764404296875
19780,300.0,345.4674987792969
19781,420.0,337.40985107421875
19782,496.0,347.52716064453125
19783,56.0,298.3634338378906
19784,76.0,267.6086120605469
19785,86.0,239.19473266601562
19786,58.0,162.9947509765625
19787,72.0,85.78667449951172
19788,54.0,39.040443420410156
19789,46.0,12.448610305786133
19790,20.0,1.3156280517578125
19791,4.0,0.16169357299804688
19792,0.0,-0.07740592956542969
19793,0.0,-0.3113822937011719
19794,0.0,-0.5071258544921875
19795,0.0,-0.5647754669189453
19796,0.0,-0.5532341003417969
19797,0.0,-0.5071601867675781
19798,0.0,-0.44214439392089844
19799,0.0,-0.3898658752441406
19800,0.0,-0.3516273498535156
19801,0.0,-0.3661365509033203
19802,0.0,-0.3664093017578125
19803,0.0,-0.36386871337890625
19804,0.0,-0.34860801696777344
19805,0.0,-0.30449676513671875
19806,0.0,0.42169761657714844
19807,0.0,0.5817737579345703
19808,0.0,0.6807479858398438
19809,0.0,0.7647457122802734
19810,0.0,0.6595611572265625
19811,0.0,0.7039680480957031
19812,0.0,0.8112640380859375
19813,0.0,0.9086666107177734
19814,0.0,1.0375480651855469
19815,0.0,1.112447738647461
19816,0.0,1.1722431182861328
19817,0.0,1.1801815032958984
19818,0.0,1.170888900756836
19819,0.0,1.0618648529052734
19820,0.0,0.9162464141845703
19821,0.0,1.047210693359375
19822,0.0,1.3550167083740234
19823,0.0,1.6624565124511719
19824,0.0,1.9838504791259766
19825,0.0,3.2753210067749023
19826,0.0,5.477876663208008
19827,0.0,9.604180335998535
19828,4.0,16.028484344482422
19829,8.0,28.148868560791016
19830,6.0,49.56583786010742
19831,14.0,75.45914459228516
19832,56.0,100.99010467529297
19833,100.0,124.68462371826172
19834,96.0,145.58151245117188
19835,120.0,164.43853759765625
19836,188.0,183.62689208984375
19837,146.0,201.14404296875
19838,264.0,219.38507080078125
19839,298.0,241.8170166015625
19840,260.0,272.7952880859375
19841,408.0,309.3419189453125
19842,472.0,351.8611145019531
19843,504.0,400.5522766113281
19844,544.0,461.3125
19845,554.0,485.15863037109375
19846,482.0,513.5517578125
19847,776.0,548.2147216796875
19848,728.0,627.51318359375
19849,672.0,833.2670288085938
19850,740.0,931.8809204101562
19851,770.0,969.4578857421875
19852,1162.0,1007.8666381835938
19853,912.0,1032.9482421875
19854,628.0,1048.4642333984375
19855,472.0,1058.99560546875
19856,328.0,1072.926025390625
19857,208.0,953.0288696289062
19858,308.0,702.315185546875
19859,378.0,660.79150390625
19860,202.0,655.0361938476562
19861,304.0,729.1087646484375
19862,764.0,795.3359985351562
19863,1212.0,835.682373046875
19864,1008.0,794.9881591796875
19865,512.0,756.6424560546875
19866,752.0,798.32373046875
19867,460.0,828.3040771484375
19868,1360.0,821.8357543945312
19869,784.0,817.5724487304688
19870,276.0,799.3102416992188
19871,294.0,757.333740234375
19872,494.0,668.5985107421875
19873,916.0,641.6204223632812
19874,356.0,601.2859497070312
19875,260.0,539.653076171875
19876,68.0,456.9114074707031
19877,260.0,379.56671142578125
19878,300.0,291.6977844238281
19879,448.0,229.26443481445312
19880,248.0,162.70135498046875
19881,168.0,119.55731964111328
19882,70.0,81.00312042236328
19883,62.0,53.95790100097656
19884,44.0,35.34562301635742
19885,34.0,20.098979949951172
19886,22.0,6.310761451721191
19887,8.0,1.4590492248535156
19888,0.0,0.30407142639160156
19889,0.0,-0.05577659606933594
19890,0.0,-0.25261878967285156
19891,0.0,-0.2989349365234375
19892,0.0,-0.3008079528808594
19893,0.0,-0.28230857849121094
19894,0.0,-0.3667488098144531
19895,0.0,-0.37813568115234375
19896,0.0,-0.3616065979003906
19897,0.0,-0.39975929260253906
19898,0.0,-0.6443767547607422
19899,0.0,-0.7874202728271484
19900,0.0,-0.8532505035400391
19901,0.0,-0.9989109039306641
19902,0.0,-0.6053504943847656
19903,0.0,-0.3098468780517578
19904,0.0,0.06276130676269531
19905,0.0,0.4752979278564453
19906,0.0,0.5423622131347656
19907,0.0,0.4775581359863281
19908,0.0,0.35797882080078125
19909,0.0,0.24814605712890625
19910,0.0,0.21314620971679688
19911,0.0,0.28595542907714844
19912,0.0,0.4853687286376953
19913,0.0,0.7309703826904297
19914,0.0,0.8520412445068359
19915,0.0,1.02734375
19916,0.0,1.1346664428710938
19917,0.0,1.184946060180664
19918,0.0,1.2968902587890625
19919,0.0,1.7507095336914062
19920,0.0,2.673844337463379
19921,0.0,5.142777442932129
19922,0.0,9.046438217163086
19923,4.0,15.256082534790039
19924,8.0,24.984018325805664
19925,32.0,41.35993957519531
19926,40.0,61.004058837890625
19927,50.0,80.06505584716797
19928,74.0,97.233154296875
19929,104.0,113.58980560302734
19930,132.0,128.1168212890625
19931,156.0,139.7669219970703
19932,156.0,149.06207275390625
19933,128.0,158.44497680664062
19934,144.0,170.92919921875
19935,184.0,191.45315551757812
19936,216.0,226.81036376953125
19937,232.0,273.0312805175781
19938,292.0,330.2353210449219
19939,346.0,393.7906494140625
19940,386.0,464.4687805175781
19941,432.0,502.0043640136719
19942,452.0,537.599365234375
19943,448.0,585.5549926757812
19944,412.0,619.5726928710938
19945,476.0,699.070556640625
19946,484.0,811.1380615234375
19947,542.0,896.248046875
19948,650.0,973.2511596679688
19949,1280.0,1011.6232299804688
19950,1136.0,1026.9698486328125
19951,916.0,1032.8389892578125
19952,574.0,1033.8167724609375
19953,734.0,1023.8934936523438
19954,1322.0,997.3488159179688
19955,534.0,917.0531005859375
19956,776.0,897.6717529296875
19957,948.0,861.0347290039062
19958,672.0,786.9802856445312
19959,336.0,709.0992431640625
19960,176.0,717.6981201171875
19961,160.0,796.7747802734375
19962,212.0,856.2608642578125
19963,496.0,863.3988037109375
19964,352.0,737.0861206054688
19965,204.0,572.3868408203125
19966,84.0,426.13226318359375
19967,176.0,290.5625305175781
19968,176.0,182.6435546875
19969,72.0,133.2416229248047
19970,48.0,118.71569061279297
19971,116.0,118.78089141845703
19972,68.0,118.38674926757812
19973,48.0,119.12957000732422
19974,10.0,122.60635375976562
19975,62.0,154.94577026367188
19976,12.0,143.642333984375
19977,8.0,113.1096420288086
19978,28.0,81.36032104492188
19979,32.0,48.25480651855469
19980,14.0,22.65984344482422
19981,10.0,9.913171768188477
19982,0.0,2.898334503173828
19983,0.0,0.8165664672851562
19984,0.0,0.3766899108886719
19985,0.0,0.2512035369873047
19986,0.0,0.2781524658203125
19987,0.0,0.3047523498535156
19988,0.0,0.33013153076171875
19989,0.0,0.3254051208496094
19990,0.0,0.31423187255859375
19991,0.0,0.312896728515625
19992,0.0,0.3048076629638672
19993,0.0,0.2651195526123047
19994,0.0,0.11465263366699219
19995,0.0,0.03978729248046875
19996,0.0,0.026254653930664062
19997,0.0,0.25460052490234375
19998,0.0,-0.1554889678955078
19999,0.0,0.03658103942871094
20000,0.0,0.4270820617675781
20001,0.0,0.7078170776367188
20002,0.0,0.7906761169433594
20003,0.0,0.8149909973144531
20004,0.0,0.7749843597412109
20005,0.0,0.6632766723632812
20006,0.0,0.7212734222412109
20007,0.0,0.8565025329589844
20008,0.0,1.0592880249023438
20009,0.0,1.1351547241210938
20010,0.0,0.9676628112792969
20011,0.0,0.7086963653564453
20012,0.0,0.39086341857910156
20013,0.0,0.09497451782226562
20014,0.0,-0.16290664672851562
20015,0.0,-0.24835586547851562
20016,0.0,-0.17602157592773438
20017,0.0,0.2750682830810547
20018,2.0,1.1602516174316406
20019,4.0,3.0491933822631836
20020,16.0,7.423163414001465
20021,44.0,18.370380401611328
20022,62.0,40.189971923828125
20023,68.0,63.80727005004883
20024,60.0,83.73779296875
20025,64.0,105.62775421142578
20026,76.0,130.5718231201172
20027,82.0,151.87075805664062
20028,94.0,168.74075317382812
20029,100.0,185.39910888671875
20030,152.0,208.48709106445312
20031,216.0,242.76431274414062
20032,264.0,302.7828063964844
20033,302.0,380.3290710449219
20034,430.0,466.48443603515625
20035,502.0,580.1620483398438
20036,520.0,723.2208862304688
20037,670.0,734.5186157226562
20038,720.0,753.208984375
20039,1132.0,724.1879272460938
20040,626.0,634.4210205078125
20041,542.0,542.4459228515625
20042,932.0,506.4098815917969
20043,988.0,505.2545166015625
20044,608.0,511.34088134765625
20045,836.0,502.9773254394531
20046,906.0,484.4969482421875
20047,374.0,464.9539794921875
20048,284.0,451.1812744140625
20049,344.0,444.8209228515625
20050,440.0,459.4007568359375
20051,420.0,467.5476989746094
20052,432.0,438.3729248046875
20053,518.0,462.3369445800781
20054,362.0,481.2096252441406
20055,480.0,464.522216796875
20056,946.0,433.6035461425781
20057,1592.0,389.685302734375
20058,1238.0,345.9562072753906
20059,468.0,316.6653747558594
20060,168.0,288.8930969238281
20061,532.0,269.7396240234375
20062,1194.0,200.65084838867188
20063,522.0,222.47576904296875
20064,420.0,161.85855102539062
20065,450.0,143.9765625
20066,500.0,138.1466522216797
20067,102.0,131.01565551757812
20068,120.0,121.16912078857422
20069,190.0,106.14037322998047
20070,142.0,95.9410400390625
20071,84.0,87.6414566040039
20072,52.0,79.98233032226562
20073,44.0,68.81925964355469
20074,44.0,48.11752700805664
20075,28.0,25.35186767578125
20076,0.0,15.856913566589355
20077,4.0,9.412677764892578
20078,0.0,4.428009033203125
20079,0.0,2.220367431640625
20080,0.0,1.5927982330322266
20081,0.0,1.5056781768798828
20082,0.0,1.3432369232177734
20083,0.0,1.30206298828125
20084,0.0,1.2714462280273438
20085,0.0,1.188283920288086
20086,0.0,1.1409339904785156
20087,0.0,1.1335620880126953
20088,0.0,1.1369972229003906
20089,0.0,1.0575675964355469
20090,0.0,1.0063209533691406
20091,0.0,0.9526958465576172
20092,0.0,0.9223003387451172
20093,0.0,0.19442176818847656
20094,0.0,0.3592681884765625
20095,0.0,0.20718002319335938
20096,0.0,0.1363525390625
20097,0.0,0.31153297424316406
20098,0.0,0.26265716552734375
20099,0.0,0.22301292419433594
20100,0.0,0.11377334594726562
20101,0.0,-0.03569602966308594
20102,0.0,0.10001564025878906
20103,0.0,0.19594764709472656
20104,0.0,0.3077373504638672
20105,0.0,0.3904247283935547
20106,0.0,0.43079566955566406
20107,0.0,0.3976001739501953
20108,0.0,0.2810325622558594
20109,0.0,0.2336883544921875
20110,0.0,0.2308483123779297
20111,0.0,0.4581642150878906
20112,0.0,1.1682147979736328
20113,0.0,3.0153579711914062
20114,0.0,5.6634321212768555
20115,0.0,9.365200996398926
20116,4.0,14.978259086608887
20117,12.0,24.41795539855957
20118,44.0,36.911495208740234
20119,48.0,49.828609466552734
20120,72.0,62.06935501098633
20121,62.0,74.87962341308594
20122,88.0,90.58238220214844
20123,58.0,105.20897674560547
20124,100.0,119.1422348022461
20125,132.0,130.209228515625
20126,110.0,137.2787322998047
20127,80.0,144.244140625
20128,70.0,150.19412231445312
20129,144.0,153.21746826171875
20130,184.0,158.77313232421875
20131,216.0,169.49822998046875
20132,124.0,196.91592407226562
20133,120.0,255.075439453125
20134,100.0,285.7767333984375
20135,66.0,276.5238342285156
20136,148.0,243.15457153320312
20137,228.0,206.5537109375
20138,154.0,184.830810546875
20139,206.0,173.54156494140625
20140,304.0,169.40264892578125
20141,156.0,166.17153930664062
20142,272.0,167.39007568359375
20143,352.0,181.44268798828125
20144,282.0,206.940185546875
20145,250.0,217.70114135742188
20146,260.0,211.41256713867188
20147,224.0,203.7379150390625
20148,180.0,197.94342041015625
20149,116.0,193.59457397460938
20150,96.0,186.35552978515625
20151,144.0,178.67715454101562
20152,148.0,171.41363525390625
20153,152.0,166.72869873046875
20154,192.0,162.37191772460938
20155,184.0,157.89483642578125
20156,162.0,149.0504150390625
20157,196.0,138.89254760742188
20158,174.0,131.31021118164062
20159,274.0,127.36605834960938
20160,290.0,123.72847747802734
20161,200.0,120.39924621582031
20162,140.0,115.91635131835938
20163,146.0,111.14080047607422
20164,150.0,104.97207641601562
20165,162.0,93.34732818603516
20166,98.0,64.41873168945312
20167,98.0,48.06642150878906
20168,94.0,39.415557861328125
20169,46.0,34.45794677734375
20170,42.0,28.842741012573242
20171,30.0,21.386140823364258
20172,14.0,12.076972007751465
20173,0.0,5.62696647644043
20174,4.0,2.373086929321289
20175,2.0,0.9637355804443359
20176,0.0,0.3004779815673828
20177,0.0,0.024145126342773438
20178,0.0,-0.11593055725097656
20179,0.0,-0.1869182586669922
20180,0.0,-0.22771644592285156
20181,0.0,-0.26261329650878906
20182,0.0,-0.27189064025878906
20183,0.0,-0.2922496795654297
20184,0.0,-0.313446044921875
20185,0.0,-0.3379802703857422
20186,0.0,-0.30840301513671875
20187,0.0,-0.28687477111816406
20188,0.0,-0.21468353271484375
20189,0.0,-0.09199333190917969
20190,0.0,0.4183788299560547
20191,0.0,0.5708217620849609
20192,0.0,0.7350082397460938
20193,0.0,0.8832130432128906
20194,0.0,0.9038772583007812
20195,0.0,0.9135894775390625
20196,0.0,0.9143295288085938
20197,0.0,0.9020156860351562
20198,0.0,0.8879947662353516
20199,0.0,0.8572177886962891
20200,0.0,0.8578262329101562
20201,0.0,0.7843456268310547
20202,0.0,0.6157894134521484
20203,0.0,0.4017333984375
20204,0.0,0.1844482421875
20205,0.0,-0.05370140075683594
20206,0.0,0.08317184448242188
20207,0.0,0.6080894470214844
20208,0.0,1.6090145111083984
20209,2.0,3.142378807067871
20210,6.0,5.396766662597656
20211,20.0,7.821229934692383
20212,38.0,10.717105865478516
20213,50.0,16.382524490356445
20214,72.0,25.204072952270508
20215,98.0,38.47541809082031
20216,132.0,54.37519454956055
20217,148.0,72.3497543334961
20218,116.0,92.63519287109375
20219,120.0,115.84786987304688
20220,132.0,140.659912109375
20221,166.0,163.58779907226562
20222,282.0,191.1878662109375
20223,392.0,236.6343994140625
20224,364.0,312.46856689453125
20225,310.0,381.44189453125
20226,262.0,451.1101379394531
20227,364.0,528.8355712890625
20228,402.0,577.8280029296875
20229,382.0,488.98883056640625
20230,380.0,468.9554138183594
20231,408.0,433.3190612792969
20232,432.0,488.9553527832031
20233,504.0,609.7077026367188
20234,532.0,643.8983154296875
20235,824.0,682.8469848632812
20236,1356.0,707.0374145507812
20237,1100.0,664.7612915039062
20238,1108.0,568.3218383789062
20239,762.0,560.0889892578125
20240,602.0,683.284912109375
20241,1360.0,835.822509765625
20242,1576.0,1025.0303955078125
20243,1552.0,1080.572265625
20244,1388.0,1068.182373046875
20245,780.0,1000.9371337890625
20246,800.0,551.2050170898438
20247,1256.0,462.0796203613281
20248,436.0,452.9200439453125
20249,960.0,463.0921936035156
20250,1454.0,468.2637939453125
20251,1334.0,467.9783935546875
20252,1324.0,465.6462707519531
20253,1096.0,471.5382995605469
20254,1210.0,476.25421142578125
20255,1066.0,474.5812072753906
20256,1040.0,478.7598571777344
20257,630.0,488.67230224609375
20258,914.0,490.2370910644531
20259,816.0,484.9582214355469
20260,724.0,465.2418518066406
20261,610.0,437.76007080078125
20262,506.0,399.949951171875
20263,406.0,350.7158203125
20264,312.0,262.8961486816406
20265,230.0,177.98446655273438
20266,164.0,112.95893096923828
20267,100.0,73.13835144042969
20268,74.0,48.96320343017578
20269,38.0,31.315200805664062
20270,28.0,13.366983413696289
20271,10.0,4.458005905151367
20272,2.0,1.9541645050048828
20273,0.0,0.8601856231689453
20274,0.0,0.8276805877685547
20275,0.0,0.07145118713378906
20276,0.0,-0.9063129425048828
20277,0.0,-0.4921245574951172
20278,0.0,-0.6864681243896484
20279,0.0,-0.7160377502441406
20280,0.0,-0.7483291625976562
20281,0.0,-1.1357479095458984
20282,0.0,-1.1503276824951172
20283,0.0,-0.6616573333740234
20284,0.0,-0.2760047912597656
20285,0.0,-0.23134422302246094
20286,0.0,0.7095012664794922
20287,0.0,0.9195728302001953
20288,0.0,1.0256633758544922
20289,0.0,1.0348167419433594
20290,0.0,0.7409763336181641
20291,0.0,0.46253395080566406
20292,0.0,0.18884658813476562
20293,0.0,-0.04088401794433594
20294,0.0,-0.15273094177246094
20295,0.0,-0.23516845703125
20296,0.0,-0.2736530303955078
20297,0.0,-0.21828460693359375
20298,0.0,-0.1277923583984375
20299,0.0,-0.00927734375
20300,0.0,0.10955810546875
20301,0.0,0.2437591552734375
20302,0.0,0.4073982238769531
20303,0.0,0.48154449462890625
20304,0.0,0.5327243804931641
20305,2.0,1.2059307098388672
20306,6.0,2.9573535919189453
20307,28.0,6.56876277923584
20308,36.0,12.90572738647461
20309,58.0,25.100603103637695
20310,52.0,42.46961212158203
20311,86.0,59.66162872314453
20312,104.0,73.25151824951172
20313,104.0,86.29170989990234
20314,84.0,99.32907104492188
20315,84.0,112.14974975585938
20316,124.0,125.58717346191406
20317,222.0,141.71286010742188
20318,276.0,159.69720458984375
20319,266.0,181.46194458007812
20320,340.0,223.0084228515625
20321,420.0,285.57037353515625
20322,528.0,359.15264892578125
20323,520.0,432.63580322265625
20324,496.0,524.629638671875
20325,408.0,589.1452026367188
20326,424.0,662.9716186523438
20327,616.0,751.854248046875
20328,944.0,866.5008544921875
20329,1020.0,916.03466796875
20330,1116.0,973.5883178710938
20331,1152.0,1041.787109375
20332,1220.0,1099.2938232421875
20333,1262.0,1119.5543212890625
20334,1306.0,1119.987548828125
20335,1332.0,1118.272216796875
20336,1424.0,1132.171875
20337,1336.0,1078.9849853515625
20338,1440.0,995.707763671875
20339,1362.0,987.2742919921875
20340,1502.0,1047.5703125
20341,1080.0,1115.6923828125
20342,1292.0,1013.0785522460938
20343,1398.0,932.8311767578125
20344,1198.0,904.7959594726562
20345,1228.0,1165.490234375
20346,1200.0,1232.443603515625
20347,1262.0,1238.4132080078125
20348,1170.0,1238.6483154296875
20349,1096.0,1226.2823486328125
20350,1016.0,1192.7044677734375
20351,1090.0,1097.2188720703125
20352,1118.0,967.4495849609375
20353,1056.0,880.728759765625
20354,976.0,786.6056518554688
20355,832.0,692.1251831054688
20356,734.0,577.5035400390625
20357,658.0,495.27813720703125
20358,480.0,428.0107421875
20359,284.0,348.4875793457031
20360,192.0,242.95819091796875
20361,112.0,175.22296142578125
20362,120.0,122.99198150634766
20363,116.0,85.17391204833984
20364,72.0,54.22349166870117
20365,46.0,39.018836975097656
20366,22.0,24.249935150146484
20367,8.0,9.4511079788208
20368,2.0,1.7682952880859375
20369,0.0,0.24052810668945312
20370,0.0,-0.25929832458496094
20371,0.0,-0.3816184997558594
20372,0.0,-0.27265167236328125
20373,0.0,0.024105072021484375
20374,0.0,0.10552406311035156
20375,0.0,0.09492683410644531
20376,0.0,0.06704139709472656
20377,0.0,0.023868560791015625
20378,0.0,-0.09638023376464844
20379,0.0,-0.18272018432617188
20380,0.0,-0.23201370239257812
20381,0.0,0.7010345458984375
20382,0.0,0.5409927368164062
20383,0.0,0.35585975646972656
20384,0.0,0.2642059326171875
20385,0.0,0.3069419860839844
20386,0.0,0.3590126037597656
20387,0.0,0.385223388671875
20388,0.0,0.39838600158691406
20389,0.0,0.4944019317626953
20390,0.0,0.5564861297607422
20391,0.0,0.5602169036865234
20392,0.0,0.5135307312011719
20393,0.0,0.5867443084716797
20394,0.0,0.7290534973144531
20395,0.0,0.9009113311767578
20396,0.0,0.9675827026367188
20397,0.0,1.3338470458984375
20398,0.0,2.044889450073242
20399,0.0,2.802511215209961
20400,0.0,3.346464157104492
20401,0.0,4.981800079345703
20402,4.0,8.6802339553833
20403,10.0,17.002376556396484
20404,20.0,31.792360305786133
20405,54.0,51.16116714477539
20406,58.0,70.60893249511719
20407,96.0,87.9898681640625
20408,142.0,104.42120361328125
20409,140.0,122.39279174804688
20410,162.0,140.80838012695312
20411,212.0,157.68740844726562
20412,214.0,173.57717895507812
20413,206.0,189.7913818359375
20414,248.0,200.5538330078125
20415,228.0,200.98931884765625
20416,160.0,197.41592407226562
20417,250.0,191.7874755859375
20418,292.0,224.8712158203125
20419,310.0,261.593994140625
20420,236.0,293.3705139160156
20421,240.0,312.3443908691406
20422,220.0,305.6029052734375
20423,248.0,189.09432983398438
20424,240.0,177.71420288085938
20425,286.0,181.03707885742188
20426,252.0,188.17422485351562
20427,308.0,195.1700439453125
20428,374.0,199.37445068359375
20429,428.0,216.28134155273438
20430,298.0,258.8353576660156
20431,278.0,316.0709533691406
20432,456.0,386.5616455078125
20433,604.0,519.5234375
20434,764.0,590.3675537109375
20435,440.0,501.455322265625
20436,548.0,518.9137573242188
20437,656.0,564.8865356445312
20438,816.0,617.6277465820312
20439,1050.0,649.0718994140625
20440,560.0,669.5235595703125
20441,1320.0,719.7359619140625
20442,498.0,762.2685546875
20443,100.0,770.287353515625
20444,76.0,762.8472290039062
20445,80.0,742.4076538085938
20446,190.0,778.4940795898438
20447,374.0,797.4378051757812
20448,1056.0,696.8485107421875
20449,494.0,537.7002563476562
20450,488.0,432.95013427734375
20451,798.0,404.0606384277344
20452,344.0,392.2912292480469
20453,276.0,363.0300598144531
20454,256.0,325.8309326171875
20455,384.0,276.97918701171875
20456,234.0,185.58343505859375
20457,180.0,148.23214721679688
20458,142.0,101.29084777832031
20459,124.0,67.01152038574219
20460,56.0,40.70941925048828
20461,62.0,23.968467712402344
20462,38.0,6.852836608886719
20463,12.0,2.1358089447021484
20464,0.0,1.1107769012451172
20465,2.0,0.8911018371582031
20466,0.0,0.8777675628662109
20467,0.0,0.9092903137207031
20468,0.0,0.9665718078613281
20469,0.0,0.9746417999267578
20470,0.0,1.0005836486816406
20471,0.0,1.0286502838134766
20472,0.0,1.0652618408203125
20473,0.0,1.0794925689697266
20474,0.0,1.0980720520019531
20475,0.0,1.1251335144042969
20476,0.0,1.1514568328857422
20477,0.0,1.1057929992675781
20478,0.0,0.40478515625
20479,0.0,-0.21092987060546875
20480,0.0,-0.5749588012695312
20481,0.0,-0.8000106811523438
20482,0.0,-1.010427474975586
20483,0.0,-1.1067276000976562
20484,0.0,-1.1362648010253906
20485,0.0,-1.216360092163086
20486,0.0,-1.3325748443603516
20487,0.0,-1.407857894897461
20488,0.0,-1.4612388610839844
20489,0.0,-1.5642452239990234
20490,0.0,-1.8172607421875
20491,0.0,-1.9809837341308594
20492,0.0,-2.128580093383789
20493,0.0,-2.2893447875976562
20494,0.0,-2.479206085205078
20495,0.0,-2.6547489166259766
20496,0.0,-2.826854705810547
20497,2.0,-2.5031585693359375
20498,6.0,-1.111978530883789
20499,16.0,5.720704078674316
20500,34.0,21.28418731689453
20501,44.0,38.11262130737305
20502,52.0,50.72019958496094
20503,60.0,60.07399368286133
20504,64.0,67.90373992919922
20505,72.0,76.88387298583984
20506,80.0,87.472900390625
20507,88.0,99.11077117919922
20508,92.0,113.05791473388672
20509,108.0,135.1544647216797
20510,148.0,166.022705078125
20511,216.0,221.30746459960938
20512,300.0,372.7706604003906
20513,400.0,500.7965393066406
20514,470.0,585.2666015625
20515,522.0,653.2561645507812
20516,700.0,716.6299438476562
20517,752.0,748.7315063476562
20518,952.0,785.625
20519,640.0,834.65966796875
20520,944.0,905.1727294921875
20521,628.0,960.2698364257812
20522,864.0,1006.0831298828125
20523,328.0,1043.1080322265625
20524,968.0,1085.4364013671875
20525,1096.0,1100.5123291015625
20526,1246.0,1106.6337890625
20527,1356.0,1115.05029296875
20528,730.0,1153.690185546875
20529,1496.0,1252.00390625
20530,776.0,1267.08349609375
20531,1024.0,1268.958251953125
20532,744.0,1267.5938720703125
20533,1460.0,1255.4444580078125
20534,1492.0,1236.0281982421875
20535,610.0,1226.8126220703125
20536,836.0,1235.94482421875
20537,1346.0,1222.7799072265625
20538,448.0,1193.8048095703125
20539,1298.0,1099.0042724609375
20540,1262.0,925.4760131835938
20541,348.0,654.8185424804688
20542,1202.0,483.6434020996094
20543,646.0,449.359375
20544,216.0,436.0412902832031
20545,628.0,423.55194091796875
20546,994.0,412.04266357421875
20547,886.0,405.5992736816406
20548,748.0,399.000732421875
20549,590.0,380.47027587890625
20550,598.0,348.4347229003906
20551,422.0,297.85736083984375
20552,238.0,237.196533203125
20553,182.0,200.34835815429688
20554,154.0,136.38084411621094
20555,128.0,100.3543701171875
20556,76.0,65.15434265136719
20557,38.0,40.72071075439453
20558,24.0,17.18258285522461
20559,12.0,4.117693901062012
20560,4.0,1.4509048461914062
20561,0.0,0.9019241333007812
20562,0.0,0.7734909057617188
20563,0.0,0.7122268676757812
20564,0.0,0.6832122802734375
20565,0.0,0.6016769409179688
20566,0.0,0.6335220336914062
20567,0.0,0.7012214660644531
20568,0.0,0.7770423889160156
20569,0.0,0.8215789794921875
20570,0.0,0.8581790924072266
20571,0.0,0.8570384979248047
20572,0.0,0.8656635284423828
20573,0.0,1.1828651428222656
20574,0.0,1.298208236694336
20575,0.0,1.0617485046386719
20576,0.0,0.7943973541259766
20577,0.0,0.5641441345214844
20578,0.0,0.2679462432861328
20579,0.0,0.025934219360351562
20580,0.0,-0.17542457580566406
20581,0.0,-0.40500450134277344
20582,0.0,-0.6491718292236328
20583,0.0,-0.7862377166748047
20584,0.0,-0.874542236328125
20585,0.0,-0.9556388854980469
20586,0.0,-1.0454673767089844
20587,0.0,-1.0467967987060547
20588,0.0,-1.0030345916748047
20589,0.0,-0.8590297698974609
20590,0.0,-1.007089614868164
20591,0.0,-1.1449851989746094
20592,0.0,-1.2766799926757812
20593,2.0,-0.7877254486083984
20594,8.0,1.2937984466552734
20595,22.0,8.968018531799316
20596,42.0,24.972841262817383
20597,46.0,42.14244842529297
20598,54.0,56.032310485839844
20599,60.0,67.23527526855469
20600,68.0,77.56362915039062
20601,84.0,89.41383361816406
20602,90.0,103.68043518066406
20603,94.0,118.33885955810547
20604,92.0,134.57864379882812
20605,104.0,155.49993896484375
20606,140.0,184.92938232421875
20607,202.0,239.33978271484375
20608,298.0,361.4128112792969
20609,404.0,481.3717346191406
20610,568.0,588.1456298828125
20611,588.0,668.3998413085938
20612,764.0,717.0772094726562
20613,184.0,755.8236694335938
20614,808.0,806.1909790039062
20615,778.0,857.929931640625
20616,566.0,908.0874633789062
20617,1066.0,921.3070678710938
20618,376.0,937.676025390625
20619,852.0,970.7557373046875
20620,790.0,991.2813720703125
20621,836.0,996.8887329101562
20622,1192.0,1101.5867919921875
20623,1084.0,1071.4547119140625
20624,988.0,1064.4427490234375
20625,1548.0,1124.074462890625
20626,1512.0,1172.5504150390625
20627,1296.0,1187.8092041015625
20628,1576.0,1205.4949951171875
20629,1530.0,1223.50390625
20630,1494.0,1228.8643798828125
20631,1376.0,1229.7777099609375
20632,1020.0,1229.489501953125
20633,1538.0,1227.4339599609375
20634,1274.0,1223.2257080078125
20635,1426.0,1212.8800048828125
20636,1366.0,1193.387939453125
20637,1204.0,1162.2430419921875
20638,1304.0,1111.787109375
20639,1200.0,1064.945556640625
20640,988.0,1026.7301025390625
20641,1060.0,984.0146484375
20642,972.0,931.0866088867188
20643,868.0,858.5820922851562
20644,776.0,792.9442749023438
20645,668.0,731.95068359375
20646,560.0,663.8432006835938
20647,452.0,561.5576782226562
20648,344.0,420.0937805175781
20649,256.0,280.22674560546875
20650,180.0,183.75784301757812
20651,104.0,110.21487426757812
20652,66.0,65.07122802734375
20653,34.0,42.64630126953125
20654,18.0,26.687992095947266
20655,8.0,11.405561447143555
20656,2.0,3.0604610443115234
20657,0.0,0.8079566955566406
20658,0.0,0.06439971923828125
20659,0.0,-0.24931907653808594
20660,0.0,-0.3329334259033203
20661,0.0,-0.2705097198486328
20662,0.0,-0.2086334228515625
20663,0.0,-0.1601886749267578
20664,0.0,-0.10170173645019531
20665,0.0,-0.08155441284179688
20666,0.0,-0.1876087188720703
20667,0.0,-0.24832534790039062
20668,0.0,-0.30983924865722656
20669,0.0,0.1931133270263672
20670,0.0,-0.10889434814453125
20671,0.0,-0.23264694213867188
20672,0.0,-0.2552032470703125
20673,0.0,-0.1470966339111328
20674,0.0,-0.10696792602539062
20675,0.0,-0.09301376342773438
20676,0.0,-0.09804153442382812
20677,0.0,-0.0187530517578125
20678,0.0,-0.0165863037109375
20679,0.0,-0.02809906005859375
20680,0.0,-0.09095191955566406
20681,0.0,-0.10143089294433594
20682,0.0,-0.14532089233398438
20683,0.0,-0.18321990966796875
20684,0.0,-0.2854957580566406
20685,0.0,-0.027006149291992188
20686,0.0,0.8564338684082031
20687,0.0,1.7546672821044922
20688,0.0,2.4639196395874023
20689,0.0,4.410304069519043
20690,4.0,8.556608200073242
20691,6.0,17.270797729492188
20692,14.0,31.97320556640625
20693,36.0,50.783470153808594
20694,66.0,69.19943237304688
20695,70.0,85.9332275390625
20696,62.0,101.20464324951172
20697,98.0,115.77703094482422
20698,140.0,129.04107666015625
20699,212.0,141.57028198242188
20700,332.0,153.8494873046875
20701,228.0,167.346923828125
20702,224.0,190.01895141601562
20703,206.0,218.57916259765625
20704,136.0,248.99578857421875
20705,212.0,279.8586730957031
20706,282.0,316.2603759765625
20707,244.0,315.4313049316406
20708,254.0,294.2148132324219
20709,374.0,274.7087707519531
20710,538.0,256.9984436035156
20711,582.0,241.84051513671875
20712,576.0,238.27752685546875
20713,420.0,243.228515625
20714,472.0,258.5107116699219
20715,332.0,238.48818969726562
20716,270.0,207.56100463867188
20717,250.0,187.33441162109375
20718,232.0,191.14059448242188
20719,212.0,227.16989135742188
20720,192.0,252.048583984375
20721,194.0,238.32876586914062
20722,178.0,215.92608642578125
20723,118.0,205.48016357421875
20724,234.0,207.86734008789062
20725,286.0,213.07928466796875
20726,382.0,224.73434448242188
20727,516.0,244.23764038085938
20728,432.0,251.99496459960938
20729,502.0,327.594482421875
20730,572.0,422.3570861816406
20731,488.0,401.64813232421875
20732,300.0,366.9046325683594
20733,282.0,375.98040771484375
20734,328.0,381.76361083984375
20735,240.0,375.2666320800781
20736,144.0,351.09088134765625
20737,184.0,317.00750732421875
20738,160.0,256.800048828125
20739,160.0,193.7879638671875
20740,148.0,149.2861328125
20741,74.0,125.62954711914062
20742,96.0,117.75509643554688
20743,102.0,110.89154815673828
20744,100.0,51.95172882080078
20745,144.0,38.86124801635742
20746,164.0,29.33871841430664
20747,112.0,20.581823348999023
20748,72.0,13.06606674194336
20749,40.0,7.156537055969238
20750,12.0,3.339588165283203
20751,4.0,1.7795581817626953
20752,4.0,1.2338237762451172
20753,0.0,0.90216064453125
20754,0.0,0.03687095642089844
20755,0.0,-0.5437965393066406
20756,0.0,-0.9470424652099609
20757,0.0,-1.1906356811523438
20758,0.0,-1.1986064910888672
20759,0.0,-0.9929656982421875
20760,0.0,-0.6453800201416016
20761,0.0,-0.30950355529785156
20762,0.0,-0.06149482727050781
20763,0.0,0.031650543212890625
20764,0.0,0.06341171264648438
20765,0.0,0.5138721466064453
20766,0.0,1.0296287536621094
20767,0.0,1.0638504028320312
20768,0.0,1.0366935729980469
20769,0.0,0.9557380676269531
20770,0.0,0.9587287902832031
20771,0.0,0.9521942138671875
20772,0.0,0.9600696563720703
20773,0.0,0.9289569854736328
20774,0.0,0.8828449249267578
20775,0.0,0.8225307464599609
20776,0.0,0.5678958892822266
20777,0.0,0.5092086791992188
20778,0.0,0.46254539489746094
20779,0.0,0.622802734375
20780,0.0,0.7646350860595703
20781,0.0,-0.09937858581542969
20782,0.0,-0.7868137359619141
20783,0.0,-1.3196449279785156
20784,0.0,-1.3969535827636719
20785,0.0,-1.156789779663086
20786,0.0,-0.9195728302001953
20787,4.0,-0.45813560485839844
20788,6.0,0.7905235290527344
20789,26.0,4.982701301574707
20790,40.0,15.825923919677734
20791,68.0,29.59067726135254
20792,36.0,41.347938537597656
20793,40.0,52.60728073120117
20794,36.0,63.64665222167969
20795,68.0,73.78791046142578
20796,114.0,84.10963439941406
20797,174.0,100.28010559082031
20798,160.0,136.25808715820312
20799,156.0,181.48141479492188
20800,224.0,204.89804077148438
20801,224.0,209.19290161132812
20802,294.0,213.70867919921875
20803,534.0,208.70211791992188
20804,820.0,197.95565795898438
20805,692.0,211.14501953125
20806,764.0,236.81793212890625
20807,904.0,280.51129150390625
20808,756.0,344.77764892578125
20809,1112.0,396.4726867675781
20810,1040.0,433.36553955078125
20811,1208.0,481.42877197265625
20812,1194.0,509.06903076171875
20813,1186.0,522.1236572265625
20814,1334.0,543.0762329101562
20815,1368.0,593.5872192382812
20816,1282.0,747.7068481445312
20817,1424.0,1000.2138061523438
20818,1348.0,1185.8955078125
20819,968.0,1215.8773193359375
20820,1260.0,1216.8385009765625
20821,1484.0,1218.7728271484375
20822,1420.0,1218.2664794921875
20823,1220.0,1215.4534912109375
20824,1524.0,1214.2943115234375
20825,1442.0,1229.5457763671875
20826,1314.0,1237.2637939453125
20827,1412.0,1238.3504638671875
20828,1348.0,1210.8228759765625
20829,1332.0,1110.6307373046875
20830,1092.0,1024.39013671875
20831,1192.0,944.7811279296875
20832,1106.0,874.5856323242188
20833,1030.0,826.42626953125
20834,870.0,777.74072265625
20835,854.0,718.216552734375
20836,238.0,651.6363525390625
20837,422.0,577.9915771484375
20838,220.0,477.7688293457031
20839,284.0,360.09002685546875
20840,154.0,231.81430053710938
20841,92.0,168.0718994140625
20842,74.0,111.49798583984375
20843,42.0,75.47943115234375
20844,52.0,50.0817756652832
20845,22.0,34.664066314697266
20846,4.0,22.93503189086914
20847,0.0,9.59393310546875
20848,0.0,2.0949134826660156
20849,0.0,0.2991371154785156
20850,0.0,-0.3069019317626953
20851,0.0,-0.5298366546630859
20852,0.0,-0.5997829437255859
20853,0.0,-0.6495742797851562
20854,0.0,-0.7696781158447266
20855,0.0,-0.7753162384033203
20856,0.0,-0.6601734161376953
20857,0.0,-0.5364227294921875
20858,0.0,-0.3446617126464844
20859,0.0,-0.16580772399902344
20860,0.0,-0.03890800476074219
20861,0.0,0.3355140686035156
20862,0.0,0.6785182952880859
20863,0.0,0.6639156341552734
20864,0.0,0.6477012634277344
20865,0.0,0.6460437774658203
20866,0.0,0.6391220092773438
20867,0.0,0.6396427154541016
20868,0.0,0.6231231689453125
20869,0.0,0.6994457244873047
20870,0.0,0.7481365203857422
20871,0.0,0.8260116577148438
20872,0.0,0.8633155822753906
20873,0.0,0.9458026885986328
20874,0.0,0.8430843353271484
20875,0.0,0.5343647003173828
20876,0.0,0.05278587341308594
20877,0.0,0.16592979431152344
20878,0.0,0.6348400115966797
20879,0.0,0.6867237091064453
20880,0.0,0.6482582092285156
20881,0.0,2.252340316772461
20882,4.0,7.524874687194824
20883,8.0,18.092529296875
20884,30.0,31.265239715576172
20885,38.0,43.90846633911133
20886,48.0,53.64030456542969
20887,54.0,60.82491683959961
20888,62.0,66.50271606445312
20889,66.0,72.3953628540039
20890,74.0,77.97441864013672
20891,80.0,83.41858673095703
20892,84.0,89.47185516357422
20893,100.0,99.81221008300781
20894,134.0,121.60281372070312
20895,198.0,166.80072021484375
20896,280.0,257.54534912109375
20897,384.0,373.1306457519531
20898,480.0,490.3539733886719
20899,572.0,600.59814453125
20900,668.0,729.5159301757812
20901,592.0,804.2321166992188
20902,868.0,876.9822387695312
20903,608.0,937.8465576171875
20904,268.0,980.8748168945312
20905,300.0,965.6790771484375
20906,204.0,983.0364379882812
20907,544.0,1023.9098510742188
20908,724.0,969.3804321289062
20909,260.0,801.5013427734375
20910,246.0,716.0464477539062
20911,342.0,720.2329711914062
20912,308.0,774.0787963867188
20913,548.0,793.3389282226562
20914,346.0,834.7451782226562
20915,974.0,959.3167724609375
20916,500.0,998.0064697265625
20917,292.0,1031.4188232421875
20918,404.0,1058.18017578125
20919,412.0,1066.908203125
20920,436.0,1048.24609375
20921,446.0,1045.243896484375
20922,476.0,1037.0491943359375
20923,612.0,1029.3692626953125
20924,712.0,1037.318115234375
20925,1182.0,1119.3865966796875
20926,1052.0,1123.4404296875
20927,564.0,1090.0982666015625
20928,696.0,1052.8875732421875
20929,770.0,993.1016235351562
20930,490.0,885.4129638671875
20931,720.0,766.4482421875
20932,678.0,694.9779052734375
20933,402.0,624.196044921875
20934,140.0,493.8699645996094
20935,112.0,390.2994079589844
20936,144.0,277.1139831542969
20937,162.0,197.05709838867188
20938,74.0,132.0577392578125
20939,68.0,85.37351989746094
20940,72.0,44.81864929199219
20941,56.0,28.960933685302734
20942,24.0,15.530733108520508
20943,0.0,4.574897766113281
20944,0.0,1.0372066497802734
20945,0.0,0.09955596923828125
20946,0.0,-0.20694541931152344
20947,0.0,-0.3408164978027344
20948,0.0,-0.35857200622558594
20949,0.0,-0.3843994140625
20950,0.0,-0.3876304626464844
20951,0.0,-0.3498039245605469
20952,0.0,-0.2526874542236328
20953,0.0,-0.28015708923339844
20954,0.0,-0.3950366973876953
20955,0.0,-0.4406414031982422
20956,0.0,-0.42136383056640625
20957,0.0,0.6215419769287109
20958,0.0,0.4891548156738281
20959,0.0,0.3449859619140625
20960,0.0,0.33362579345703125
20961,0.0,0.5623149871826172
20962,0.0,0.6087913513183594
20963,0.0,0.6104240417480469
20964,0.0,0.5800704956054688
20965,0.0,0.7328929901123047
20966,0.0,0.8154277801513672
20967,0.0,0.846405029296875
20968,0.0,0.8292980194091797
20969,0.0,0.9578666687011719
20970,0.0,1.2135200500488281
20971,0.0,1.5009002685546875
20972,0.0,1.7367019653320312
20973,0.0,2.5587081909179688
20974,0.0,3.665879249572754
20975,0.0,4.937806129455566
20976,0.0,5.913552284240723
20977,4.0,8.053428649902344
20978,6.0,11.956104278564453
20979,30.0,20.818735122680664
20980,52.0,34.227684020996094
20981,60.0,49.85505294799805
20982,72.0,64.3149642944336
20983,54.0,74.35738372802734
20984,74.0,81.06202697753906
20985,208.0,86.52546691894531
20986,122.0,91.07855987548828
20987,90.0,92.6676025390625
20988,172.0,97.75535583496094
20989,220.0,94.27503967285156
20990,96.0,92.82598876953125
20991,92.0,96.37202453613281
20992,206.0,102.35008239746094
20993,156.0,113.33168029785156
20994,174.0,144.86004638671875
20995,152.0,163.93341064453125
20996,124.0,169.55307006835938
20997,140.0,171.16787719726562
20998,104.0,175.69143676757812
20999,108.0,185.3917236328125
21000,108.0,206.87564086914062
21001,196.0,250.6614990234375
21002,324.0,320.0174865722656
21003,332.0,411.586181640625
21004,284.0,496.33551025390625
21005,332.0,657.4551391601562
21006,248.0,706.1090087890625
21007,296.0,725.1797485351562
21008,452.0,761.4163818359375
21009,576.0,816.7131958007812
21010,1244.0,866.043701171875
21011,1520.0,900.38671875
21012,962.0,931.6234741210938
21013,790.0,916.896240234375
21014,862.0,946.36328125
21015,626.0,989.1519165039062
21016,776.0,987.1289672851562
21017,314.0,1001.2916259765625
21018,34.0,1003.1946411132812
21019,32.0,983.8604736328125
21020,16.0,947.680908203125
21021,16.0,906.9926147460938
21022,38.0,889.0577392578125
21023,56.0,865.9509887695312
21024,84.0,794.4784545898438
21025,202.0,608.1224975585938
21026,452.0,432.68292236328125
21027,932.0,292.0994873046875
21028,424.0,225.93637084960938
21029,276.0,209.6292724609375
21030,52.0,196.40997314453125
21031,8.0,190.7828369140625
21032,26.0,172.3968505859375
21033,26.0,129.06190490722656
21034,48.0,96.6539077758789
21035,56.0,70.87373352050781
21036,52.0,48.47492218017578
21037,34.0,31.131160736083984
21038,24.0,13.996978759765625
21039,12.0,3.710451126098633
21040,2.0,0.7173061370849609
21041,0.0,0.1626911163330078
21042,0.0,-0.1608409881591797
21043,0.0,-0.4537200927734375
21044,0.0,-0.5714550018310547
21045,0.0,-0.46013832092285156
21046,0.0,-0.3154926300048828
21047,0.0,-0.11065292358398438
21048,0.0,0.2899322509765625
21049,0.0,0.5905609130859375
21050,0.0,0.7027168273925781
21051,0.0,0.7306118011474609
21052,0.0,0.7237796783447266
21053,0.0,0.1694011688232422
21054,0.0,0.019666671752929688
21055,0.0,-0.019609451293945312
21056,0.0,0.10063552856445312
21057,0.0,0.24684906005859375
21058,0.0,0.04884529113769531
21059,0.0,0.22414398193359375
21060,0.0,0.6419448852539062
21061,0.0,1.1818122863769531
21062,0.0,1.5688209533691406
21063,0.0,1.707925796508789
21064,0.0,1.8529796600341797
21065,0.0,2.1639232635498047
21066,0.0,2.452298164367676
21067,0.0,2.5810441970825195
21068,0.0,2.5448341369628906
21069,0.0,2.9385061264038086
21070,0.0,3.4624719619750977
21071,0.0,4.521285057067871
21072,0.0,6.423952102661133
21073,2.0,10.146291732788086
21074,6.0,15.026843070983887
21075,4.0,21.39006805419922
21076,28.0,31.0142822265625
21077,46.0,45.552955627441406
21078,54.0,64.85856628417969
21079,64.0,82.881591796875
21080,96.0,100.04151916503906
21081,144.0,108.64681243896484
21082,174.0,110.72911834716797
21083,186.0,124.99285888671875
21084,108.0,146.91763305664062
21085,88.0,173.10287475585938
21086,256.0,198.75161743164062
21087,292.0,222.6912841796875
21088,360.0,252.59432983398438
21089,316.0,306.4930114746094
21090,456.0,376.2344055175781
21091,472.0,427.2533264160156
21092,568.0,467.4992370605469
21093,378.0,481.2445068359375
21094,204.0,495.3468322753906
21095,690.0,511.7425537109375
21096,688.0,540.2503662109375
21097,874.0,579.7744750976562
21098,838.0,639.5064697265625
21099,948.0,722.3151245117188
21100,1220.0,849.2937622070312
21101,884.0,948.9940795898438
21102,1236.0,1023.129150390625
21103,1362.0,1061.5845947265625
21104,1118.0,1090.5858154296875
21105,742.0,1118.161376953125
21106,834.0,1160.81103515625
21107,910.0,1194.689208984375
21108,1122.0,1196.0399169921875
21109,1112.0,1190.201416015625
21110,1324.0,1178.137939453125
21111,1060.0,1159.8460693359375
21112,1230.0,1070.3677978515625
21113,1464.0,1044.8536376953125
21114,1166.0,1003.0103149414062
21115,1276.0,922.0272216796875
21116,1060.0,809.3280029296875
21117,864.0,719.0072631835938
21118,868.0,637.8030395507812
21119,736.0,537.7704467773438
21120,536.0,457.880859375
21121,550.0,429.134033203125
21122,722.0,403.7648010253906
21123,760.0,370.92755126953125
21124,768.0,318.6932067871094
21125,660.0,261.2074279785156
21126,420.0,219.7435302734375
21127,454.0,187.61935424804688
21128,238.0,145.4476776123047
21129,208.0,117.40931701660156
21130,160.0,93.60653686523438
21131,104.0,73.711181640625
21132,80.0,51.34949493408203
21133,40.0,33.26822280883789
21134,28.0,20.264657974243164
21135,10.0,8.020553588867188
21136,2.0,1.148345947265625
21137,0.0,-0.3211555480957031
21138,0.0,-0.6282138824462891
21139,0.0,-0.6983909606933594
21140,0.0,-0.7311897277832031
21141,0.0,-0.7608470916748047
21142,0.0,-0.8215084075927734
21143,0.0,-0.7926273345947266
21144,0.0,-0.7225456237792969
21145,0.0,-0.6119613647460938
21146,0.0,-0.5427532196044922
21147,0.0,-0.5032920837402344
21148,0.0,-0.5064373016357422
21149,0.0,-1.4054317474365234
21150,0.0,-0.541961669921875
21151,0.0,-0.5209598541259766
21152,0.0,-0.47936439514160156
21153,0.0,-0.3989067077636719
21154,0.0,-0.42119598388671875
21155,0.0,-0.45940399169921875
21156,0.0,-0.4546794891357422
21157,0.0,-0.4414787292480469
21158,0.0,-0.3243980407714844
21159,0.0,-0.17949867248535156
21160,0.0,-0.01245880126953125
21161,0.0,0.12331771850585938
21162,0.0,0.25304412841796875
21163,0.0,0.3536243438720703
21164,0.0,0.5056877136230469
21165,0.0,1.0100822448730469
21166,0.0,1.7389888763427734
21167,0.0,2.5416641235351562
21168,0.0,3.7106447219848633
21169,0.0,6.555009841918945
21170,4.0,10.471965789794922
21171,8.0,15.502067565917969
21172,8.0,22.41607666015625
21173,28.0,34.84422302246094
21174,32.0,53.062259674072266
21175,60.0,70.97323608398438
21176,80.0,87.72138977050781
21177,84.0,105.19213104248047
21178,104.0,125.08209991455078
21179,92.0,144.19808959960938
21180,106.0,163.86322021484375
21181,128.0,182.9273681640625
21182,146.0,205.961669921875
21183,174.0,238.02194213867188
21184,238.0,286.5069580078125
21185,278.0,318.71875
21186,356.0,353.1338195800781
21187,362.0,390.4041442871094
21188,716.0,447.8228759765625
21189,640.0,499.3199768066406
21190,796.0,586.3757934570312
21191,860.0,722.1258544921875
21192,1026.0,821.7062377929688
21193,1102.0,860.789306640625
21194,1108.0,880.3180541992188
21195,1138.0,898.9766235351562
21196,1050.0,883.8750610351562
21197,938.0,831.3427734375
21198,850.0,841.9268188476562
21199,570.0,963.6884155273438
21200,630.0,997.1669921875
21201,1168.0,1030.72021484375
21202,1268.0,1052.6505126953125
21203,1236.0,1075.022216796875
21204,792.0,1104.3558349609375
21205,778.0,1113.2235107421875
21206,1060.0,1138.15380859375
21207,1374.0,1208.0843505859375
21208,1050.0,1196.8902587890625
21209,1270.0,1187.1864013671875
21210,1108.0,1087.1251220703125
21211,716.0,1042.0889892578125
21212,936.0,996.1250610351562
21213,680.0,975.9910278320312
21214,858.0,938.9752197265625
21215,1050.0,901.6981201171875
21216,1000.0,857.6358642578125
21217,826.0,833.8421630859375
21218,698.0,809.2691650390625
21219,744.0,768.9541625976562
21220,606.0,701.7581787109375
21221,630.0,643.9297485351562
21222,536.0,558.42822265625
21223,430.0,459.51715087890625
21224,328.0,357.60784912109375
21225,246.0,260.3619384765625
21226,178.0,160.26156616210938
21227,118.0,100.11566162109375
21228,72.0,62.47575759887695
21229,44.0,39.798179626464844
21230,28.0,18.253942489624023
21231,20.0,4.864516258239746
21232,8.0,1.441457748413086
21233,4.0,0.6104011535644531
21234,0.0,0.4513072967529297
21235,0.0,0.40274810791015625
21236,0.0,0.4087677001953125
21237,0.0,0.37204551696777344
21238,0.0,0.39272308349609375
21239,0.0,0.3968544006347656
21240,0.0,0.4083709716796875
21241,0.0,0.38642311096191406
21242,0.0,0.41384315490722656
21243,0.0,0.43044090270996094
21244,0.0,0.4488563537597656
21245,0.0,0.7542018890380859
21246,0.0,0.6600265502929688
21247,0.0,0.4260272979736328
21248,0.0,0.22693443298339844
21249,0.0,0.2417163848876953
21250,0.0,-0.010204315185546875
21251,0.0,-0.1844806671142578
21252,0.0,-0.24847030639648438
21253,0.0,-0.1454315185546875
21254,0.0,-0.08614158630371094
21255,0.0,-0.07060432434082031
21256,0.0,-0.08393096923828125
21257,0.0,-0.06817817687988281
21258,0.0,-0.0277557373046875
21259,0.0,0.05747413635253906
21260,0.0,0.1896800994873047
21261,0.0,0.7204818725585938
21262,0.0,1.1846332550048828
21263,0.0,1.4755306243896484
21264,0.0,1.3657150268554688
21265,0.0,2.1590003967285156
21266,2.0,5.619952201843262
21267,6.0,14.662269592285156
21268,26.0,26.12848663330078
21269,50.0,41.505470275878906
21270,38.0,58.9256591796875
21271,52.0,73.3131103515625
21272,50.0,86.50540161132812
21273,74.0,99.56730651855469
21274,132.0,112.74295806884766
21275,218.0,125.67345428466797
21276,202.0,138.7600860595703
21277,212.0,158.03555297851562
21278,222.0,179.66192626953125
21279,220.0,208.75387573242188
21280,290.0,273.1612548828125
21281,428.0,344.4215393066406
21282,476.0,425.5132141113281
21283,568.0,516.4095458984375
21284,584.0,629.6920166015625
21285,506.0,708.2500610351562
21286,526.0,765.7771606445312
21287,492.0,780.0711059570312
21288,446.0,753.3847045898438
21289,384.0,570.9661865234375
21290,292.0,428.20794677734375
21291,322.0,387.4356689453125
21292,188.0,371.9577331542969
21293,132.0,363.8489990234375
21294,368.0,361.2208557128906
21295,624.0,375.72613525390625
21296,588.0,419.2734375
21297,1292.0,516.4205932617188
21298,1390.0,618.8142700195312
21299,1386.0,707.282470703125
21300,1388.0,955.1434326171875
21301,1396.0,1072.2772216796875
21302,1318.0,1111.7894287109375
21303,1226.0,1165.6815185546875
21304,1380.0,1154.8741455078125
21305,1372.0,1057.94189453125
21306,1056.0,1005.7401123046875
21307,1208.0,888.3107299804688
21308,1024.0,693.732666015625
21309,1112.0,511.3024597167969
21310,396.0,311.14117431640625
21311,48.0,225.44305419921875
21312,54.0,191.66909790039062
21313,126.0,175.19625854492188
21314,48.0,162.1842041015625
21315,36.0,150.50445556640625
21316,8.0,134.1376495361328
21317,4.0,132.21133422851562
21318,56.0,129.73471069335938
21319,88.0,125.66819763183594
21320,46.0,114.95551300048828
21321,8.0,105.07504272460938
21322,32.0,91.75892639160156
21323,8.0,76.29869079589844
21324,8.0,59.67949295043945
21325,4.0,46.98588562011719
21326,2.0,35.970672607421875
21327,0.0,22.764244079589844
21328,0.0,8.146550178527832
21329,0.0,2.136781692504883
21330,0.0,0.7586135864257812
21331,0.0,0.32642173767089844
21332,0.0,0.18594932556152344
21333,0.0,0.1477680206298828
21334,0.0,0.06998062133789062
21335,0.0,-0.08725738525390625
21336,0.0,-0.2648181915283203
21337,0.0,-0.4071617126464844
21338,0.0,-0.6720352172851562
21339,0.0,-0.7109813690185547
21340,0.0,-0.6328487396240234
21341,0.0,-0.3273429870605469
21342,0.0,-0.447265625
21343,0.0,-0.6571388244628906
21344,0.0,-0.700103759765625
21345,0.0,-0.6369361877441406
21346,0.0,-0.5980911254882812
21347,0.0,-0.5807628631591797
21348,0.0,-0.5485610961914062
21349,0.0,-0.47517967224121094
21350,0.0,-0.5306797027587891
21351,0.0,-0.6163482666015625
21352,0.0,-0.6461524963378906
21353,0.0,-0.7433319091796875
21354,0.0,-0.7578639984130859
21355,0.0,-0.7306194305419922
21356,0.0,-0.6543464660644531
21357,0.0,-0.5284805297851562
21358,0.0,-0.3894538879394531
21359,0.0,-0.2564201354980469
21360,0.0,-0.2517414093017578
21361,0.0,-0.4783954620361328
21362,2.0,-0.8361034393310547
21363,2.0,-1.0370597839355469
21364,10.0,-0.7503108978271484
21365,22.0,-0.39749908447265625
21366,16.0,0.5886363983154297
21367,20.0,3.0050458908081055
21368,24.0,8.806034088134766
21369,28.0,22.215028762817383
21370,44.0,43.28714370727539
21371,44.0,65.45614624023438
21372,66.0,86.61259460449219
21373,162.0,116.85140228271484
21374,168.0,163.63040161132812
21375,226.0,212.6427001953125
21376,326.0,258.10760498046875
21377,356.0,291.5571594238281
21378,512.0,325.56890869140625
21379,522.0,350.2140197753906
21380,614.0,371.2626037597656
21381,180.0,387.6716613769531
21382,214.0,404.9148254394531
21383,304.0,407.4851379394531
21384,298.0,378.51983642578125
21385,304.0,326.7186584472656
21386,264.0,301.98516845703125
21387,354.0,297.95452880859375
21388,614.0,306.7815856933594
21389,412.0,339.2312927246094
21390,1064.0,404.4053955078125
21391,900.0,430.4926452636719
21392,1264.0,415.6316223144531
21393,820.0,384.6200866699219
21394,760.0,368.86212158203125
21395,648.0,383.2615661621094
21396,510.0,405.49432373046875
21397,594.0,449.9007873535156
21398,556.0,547.4058837890625
21399,434.0,852.27783203125
21400,494.0,1046.5106201171875
21401,828.0,1010.3634643554688
21402,908.0,917.7169799804688
21403,976.0,809.0995483398438
21404,830.0,673.1121215820312
21405,860.0,543.826416015625
21406,844.0,449.80535888671875
21407,638.0,357.54144287109375
21408,432.0,293.917724609375
21409,414.0,285.6168212890625
21410,366.0,261.2984619140625
21411,256.0,225.391845703125
21412,260.0,204.44927978515625
21413,318.0,208.3316650390625
21414,182.0,204.27462768554688
21415,156.0,190.36248779296875
21416,168.0,159.91976928710938
21417,64.0,136.20205688476562
21418,30.0,117.6808090209961
21419,18.0,94.27222442626953
21420,8.0,65.22654724121094
21421,0.0,39.0738410949707
21422,0.0,25.458953857421875
21423,0.0,13.741134643554688
21424,0.0,3.4850006103515625
21425,0.0,0.43766021728515625
21426,0.0,-0.2027721405029297
21427,0.0,-0.32217979431152344
21428,0.0,-0.30234336853027344
21429,0.0,-0.23771095275878906
21430,0.0,-0.21842575073242188
21431,0.0,-0.18724822998046875
21432,0.0,-0.117523193359375
21433,0.0,-0.0816192626953125
21434,0.0,-0.08812141418457031
21435,0.0,-0.1552143096923828
21436,0.0,-0.2143726348876953
21437,0.0,0.029327392578125
21438,0.0,-0.15521812438964844
21439,0.0,-0.29664039611816406
21440,0.0,-0.2962474822998047
21441,0.0,-0.2047405242919922
21442,0.0,-0.16559600830078125
21443,0.0,-0.1414642333984375
21444,0.0,-0.11940765380859375
21445,0.0,-0.06633949279785156
21446,0.0,-0.06954002380371094
21447,0.0,-0.04941749572753906
21448,0.0,0.046298980712890625
21449,0.0,0.12106132507324219
21450,0.0,0.1610393524169922
21451,0.0,0.1920490264892578
21452,0.0,0.19464874267578125
21453,0.0,0.34343528747558594
21454,0.0,0.4923839569091797
21455,0.0,0.6619510650634766
21456,0.0,0.8121738433837891
21457,0.0,1.7034149169921875
21458,4.0,4.103673934936523
21459,8.0,10.201653480529785
21460,24.0,21.95607566833496
21461,34.0,42.23480224609375
21462,82.0,62.97178649902344
21463,86.0,77.99522399902344
21464,116.0,88.22997283935547
21465,102.0,95.15573120117188
21466,136.0,102.90445709228516
21467,152.0,112.61770629882812
21468,128.0,126.35076141357422
21469,134.0,144.01368713378906
21470,166.0,164.25137329101562
21471,216.0,187.97027587890625
21472,288.0,234.18829345703125
21473,372.0,291.36468505859375
21474,468.0,376.7650451660156
21475,550.0,479.1788024902344
21476,650.0,618.8040771484375
21477,720.0,721.9017333984375
21478,794.0,788.2777099609375
21479,910.0,833.658447265625
21480,956.0,871.7970581054688
21481,1060.0,894.2565307617188
21482,980.0,922.2280883789062
21483,742.0,972.8822631835938
21484,858.0,1028.64306640625
21485,1078.0,1051.3297119140625
21486,630.0,1057.1419677734375
21487,1090.0,1053.0535888671875
21488,1382.0,1043.6834716796875
21489,1030.0,1034.287109375
21490,418.0,1030.244873046875
21491,758.0,1028.4798583984375
21492,1138.0,1020.673095703125
21493,1056.0,1005.138671875
21494,828.0,975.0402221679688
21495,772.0,937.8053588867188
21496,458.0,903.7133178710938
21497,360.0,884.94873046875
21498,494.0,865.5374145507812
21499,578.0,841.4478149414062
21500,1134.0,811.3007202148438
21501,500.0,794.9247436523438
21502,944.0,776.579833984375
21503,442.0,754.0413818359375
21504,290.0,720.7059936523438
21505,296.0,688.7508544921875
21506,628.0,645.1810913085938
21507,462.0,598.6875610351562
21508,626.0,548.5902099609375
21509,372.0,515.838623046875
21510,516.0,473.10614013671875
21511,388.0,419.9233703613281
21512,296.0,332.43450927734375
21513,224.0,243.66299438476562
21514,152.0,159.56231689453125
21515,114.0,110.71094512939453
21516,82.0,83.45343017578125
21517,54.0,60.833648681640625
21518,34.0,42.16051483154297
21519,8.0,20.987220764160156
21520,0.0,6.000244140625
21521,0.0,1.7335948944091797
21522,0.0,0.8194675445556641
21523,0.0,0.5961990356445312
21524,0.0,0.5729866027832031
21525,0.0,0.5250396728515625
21526,0.0,0.5551929473876953
21527,0.0,0.5632190704345703
21528,0.0,0.5664615631103516
21529,0.0,0.5349521636962891
21530,0.0,0.5526809692382812
21531,0.0,0.5661029815673828
21532,0.0,0.5839443206787109
21533,0.0,0.3586711883544922
21534,0.0,0.31649208068847656
21535,0.0,0.08695030212402344
21536,0.0,-0.05884742736816406
21537,0.0,-0.15761375427246094
21538,0.0,-0.4382171630859375
21539,0.0,-0.6987247467041016
21540,0.0,-0.9512462615966797
21541,0.0,-1.3540935516357422
21542,0.0,-1.57794189453125
21543,0.0,-1.6570873260498047
21544,0.0,-1.63507080078125
21545,0.0,-1.629434585571289
21546,0.0,-1.6568794250488281
21547,0.0,-1.568441390991211
21548,0.0,-1.4741058349609375
21549,0.0,-1.0824642181396484
21550,0.0,-0.1609325408935547
21551,0.0,0.9033317565917969
21552,0.0,1.8690929412841797
21553,0.0,3.754039764404297
21554,6.0,6.036406517028809
21555,10.0,12.026154518127441
21556,24.0,23.88182258605957
21557,42.0,42.14527130126953
21558,66.0,59.57377624511719
21559,96.0,73.78898620605469
21560,116.0,85.99732971191406
21561,116.0,99.56839752197266
21562,104.0,114.96588134765625
21563,130.0,131.6724853515625
21564,156.0,149.7864990234375
21565,186.0,167.07666015625
21566,224.0,186.15283203125
21567,280.0,211.17681884765625
21568,292.0,259.24908447265625
21569,318.0,317.5192565917969
21570,452.0,389.2718505859375
21571,514.0,460.0039367675781
21572,674.0,550.7182006835938
21573,498.0,633.8924560546875
21574,714.0,702.05908203125
21575,428.0,762.2855224609375
21576,666.0,836.0790405273438
21577,580.0,887.7616577148438
21578,176.0,915.9407958984375
21579,208.0,926.6776123046875
21580,384.0,919.8177490234375
21581,278.0,733.82080078125
21582,394.0,558.5399169921875
21583,328.0,527.7396850585938
21584,356.0,517.5714721679688
21585,354.0,599.7261352539062
21586,220.0,1005.9275512695312
21587,248.0,989.4960327148438
21588,214.0,902.2169799804688
21589,376.0,804.58837890625
21590,768.0,620.4788208007812
21591,942.0,404.55389404296875
21592,890.0,319.5457458496094
21593,362.0,449.690185546875
21594,486.0,543.4646606445312
21595,348.0,380.6266784667969
21596,448.0,242.67691040039062
21597,400.0,315.94342041015625
21598,176.0,295.46307373046875
21599,208.0,195.050537109375
21600,296.0,169.5496826171875
21601,272.0,155.9066162109375
21602,164.0,144.35202026367188
21603,204.0,141.10372924804688
21604,168.0,142.27337646484375
21605,202.0,151.38723754882812
21606,190.0,150.16989135742188
21607,204.0,143.6963348388672
21608,156.0,124.32949829101562
21609,174.0,103.49357604980469
21610,126.0,86.22802734375
21611,74.0,71.53494262695312
21612,52.0,56.55218505859375
21613,44.0,42.73591613769531
21614,40.0,30.6644287109375
21615,26.0,18.584753036499023
21616,8.0,5.739086151123047
21617,2.0,1.3016242980957031
21618,0.0,0.24558067321777344
21619,0.0,-0.114166259765625
21620,0.0,-0.2477855682373047
21621,0.0,-0.32047462463378906
21622,0.0,-0.3745269775390625
21623,0.0,-0.3775825500488281
21624,0.0,-0.3324699401855469
21625,0.0,-0.24686813354492188
21626,0.0,-0.1979045867919922
21627,0.0,-0.2109355926513672
21628,0.0,-0.22207069396972656
21629,0.0,0.31401634216308594
21630,0.0,0.16670989990234375
21631,0.0,0.11675643920898438
21632,0.0,0.16946029663085938
21633,0.0,0.30291748046875
21634,0.0,0.1825428009033203
21635,0.0,0.037448883056640625
21636,0.0,-0.10787391662597656
21637,0.0,-0.34543418884277344
21638,0.0,-0.6475982666015625
21639,0.0,-0.9659500122070312
21640,0.0,-1.3203849792480469
21641,0.0,-1.5616130828857422
21642,0.0,-1.2276439666748047
21643,0.0,-0.9040737152099609
21644,0.0,-0.5881385803222656
21645,0.0,0.040058135986328125
21646,0.0,0.22943878173828125
21647,0.0,0.5351581573486328
21648,0.0,0.9959774017333984
21649,2.0,3.088608741760254
21650,10.0,7.439291954040527
21651,28.0,15.50080394744873
21652,46.0,29.26113510131836
21653,64.0,45.94761657714844
21654,72.0,59.62741470336914
21655,64.0,69.48817443847656
21656,88.0,77.3947525024414
21657,92.0,85.62620544433594
21658,134.0,95.36846923828125
21659,154.0,107.02853393554688
21660,128.0,123.90863037109375
21661,148.0,147.06878662109375
21662,176.0,177.65924072265625
21663,236.0,216.42916870117188
21664,316.0,299.3714904785156
21665,400.0,372.404541015625
21666,460.0,440.99957275390625
21667,418.0,536.3239135742188
21668,622.0,656.8868408203125
21669,678.0,710.3145751953125
21670,752.0,764.3031616210938
21671,818.0,833.9566040039062
21672,432.0,910.5639038085938
21673,528.0,933.2866821289062
21674,946.0,950.0753784179688
21675,950.0,988.2648315429688
21676,366.0,1073.9154052734375
21677,754.0,1138.7532958984375
21678,700.0,1180.364013671875
21679,408.0,1197.885498046875
21680,604.0,1198.52099609375
21681,292.0,1152.742919921875
21682,368.0,1091.904296875
21683,392.0,988.5203247070312
21684,252.0,885.064453125
21685,232.0,920.429443359375
21686,220.0,915.4366455078125
21687,374.0,756.0458984375
21688,502.0,622.7954711914062
21689,342.0,678.815185546875
21690,694.0,754.627685546875
21691,1084.0,737.4725952148438
21692,1142.0,701.321533203125
21693,1024.0,781.9609985351562
21694,986.0,947.7579345703125
21695,776.0,1052.3138427734375
21696,500.0,1066.2021484375
21697,748.0,1019.1964111328125
21698,660.0,941.9638061523438
21699,388.0,769.6766357421875
21700,184.0,610.5254516601562
21701,294.0,581.3588256835938
21702,348.0,534.8253784179688
21703,222.0,430.45916748046875
21704,204.0,287.1990051269531
21705,152.0,213.52755737304688
21706,32.0,145.5762939453125
21707,56.0,100.93253326416016
21708,52.0,74.64221954345703
21709,32.0,58.283817291259766
21710,10.0,39.740936279296875
21711,6.0,17.960233688354492
21712,2.0,3.7233428955078125
21713,2.0,0.9799785614013672
21714,0.0,0.38205909729003906
21715,0.0,0.18470382690429688
21716,0.0,0.14049911499023438
21717,0.0,0.12043380737304688
21718,0.0,0.11072731018066406
21719,0.0,0.046962738037109375
21720,0.0,0.022462844848632812
21721,0.0,-0.02033233642578125
21722,0.0,-0.06480598449707031
21723,0.0,-0.09700584411621094
21724,0.0,-0.09837722778320312
21725,0.0,0.494903564453125
21726,0.0,0.39348602294921875
21727,0.0,0.2293262481689453
21728,0.0,0.2363109588623047
21729,0.0,0.4781513214111328
21730,0.0,0.5587081909179688
21731,0.0,0.5384635925292969
21732,0.0,0.5098743438720703
21733,0.0,0.6081752777099609
21734,0.0,0.7674655914306641
21735,0.0,0.924957275390625
21736,0.0,1.0519180297851562
21737,0.0,1.423818588256836
21738,0.0,1.7043838500976562
21739,0.0,1.8669815063476562
21740,0.0,1.879434585571289
21741,0.0,2.4565420150756836
21742,0.0,3.075754165649414
21743,0.0,3.558717727661133
21744,0.0,3.810924530029297
21745,0.0,5.798389434814453
21746,0.0,11.028564453125
21747,8.0,20.84493064880371
21748,14.0,36.87407684326172
21749,42.0,58.3598518371582
21750,72.0,81.98323059082031
21751,88.0,100.90840911865234
21752,108.0,114.60099792480469
21753,104.0,125.46437072753906
21754,104.0,136.77651977539062
21755,112.0,148.86090087890625
21756,164.0,164.24899291992188
21757,156.0,183.40185546875
21758,182.0,208.83584594726562
21759,194.0,242.20166015625
21760,272.0,273.89117431640625
21761,230.0,267.32080078125
21762,230.0,277.2066345214844
21763,216.0,305.5737609863281
21764,242.0,353.8467712402344
21765,408.0,370.19451904296875
21766,520.0,454.2148742675781
21767,482.0,526.794677734375
21768,1000.0,519.5284423828125
21769,1034.0,548.5616455078125
21770,730.0,570.0527954101562
21771,690.0,597.001953125
21772,418.0,611.9529418945312
21773,476.0,638.3848876953125
21774,588.0,665.0398559570312
21775,492.0,783.1445922851562
21776,834.0,885.1417236328125
21777,378.0,912.8362426757812
21778,700.0,917.9223022460938
21779,564.0,898.6038818359375
21780,1196.0,1055.0738525390625
21781,1130.0,1086.99267578125
21782,862.0,1057.7138671875
21783,616.0,1043.8953857421875
21784,732.0,1030.1220703125
21785,580.0,930.8326416015625
21786,232.0,710.8099975585938
21787,518.0,491.794677734375
21788,702.0,454.1487731933594
21789,1228.0,572.2837524414062
21790,696.0,652.3963623046875
21791,694.0,671.46533203125
21792,602.0,617.3416748046875
21793,636.0,545.1639404296875
21794,568.0,463.8204650878906
21795,612.0,384.65789794921875
21796,276.0,285.6402587890625
21797,172.0,230.06121826171875
21798,252.0,190.40908813476562
21799,144.0,161.48052978515625
21800,134.0,136.97430419921875
21801,98.0,123.00413513183594
21802,66.0,107.4921875
21803,58.0,90.34669494628906
21804,72.0,71.37959289550781
21805,96.0,53.81766891479492
21806,48.0,36.944244384765625
21807,22.0,18.162437438964844
21808,10.0,4.435244560241699
21809,4.0,1.1269264221191406
21810,0.0,0.5416908264160156
21811,0.0,0.4524364471435547
21812,0.0,0.49549102783203125
21813,0.0,0.5041790008544922
21814,0.0,0.43407630920410156
21815,0.0,0.005741119384765625
21816,0.0,-0.41793251037597656
21817,0.0,-0.6099376678466797
21818,0.0,-0.6774864196777344
21819,0.0,-0.7227935791015625
21820,0.0,-0.738525390625
21821,0.0,0.2140979766845703
21822,0.0,0.8294010162353516
21823,0.0,0.9167060852050781
21824,0.0,0.8104610443115234
21825,0.0,0.49144935607910156
21826,0.0,0.097412109375
21827,0.0,-0.2943572998046875
21828,0.0,-0.6375350952148438
21829,0.0,-1.0415687561035156
21830,0.0,-1.3680686950683594
21831,0.0,-1.5656604766845703
21832,0.0,-1.5797271728515625
21833,0.0,-1.6162853240966797
21834,0.0,-1.7148399353027344
21835,0.0,-1.7323188781738281
21836,0.0,-1.728668212890625
21837,0.0,-1.4133739471435547
21838,0.0,-0.9533157348632812
21839,0.0,-0.48798561096191406
21840,0.0,-0.16353225708007812
21841,4.0,1.3910560607910156
21842,8.0,5.620229721069336
21843,20.0,14.842406272888184
21844,34.0,28.231779098510742
21845,58.0,45.43938446044922
21846,64.0,63.309181213378906
21847,68.0,80.38471984863281
21848,94.0,98.47527313232422
21849,82.0,120.11920928955078
21850,112.0,140.8124237060547
21851,152.0,158.5186767578125
21852,206.0,177.07269287109375
21853,266.0,204.29080200195312
21854,286.0,238.47601318359375
21855,374.0,264.8355407714844
21856,284.0,267.6877746582031
21857,176.0,253.0023193359375
21858,278.0,254.59454345703125
21859,226.0,265.9870300292969
21860,176.0,284.285888671875
21861,202.0,308.6480407714844
21862,258.0,331.99652099609375
21863,232.0,350.21826171875
21864,152.0,363.05133056640625
21865,162.0,389.7260437011719
21866,274.0,409.31524658203125
21867,456.0,416.8329772949219
21868,460.0,399.8868103027344
21869,276.0,362.5491943359375
21870,344.0,322.6883850097656
21871,560.0,316.1039733886719
21872,578.0,346.4688720703125
21873,594.0,369.82025146484375
21874,796.0,398.5177917480469
21875,756.0,473.7637634277344
21876,976.0,610.3539428710938
21877,1372.0,737.310791015625
21878,902.0,762.9028930664062
21879,750.0,765.498779296875
21880,1112.0,772.161865234375
21881,816.0,715.1303100585938
21882,452.0,685.8419799804688
21883,448.0,713.9710083007812
21884,324.0,711.2830810546875
21885,892.0,673.7237548828125
21886,278.0,643.7822875976562
21887,284.0,555.0198364257812
21888,214.0,441.3808288574219
21889,190.0,335.22930908203125
21890,266.0,197.52603149414062
21891,192.0,177.14459228515625
21892,36.0,174.0445556640625
21893,42.0,174.9482421875
21894,98.0,172.35263061523438
21895,72.0,167.24658203125
21896,86.0,149.4532470703125
21897,98.0,128.72955322265625
21898,36.0,99.51980590820312
21899,76.0,74.12351989746094
21900,72.0,52.679969787597656
21901,28.0,35.3032112121582
21902,20.0,16.398948669433594
21903,4.0,4.840989112854004
21904,0.0,1.850423812866211
21905,2.0,1.0322589874267578
21906,0.0,0.8325901031494141
21907,0.0,0.7712497711181641
21908,0.0,0.7592544555664062
21909,0.0,0.7063846588134766
21910,0.0,0.7217254638671875
21911,0.0,0.7296962738037109
21912,0.0,0.7462406158447266
21913,0.0,0.7341861724853516
21914,0.0,0.6491127014160156
21915,0.0,0.49434471130371094
21916,0.0,0.33008575439453125
21917,0.0,0.7989253997802734
21918,0.0,0.7400531768798828
21919,0.0,0.5584125518798828
21920,0.0,0.4364776611328125
21921,0.0,0.41243934631347656
21922,0.0,0.3321418762207031
21923,0.0,0.2708473205566406
21924,0.0,0.20883750915527344
21925,0.0,0.2465190887451172
21926,0.0,0.2527732849121094
21927,0.0,0.2864360809326172
21928,0.0,0.3248405456542969
21929,0.0,0.49755096435546875
21930,0.0,0.5424861907958984
21931,0.0,0.48106956481933594
21932,0.0,0.3954906463623047
21933,0.0,0.7032814025878906
21934,0.0,1.396718978881836
21935,0.0,2.0658493041992188
21936,0.0,2.464527130126953
21937,2.0,4.17337703704834
21938,4.0,6.205881118774414
21939,4.0,11.678811073303223
21940,24.0,23.51126480102539
21941,44.0,42.16545104980469
21942,82.0,60.881622314453125
21943,78.0,74.64312744140625
21944,70.0,85.0053939819336
21945,82.0,94.92560577392578
21946,122.0,108.13481140136719
21947,118.0,124.11186981201172
21948,76.0,144.92620849609375
21949,112.0,168.14346313476562
21950,108.0,190.376953125
21951,184.0,215.77655029296875
21952,216.0,272.0548400878906
21953,204.0,334.99859619140625
21954,284.0,395.1776123046875
21955,442.0,452.0776672363281
21956,438.0,421.3429260253906
21957,444.0,351.4989929199219
21958,514.0,373.29248046875
21959,202.0,437.8331298828125
21960,790.0,567.502685546875
21961,260.0,586.2250366210938
21962,254.0,632.5276489257812
21963,992.0,657.4451293945312
21964,1054.0,656.2269897460938
21965,1118.0,680.0771484375
21966,1156.0,721.3821411132812
21967,1180.0,854.7212524414062
21968,594.0,966.8452758789062
21969,566.0,998.4398803710938
21970,516.0,1014.5681762695312
21971,344.0,1014.6629028320312
21972,276.0,1009.3297729492188
21973,276.0,1000.1918334960938
21974,90.0,998.6098022460938
21975,354.0,1019.3836669921875
21976,582.0,1069.9019775390625
21977,1086.0,1114.9940185546875
21978,1208.0,1123.206787109375
21979,1092.0,1089.2181396484375
21980,408.0,1089.5330810546875
21981,812.0,1072.3892822265625
21982,988.0,1043.340576171875
21983,856.0,1008.6388549804688
21984,490.0,962.2798461914062
21985,678.0,904.3291625976562
21986,760.0,805.7115478515625
21987,642.0,648.2015991210938
21988,598.0,471.4639587402344
21989,480.0,383.38507080078125
21990,250.0,335.7828674316406
21991,196.0,297.47442626953125
21992,224.0,238.21060180664062
21993,180.0,221.35092163085938
21994,142.0,174.87872314453125
21995,48.0,107.47040557861328
21996,78.0,57.49138259887695
21997,38.0,35.27660369873047
21998,34.0,17.913883209228516
21999,24.0,5.054770469665527
22000,10.0,1.7288742065429688
22001,2.0,1.0376091003417969
22002,0.0,0.8082103729248047
22003,0.0,0.6539115905761719
22004,0.0,0.5158843994140625
22005,0.0,0.3012981414794922
22006,0.0,0.3543128967285156
22007,0.0,0.4698753356933594
22008,0.0,0.5877208709716797
22009,0.0,0.6424560546875
22010,0.0,0.32227516174316406
22011,0.0,-0.05167198181152344
22012,0.0,-0.3000526428222656
22013,0.0,-0.11872100830078125
22014,0.0,0.3391437530517578
22015,0.0,0.5200729370117188
22016,0.0,0.6837654113769531
22017,0.0,0.8559913635253906
22018,0.0,0.8545951843261719
22019,0.0,0.8471794128417969
22020,0.0,0.8112335205078125
22021,0.0,0.6859645843505859
22022,0.0,0.5006980895996094
22023,0.0,0.9086227416992188
22024,0.0,3.637772560119629
22025,0.0,5.4707441329956055
22026,0.0,6.143651008605957
22027,0.0,6.274136543273926
22028,0.0,6.1959228515625
22029,0.0,7.011631965637207
22030,0.0,7.407737731933594
22031,0.0,7.457483291625977
22032,0.0,7.202467918395996
22033,2.0,8.255709648132324
22034,6.0,10.496657371520996
22035,18.0,15.839835166931152
22036,36.0,26.167640686035156
22037,34.0,42.52504348754883
22038,62.0,58.06732940673828
22039,80.0,72.0865249633789
22040,68.0,85.50022888183594
22041,108.0,98.95230865478516
22042,148.0,114.3726806640625
22043,184.0,131.72836303710938
22044,210.0,150.98373413085938
22045,230.0,168.06439208984375
22046,246.0,190.40859985351562
22047,290.0,235.70285034179688
22048,340.0,330.5384216308594
22049,412.0,428.6884460449219
22050,486.0,515.2695922851562
22051,568.0,620.3797607421875
22052,654.0,735.4913330078125
22053,756.0,807.0643920898438
22054,724.0,815.2135009765625
22055,820.0,828.8641967773438
22056,976.0,884.7623901367188
22057,1012.0,924.8888549804688
22058,672.0,974.76318359375
22059,494.0,1003.174560546875
22060,782.0,1030.3057861328125
22061,774.0,1047.09765625
22062,896.0,1056.419921875
22063,872.0,1050.9716796875
22064,748.0,1080.516357421875
22065,600.0,1152.733154296875
22066,434.0,1161.2777099609375
22067,732.0,1184.4039306640625
22068,974.0,1217.0032958984375
22069,1322.0,1230.8839111328125
22070,1064.0,1236.682373046875
22071,1164.0,1241.268798828125
22072,910.0,1246.353271484375
22073,538.0,1241.37939453125
22074,276.0,1222.7791748046875
22075,288.0,1160.584716796875
22076,868.0,1138.7232666015625
22077,1252.0,1130.9769287109375
22078,1132.0,1098.3245849609375
22079,1056.0,1081.453125
22080,964.0,1063.5335693359375
22081,796.0,1039.9306640625
22082,838.0,967.9373168945312
22083,642.0,851.505615234375
22084,588.0,813.0631713867188
22085,474.0,739.2753295898438
22086,440.0,612.6983642578125
22087,338.0,468.9867858886719
22088,264.0,342.62042236328125
22089,200.0,254.40475463867188
22090,150.0,176.58489990234375
22091,118.0,123.36737823486328
22092,94.0,82.99811553955078
22093,68.0,55.1126823425293
22094,54.0,35.25856018066406
22095,40.0,17.816299438476562
22096,16.0,4.646034240722656
22097,0.0,1.0805110931396484
22098,0.0,0.30355262756347656
22099,0.0,0.08423042297363281
22100,0.0,0.03980064392089844
22101,0.0,-0.023813247680664062
22102,0.0,-0.11001205444335938
22103,0.0,-0.1558399200439453
22104,0.0,-0.12688064575195312
22105,0.0,-0.13031959533691406
22106,0.0,-0.04943275451660156
22107,0.0,-0.09511184692382812
22108,0.0,-0.14855003356933594
22109,0.0,0.29379844665527344
22110,0.0,0.37520408630371094
22111,0.0,0.20946311950683594
22112,0.0,0.07972908020019531
22113,0.0,0.036834716796875
22114,0.0,-0.07050704956054688
22115,0.0,-0.22246551513671875
22116,0.0,-0.4791584014892578
22117,0.0,-1.0228710174560547
22118,0.0,-1.2325191497802734
22119,0.0,-1.0803508758544922
22120,0.0,-0.7291316986083984
22121,0.0,-0.31097984313964844
22122,0.0,-0.2424468994140625
22123,0.0,-0.14321327209472656
22124,0.0,-0.03780555725097656
22125,0.0,0.5520210266113281
22126,0.0,0.9049053192138672
22127,0.0,1.304351806640625
22128,0.0,1.9829483032226562
22129,2.0,5.176421165466309
22130,2.0,12.532655715942383
22131,4.0,26.21065902709961
22132,30.0,43.69659423828125
22133,56.0,60.56919860839844
22134,78.0,73.5064926147461
22135,102.0,85.38710021972656
22136,148.0,97.8908920288086
22137,150.0,114.69873809814453
22138,188.0,134.53724670410156
22139,232.0,154.1334228515625
22140,230.0,172.753662109375
22141,258.0,190.78250122070312
22142,292.0,213.52871704101562
22143,304.0,248.23605346679688
22144,336.0,315.3594665527344
22145,430.0,379.40972900390625
22146,520.0,453.13104248046875
22147,554.0,538.2626342773438
22148,586.0,596.1350708007812
22149,586.0,667.6810913085938
22150,568.0,761.8720703125
22151,572.0,869.803955078125
22152,552.0,887.275634765625
22153,464.0,890.1062622070312
22154,660.0,887.1448974609375
22155,768.0,881.09521484375
22156,900.0,872.459716796875
22157,516.0,845.1937866210938
22158,506.0,794.1661376953125
22159,656.0,739.4140625
22160,546.0,708.4293823242188
22161,552.0,711.4812622070312
22162,730.0,698.9605102539062
22163,1122.0,670.3364868164062
22164,536.0,639.089599609375
22165,418.0,635.4039916992188
22166,378.0,630.0283813476562
22167,302.0,633.5338134765625
22168,366.0,649.2604370117188
22169,408.0,709.2326049804688
22170,412.0,741.8709106445312
22171,518.0,734.1797485351562
22172,370.0,691.1121215820312
22173,212.0,636.2437133789062
22174,142.0,576.5340576171875
22175,154.0,483.75372314453125
22176,162.0,318.234619140625
22177,138.0,124.34091186523438
22178,136.0,117.90357208251953
22179,192.0,118.55127716064453
22180,292.0,133.27322387695312
22181,218.0,181.99465942382812
22182,182.0,225.57586669921875
22183,132.0,168.10470581054688
22184,124.0,130.77508544921875
22185,56.0,104.52704620361328
22186,100.0,74.32176208496094
22187,96.0,48.02326202392578
22188,12.0,28.935304641723633
22189,12.0,21.27342987060547
22190,12.0,13.619535446166992
22191,4.0,8.2147216796875
22192,0.0,4.780509948730469
22193,0.0,2.7011241912841797
22194,0.0,1.4956722259521484
22195,0.0,0.5623893737792969
22196,0.0,-0.3513011932373047
22197,0.0,-1.2032623291015625
22198,0.0,-0.9930286407470703
22199,0.0,-0.8041305541992188
22200,0.0,-0.5232734680175781
22201,0.0,-0.32155609130859375
22202,0.0,-0.09253692626953125
22203,0.0,0.06550788879394531
22204,0.0,0.19330406188964844
22205,0.0,0.4277992248535156
22206,0.0,1.0740184783935547
22207,0.0,1.2100372314453125
22208,0.0,1.2679557800292969
22209,0.0,1.3143692016601562
22210,0.0,1.322723388671875
22211,0.0,1.340353012084961
22212,0.0,1.3265705108642578
22213,0.0,1.3013019561767578
22214,0.0,1.0965843200683594
22215,0.0,0.3983592987060547
22216,0.0,-0.7258739471435547
22217,0.0,-0.8143424987792969
22218,0.0,-0.7187900543212891
22219,0.0,-0.4672107696533203
22220,0.0,0.19475746154785156
22221,0.0,3.050116539001465
22222,0.0,9.20596694946289
22223,0.0,11.83493423461914
22224,0.0,12.720255851745605
22225,0.0,16.137422561645508
22226,0.0,21.70872688293457
22227,4.0,29.589096069335938
22228,6.0,40.911170959472656
22229,6.0,55.38639831542969
22230,8.0,71.43348693847656
22231,44.0,86.77877807617188
22232,66.0,101.66239929199219
22233,36.0,106.83274841308594
22234,98.0,95.66883850097656
22235,176.0,108.21434783935547
22236,176.0,131.53536987304688
22237,180.0,156.94448852539062
22238,200.0,174.08148193359375
22239,220.0,183.8968505859375
22240,246.0,189.813232421875
22241,226.0,186.296875
22242,216.0,196.7979736328125
22243,248.0,216.39688110351562
22244,354.0,254.51736450195312
22245,370.0,322.8009033203125
22246,288.0,383.954833984375
22247,256.0,411.36773681640625
22248,468.0,405.8662109375
22249,296.0,386.1626892089844
22250,478.0,390.0750732421875
22251,540.0,394.4558410644531
22252,462.0,394.8571472167969
22253,726.0,392.90716552734375
22254,654.0,423.9853515625
22255,558.0,490.19549560546875
22256,948.0,585.8041381835938
22257,820.0,694.41162109375
22258,1202.0,789.8829345703125
22259,932.0,851.4610595703125
22260,452.0,918.6276245117188
22261,828.0,931.1763916015625
22262,524.0,936.404541015625
22263,1198.0,966.5286865234375
22264,1226.0,1000.6435546875
22265,884.0,1055.28076171875
22266,612.0,1075.3675537109375
22267,908.0,1075.2657470703125
22268,804.0,1055.2696533203125
22269,378.0,1016.5347290039062
22270,1164.0,982.0474243164062
22271,958.0,930.5729370117188
22272,600.0,873.1705322265625
22273,836.0,773.04296875
22274,760.0,652.4334106445312
22275,372.0,567.7311401367188
22276,514.0,506.89898681640625
22277,466.0,470.95452880859375
22278,462.0,447.5915832519531
22279,358.0,419.521484375
22280,340.0,349.5968933105469
22281,242.0,300.00396728515625
22282,166.0,233.30133056640625
22283,134.0,158.23336791992188
22284,98.0,90.9936752319336
22285,60.0,60.87986755371094
22286,40.0,40.53419494628906
22287,26.0,17.86983871459961
22288,14.0,3.7443056106567383
22289,0.0,0.7885093688964844
22290,0.0,0.3298168182373047
22291,0.0,0.3005352020263672
22292,0.0,0.3383941650390625
22293,0.0,0.3087615966796875
22294,0.0,0.3359870910644531
22295,0.0,0.3516368865966797
22296,0.0,0.3680591583251953
22297,0.0,0.34320068359375
22298,0.0,0.381927490234375
22299,0.0,0.40950965881347656
22300,0.0,0.4448719024658203
22301,0.0,0.5408897399902344
22302,0.0,1.0113887786865234
22303,0.0,1.0988960266113281
22304,0.0,1.1034107208251953
22305,0.0,1.0819225311279297
22306,0.0,1.0109100341796875
22307,0.0,0.9401016235351562
22308,0.0,0.8753910064697266
22309,0.0,0.7621021270751953
22310,0.0,0.6090240478515625
22311,0.0,0.5019207000732422
22312,0.0,0.4272899627685547
22313,0.0,0.38036537170410156
22314,0.0,0.22075462341308594
22315,0.0,0.11298751831054688
22316,0.0,0.052753448486328125
22317,0.0,0.16243743896484375
22318,0.0,0.3268165588378906
22319,0.0,0.8048763275146484
22320,0.0,1.7397994995117188
22321,4.0,5.249924659729004
22322,4.0,12.846308708190918
22323,12.0,24.365253448486328
22324,32.0,35.36622619628906
22325,46.0,45.20257568359375
22326,58.0,53.12343215942383
22327,64.0,59.397613525390625
22328,76.0,64.67831420898438
22329,80.0,70.89209747314453
22330,90.0,77.14437103271484
22331,98.0,83.78346252441406
22332,104.0,92.07422637939453
22333,116.0,107.50614166259766
22334,148.0,139.5287628173828
22335,200.0,191.04937744140625
22336,276.0,276.5533142089844
22337,362.0,367.4292907714844
22338,456.0,471.250732421875
22339,548.0,571.5499267578125
22340,638.0,671.0110473632812
22341,724.0,738.1079711914062
22342,802.0,814.7262573242188
22343,878.0,890.7640380859375
22344,942.0,975.7434692382812
22345,1006.0,1027.416015625
22346,1068.0,1073.6834716796875
22347,1128.0,1124.05029296875
22348,1178.0,1203.6292724609375
22349,1218.0,1230.2508544921875
22350,1260.0,1254.4688720703125
22351,1312.0,1268.732666015625
22352,1340.0,1271.415771484375
22353,1356.0,1271.6708984375
22354,1372.0,1271.748291015625
22355,1380.0,1271.80029296875
22356,1390.0,1271.81640625
22357,1374.0,1271.7685546875
22358,1376.0,1271.64794921875
22359,1394.0,1271.468505859375
22360,1354.0,1270.864013671875
22361,1332.0,1269.2939453125
22362,1300.0,1264.1943359375
22363,1272.0,1249.5499267578125
22364,1236.0,1230.3807373046875
22365,1202.0,1215.1890869140625
22366,1154.0,1186.6444091796875
22367,1096.0,1154.021240234375
22368,1020.0,1117.975341796875
22369,960.0,1074.3828125
22370,874.0,1000.0263671875
22371,796.0,900.3798217773438
22372,702.0,812.915283203125
22373,616.0,764.3681030273438
22374,520.0,691.5013427734375
22375,420.0,588.1561889648438
22376,332.0,435.30255126953125
22377,250.0,351.0425720214844
22378,186.0,254.65579223632812
22379,128.0,164.43524169921875
22380,84.0,98.34602355957031
22381,56.0,70.85894012451172
22382,36.0,47.407920837402344
22383,24.0,24.537906646728516
22384,12.0,6.77249813079834
22385,4.0,1.4321956634521484
22386,0.0,0.23071861267089844
22387,0.0,0.0774078369140625
22388,0.0,0.1672954559326172
22389,0.0,0.20331192016601562
22390,0.0,0.2977771759033203
22391,0.0,0.3651580810546875
22392,0.0,0.4178180694580078
22393,0.0,0.4020042419433594
22394,0.0,0.431640625
22395,0.0,0.4449424743652344
22396,0.0,0.4556999206542969
22397,0.0,0.4111747741699219
22398,0.0,0.7626476287841797
22399,0.0,0.6447715759277344
22400,0.0,0.26576995849609375
22401,0.0,-0.2538909912109375
22402,0.0,-0.6392230987548828
22403,0.0,-0.8338279724121094
22404,0.0,-0.9124259948730469
22405,0.0,-1.0578937530517578
22406,0.0,-1.2243156433105469
22407,0.0,-1.2152767181396484
22408,0.0,-1.1489372253417969
22409,0.0,-1.0578899383544922
22410,0.0,-1.1826610565185547
22411,0.0,-1.0865440368652344
22412,0.0,-0.7946929931640625
22413,0.0,0.07178115844726562
22414,0.0,1.7424068450927734
22415,0.0,4.182818412780762
22416,0.0,6.499713897705078
22417,4.0,11.202911376953125
22418,12.0,18.90467643737793
22419,32.0,29.044586181640625
22420,40.0,39.11117935180664
22421,50.0,49.9254150390625
22422,58.0,59.46833801269531
22423,62.0,66.37652587890625
22424,70.0,71.37932586669922
22425,76.0,76.56072998046875
22426,84.0,81.82081604003906
22427,92.0,87.2715835571289
22428,100.0,93.83322143554688
22429,104.0,105.29864501953125
22430,136.0,126.98193359375
22431,192.0,171.90313720703125
22432,266.0,259.67431640625
22433,354.0,353.0025329589844
22434,454.0,455.2777404785156
22435,546.0,526.8255004882812
22436,636.0,622.9930419921875
22437,724.0,688.1983642578125
22438,808.0,746.2662963867188
22439,880.0,869.6917724609375
22440,948.0,972.22412109375
22441,1012.0,1022.8034057617188
22442,1066.0,1087.8255615234375
22443,1128.0,1182.2449951171875
22444,1178.0,1242.964111328125
22445,1224.0,1257.7412109375
22446,1260.0,1265.754638671875
22447,1292.0,1269.1572265625
22448,1320.0,1270.8255615234375
22449,1344.0,1271.197021484375
22450,1360.0,1271.40966796875
22451,1364.0,1271.55712890625
22452,1384.0,1271.66162109375
22453,1388.0,1271.6043701171875
22454,1390.0,1271.40380859375
22455,1368.0,1271.082763671875
22456,1380.0,1270.3702392578125
22457,1354.0,1269.0322265625
22458,1328.0,1263.9444580078125
22459,1292.0,1250.6109619140625
22460,1250.0,1234.4691162109375
22461,1210.0,1212.918212890625
22462,1158.0,1171.339599609375
22463,1102.0,1107.54931640625
22464,1010.0,1042.08984375
22465,958.0,965.8565673828125
22466,886.0,865.4720458984375
22467,804.0,773.3522338867188
22468,738.0,666.51025390625
22469,622.0,610.485595703125
22470,510.0,533.4022827148438
22471,432.0,463.1336669921875
22472,336.0,376.2735595703125
22473,174.0,321.91424560546875
22474,142.0,249.4693603515625
22475,128.0,170.02432250976562
22476,84.0,94.26539611816406
22477,56.0,57.08567810058594
22478,44.0,34.98516082763672
22479,36.0,13.31234073638916
22480,22.0,2.149394989013672
22481,8.0,-0.11299705505371094
22482,2.0,-0.5635452270507812
22483,0.0,-0.5348682403564453
22484,0.0,-0.41184234619140625
22485,0.0,-0.3450756072998047
22486,0.0,-0.2523365020751953
22487,0.0,-0.19017601013183594
22488,0.0,-0.14464759826660156
22489,0.0,-0.14674758911132812
22490,0.0,-0.09779930114746094
22491,0.0,-0.07513236999511719
22492,0.0,-0.05792999267578125
22493,0.0,-0.11332893371582031
22494,0.0,-0.2557525634765625
22495,0.0,-0.7286224365234375
22496,0.0,-1.0960636138916016
22497,0.0,-1.362955093383789
22498,0.0,-1.5780448913574219
22499,0.0,-1.6806793212890625
22500,0.0,-1.7362918853759766
22501,0.0,-1.8741607666015625
22502,0.0,-2.092508316040039
22503,0.0,-2.1432743072509766
22504,0.0,-2.065866470336914
22505,0.0,-1.9234142303466797
22506,0.0,-2.0715599060058594
22507,0.0,-2.056966781616211
22508,0.0,-1.8940906524658203
22509,0.0,-1.0835933685302734
22510,0.0,0.4781970977783203
22511,0.0,2.710381507873535
22512,0.0,5.071713447570801
22513,6.0,9.996469497680664
22514,10.0,18.437442779541016
22515,28.0,29.503726959228516
22516,40.0,40.245765686035156
22517,52.0,50.40325164794922
22518,56.0,58.71310806274414
22519,64.0,65.2186050415039
22520,72.0,70.44305419921875
22521,80.0,76.20895385742188
22522,84.0,81.44255828857422
22523,90.0,86.37843322753906
22524,98.0,92.11402130126953
22525,108.0,101.42469024658203
22526,140.0,118.04486083984375
22527,192.0,155.46356201171875
22528,270.0,243.28280639648438
22529,360.0,347.11480712890625
22530,452.0,440.20379638671875
22531,544.0,511.3223876953125
22532,630.0,615.1243896484375
22533,708.0,683.7733764648438
22534,788.0,745.0555419921875
22535,862.0,866.8231811523438
22536,934.0,965.5955810546875
22537,996.0,1013.2659912109375
22538,1062.0,1063.868408203125
22539,1118.0,1158.2122802734375
22540,1172.0,1232.9361572265625
22541,1214.0,1251.040283203125
22542,1262.0,1262.09130859375
22543,1292.0,1267.569091796875
22544,1312.0,1269.9697265625
22545,1344.0,1270.4619140625
22546,1372.0,1270.6927490234375
22547,1380.0,1270.79931640625
22548,1390.0,1270.819580078125
22549,1398.0,1270.557861328125
22550,1390.0,1269.96630859375
22551,1382.0,1269.1378173828125
22552,1358.0,1267.9730224609375
22553,1346.0,1266.815185546875
22554,1320.0,1263.9144287109375
22555,1288.0,1257.4700927734375
22556,1240.0,1243.3394775390625
22557,1204.0,1214.92138671875
22558,1164.0,1156.572265625
22559,1120.0,1111.9222412109375
22560,1044.0,1076.734619140625
22561,978.0,1040.3861083984375
22562,894.0,964.3566284179688
22563,820.0,843.8201293945312
22564,718.0,736.2677612304688
22565,624.0,678.4658203125
22566,530.0,590.9932250976562
22567,432.0,485.8001708984375
22568,340.0,371.75958251953125
22569,260.0,299.408203125
22570,192.0,227.136474609375
22571,132.0,158.2874755859375
22572,86.0,96.20783996582031
22573,58.0,68.3858413696289
22574,42.0,48.31403350830078
22575,30.0,28.553556442260742
22576,16.0,8.346638679504395
22577,6.0,1.0475425720214844
22578,2.0,-0.8930873870849609
22579,0.0,-1.2464885711669922
22580,0.0,-1.2150096893310547
22581,0.0,-1.2138004302978516
22582,0.0,-1.1251850128173828
22583,0.0,-1.0401268005371094
22584,0.0,-0.9708499908447266
22585,0.0,-1.0090579986572266
22586,0.0,-0.9779300689697266
22587,0.0,-0.9649162292480469
22588,0.0,-0.9500007629394531
22589,0.0,-1.7059364318847656
22590,0.0,-1.4384174346923828
22591,0.0,-1.4771919250488281
22592,0.0,-1.5778045654296875
22593,0.0,-1.737874984741211
22594,0.0,-1.8889713287353516
22595,0.0,-1.9823036193847656
22596,0.0,-2.0632877349853516
22597,0.0,-2.212268829345703
22598,0.0,-2.441059112548828
22599,0.0,-2.5682525634765625
22600,0.0,-2.496501922607422
22601,0.0,-2.351072311401367
22602,0.0,-1.9803333282470703
22603,0.0,-1.5321483612060547
22604,0.0,-1.0934886932373047
22605,0.0,-0.11911773681640625
22606,0.0,0.41745948791503906
22607,0.0,0.8413944244384766
22608,0.0,1.2130966186523438
22609,4.0,3.5834131240844727
22610,12.0,9.25388240814209
22611,28.0,20.03060531616211
22612,36.0,32.813175201416016
22613,48.0,45.01593780517578
22614,64.0,55.25418472290039
22615,72.0,62.71227264404297
22616,84.0,68.7545166015625
22617,104.0,74.61782836914062
22618,112.0,79.91559600830078
22619,112.0,85.06200408935547
22620,112.0,90.87191772460938
22621,124.0,100.01226806640625
22622,154.0,117.3680648803711
22623,202.0,154.78115844726562
22624,272.0,230.78091430664062
22625,352.0,304.2786865234375
22626,430.0,388.36846923828125
22627,510.0,466.543212890625
22628,588.0,565.9501342773438
22629,662.0,627.8225708007812
22630,742.0,691.4064331054688
22631,810.0,782.2662353515625
22632,876.0,907.3292236328125
22633,934.0,953.2415161132812
22634,984.0,989.6088256835938
22635,1040.0,1018.5194091796875
22636,1096.0,1053.469970703125
22637,1138.0,1063.4078369140625
22638,1194.0,1073.99755859375
22639,1216.0,1090.45458984375
22640,1246.0,1102.341552734375
22641,1282.0,1127.1265869140625
22642,1292.0,1170.5885009765625
22643,1312.0,1193.2347412109375
22644,1312.0,1201.203369140625
22645,1312.0,1196.7899169921875
22646,1302.0,1146.833984375
22647,1318.0,1048.4671630859375
22648,1296.0,975.8692626953125
22649,1292.0,959.9515380859375
22650,1206.0,926.55810546875
22651,1062.0,881.1480712890625
22652,594.0,853.1098022460938
22653,548.0,825.0390014648438
22654,760.0,571.9603881835938
22655,600.0,247.79794311523438
22656,562.0,151.01528930664062
22657,328.0,283.76824951171875
22658,148.0,539.4790649414062
22659,88.0,657.834716796875
22660,56.0,727.066162109375
22661,32.0,657.9613647460938
22662,14.0,484.0586242675781
22663,2.0,372.40667724609375
22664,0.0,268.6368713378906
22665,0.0,183.86859130859375
22666,2.0,129.59048461914062
22667,2.0,93.16577911376953
22668,0.0,64.12513732910156
22669,4.0,43.24911880493164
22670,4.0,29.033626556396484
22671,4.0,16.853694915771484
22672,4.0,5.213937759399414
22673,0.0,1.08441162109375
22674,0.0,-0.2557792663574219
22675,0.0,-0.7190437316894531
22676,0.0,-0.6402606964111328
22677,0.0,0.21212387084960938
22678,0.0,0.19113540649414062
22679,0.0,0.10185050964355469
22680,0.0,0.18187522888183594
22681,0.0,0.40992164611816406
22682,0.0,0.5269565582275391
22683,0.0,0.6631088256835938
22684,0.0,0.7969684600830078
22685,0.0,0.416595458984375
22686,0.0,-0.08501052856445312
22687,0.0,-0.3564434051513672
22688,0.0,-0.5979804992675781
22689,0.0,-0.6521682739257812
22690,0.0,-0.8316059112548828
22691,0.0,-0.9877262115478516
22692,0.0,-1.1010322570800781
22693,0.0,-1.0957832336425781
22694,0.0,-1.1289825439453125
22695,0.0,-1.097433090209961
22696,0.0,-1.0505142211914062
22697,0.0,-0.9663925170898438
22698,0.0,-0.8946323394775391
22699,0.0,-0.7852210998535156
22700,0.0,-0.7149009704589844
22701,0.0,-0.657196044921875
22702,0.0,-0.45186805725097656
22703,0.0,-0.4310588836669922
22704,0.0,-0.6648139953613281
22705,0.0,-0.9038028717041016
22706,4.0,-0.9356479644775391
22707,8.0,-0.6342811584472656
22708,6.0,0.2670173645019531
22709,14.0,1.6410655975341797
22710,44.0,4.519296646118164
22711,34.0,12.590333938598633
22712,46.0,31.98796844482422
22713,68.0,55.263099670410156
22714,74.0,75.90072631835938
22715,98.0,93.34013366699219
22716,116.0,111.29374694824219
22717,152.0,130.8684844970703
22718,176.0,148.65365600585938
22719,176.0,171.32766723632812
22720,204.0,210.44256591796875
22721,240.0,249.38418579101562
22722,274.0,268.3788757324219
22723,386.0,284.8364562988281
22724,454.0,305.8805236816406
22725,464.0,321.43194580078125
22726,710.0,352.8100891113281
22727,688.0,404.6796875
22728,756.0,444.6120300292969
22729,868.0,458.3880920410156
22730,1008.0,472.2491455078125
22731,680.0,492.5207824707031
22732,1112.0,572.020751953125
22733,972.0,614.3882446289062
22734,954.0,649.8739624023438
22735,1444.0,669.5419311523438
22736,866.0,646.1760864257812
22737,936.0,610.9301147460938
22738,606.0,608.84619140625
22739,820.0,646.3345336914062
22740,578.0,623.1201782226562
22741,656.0,604.9627075195312
22742,422.0,579.17236328125
22743,578.0,545.511474609375
22744,460.0,517.7664794921875
22745,664.0,527.4913330078125
22746,508.0,570.0665893554688
22747,808.0,673.146484375
22748,624.0,765.0802612304688
22749,654.0,873.0831298828125
22750,390.0,850.0810546875
22751,394.0,752.6611328125
22752,334.0,594.7882690429688
22753,372.0,485.410400390625
22754,364.0,416.01275634765625
22755,404.0,414.9046325683594
22756,540.0,403.7379455566406
22757,296.0,363.9250183105469
22758,568.0,317.1956481933594
22759,418.0,270.061279296875
22760,282.0,225.26150512695312
22761,116.0,198.94961547851562
22762,144.0,173.91152954101562
22763,152.0,143.48545837402344
22764,80.0,101.71684265136719
22765,76.0,63.39461898803711
22766,52.0,39.03716278076172
22767,40.0,21.849945068359375
22768,20.0,5.686511993408203
22769,6.0,1.1313858032226562
22770,2.0,0.17426109313964844
22771,0.0,-0.12734031677246094
22772,0.0,-0.18778419494628906
22773,0.0,-0.1945171356201172
22774,0.0,0.05706977844238281
22775,0.0,0.47248268127441406
22776,0.0,0.6815128326416016
22777,0.0,0.4034290313720703
22778,0.0,0.09106826782226562
22779,0.0,-0.034404754638671875
