timestamp,actual,predicted
12,0.0,-0.301849365234375
13,0.0,-0.276641845703125
14,0.0,-0.25617313385009766
15,0.0,-0.2547492980957031
16,0.0,-0.24867820739746094
17,0.0,-0.23281478881835938
18,0.0,-0.19268798828125
19,0.0,-0.18066692352294922
20,0.0,-0.15875244140625
21,0.0,-0.14600753784179688
22,0.0,-0.12818241119384766
23,0.0,-0.14388179779052734
24,0.0,-0.14881324768066406
25,0.0,-0.18457412719726562
26,0.0,-0.148956298828125
27,0.0,-0.13826370239257812
28,0.0,-0.10484027862548828
29,0.0,0.021871566772460938
30,0.0,0.013279914855957031
31,0.0,0.2052927017211914
32,0.0,0.4343891143798828
33,0.0,0.6308279037475586
34,0.0,0.6086292266845703
35,0.0,0.5576400756835938
36,0.0,0.4847602844238281
37,0.0,0.39879894256591797
38,0.0,0.30382537841796875
39,0.0,0.21058082580566406
40,0.0,0.12964248657226562
41,0.0,-0.04036998748779297
42,0.0,-0.14722824096679688
43,0.0,-0.25275707244873047
44,0.0,-0.32232666015625
45,0.0,-0.5163898468017578
46,0.0,-0.6261091232299805
47,0.0,-0.7519607543945312
48,0.0,-0.851038932800293
49,0.0,-1.07635498046875
50,0.0,-1.2864513397216797
51,0.0,-1.4806346893310547
52,0.0,-1.620762825012207
53,0.0,-1.3456621170043945
54,0.0,-1.137197494506836
55,0.0,-0.9763498306274414
56,0.0,-0.8476524353027344
57,0.0,0.03148174285888672
58,2.0,1.0110139846801758
59,9.0,2.8634166717529297
60,43.0,10.723554611206055
61,66.0,22.043933868408203
62,80.0,37.016204833984375
63,87.0,53.18621063232422
64,98.0,69.48946380615234
65,95.0,78.70084381103516
66,90.0,87.53640747070312
67,85.0,96.0477294921875
68,81.0,104.26927947998047
69,79.0,111.45721435546875
70,77.0,115.7920913696289
71,81.0,117.84068298339844
72,84.0,117.15372467041016
73,90.0,115.80048370361328
74,94.0,113.37433624267578
75,93.0,111.79442596435547
76,92.0,110.57295227050781
77,92.0,113.4771499633789
78,92.0,115.76276397705078
79,94.0,117.67013549804688
80,95.0,119.00861358642578
81,95.0,119.83904266357422
82,93.0,120.99620819091797
83,91.0,121.349365234375
84,91.0,117.97623443603516
85,89.0,109.4922866821289
86,88.0,104.312255859375
87,84.0,101.59935760498047
88,80.0,98.47200012207031
89,77.0,95.82211303710938
90,72.0,92.38166046142578
91,67.0,88.0262451171875
92,63.0,81.96173095703125
93,60.0,78.32044219970703
94,56.0,72.97654724121094
95,50.0,65.15923309326172
96,42.0,55.40052032470703
97,37.0,45.877166748046875
98,27.0,36.45769500732422
99,14.0,24.441322326660156
100,2.0,9.643329620361328
101,0.0,5.088398456573486
102,0.0,2.9819650650024414
103,0.0,1.4746818542480469
104,0.0,0.5701580047607422
105,0.0,0.2578706741333008
106,0.0,0.11813545227050781
107,0.0,0.07255268096923828
108,0.0,0.06004619598388672
109,0.0,0.09054851531982422
110,0.0,0.09195709228515625
111,0.0,0.09943294525146484
112,0.0,0.10428047180175781
113,0.0,0.1167135238647461
114,0.0,0.0948486328125
115,0.0,0.08188247680664062
116,0.0,0.07001018524169922
117,0.0,0.061214447021484375
118,0.0,0.020036697387695312
119,0.0,0.0073184967041015625
120,0.0,-0.007540702819824219
121,0.0,-0.026983261108398438
122,0.0,-0.01729583740234375
123,0.0,-0.015913009643554688
124,0.0,-0.0068149566650390625
125,0.0,-0.028054237365722656
126,0.0,-0.0815277099609375
127,0.0,-0.10532569885253906
128,0.0,-0.130340576171875
129,0.0,-0.1804666519165039
130,0.0,-0.08442211151123047
131,0.0,0.0735931396484375
132,0.0,0.2353658676147461
133,0.0,0.3730125427246094
134,0.0,0.3742828369140625
135,0.0,0.3708677291870117
136,0.0,0.37401485443115234
137,0.0,0.3656139373779297
138,0.0,0.3843870162963867
139,0.0,0.4020833969116211
140,0.0,0.42380809783935547
141,0.0,0.325531005859375
142,0.0,0.1313762664794922
143,0.0,-0.0679931640625
144,0.0,-0.26564693450927734
145,0.0,-0.6033868789672852
146,0.0,-0.8122692108154297
147,0.0,-0.9986600875854492
148,0.0,-1.1581535339355469
149,0.0,-1.1747236251831055
150,0.0,-1.3270387649536133
151,0.0,-1.4483461380004883
152,0.0,-1.5546188354492188
153,0.0,-0.9812030792236328
154,0.0,-0.6508932113647461
155,1.0,0.04701995849609375
156,17.0,4.85516357421875
157,51.0,16.038982391357422
158,59.0,33.19175720214844
159,83.0,53.115577697753906
160,88.0,71.5739517211914
161,90.0,83.76998138427734
162,90.0,92.03056335449219
163,86.0,97.10458374023438
164,83.0,100.16143798828125
165,82.0,101.66282653808594
166,81.0,102.3515625
167,82.0,103.2685775756836
168,85.0,105.75579833984375
169,98.0,110.66858673095703
170,149.0,115.42344665527344
171,160.0,120.04804992675781
172,146.0,124.83060455322266
173,137.0,129.85928344726562
174,140.0,134.02664184570312
175,144.0,138.21995544433594
176,146.0,142.1161346435547
177,136.0,146.71041870117188
178,118.0,151.4921112060547
179,113.0,156.19833374023438
180,113.0,158.31727600097656
181,109.0,158.88768005371094
182,128.0,159.07583618164062
183,160.0,158.61329650878906
184,146.0,154.18035888671875
185,143.0,146.1275634765625
186,169.0,132.41278076171875
187,159.0,120.5352783203125
188,110.0,105.16387176513672
189,72.0,90.1280288696289
190,51.0,76.25977325439453
191,47.0,61.43781280517578
192,37.0,44.884010314941406
193,26.0,34.105926513671875
194,11.0,27.279876708984375
195,3.0,12.644618034362793
196,0.0,4.8293585777282715
197,0.0,2.402998924255371
198,0.0,1.0708580017089844
199,0.0,0.4885282516479492
200,0.0,0.2066049575805664
201,0.0,0.17174720764160156
202,0.0,0.14531707763671875
203,0.0,0.15120792388916016
204,0.0,0.15397357940673828
205,0.0,0.1940593719482422
206,0.0,0.2268810272216797
207,0.0,0.26778411865234375
208,0.0,0.2939624786376953
209,0.0,0.34405040740966797
210,0.0,0.34781551361083984
211,0.0,0.33173179626464844
212,0.0,0.3004789352416992
213,0.0,0.2651071548461914
214,0.0,0.269012451171875
215,0.0,0.3216552734375
216,0.0,0.3780660629272461
217,0.0,0.43633079528808594
218,0.0,0.46160221099853516
219,0.0,0.4535331726074219
220,0.0,0.4500551223754883
221,0.0,0.8385763168334961
222,0.0,0.7195119857788086
223,0.0,0.6650257110595703
224,0.0,0.6236696243286133
225,0.0,0.5948648452758789
226,0.0,0.5643901824951172
227,0.0,0.5545845031738281
228,0.0,0.5539054870605469
229,0.0,0.5390491485595703
230,0.0,0.5322103500366211
231,0.0,0.5273361206054688
232,0.0,0.5314159393310547
233,0.0,0.48526477813720703
234,0.0,0.44188976287841797
235,0.0,0.3984050750732422
236,0.0,0.3676433563232422
237,0.0,0.2349557876586914
238,0.0,0.1333627700805664
239,0.0,-0.0523529052734375
240,0.0,-0.3301258087158203
241,0.0,-0.783970832824707
242,0.0,-0.8674144744873047
243,0.0,-0.7364139556884766
244,0.0,-0.5083141326904297
245,0.0,-0.2845449447631836
246,0.0,-0.25607872009277344
247,0.0,-0.26613521575927734
248,0.0,-0.2884979248046875
249,0.0,-0.1573638916015625
250,0.0,-0.005588531494140625
251,2.0,0.35470104217529297
252,24.0,2.7112951278686523
253,57.0,9.15259075164795
254,78.0,21.127288818359375
255,91.0,37.7044677734375
256,102.0,57.769996643066406
257,110.0,80.45511627197266
258,122.0,104.15093231201172
259,121.0,121.877197265625
260,125.0,132.1265411376953
261,131.0,136.29830932617188
262,140.0,142.3618927001953
263,139.0,157.59564208984375
264,131.0,162.381591796875
265,129.0,148.7742462158203
266,126.0,143.9827117919922
267,112.0,143.37533569335938
268,119.0,143.2276153564453
269,120.0,144.02670288085938
270,113.0,144.41574096679688
271,110.0,144.88951110839844
272,109.0,144.54676818847656
273,102.0,147.5565948486328
274,103.0,150.2841339111328
275,109.0,152.10899353027344
276,113.0,150.37164306640625
277,104.0,148.86773681640625
278,106.0,145.94586181640625
279,115.0,141.5614013671875
280,121.0,133.7374267578125
281,103.0,129.7256622314453
282,82.0,125.49504089355469
283,87.0,119.25634002685547
284,94.0,108.70745086669922
285,80.0,100.07510375976562
286,67.0,90.72254180908203
287,57.0,80.38011169433594
288,51.0,64.90110778808594
289,37.0,50.086097717285156
290,24.0,36.14731979370117
291,8.0,21.8153076171875
292,0.0,6.1941657066345215
293,0.0,2.3265295028686523
294,0.0,0.7543468475341797
295,0.0,0.28286266326904297
296,0.0,0.10354423522949219
297,0.0,0.12542343139648438
298,0.0,0.1172943115234375
299,0.0,0.1352405548095703
300,0.0,0.13359928131103516
301,0.0,0.1698312759399414
302,0.0,0.17434406280517578
303,0.0,0.18072223663330078
304,0.0,0.16958332061767578
305,0.0,0.17873573303222656
306,0.0,0.18079376220703125
307,0.0,0.1304492950439453
308,0.0,0.13936996459960938
309,0.0,0.16869640350341797
310,0.0,0.19144725799560547
311,0.0,0.17472362518310547
312,0.0,0.14113140106201172
313,0.0,0.12194347381591797
314,0.0,0.15560340881347656
315,0.0,0.16173839569091797
316,0.0,0.20318222045898438
317,0.0,0.33312320709228516
318,0.0,0.29601383209228516
319,0.0,0.25131988525390625
320,0.0,0.22478866577148438
321,0.0,0.19580841064453125
322,0.0,0.19859790802001953
323,0.0,0.2141437530517578
324,0.0,0.23732566833496094
325,0.0,0.25043392181396484
326,0.0,0.26694202423095703
327,0.0,0.25393009185791016
328,0.0,0.2621002197265625
329,0.0,0.21495914459228516
330,0.0,0.21061038970947266
331,0.0,0.14864540100097656
332,0.0,0.10724639892578125
333,0.0,-0.06640625
334,0.0,-0.008792877197265625
335,0.0,0.09166812896728516
336,0.0,0.24239826202392578
337,0.0,0.33817005157470703
338,0.0,0.5070476531982422
339,0.0,0.6145181655883789
340,0.0,0.7149105072021484
341,0.0,0.7417068481445312
342,0.0,0.8303117752075195
343,0.0,0.9173069000244141
344,0.0,1.0235013961791992
345,0.0,1.2244606018066406
346,0.0,1.3929424285888672
347,0.0,1.6073083877563477
348,11.0,4.0338263511657715
349,15.0,17.65050506591797
350,34.0,46.08052062988281
351,55.0,72.5592041015625
352,63.0,89.34626007080078
353,68.0,97.69976806640625
354,81.0,102.18260192871094
355,107.0,106.15562438964844
356,119.0,110.32707977294922
357,127.0,114.3122787475586
358,130.0,115.46446990966797
359,140.0,115.3013916015625
360,174.0,116.4769058227539
361,198.0,119.18297576904297
362,235.0,121.30038452148438
363,195.0,122.55279541015625
364,180.0,122.81854248046875
365,226.0,123.61265563964844
366,195.0,123.1469955444336
367,190.0,123.27688598632812
368,215.0,125.35186004638672
369,183.0,126.0041732788086
370,165.0,126.03546905517578
371,158.0,126.363037109375
372,179.0,126.13060760498047
373,173.0,128.14309692382812
374,188.0,127.08152770996094
375,196.0,125.16443634033203
376,201.0,122.87248992919922
377,200.0,125.57586669921875
378,165.0,124.5350570678711
379,147.0,120.6634292602539
380,136.0,113.24781799316406
381,126.0,105.29872131347656
382,106.0,97.16960906982422
383,88.0,87.56755065917969
384,70.0,75.76811981201172
385,46.0,62.621734619140625
386,27.0,46.13292694091797
387,7.0,32.640228271484375
388,0.0,12.20716381072998
389,0.0,4.113523483276367
390,0.0,1.2630853652954102
391,0.0,0.42267417907714844
392,0.0,0.11954593658447266
393,0.0,0.15137577056884766
394,0.0,0.1404867172241211
395,0.0,0.1501169204711914
396,0.0,0.14476490020751953
397,0.0,0.1993551254272461
398,0.0,0.2084980010986328
399,0.0,0.22792911529541016
400,0.0,0.23969745635986328
401,0.0,0.2789497375488281
402,0.0,0.29943084716796875
403,0.0,0.30801868438720703
404,0.0,0.31143856048583984
405,0.0,0.32013607025146484
406,0.0,0.3323526382446289
407,0.0,0.33211421966552734
408,0.0,0.33093738555908203
409,0.0,0.3231515884399414
410,0.0,0.3286409378051758
411,0.0,0.31926727294921875
412,0.0,0.3173408508300781
413,0.0,0.47687816619873047
414,0.0,0.3543815612792969
415,0.0,0.29192256927490234
416,0.0,0.26454925537109375
417,0.0,0.19727611541748047
418,0.0,0.15312671661376953
419,0.0,0.12138557434082031
420,0.0,0.11304473876953125
421,0.0,0.04518604278564453
422,0.0,0.021528244018554688
423,0.0,-0.01629638671875
424,0.0,-0.03244304656982422
425,0.0,-0.16025352478027344
426,0.0,-0.17966365814208984
427,0.0,-0.22502994537353516
428,0.0,-0.22107791900634766
429,0.0,-0.3709688186645508
430,0.0,-0.37615966796875
431,0.0,-0.41088390350341797
432,0.0,-0.3965597152709961
433,0.0,-0.5625362396240234
434,0.0,-0.5712623596191406
435,0.0,-0.6194734573364258
436,0.0,-0.6872148513793945
437,0.0,-0.9268207550048828
438,0.0,-0.9600019454956055
439,0.0,-0.814030647277832
440,0.0,-0.4869403839111328
441,0.0,0.6317205429077148
442,0.0,1.2355222702026367
443,0.0,1.9437036514282227
444,2.0,6.018458366394043
445,9.0,25.165958404541016
446,22.0,56.705596923828125
447,43.0,82.28414916992188
448,87.0,105.14680480957031
449,102.0,118.09695434570312
450,112.0,128.3037872314453
451,174.0,138.40711975097656
452,205.0,149.72329711914062
453,139.0,154.10081481933594
454,86.0,153.71473693847656
455,94.0,150.29849243164062
456,92.0,143.5080108642578
457,96.0,136.6313018798828
458,106.0,131.9906768798828
459,134.0,129.0403289794922
460,126.0,126.78522491455078
461,114.0,125.54312896728516
462,162.0,124.49375915527344
463,242.0,123.44652557373047
464,195.0,121.54973602294922
465,109.0,119.37952423095703
466,90.0,117.45240020751953
467,94.0,116.13777160644531
468,97.0,115.61521911621094
469,97.0,119.4369125366211
470,94.0,121.645263671875
471,88.0,121.82563781738281
472,82.0,119.16620635986328
473,79.0,115.50341033935547
474,72.0,111.6664047241211
475,64.0,106.63218688964844
476,62.0,98.54275512695312
477,69.0,91.04483032226562
478,68.0,82.81708526611328
479,55.0,73.22886657714844
480,50.0,59.44023895263672
481,37.0,46.999053955078125
482,17.0,34.90158462524414
483,2.0,19.21927261352539
484,0.0,6.2325968742370605
485,0.0,3.00970458984375
486,0.0,1.1274433135986328
487,0.0,0.39603137969970703
488,0.0,0.10832881927490234
489,0.0,0.11906719207763672
490,0.0,0.10276031494140625
491,0.0,0.11143302917480469
492,0.0,0.11157703399658203
493,0.0,0.16662979125976562
494,0.0,0.18840408325195312
495,0.0,0.19525909423828125
496,0.0,0.18779754638671875
497,0.0,0.19751930236816406
498,0.0,0.22676658630371094
499,0.0,0.2471609115600586
500,0.0,0.25504016876220703
501,0.0,0.2724313735961914
502,0.0,0.2867259979248047
503,0.0,0.2845478057861328
504,0.0,0.29398250579833984
505,0.0,0.2965860366821289
506,0.0,0.3075847625732422
507,0.0,0.3005342483520508
508,0.0,0.30220603942871094
509,0.0,0.42159080505371094
510,0.0,0.33910083770751953
511,0.0,0.2699422836303711
512,0.0,0.25377655029296875
513,0.0,0.2056293487548828
514,0.0,0.1680917739868164
515,0.0,0.13605976104736328
516,0.0,0.12996482849121094
517,0.0,0.10899162292480469
518,0.0,0.14694786071777344
519,0.0,0.15204715728759766
520,0.0,0.14992046356201172
521,0.0,0.09896278381347656
522,0.0,0.10283374786376953
523,0.0,0.08068084716796875
524,0.0,0.07962989807128906
525,0.0,0.001171112060546875
526,0.0,0.005161285400390625
527,0.0,-0.016687393188476562
528,0.0,-0.036208152770996094
529,0.0,-0.19609832763671875
530,0.0,-0.20415115356445312
531,0.0,-0.24474048614501953
532,0.0,-0.2523355484008789
533,0.0,-0.35836315155029297
534,0.0,-0.2882041931152344
535,0.0,-0.20671939849853516
536,0.0,-0.0882406234741211
537,0.0,0.7501773834228516
538,0.0,1.7254447937011719
539,0.0,3.059554100036621
540,1.0,8.886862754821777
541,1.0,30.840412139892578
542,4.0,61.035064697265625
543,10.0,85.36015319824219
544,47.0,104.19376373291016
545,65.0,116.11274719238281
546,64.0,125.35590362548828
547,58.0,133.09527587890625
548,65.0,140.98280334472656
549,86.0,149.8962860107422
550,157.0,159.0318603515625
551,166.0,168.48255920410156
552,183.0,179.1142120361328
553,157.0,186.33924865722656
554,187.0,189.6920623779297
555,156.0,190.87796020507812
556,160.0,189.78013610839844
557,159.0,187.1446990966797
558,151.0,184.18812561035156
559,164.0,183.06088256835938
560,206.0,182.75608825683594
561,181.0,183.06704711914062
562,193.0,182.48486328125
563,148.0,181.6685791015625
564,137.0,180.00209045410156
565,108.0,178.2618408203125
566,113.0,171.99342346191406
567,112.0,163.7176055908203
568,96.0,153.88470458984375
569,131.0,146.04876708984375
570,151.0,134.17823791503906
571,129.0,121.75218963623047
572,107.0,109.10234832763672
573,97.0,98.51910400390625
574,77.0,85.59098052978516
575,63.0,69.7236557006836
576,43.0,50.951942443847656
577,34.0,36.26116943359375
578,14.0,27.98141860961914
579,2.0,14.910863876342773
580,0.0,3.569795608520508
581,0.0,1.2892379760742188
582,0.0,0.521418571472168
583,0.0,0.24394512176513672
584,0.0,0.10548591613769531
585,0.0,0.13423728942871094
586,0.0,0.11034584045410156
587,0.0,0.12156486511230469
588,0.0,0.1210336685180664
589,0.0,0.17403316497802734
590,0.0,0.20810890197753906
591,0.0,0.23540782928466797
592,0.0,0.21759605407714844
593,0.0,0.1830587387084961
594,0.0,0.16167163848876953
595,0.0,0.14506816864013672
596,0.0,0.1323223114013672
597,0.0,0.12388038635253906
598,0.0,0.1323232650756836
599,0.0,0.113189697265625
600,0.0,0.07556724548339844
601,0.0,0.0006971359252929688
602,0.0,-0.001583099365234375
603,0.0,0.03817272186279297
604,0.0,0.12122631072998047
605,0.0,0.5308303833007812
606,0.0,0.36693382263183594
607,0.0,0.37427806854248047
608,0.0,0.36474609375
609,0.0,0.340972900390625
610,0.0,0.27846336364746094
611,0.0,0.22649002075195312
612,0.0,0.14762115478515625
613,0.0,0.00859832763671875
614,0.0,-0.09977436065673828
615,0.0,-0.188629150390625
616,0.0,-0.22843170166015625
617,0.0,-0.3426513671875
618,0.0,-0.41495227813720703
619,0.0,-0.4806051254272461
620,0.0,-0.5115232467651367
621,0.0,-0.5139942169189453
622,0.0,-0.5401649475097656
623,0.0,-0.5664405822753906
624,0.0,-0.5704498291015625
625,0.0,-0.45725536346435547
626,0.0,-0.5237226486206055
627,0.0,-0.7051143646240234
628,0.0,-0.9382200241088867
629,0.0,-0.9446697235107422
630,0.0,-0.9893589019775391
631,0.0,-1.004312515258789
632,0.0,-0.9366283416748047
633,0.0,0.5605201721191406
634,0.0,1.7696399688720703
635,0.0,3.285663604736328
636,0.0,10.6550931930542
637,2.0,42.83415985107422
638,27.0,72.859130859375
639,52.0,92.60301208496094
640,73.0,102.9078140258789
641,57.0,102.05120086669922
642,45.0,101.1445083618164
643,54.0,102.38910675048828
644,84.0,105.74726104736328
645,108.0,110.48091125488281
646,136.0,116.078369140625
647,120.0,123.100830078125
648,191.0,132.1331787109375
649,170.0,138.3573760986328
650,162.0,143.9488983154297
651,76.0,152.66136169433594
652,59.0,167.92056274414062
653,63.0,193.1608428955078
654,41.0,217.32701110839844
655,12.0,242.7872772216797
656,30.0,261.3500671386719
657,93.0,264.4073791503906
658,70.0,256.81280517578125
659,42.0,246.4364776611328
660,5.0,233.2430419921875
661,7.0,220.6283721923828
662,6.0,190.8435516357422
663,8.0,162.02938842773438
664,6.0,136.20899963378906
665,24.0,118.51830291748047
666,47.0,104.74179077148438
667,56.0,89.58267974853516
668,72.0,72.58502960205078
669,61.0,57.851783752441406
670,35.0,44.458953857421875
671,9.0,31.574308395385742
672,5.0,19.97845458984375
673,0.0,8.890939712524414
674,0.0,2.0873842239379883
675,0.0,0.691981315612793
676,0.0,0.4261198043823242
677,0.0,0.404296875
678,0.0,0.3704795837402344
679,0.0,0.2526664733886719
680,0.0,0.07802867889404297
681,0.0,-0.01712322235107422
682,0.0,-0.1159811019897461
683,0.0,-0.14061260223388672
684,0.0,-0.17819976806640625
685,0.0,-0.1697101593017578
686,0.0,-0.17758941650390625
687,0.0,-0.19000530242919922
688,0.0,-0.20053672790527344
689,0.0,-0.1976919174194336
690,0.0,-0.17264652252197266
691,0.0,-0.17656612396240234
692,0.0,-0.17391490936279297
693,0.0,-0.17725753784179688
694,0.0,-0.15311431884765625
695,0.0,-0.13373661041259766
696,0.0,-0.10402297973632812
697,0.0,-0.08774662017822266
698,0.0,-0.024511337280273438
699,0.0,0.04426097869873047
700,0.0,0.12884521484375
701,0.0,0.6665258407592773
702,0.0,0.5256423950195312
703,0.0,0.5218400955200195
704,0.0,0.5027809143066406
705,0.0,0.45610713958740234
706,0.0,0.3928079605102539
707,0.0,0.3505868911743164
708,0.0,0.3499259948730469
709,0.0,0.3055429458618164
710,0.0,0.2678985595703125
711,0.0,0.21614933013916016
712,0.0,0.18781471252441406
713,0.0,0.07077789306640625
714,0.0,0.05515003204345703
715,0.0,-0.0006990432739257812
716,0.0,0.011632919311523438
717,0.0,-0.08551883697509766
718,0.0,-0.10030269622802734
719,0.0,-0.16863727569580078
720,0.0,-0.1915416717529297
721,0.0,-0.3484678268432617
722,0.0,-0.3788280487060547
723,0.0,-0.4479207992553711
724,0.0,-0.46530818939208984
725,0.0,-0.6086616516113281
726,0.0,-0.6304664611816406
727,0.0,-0.5794801712036133
728,0.0,-0.38687992095947266
729,0.0,0.32909202575683594
730,0.0,1.1390724182128906
731,0.0,2.5683116912841797
732,0.0,8.26296329498291
733,6.0,33.94511413574219
734,31.0,72.76364135742188
735,58.0,96.63799285888672
736,80.0,106.7943115234375
737,94.0,107.64041137695312
738,112.0,105.90982818603516
739,125.0,104.95440673828125
740,126.0,105.04016876220703
741,143.0,105.61946105957031
742,150.0,106.61981201171875
743,138.0,111.08979034423828
744,123.0,119.8169174194336
745,138.0,135.9744415283203
746,167.0,155.54298400878906
747,182.0,167.13510131835938
748,176.0,174.0084228515625
749,174.0,181.62644958496094
750,183.0,186.3324737548828
751,194.0,186.08389282226562
752,183.0,181.55064392089844
753,165.0,178.72898864746094
754,163.0,177.10641479492188
755,159.0,177.97747802734375
756,150.0,181.34756469726562
757,143.0,188.48854064941406
758,138.0,195.36622619628906
759,133.0,196.35325622558594
760,128.0,186.810302734375
761,106.0,177.4290313720703
762,80.0,163.7902374267578
763,67.0,148.51097106933594
764,63.0,128.64501953125
765,80.0,101.98041534423828
766,57.0,85.7952651977539
767,46.0,71.50439453125
768,38.0,55.9632568359375
769,29.0,40.074745178222656
770,14.0,23.072078704833984
771,0.0,8.527398109436035
772,0.0,2.255124092102051
773,0.0,0.7753105163574219
774,0.0,0.1604156494140625
775,0.0,-0.09139060974121094
776,0.0,-0.22365760803222656
777,0.0,-0.20250606536865234
778,0.0,-0.19761180877685547
779,0.0,-0.2133617401123047
780,0.0,-0.22672367095947266
781,0.0,-0.2085247039794922
782,0.0,-0.19580936431884766
783,0.0,-0.1914968490600586
784,0.0,-0.18726444244384766
785,0.0,-0.17348003387451172
786,0.0,-0.15951156616210938
787,0.0,-0.15380001068115234
788,0.0,-0.14490127563476562
789,0.0,-0.14276123046875
790,0.0,-0.1334228515625
791,0.0,-0.1444406509399414
792,0.0,-0.15038013458251953
793,0.0,-0.1807565689086914
794,0.0,-0.17959308624267578
795,0.0,-0.1987133026123047
796,0.0,-0.20665931701660156
797,0.0,-0.08110427856445312
798,0.0,-0.23745059967041016
799,0.0,-0.3406095504760742
800,0.0,-0.3358602523803711
801,0.0,-0.3817281723022461
802,0.0,-0.3797883987426758
803,0.0,-0.39141178131103516
804,0.0,-0.3867673873901367
805,0.0,-0.4330711364746094
806,0.0,-0.4716796875
807,0.0,-0.5457754135131836
808,0.0,-0.602259635925293
809,0.0,-0.752227783203125
810,0.0,-0.8447189331054688
811,0.0,-0.9557008743286133
812,0.0,-1.051924705505371
813,0.0,-1.1896295547485352
814,0.0,-1.2332839965820312
815,0.0,-1.2728233337402344
816,0.0,-1.2912979125976562
817,0.0,-1.323836326599121
818,0.0,-1.339263916015625
819,0.0,-1.3741445541381836
820,0.0,-1.4102096557617188
821,0.0,-1.414571762084961
822,0.0,-1.4061155319213867
823,0.0,-1.3305549621582031
824,0.0,-1.1393890380859375
825,0.0,-0.042746543884277344
826,0.0,1.0683860778808594
827,0.0,2.454777717590332
828,2.0,6.248222351074219
829,18.0,17.887924194335938
830,41.0,34.02599334716797
831,52.0,50.36773681640625
832,57.0,65.80487823486328
833,60.0,73.06645202636719
834,62.0,76.57457733154297
835,62.0,78.0627670288086
836,65.0,79.14340209960938
837,71.0,79.47091674804688
838,76.0,79.93132781982422
839,83.0,80.86182403564453
840,85.0,82.91326904296875
841,81.0,85.27914428710938
842,83.0,87.49714660644531
843,85.0,89.62864685058594
844,83.0,91.91789245605469
845,84.0,94.31078338623047
846,83.0,97.4615249633789
847,83.0,101.40936279296875
848,82.0,106.12165832519531
849,82.0,109.91974639892578
850,81.0,112.96023559570312
851,82.0,115.6630859375
852,79.0,119.27144622802734
853,79.0,122.73604583740234
854,78.0,123.59976959228516
855,78.0,121.16109466552734
856,76.0,111.76551818847656
857,87.0,104.7176742553711
858,109.0,98.03194427490234
859,107.0,87.99348449707031
860,97.0,80.22693634033203
861,74.0,72.95565032958984
862,60.0,66.22666931152344
863,45.0,57.365966796875
864,34.0,44.966514587402344
865,24.0,32.93250274658203
866,3.0,16.738853454589844
867,0.0,5.883791446685791
868,0.0,1.6896781921386719
869,0.0,0.5858793258666992
870,0.0,0.10783672332763672
871,0.0,-0.10650157928466797
872,0.0,-0.21936607360839844
873,0.0,-0.19258499145507812
874,0.0,-0.19242286682128906
875,0.0,-0.19216060638427734
876,0.0,-0.19530391693115234
877,0.0,-0.1578969955444336
878,0.0,-0.1368875503540039
879,0.0,-0.15368270874023438
880,0.0,-0.16950511932373047
881,0.0,-0.17923450469970703
882,0.0,-0.17960071563720703
883,0.0,-0.19134521484375
884,0.0,-0.19682598114013672
885,0.0,-0.21427345275878906
886,0.0,-0.1979513168334961
887,0.0,-0.1982889175415039
888,0.0,-0.18614864349365234
889,0.0,-0.20389842987060547
890,0.0,-0.175628662109375
891,0.0,-0.16533851623535156
892,0.0,-0.13353347778320312
893,0.0,0.025121688842773438
894,0.0,-0.043334007263183594
895,0.0,-0.11385536193847656
896,0.0,-0.12454414367675781
897,0.0,-0.1782360076904297
898,0.0,-0.19214248657226562
899,0.0,-0.1937265396118164
900,0.0,-0.17082500457763672
901,0.0,-0.19227313995361328
902,0.0,-0.2223052978515625
903,0.0,-0.27675533294677734
904,0.0,-0.3313741683959961
905,0.0,-0.48938751220703125
906,0.0,-0.6308813095092773
907,0.0,-0.7641773223876953
908,0.0,-0.8745031356811523
909,0.0,-1.049896240234375
910,0.0,-1.1412954330444336
911,0.0,-1.2371864318847656
912,0.0,-1.3101367950439453
913,0.0,-1.3700809478759766
914,0.0,-1.4509048461914062
915,0.0,-1.5331144332885742
916,0.0,-1.614466667175293
917,0.0,-1.4307222366333008
918,0.0,-1.3310546875
919,0.0,-1.2558679580688477
920,0.0,-1.1629695892333984
921,0.0,-0.04655265808105469
922,0.0,0.5138378143310547
923,0.0,1.0557165145874023
924,1.0,2.2867507934570312
925,16.0,11.91167163848877
926,46.0,27.932342529296875
927,56.0,41.716583251953125
928,70.0,53.72418212890625
929,73.0,63.44922637939453
930,65.0,68.24851989746094
931,63.0,69.83737182617188
932,66.0,70.67091369628906
933,67.0,71.33439636230469
934,68.0,72.04863739013672
935,71.0,72.67961883544922
936,72.0,74.34368133544922
937,74.0,77.57814025878906
938,74.0,79.64209747314453
939,74.0,80.8121566772461
940,74.0,81.68914031982422
941,74.0,82.44292449951172
942,74.0,82.76988983154297
943,74.0,83.06784057617188
944,74.0,83.43592071533203
945,73.0,83.37528228759766
946,71.0,82.7042236328125
947,71.0,82.32042694091797
948,70.0,82.23185729980469
949,68.0,81.73782348632812
950,67.0,80.31687927246094
951,65.0,78.52044677734375
952,62.0,75.02698516845703
953,60.0,72.06700134277344
954,57.0,68.0560531616211
955,54.0,63.61113739013672
956,50.0,57.90265655517578
957,46.0,52.55076599121094
958,41.0,46.86737060546875
959,34.0,41.070953369140625
960,29.0,33.74750518798828
961,20.0,22.537811279296875
962,9.0,11.345746994018555
963,1.0,5.848490238189697
964,0.0,3.066377639770508
965,0.0,1.4790630340576172
966,0.0,0.5436925888061523
967,0.0,0.03372764587402344
968,0.0,-0.19046497344970703
969,0.0,-0.19773387908935547
970,0.0,-0.20248794555664062
971,0.0,-0.20435142517089844
972,0.0,-0.2043590545654297
973,0.0,-0.1601266860961914
974,0.0,-0.13803672790527344
975,0.0,-0.13556385040283203
976,0.0,-0.13370513916015625
977,0.0,-0.12420940399169922
978,0.0,-0.1076803207397461
979,0.0,-0.11986064910888672
980,0.0,-0.12227916717529297
981,0.0,-0.14076995849609375
982,0.0,-0.14297103881835938
983,0.0,-0.1606273651123047
984,0.0,-0.16361522674560547
985,0.0,-0.2011852264404297
986,0.0,-0.1864776611328125
987,0.0,-0.19950103759765625
988,0.0,-0.199493408203125
989,0.0,-0.1517782211303711
990,0.0,-0.3053445816040039
991,0.0,-0.3643970489501953
992,0.0,-0.3532848358154297
993,0.0,-0.40346431732177734
994,0.0,-0.4281196594238281
995,0.0,-0.4460773468017578
996,0.0,-0.4491558074951172
997,0.0,-0.5238151550292969
998,0.0,-0.5887298583984375
999,0.0,-0.6531467437744141
1000,0.0,-0.6939182281494141
1001,0.0,-0.8382806777954102
1002,0.0,-0.960784912109375
1003,0.0,-1.089005470275879
1004,0.0,-1.1982955932617188
1005,0.0,-1.338759422302246
1006,0.0,-1.417597770690918
1007,0.0,-1.4977312088012695
1008,0.0,-1.5724411010742188
1009,0.0,-1.5876350402832031
1010,0.0,-1.6056108474731445
1011,0.0,-1.6352787017822266
1012,0.0,-1.6716117858886719
1013,0.0,-1.6113042831420898
1014,0.0,-1.5988569259643555
1015,0.0,-1.5633811950683594
1016,0.0,-1.495976448059082
1017,0.0,-1.1976900100708008
1018,0.0,-0.9411449432373047
1019,0.0,-0.5349321365356445
1020,1.0,0.18027496337890625
1021,10.0,6.410481929779053
1022,32.0,21.600650787353516
1023,43.0,40.63111877441406
1024,49.0,57.65809631347656
1025,54.0,67.21967315673828
1026,60.0,72.54710388183594
1027,67.0,75.9608383178711
1028,74.0,78.80691528320312
1029,80.0,81.50984954833984
1030,87.0,83.22705841064453
1031,92.0,84.07716369628906
1032,97.0,85.3654556274414
1033,100.0,87.94989013671875
1034,100.0,89.68211364746094
1035,97.0,90.63618469238281
1036,90.0,91.1246109008789
1037,88.0,91.569091796875
1038,86.0,91.41932678222656
1039,82.0,90.97196197509766
1040,81.0,89.54078674316406
1041,80.0,87.10623168945312
1042,78.0,85.6525650024414
1043,75.0,85.36167907714844
1044,74.0,85.61210632324219
1045,73.0,85.94523620605469
1046,73.0,85.05547332763672
1047,72.0,83.57312774658203
1048,71.0,80.23200988769531
1049,69.0,76.94526672363281
1050,63.0,71.50448608398438
1051,61.0,64.66870880126953
1052,57.0,56.14385223388672
1053,51.0,49.430320739746094
1054,44.0,43.32661437988281
1055,36.0,37.194671630859375
1056,25.0,28.808507919311523
1057,10.0,17.67667007446289
1058,3.0,8.937347412109375
1059,0.0,4.534118175506592
1060,0.0,2.095348358154297
1061,0.0,0.9860801696777344
1062,0.0,0.357208251953125
1063,0.0,0.04452705383300781
1064,0.0,-0.13875675201416016
1065,0.0,-0.15456485748291016
1066,0.0,-0.1850881576538086
1067,0.0,-0.2050466537475586
1068,0.0,-0.21409893035888672
1069,0.0,-0.1812419891357422
1070,0.0,-0.1506671905517578
1071,0.0,-0.13111019134521484
1072,0.0,-0.10387897491455078
1073,0.0,-0.061682701110839844
1074,0.0,-0.043221473693847656
1075,0.0,-0.04720306396484375
1076,0.0,-0.05417060852050781
1077,0.0,-0.07238578796386719
1078,0.0,-0.05279541015625
1079,0.0,-0.07193374633789062
1080,0.0,-0.0721597671508789
1081,0.0,-0.11083984375
1082,0.0,-0.07791423797607422
1083,0.0,-0.057694435119628906
1084,0.0,-0.008150100708007812
1085,0.0,0.14632511138916016
1086,0.0,0.1447277069091797
1087,0.0,0.20040130615234375
1088,0.0,0.2937784194946289
1089,0.0,0.33418750762939453
1090,0.0,0.3537015914916992
1091,0.0,0.3640127182006836
1092,0.0,0.37590503692626953
1093,0.0,0.34101104736328125
1094,0.0,0.2234344482421875
1095,0.0,0.13173198699951172
1096,0.0,-0.008315086364746094
1097,0.0,-0.30568981170654297
1098,0.0,-0.4256591796875
1099,0.0,-0.3662385940551758
1100,0.0,-0.16096210479736328
1101,0.0,-0.042022705078125
1102,0.0,0.017913818359375
1103,0.0,0.05144214630126953
1104,0.0,0.07004356384277344
1105,0.0,0.040205955505371094
1106,0.0,-0.10787391662597656
1107,0.0,-0.29817867279052734
1108,0.0,-0.5449180603027344
1109,0.0,-1.2214202880859375
1110,0.0,-1.4208917617797852
1111,0.0,-1.3719940185546875
1112,0.0,-1.1798572540283203
1113,0.0,-0.9481239318847656
1114,0.0,-0.5707740783691406
1115,2.0,-0.17046451568603516
1116,5.0,0.2798013687133789
1117,31.0,4.574479103088379
1118,61.0,23.019882202148438
1119,63.0,50.50474548339844
1120,73.0,74.51565551757812
1121,69.0,88.08429718017578
1122,66.0,94.56208801269531
1123,77.0,98.28710174560547
1124,86.0,101.10663604736328
1125,94.0,102.95555114746094
1126,96.0,103.30500793457031
1127,98.0,102.58293914794922
1128,101.0,101.54296875
1129,97.0,99.0208969116211
1130,106.0,96.21839904785156
1131,112.0,93.82628631591797
1132,107.0,92.04489135742188
1133,108.0,91.23323822021484
1134,111.0,91.38050842285156
1135,106.0,92.1563491821289
1136,107.0,92.55156707763672
1137,112.0,92.23011016845703
1138,117.0,91.3167724609375
1139,108.0,91.27848052978516
1140,107.0,92.57685852050781
1141,106.0,95.16133880615234
1142,109.0,96.92169952392578
1143,126.0,97.69055938720703
1144,106.0,97.87062072753906
1145,110.0,98.53724670410156
1146,89.0,97.5924072265625
1147,76.0,95.77256774902344
1148,75.0,91.54244995117188
1149,56.0,84.25215911865234
1150,52.0,74.82170104980469
1151,67.0,63.12751770019531
1152,65.0,48.93440246582031
1153,42.0,38.436012268066406
1154,7.0,28.027671813964844
1155,2.0,11.87063217163086
1156,2.0,1.9938850402832031
1157,0.0,0.7012119293212891
1158,0.0,0.46030235290527344
1159,0.0,0.37631988525390625
1160,0.0,0.31729984283447266
1161,0.0,0.3214292526245117
1162,0.0,0.31516361236572266
1163,0.0,0.333984375
1164,0.0,0.3496236801147461
1165,0.0,0.3841285705566406
1166,0.0,0.39977455139160156
1167,0.0,0.4077444076538086
1168,0.0,0.4082374572753906
1169,0.0,0.41759395599365234
1170,0.0,0.4495716094970703
1171,0.0,0.4462471008300781
1172,0.0,0.4447612762451172
1173,0.0,0.44283199310302734
1174,0.0,0.4673614501953125
1175,0.0,0.4755382537841797
1176,0.0,0.47884082794189453
1177,0.0,0.4659242630004883
1178,0.0,0.4796009063720703
1179,0.0,0.47715187072753906
1180,0.0,0.4786529541015625
1181,0.0,0.6833887100219727
1182,0.0,0.7395639419555664
1183,0.0,0.685272216796875
1184,0.0,0.6698837280273438
1185,0.0,0.6694097518920898
1186,0.0,0.6851797103881836
1187,0.0,0.6586246490478516
1188,0.0,0.6291980743408203
1189,0.0,0.6271657943725586
1190,0.0,0.6331911087036133
1191,0.0,0.6523904800415039
1192,0.0,0.6695880889892578
1193,0.0,0.7326793670654297
1194,0.0,0.6275539398193359
1195,0.0,0.4801034927368164
1196,0.0,0.213287353515625
1197,0.0,-0.33982086181640625
1198,0.0,-0.5325412750244141
1199,0.0,-0.7178802490234375
1200,0.0,-0.7510242462158203
1201,0.0,-0.8180961608886719
1202,0.0,-0.7250785827636719
1203,0.0,-0.6514081954956055
1204,0.0,-0.5477104187011719
1205,0.0,-0.4734182357788086
1206,0.0,-0.38187313079833984
1207,0.0,-0.3287372589111328
1208,0.0,-0.2645397186279297
1209,0.0,-0.004413604736328125
1210,0.0,0.9853067398071289
1211,0.0,2.948028564453125
1212,1.0,5.71534538269043
1213,2.0,9.09222412109375
1214,6.0,22.53701400756836
1215,9.0,45.78507995605469
1216,25.0,69.95173645019531
1217,29.0,87.87247467041016
1218,45.0,99.34873962402344
1219,64.0,109.19539642333984
1220,87.0,116.93099975585938
1221,98.0,121.74314880371094
1222,129.0,123.4200210571289
1223,147.0,123.50663757324219
1224,188.0,123.30377197265625
1225,196.0,123.77175903320312
1226,173.0,123.35685729980469
1227,155.0,121.96200561523438
1228,103.0,121.1284408569336
1229,84.0,122.57544708251953
1230,89.0,122.07278442382812
1231,96.0,120.50836944580078
1232,111.0,118.57147216796875
1233,102.0,116.44731903076172
1234,134.0,114.52306365966797
1235,227.0,113.20902252197266
1236,236.0,111.74114990234375
1237,192.0,111.07505798339844
1238,183.0,109.98355102539062
1239,152.0,108.01578521728516
1240,165.0,103.68356323242188
1241,92.0,98.35262298583984
1242,120.0,92.42333221435547
1243,96.0,86.3040771484375
1244,94.0,78.41705322265625
1245,86.0,66.27637481689453
1246,86.0,48.927947998046875
1247,51.0,33.202640533447266
1248,41.0,16.148357391357422
1249,25.0,6.313880443572998
1250,15.0,2.6834402084350586
1251,4.0,0.9598684310913086
1252,1.0,0.25786876678466797
1253,0.0,0.10164260864257812
1254,0.0,0.009443283081054688
1255,0.0,0.040467262268066406
1256,0.0,0.0511932373046875
1257,0.0,0.14243125915527344
1258,0.0,0.18758392333984375
1259,0.0,0.22397422790527344
1260,0.0,0.25988006591796875
1261,0.0,0.33424949645996094
1262,0.0,0.35297489166259766
1263,0.0,0.33442020416259766
1264,0.0,0.33701324462890625
1265,0.0,0.3575611114501953
1266,0.0,0.30996227264404297
1267,0.0,0.3419313430786133
1268,0.0,0.33177947998046875
1269,0.0,0.3411226272583008
1270,0.0,0.34014892578125
1271,0.0,0.340911865234375
1272,0.0,0.3400554656982422
1273,0.0,0.3233299255371094
1274,0.0,0.32141971588134766
1275,0.0,0.29903316497802734
1276,0.0,0.28699207305908203
1277,0.0,0.18457984924316406
1278,0.0,0.11144828796386719
1279,0.0,0.07912731170654297
1280,0.0,0.07019710540771484
1281,0.0,0.04155445098876953
1282,0.0,0.06756019592285156
1283,0.0,0.08849143981933594
1284,0.0,0.09723281860351562
1285,0.0,0.02828216552734375
1286,0.0,-0.009906768798828125
1287,0.0,-0.05703449249267578
1288,0.0,-0.076995849609375
1289,0.0,-0.2063884735107422
1290,0.0,-0.2002410888671875
1291,0.0,-0.23285388946533203
1292,0.0,-0.30243968963623047
1293,0.0,-0.5364589691162109
1294,0.0,-0.6367273330688477
1295,0.0,-0.6281623840332031
1296,0.0,-0.3995695114135742
1297,0.0,-0.2723398208618164
1298,0.0,-0.07626724243164062
1299,0.0,0.0965576171875
1300,0.0,0.24515056610107422
1301,0.0,0.32288455963134766
1302,0.0,0.4714021682739258
1303,0.0,0.40944480895996094
1304,0.0,0.41109371185302734
1305,0.0,0.39534854888916016
1306,0.0,0.42233753204345703
1307,0.0,0.6748743057250977
1308,0.0,5.443343162536621
1309,2.0,20.857227325439453
1310,4.0,42.375675201416016
1311,5.0,61.575042724609375
1312,17.0,75.91207122802734
1313,47.0,85.6550521850586
1314,72.0,92.48613739013672
1315,71.0,98.88639068603516
1316,78.0,106.83002471923828
1317,126.0,115.57616424560547
1318,132.0,123.07466888427734
1319,161.0,131.3001708984375
1320,176.0,141.05848693847656
1321,182.0,151.72659301757812
1322,188.0,159.81784057617188
1323,193.0,166.2674560546875
1324,205.0,172.42811584472656
1325,181.0,182.6999969482422
1326,199.0,188.4250030517578
1327,231.0,186.36436462402344
1328,214.0,172.37954711914062
1329,206.0,164.06138610839844
1330,218.0,154.35548400878906
1331,212.0,144.19149780273438
1332,203.0,133.06716918945312
1333,205.0,125.2123794555664
1334,191.0,117.61066436767578
1335,135.0,110.705078125
1336,133.0,103.64257049560547
1337,112.0,96.00949096679688
1338,123.0,88.27554321289062
1339,110.0,80.2486572265625
1340,93.0,69.32365417480469
1341,77.0,54.805877685546875
1342,69.0,40.82493591308594
1343,49.0,29.594425201416016
1344,36.0,14.456244468688965
1345,29.0,5.930268287658691
1346,15.0,2.462160110473633
1347,3.0,0.7887191772460938
1348,0.0,0.05885601043701172
1349,0.0,-0.1128082275390625
1350,0.0,-0.17793560028076172
1351,0.0,-0.22002792358398438
1352,0.0,-0.2523059844970703
1353,0.0,-0.20836448669433594
1354,0.0,-0.19489669799804688
1355,0.0,-0.03382396697998047
1356,0.0,0.1435089111328125
1357,0.0,0.3173027038574219
1358,0.0,0.4096651077270508
1359,0.0,0.4439258575439453
1360,0.0,0.4606962203979492
1361,0.0,0.46215343475341797
1362,0.0,0.44323253631591797
1363,0.0,0.42754459381103516
1364,0.0,0.40007495880126953
1365,0.0,0.37456703186035156
1366,0.0,0.44821739196777344
1367,0.0,0.44387054443359375
1368,0.0,0.41313838958740234
1369,0.0,0.4030418395996094
1370,0.0,0.35010719299316406
1371,0.0,0.31830883026123047
1372,0.0,0.30034923553466797
1373,0.0,0.5839948654174805
1374,0.0,0.40603065490722656
1375,0.0,0.3136882781982422
1376,0.0,0.20034408569335938
1377,0.0,0.038269996643066406
1378,0.0,-0.018604278564453125
1379,0.0,0.055744171142578125
1380,0.0,0.1737070083618164
1381,0.0,0.27924442291259766
1382,0.0,0.36268138885498047
1383,0.0,0.3951444625854492
1384,0.0,0.4605541229248047
1385,0.0,0.5392951965332031
1386,0.0,0.5073814392089844
1387,0.0,0.38013458251953125
1388,0.0,0.2500438690185547
1389,0.0,0.06745338439941406
1390,0.0,0.13105201721191406
1391,0.0,0.20392990112304688
1392,0.0,0.30609703063964844
1393,0.0,0.3810396194458008
1394,0.0,0.5018777847290039
1395,0.0,0.5893945693969727
1396,0.0,0.6848201751708984
1397,0.0,0.8214406967163086
1398,0.0,0.9520759582519531
1399,0.0,0.9581851959228516
1400,0.0,0.9568367004394531
1401,0.0,1.0504474639892578
1402,0.0,1.5148344039916992
1403,0.0,2.099100112915039
1404,1.0,2.8409910202026367
1405,3.0,3.7421064376831055
1406,9.0,5.171877861022949
1407,21.0,7.34109354019165
1408,38.0,10.568672180175781
1409,21.0,14.913341522216797
1410,22.0,19.825641632080078
1411,46.0,25.3494815826416
1412,44.0,33.709022521972656
1413,54.0,50.657142639160156
1414,72.0,69.09284210205078
1415,64.0,82.48688507080078
1416,80.0,92.23052215576172
1417,67.0,101.4333724975586
1418,51.0,108.37232971191406
1419,132.0,115.57263946533203
1420,227.0,124.2091064453125
1421,150.0,134.28060913085938
1422,161.0,140.8212432861328
1423,149.0,144.321533203125
1424,157.0,146.26708984375
1425,131.0,152.36073303222656
1426,148.0,156.18630981445312
1427,154.0,157.36993408203125
1428,179.0,152.81381225585938
1429,182.0,142.08151245117188
1430,190.0,127.01202392578125
1431,174.0,109.52284240722656
1432,139.0,91.46495819091797
1433,105.0,76.168701171875
1434,106.0,64.10952758789062
1435,93.0,53.571693420410156
1436,68.0,42.65545654296875
1437,55.0,31.87982177734375
1438,36.0,23.9760799407959
1439,24.0,12.558420181274414
1440,9.0,2.4944400787353516
1441,5.0,0.9330863952636719
1442,4.0,0.4389162063598633
1443,1.0,0.2786703109741211
1444,0.0,0.21756935119628906
1445,0.0,0.29192447662353516
1446,0.0,0.3322124481201172
1447,0.0,0.366485595703125
1448,0.0,0.3839864730834961
1449,0.0,0.43616771697998047
1450,0.0,0.42841529846191406
1451,0.0,0.4318885803222656
1452,0.0,0.4280233383178711
1453,0.0,0.44655799865722656
1454,0.0,0.42699432373046875
1455,0.0,0.42638397216796875
1456,0.0,0.42688465118408203
1457,0.0,0.4556694030761719
1458,0.0,0.5417985916137695
1459,0.0,0.5997648239135742
1460,0.0,0.6510963439941406
1461,0.0,0.7013587951660156
1462,0.0,0.6535320281982422
1463,0.0,0.6051950454711914
1464,0.0,0.5556621551513672
1465,0.0,0.4981660842895508
1466,0.0,0.540562629699707
1467,0.0,0.5496578216552734
1468,0.0,0.5584897994995117
1469,0.0,0.16857242584228516
1470,0.0,-0.2107248306274414
1471,0.0,-0.4806070327758789
1472,0.0,-0.6228771209716797
1473,0.0,-0.740443229675293
1474,0.0,-0.7740306854248047
1475,0.0,-0.796055793762207
1476,0.0,-0.8038339614868164
1477,0.0,-0.8854007720947266
1478,0.0,-0.8915224075317383
1479,0.0,-0.9182853698730469
1480,0.0,-1.0153732299804688
1481,0.0,-1.1872119903564453
1482,0.0,-1.3216753005981445
1483,0.0,-1.4662847518920898
1484,0.0,-1.5830726623535156
1485,0.0,-1.639719009399414
1486,0.0,-1.6776008605957031
1487,0.0,-1.7255401611328125
1488,0.0,-1.7738332748413086
1489,0.0,-1.6839675903320312
1490,0.0,-1.6646747589111328
1491,0.0,-1.660029411315918
1492,0.0,-1.6709308624267578
1493,0.0,-1.37322998046875
1494,0.0,-1.2797698974609375
1495,0.0,-1.246922492980957
1496,0.0,-1.2320213317871094
1497,0.0,-0.42247772216796875
1498,0.0,1.4897346496582031
1499,0.0,5.174202919006348
1500,0.0,11.48438835144043
1501,1.0,20.71680450439453
1502,8.0,34.13643264770508
1503,23.0,48.35762023925781
1504,37.0,59.296913146972656
1505,45.0,64.70999908447266
1506,50.0,67.78567504882812
1507,54.0,69.51643371582031
1508,58.0,70.83248901367188
1509,62.0,71.76079559326172
1510,64.0,72.8376235961914
1511,67.0,74.7273178100586
1512,70.0,77.48519897460938
1513,72.0,79.89662170410156
1514,74.0,82.39746856689453
1515,75.0,84.86083984375
1516,76.0,87.4858627319336
1517,76.0,89.59613037109375
1518,76.0,91.21539306640625
1519,75.0,92.51009368896484
1520,74.0,93.69253540039062
1521,73.0,93.85629272460938
1522,73.0,93.38278198242188
1523,72.0,92.81845092773438
1524,70.0,91.97242736816406
1525,68.0,90.05192565917969
1526,66.0,87.27522277832031
1527,63.0,84.2608871459961
1528,62.0,80.16065979003906
1529,59.0,76.74645233154297
1530,55.0,71.4177474975586
1531,52.0,63.710487365722656
1532,47.0,52.321502685546875
1533,43.0,42.40955352783203
1534,36.0,32.17808532714844
1535,29.0,17.796594619750977
1536,22.0,7.641665935516357
1537,11.0,4.797263145446777
1538,1.0,2.8893213272094727
1539,0.0,1.3885383605957031
1540,0.0,0.4662189483642578
1541,0.0,0.10360908508300781
1542,0.0,-0.12085247039794922
1543,0.0,-0.23083114624023438
1544,0.0,-0.30277061462402344
1545,0.0,-0.27230358123779297
1546,0.0,-0.24896240234375
1547,0.0,-0.2256336212158203
1548,0.0,-0.19997310638427734
1549,0.0,-0.13920021057128906
1550,0.0,-0.0926055908203125
1551,0.0,-0.08259105682373047
1552,0.0,-0.06527137756347656
1553,0.0,-0.0387115478515625
1554,0.0,-0.07624626159667969
1555,0.0,0.05039691925048828
1556,0.0,0.19184494018554688
1557,0.0,0.3630533218383789
1558,0.0,0.4053478240966797
1559,0.0,0.40711307525634766
1560,0.0,0.4269733428955078
1561,0.0,0.4539346694946289
1562,0.0,0.48274993896484375
1563,0.0,0.4930124282836914
1564,0.0,0.5005455017089844
1565,0.0,1.0433692932128906
1566,0.0,0.9728097915649414
1567,0.0,0.938873291015625
1568,0.0,0.9021759033203125
1569,0.0,0.8713397979736328
1570,0.0,0.9016122817993164
1571,0.0,0.9024133682250977
1572,0.0,0.8736362457275391
1573,0.0,0.7990598678588867
1574,0.0,0.7688808441162109
1575,0.0,0.7397899627685547
1576,0.0,0.7232284545898438
1577,0.0,0.680506706237793
1578,0.0,0.7336673736572266
1579,0.0,0.7373552322387695
1580,0.0,0.6806926727294922
1581,0.0,0.4182453155517578
1582,0.0,0.22590255737304688
1583,0.0,0.15119075775146484
1584,0.0,0.16079139709472656
1585,0.0,0.08596611022949219
1586,0.0,0.12911415100097656
1587,0.0,0.1785449981689453
1588,0.0,0.24967384338378906
1589,0.0,0.20237159729003906
1590,0.0,0.25158119201660156
1591,0.0,0.29403209686279297
1592,0.0,0.35175418853759766
1593,0.0,0.3643465042114258
1594,0.0,0.9193258285522461
1595,0.0,2.238266944885254
1596,0.0,4.102940082550049
1597,0.0,6.21549654006958
1598,0.0,8.574682235717773
1599,2.0,11.023612976074219
1600,7.0,13.64033317565918
1601,8.0,16.535228729248047
1602,56.0,20.86935043334961
1603,85.0,26.707561492919922
1604,111.0,34.09571075439453
1605,77.0,43.66690444946289
1606,60.0,56.553016662597656
1607,90.0,74.00021362304688
1608,114.0,95.53992462158203
1609,134.0,119.37857055664062
1610,163.0,137.5746612548828
1611,215.0,155.36231994628906
1612,240.0,172.4353485107422
1613,214.0,187.8399200439453
1614,207.0,198.5123748779297
1615,171.0,208.0732421875
1616,188.0,217.11715698242188
1617,258.0,225.0922088623047
1618,208.0,229.75726318359375
1619,185.0,233.0813751220703
1620,212.0,234.60340881347656
1621,201.0,235.70315551757812
1622,140.0,231.48692321777344
1623,142.0,217.90206909179688
1624,131.0,186.1223907470703
1625,153.0,147.15895080566406
1626,139.0,113.41267395019531
1627,123.0,81.34905242919922
1628,57.0,57.96019744873047
1629,33.0,38.0479850769043
1630,31.0,16.712629318237305
1631,29.0,2.299069404602051
1632,20.0,0.5516529083251953
1633,11.0,0.36318016052246094
1634,3.0,0.2781400680541992
1635,1.0,0.2545499801635742
1636,0.0,0.24089431762695312
1637,0.0,0.26520729064941406
1638,0.0,0.26740455627441406
1639,0.0,0.2689962387084961
1640,0.0,0.2658548355102539
1641,0.0,0.28113842010498047
1642,0.0,0.29804134368896484
1643,0.0,0.3198680877685547
1644,0.0,0.3358001708984375
1645,0.0,0.3624277114868164
1646,0.0,0.3581418991088867
1647,0.0,0.34792041778564453
1648,0.0,0.3293647766113281
1649,0.0,0.3157491683959961
1650,0.0,0.30606651306152344
1651,0.0,0.16812896728515625
1652,0.0,-0.03715324401855469
1653,0.0,-0.18893814086914062
1654,0.0,-0.2555694580078125
1655,0.0,-0.2623443603515625
1656,0.0,-0.2643852233886719
1657,0.0,-0.27718353271484375
1658,0.0,-0.27398204803466797
1659,0.0,-0.29193973541259766
1660,0.0,-0.2965240478515625
1661,0.0,-0.13680553436279297
1662,0.0,-0.12374019622802734
1663,0.0,-0.09700965881347656
1664,0.0,0.047847747802734375
1665,0.0,0.16632747650146484
1666,0.0,0.21543312072753906
1667,0.0,0.26270103454589844
1668,0.0,0.29109954833984375
1669,0.0,0.24720287322998047
1670,0.0,0.18040847778320312
1671,0.0,0.12031841278076172
1672,0.0,0.11269950866699219
1673,0.0,0.07974052429199219
1674,0.0,0.07740974426269531
1675,0.0,0.006863594055175781
1676,0.0,-0.03259468078613281
1677,0.0,-0.21614933013916016
1678,0.0,-0.3108673095703125
1679,0.0,-0.4209470748901367
1680,0.0,-0.4708271026611328
1681,0.0,-0.6892824172973633
1682,0.0,-0.7441673278808594
1683,0.0,-0.8116884231567383
1684,0.0,-0.8142232894897461
1685,0.0,-1.044346809387207
1686,0.0,-1.1511030197143555
1687,0.0,-1.27239990234375
1688,0.0,-1.3411731719970703
1689,0.0,-1.8341054916381836
1690,0.0,-2.187215805053711
1691,0.0,-2.1677703857421875
1692,0.0,2.937957763671875
1693,2.0,15.787273406982422
1694,9.0,32.901161193847656
1695,41.0,49.53675842285156
1696,64.0,62.15117645263672
1697,86.0,69.61712646484375
1698,103.0,73.92024993896484
1699,116.0,76.46855163574219
1700,127.0,77.49254608154297
1701,129.0,80.86724853515625
1702,130.0,86.4605484008789
1703,134.0,94.28894805908203
1704,140.0,102.99605560302734
1705,146.0,110.91130828857422
1706,142.0,116.71160888671875
1707,137.0,121.19027709960938
1708,133.0,124.07710266113281
1709,141.0,125.8653564453125
1710,158.0,124.91533660888672
1711,148.0,121.88057708740234
1712,135.0,117.26359558105469
1713,130.0,111.85708618164062
1714,124.0,106.04230499267578
1715,117.0,100.7519760131836
1716,114.0,95.81900787353516
1717,110.0,91.78045654296875
1718,107.0,87.49542999267578
1719,98.0,83.21675872802734
1720,86.0,77.651123046875
1721,78.0,71.02755737304688
1722,71.0,63.8995361328125
1723,66.0,56.392784118652344
1724,64.0,46.99945831298828
1725,59.0,38.96002197265625
1726,54.0,29.681673049926758
1727,46.0,17.76926612854004
1728,35.0,7.915776252746582
1729,24.0,4.74199914932251
1730,7.0,2.3883981704711914
1731,1.0,0.8259401321411133
1732,1.0,0.044661521911621094
1733,0.0,-0.15921974182128906
1734,0.0,-0.24440479278564453
1735,0.0,-0.24135971069335938
1736,0.0,-0.20288753509521484
1737,0.0,-0.06683349609375
1738,0.0,-0.04393196105957031
1739,0.0,-0.004894256591796875
1740,0.0,0.0017004013061523438
1741,0.0,0.05838775634765625
1742,0.0,0.08170032501220703
1743,0.0,0.10312747955322266
1744,0.0,0.1147928237915039
1745,0.0,0.1570749282836914
1746,0.0,0.1922283172607422
1747,0.0,0.21012496948242188
1748,0.0,0.22424793243408203
1749,0.0,0.23967933654785156
1750,0.0,0.24638748168945312
1751,0.0,0.24333858489990234
1752,0.0,0.23795604705810547
1753,0.0,0.21999359130859375
1754,0.0,0.2355327606201172
1755,0.0,0.22501564025878906
1756,0.0,0.23052406311035156
1757,0.0,0.5879173278808594
1758,0.0,0.48076820373535156
1759,0.0,0.43002891540527344
1760,0.0,0.4286479949951172
1761,0.0,0.3656024932861328
1762,0.0,0.30783843994140625
1763,0.0,0.2427968978881836
1764,0.0,0.2025442123413086
1765,0.0,0.10253524780273438
1766,0.0,-0.03154754638671875
1767,0.0,-0.2174396514892578
1768,0.0,-0.4580526351928711
1769,0.0,-0.7592849731445312
1770,0.0,-0.9032793045043945
1771,0.0,-0.9747295379638672
1772,0.0,-0.9928789138793945
1773,0.0,-1.0181798934936523
1774,0.0,-0.8355283737182617
1775,0.0,-0.527984619140625
1776,0.0,-0.18376731872558594
1777,0.0,0.10413074493408203
1778,0.0,0.39554500579833984
1779,0.0,0.6272029876708984
1780,0.0,0.8606967926025391
1781,0.0,0.9088077545166016
1782,0.0,0.9507036209106445
1783,0.0,0.987370491027832
1784,0.0,1.0267372131347656
1785,0.0,0.9012908935546875
1786,0.0,0.9480199813842773
1787,0.0,0.7542152404785156
1788,0.0,0.9956331253051758
1789,3.0,2.856485366821289
1790,7.0,7.146710395812988
1791,24.0,11.625816345214844
1792,38.0,15.088790893554688
1793,53.0,17.470674514770508
1794,79.0,19.183956146240234
1795,88.0,21.169097900390625
1796,103.0,24.073047637939453
1797,114.0,28.432056427001953
1798,139.0,32.761741638183594
1799,168.0,37.55706787109375
1800,156.0,43.143043518066406
1801,175.0,47.39768981933594
1802,183.0,48.817283630371094
1803,202.0,48.47901153564453
1804,210.0,45.37970733642578
1805,205.0,41.710121154785156
1806,244.0,55.58892822265625
1807,241.0,64.56736755371094
1808,195.0,56.77745819091797
1809,185.0,41.314544677734375
1810,174.0,27.836523056030273
1811,173.0,22.241865158081055
1812,168.0,20.152647018432617
1813,160.0,21.075498580932617
1814,150.0,22.10519027709961
1815,139.0,23.03792953491211
1816,132.0,24.014251708984375
1817,117.0,28.08518409729004
1818,102.0,30.571949005126953
1819,96.0,27.917760848999023
1820,80.0,20.94109344482422
1821,74.0,10.593257904052734
1822,50.0,3.2647533416748047
1823,31.0,1.0994834899902344
1824,20.0,0.44206905364990234
1825,7.0,0.31501102447509766
1826,2.0,0.20557212829589844
1827,0.0,0.05975055694580078
1828,0.0,-0.094573974609375
1829,0.0,-0.15506458282470703
1830,0.0,-0.2320270538330078
1831,0.0,-0.2667865753173828
1832,0.0,-0.31299686431884766
1833,0.0,-0.29824352264404297
1834,0.0,-0.30593013763427734
1835,0.0,-0.307769775390625
1836,0.0,-0.31251049041748047
1837,0.0,-0.2914400100708008
1838,0.0,-0.2698221206665039
1839,0.0,-0.2757692337036133
1840,0.0,-0.2766094207763672
1841,0.0,-0.2765035629272461
1842,0.0,-0.27440547943115234
1843,0.0,-0.2737703323364258
1844,0.0,-0.2667512893676758
1845,0.0,-0.27510929107666016
1846,0.0,-0.26813507080078125
1847,0.0,-0.2710542678833008
1848,0.0,-0.2618131637573242
1849,0.0,-0.27980899810791016
1850,0.0,-0.24760055541992188
1851,0.0,-0.2301473617553711
1852,0.0,-0.19103145599365234
1853,0.0,-0.0067806243896484375
1854,0.0,-0.022443771362304688
1855,0.0,-0.22627639770507812
1856,0.0,-0.2869386672973633
1857,0.0,-0.43160533905029297
1858,0.0,-0.5174922943115234
1859,0.0,-0.5941934585571289
1860,0.0,-0.6422224044799805
1861,0.0,-0.7398653030395508
1862,0.0,-0.8076171875
1863,0.0,-0.8780345916748047
1864,0.0,-0.9417228698730469
1865,0.0,-1.0568599700927734
1866,0.0,-1.1215505599975586
1867,0.0,-1.1996583938598633
1868,0.0,-1.2501182556152344
1869,0.0,-1.3394784927368164
1870,0.0,-1.3969287872314453
1871,0.0,-1.4516716003417969
1872,0.0,-1.4929170608520508
1873,0.0,-1.5462722778320312
1874,0.0,-1.5781736373901367
1875,0.0,-1.6019678115844727
1876,0.0,-1.6279125213623047
1877,0.0,-1.6623058319091797
1878,0.0,-1.665069580078125
1879,0.0,-1.6363868713378906
1880,0.0,-1.6041936874389648
1881,0.0,-1.6169357299804688
1882,0.0,-1.6840143203735352
1883,0.0,-1.3812828063964844
1884,1.0,0.1536121368408203
1885,5.0,4.2988386154174805
1886,13.0,10.851252555847168
1887,39.0,21.505081176757812
1888,51.0,35.83476257324219
1889,64.0,47.729225158691406
1890,74.0,54.39366149902344
1891,77.0,57.15727996826172
1892,83.0,58.01841735839844
1893,86.0,57.80885314941406
1894,91.0,57.40504455566406
1895,89.0,57.579345703125
1896,90.0,58.70573425292969
1897,93.0,60.24174499511719
1898,92.0,62.71940612792969
1899,95.0,66.83049774169922
1900,97.0,72.04146575927734
1901,97.0,75.00225830078125
1902,95.0,79.05712127685547
1903,96.0,83.03170013427734
1904,96.0,85.79595947265625
1905,95.0,87.70964050292969
1906,92.0,87.7682113647461
1907,91.0,87.42442321777344
1908,90.0,85.84664916992188
1909,88.0,83.33749389648438
1910,86.0,80.02007293701172
1911,85.0,76.8857421875
1912,82.0,73.09220123291016
1913,75.0,75.15814208984375
1914,70.0,76.1850814819336
1915,59.0,75.42867279052734
1916,53.0,69.72016906738281
1917,54.0,57.854896545410156
1918,52.0,43.950103759765625
1919,49.0,33.105384826660156
1920,38.0,14.870216369628906
1921,23.0,5.061063289642334
1922,6.0,1.426560401916504
1923,1.0,0.32915687561035156
1924,0.0,0.0037288665771484375
1925,0.0,0.04376983642578125
1926,0.0,0.03893756866455078
1927,0.0,0.045907020568847656
1928,0.0,0.04826641082763672
1929,0.0,0.11159992218017578
1930,0.0,0.12046527862548828
1931,0.0,0.12998580932617188
1932,0.0,0.124786376953125
1933,0.0,0.1739521026611328
1934,0.0,0.18435287475585938
1935,0.0,0.19393253326416016
1936,0.0,0.1897869110107422
1937,0.0,0.2203388214111328
1938,0.0,0.2272777557373047
1939,0.0,0.2350454330444336
1940,0.0,0.23477935791015625
1941,0.0,0.24973297119140625
1942,0.0,0.25998401641845703
1943,0.0,0.2545051574707031
1944,0.0,0.2565898895263672
1945,0.0,0.2510652542114258
1946,0.0,0.25943660736083984
1947,0.0,0.2449951171875
1948,0.0,0.2402973175048828
1949,0.0,0.6166009902954102
1950,0.0,0.5434713363647461
1951,0.0,0.5080070495605469
1952,0.0,0.4873924255371094
1953,0.0,0.4313850402832031
1954,0.0,0.37130069732666016
1955,0.0,0.33112049102783203
1956,0.0,0.3154487609863281
1957,0.0,0.26628971099853516
1958,0.0,0.25169849395751953
1959,0.0,0.2324056625366211
1960,0.0,0.2284231185913086
1961,0.0,0.16755199432373047
1962,0.0,0.1473531723022461
1963,0.0,0.11843109130859375
1964,0.0,0.10417842864990234
1965,0.0,0.022256851196289062
1966,0.0,-0.02910900115966797
1967,0.0,-0.07400703430175781
1968,0.0,-0.08863639831542969
1969,0.0,-0.17089557647705078
1970,0.0,-0.24826812744140625
1971,0.0,-0.29799938201904297
1972,0.0,-0.31883811950683594
1973,0.0,-0.5262050628662109
1974,0.0,-0.56353759765625
1975,0.0,-0.5539035797119141
1976,0.0,-0.49182605743408203
1977,0.0,-0.804774284362793
1978,0.0,-1.0400581359863281
1979,0.0,-1.2275466918945312
1980,1.0,-0.6154088973999023
1981,0.0,2.144327163696289
1982,2.0,9.9396390914917
1983,3.0,21.70975112915039
1984,6.0,34.34114074707031
1985,8.0,55.362579345703125
1986,9.0,82.90292358398438
1987,12.0,113.0270004272461
1988,40.0,141.92604064941406
1989,44.0,168.17166137695312
1990,54.0,187.17059326171875
1991,57.0,201.7267608642578
1992,58.0,213.01992797851562
1993,61.0,220.39320373535156
1994,60.0,220.7796173095703
1995,74.0,217.41673278808594
1996,100.0,212.97116088867188
1997,124.0,207.7501983642578
1998,123.0,200.81912231445312
1999,107.0,195.07540893554688
2000,111.0,191.07546997070312
2001,114.0,188.0236358642578
2002,112.0,186.3769073486328
2003,104.0,186.1232452392578
2004,106.0,185.87757873535156
2005,87.0,182.03028869628906
2006,70.0,169.88304138183594
2007,67.0,154.29237365722656
2008,63.0,139.0851287841797
2009,53.0,117.11746978759766
2010,36.0,91.4924545288086
2011,37.0,69.87417602539062
2012,38.0,52.69438171386719
2013,31.0,31.58812141418457
2014,22.0,7.290281295776367
2015,15.0,0.9646968841552734
2016,5.0,0.32216453552246094
2017,2.0,0.2885169982910156
2018,1.0,0.2622537612915039
2019,0.0,0.2615480422973633
2020,0.0,0.2624988555908203
2021,0.0,0.3016033172607422
2022,0.0,0.3184833526611328
2023,0.0,0.3302621841430664
2024,0.0,0.3357400894165039
2025,0.0,0.35771751403808594
2026,0.0,0.37433338165283203
2027,0.0,0.3832578659057617
2028,0.0,0.3881416320800781
2029,0.0,0.40143489837646484
2030,0.0,0.4090108871459961
2031,0.0,0.4129457473754883
2032,0.0,0.41283226013183594
2033,0.0,0.41425418853759766
2034,0.0,0.4137306213378906
2035,0.0,0.4104738235473633
2036,0.0,0.40509605407714844
2037,0.0,0.39718055725097656
2038,0.0,0.39615821838378906
2039,0.0,0.39356327056884766
2040,0.0,0.3908567428588867
2041,0.0,0.38274669647216797
2042,0.0,0.40328216552734375
2043,0.0,0.42514705657958984
2044,0.0,0.44688987731933594
2045,0.0,0.8543272018432617
2046,0.0,0.8711404800415039
2047,0.0,0.8742275238037109
2048,0.0,0.8878202438354492
2049,0.0,0.9644269943237305
2050,0.0,0.9449310302734375
2051,0.0,0.9315156936645508
2052,0.0,0.9146337509155273
2053,0.0,0.9422369003295898
2054,0.0,0.9199666976928711
2055,0.0,0.9006986618041992
2056,0.0,0.8917474746704102
2057,0.0,0.8997201919555664
2058,0.0,0.8830623626708984
2059,0.0,0.8649663925170898
2060,0.0,0.8565950393676758
2061,0.0,0.8175191879272461
2062,0.0,0.8132257461547852
2063,0.0,0.8034753799438477
2064,0.0,0.8087234497070312
2065,0.0,0.7442951202392578
2066,0.0,0.7603464126586914
2067,0.0,0.7606697082519531
2068,0.0,0.7766017913818359
2069,0.0,0.6824989318847656
2070,0.0,0.7114028930664062
2071,0.0,0.7359933853149414
2072,0.0,0.7751741409301758
2073,0.0,0.6714668273925781
2074,0.0,0.6780710220336914
2075,0.0,0.6764459609985352
2076,0.0,0.7768306732177734
2077,0.0,1.0922975540161133
2078,0.0,2.1667003631591797
2079,0.0,4.506467342376709
2080,0.0,7.982264518737793
2081,0.0,11.791777610778809
2082,5.0,14.919421195983887
2083,6.0,17.441726684570312
2084,8.0,19.830276489257812
2085,11.0,22.919677734375
2086,29.0,25.746620178222656
2087,31.0,28.241262435913086
2088,38.0,30.24553108215332
2089,44.0,32.03313446044922
2090,49.0,31.12093734741211
2091,47.0,26.90102767944336
2092,59.0,21.530410766601562
2093,66.0,18.287973403930664
2094,73.0,15.74322509765625
2095,84.0,14.153528213500977
2096,89.0,13.368173599243164
2097,104.0,13.52453327178955
2098,124.0,13.44982624053955
2099,123.0,13.285667419433594
2100,134.0,13.107843399047852
2101,146.0,14.213727951049805
2102,139.0,15.742773056030273
2103,124.0,17.019058227539062
2104,112.0,18.078655242919922
2105,98.0,20.631668090820312
2106,86.0,24.512027740478516
2107,67.0,28.0372371673584
2108,52.0,24.47667694091797
2109,36.0,13.408540725708008
2110,26.0,3.720365524291992
2111,12.0,1.1425199508666992
2112,1.0,0.45294666290283203
2113,0.0,0.3118772506713867
2114,0.0,0.2648782730102539
2115,0.0,0.25104713439941406
2116,0.0,0.24727630615234375
2117,0.0,0.2931203842163086
2118,0.0,0.30667972564697266
2119,0.0,0.3113517761230469
2120,0.0,0.31070613861083984
2121,0.0,0.3303947448730469
2122,0.0,0.34186649322509766
2123,0.0,0.3448638916015625
2124,0.0,0.34291744232177734
2125,0.0,0.3522653579711914
2126,0.0,0.3704071044921875
2127,0.0,0.382476806640625
2128,0.0,0.3893108367919922
2129,0.0,0.4000682830810547
2130,0.0,0.41670703887939453
2131,0.0,0.4236469268798828
2132,0.0,0.4295034408569336
2133,0.0,0.4337472915649414
2134,0.0,0.44378185272216797
2135,0.0,0.44767189025878906
2136,0.0,0.45111942291259766
2137,0.0,0.4500131607055664
2138,0.0,0.4521160125732422
2139,0.0,0.44959068298339844
2140,0.0,0.44834423065185547
2141,0.0,0.8561840057373047
2142,0.0,0.9108924865722656
2143,0.0,0.887603759765625
2144,0.0,0.8739852905273438
2145,0.0,0.9157943725585938
2146,0.0,0.9093561172485352
2147,0.0,0.9035873413085938
2148,0.0,0.8990974426269531
2149,0.0,0.9367351531982422
2150,0.0,0.9067401885986328
2151,0.0,0.8853359222412109
2152,0.0,0.8733177185058594
2153,0.0,0.8734502792358398
2154,0.0,0.8534517288208008
2155,0.0,0.8288211822509766
2156,0.0,0.8118104934692383
2157,0.0,0.7529735565185547
2158,0.0,0.7380561828613281
2159,0.0,0.7240495681762695
2160,0.0,0.7250528335571289
2161,0.0,0.6472787857055664
2162,0.0,0.6692953109741211
2163,0.0,0.6677036285400391
2164,0.0,0.6819324493408203
2165,0.0,0.5797290802001953
2166,0.0,0.5985012054443359
2167,0.0,0.6192817687988281
2168,0.0,0.6457319259643555
2169,0.0,0.5508298873901367
2170,0.0,0.5862627029418945
2171,0.0,0.700984001159668
2172,0.0,1.017594337463379
2173,0.0,1.7952251434326172
2174,0.0,3.239330291748047
2175,0.0,5.995230197906494
2176,4.0,10.335281372070312
2177,8.0,15.606104850769043
2178,26.0,22.661346435546875
2179,40.0,36.47153091430664
2180,47.0,57.303619384765625
2181,57.0,79.04383850097656
2182,62.0,95.86631774902344
2183,94.0,107.49491119384766
2184,110.0,116.44625091552734
2185,135.0,127.08212280273438
2186,106.0,141.353759765625
2187,145.0,159.11680603027344
2188,154.0,174.192138671875
2189,148.0,179.1870574951172
2190,136.0,172.6938018798828
2191,159.0,161.8466033935547
2192,179.0,150.5924835205078
2193,168.0,142.20970153808594
2194,134.0,135.68167114257812
2195,86.0,129.83619689941406
2196,93.0,124.43766784667969
2197,99.0,118.7219009399414
2198,98.0,111.77254486083984
2199,89.0,105.49386596679688
2200,77.0,99.34558868408203
2201,72.0,94.01521301269531
2202,66.0,87.05060577392578
2203,60.0,78.25491333007812
2204,49.0,66.62120056152344
2205,40.0,49.14418029785156
2206,28.0,34.555580139160156
2207,21.0,15.958396911621094
2208,9.0,2.8877058029174805
2209,2.0,0.8527135848999023
2210,0.0,0.0836343765258789
2211,0.0,-0.23322200775146484
2212,0.0,-0.3789682388305664
2213,0.0,-0.37035083770751953
2214,0.0,-0.3975830078125
2215,0.0,-0.4205942153930664
2216,0.0,-0.441925048828125
2217,0.0,-0.4170694351196289
2218,0.0,-0.40060901641845703
2219,0.0,-0.3715400695800781
2220,0.0,-0.3395423889160156
2221,0.0,-0.2770423889160156
2222,0.0,-0.25060081481933594
2223,0.0,-0.25607776641845703
2224,0.0,-0.2690248489379883
2225,0.0,-0.28519344329833984
2226,0.0,-0.2763948440551758
2227,0.0,-0.27934741973876953
2228,0.0,-0.2736797332763672
2229,0.0,-0.28555774688720703
2230,0.0,-0.2611970901489258
2231,0.0,-0.25739574432373047
2232,0.0,-0.24198055267333984
2233,0.0,-0.25975990295410156
2234,0.0,-0.2599611282348633
2235,0.0,-0.28491783142089844
2236,0.0,-0.29544830322265625
2237,0.0,-0.27762413024902344
2238,0.0,-0.40892887115478516
2239,0.0,-0.5186624526977539
2240,0.0,-0.5000057220458984
2241,0.0,-0.5389690399169922
2242,0.0,-0.5621976852416992
2243,0.0,-0.5940847396850586
2244,0.0,-0.600921630859375
2245,0.0,-0.6209754943847656
2246,0.0,-0.6502046585083008
2247,0.0,-0.6845989227294922
2248,0.0,-0.7046098709106445
2249,0.0,-0.7327966690063477
2250,0.0,-0.8108930587768555
2251,0.0,-0.8839178085327148
2252,0.0,-0.9392032623291016
2253,0.0,-1.0133094787597656
2254,0.0,-1.0973119735717773
2255,0.0,-1.1744518280029297
2256,0.0,-1.2346878051757812
2257,0.0,-1.299764633178711
2258,0.0,-1.2794380187988281
2259,0.0,-1.244217872619629
2260,0.0,-1.1556940078735352
2261,0.0,-1.235579490661621
2262,0.0,-1.280900001525879
2263,0.0,-1.2775697708129883
2264,0.0,-1.253499984741211
2265,0.0,-1.5782709121704102
2266,0.0,-1.8042182922363281
2267,0.0,-2.207345962524414
2268,0.0,-2.337100028991699
2269,0.0,-1.379796028137207
2270,2.0,4.449953556060791
2271,19.0,14.320673942565918
2272,44.0,21.280839920043945
2273,48.0,30.259719848632812
2274,64.0,42.53435516357422
2275,79.0,63.347450256347656
2276,102.0,89.97047424316406
2277,108.0,121.271484375
2278,112.0,141.2808837890625
2279,126.0,150.71102905273438
2280,107.0,157.2338104248047
2281,125.0,157.1575164794922
2282,135.0,156.5287322998047
2283,127.0,153.9020233154297
2284,120.0,148.96458435058594
2285,114.0,145.241943359375
2286,123.0,140.10501098632812
2287,128.0,134.554931640625
2288,125.0,129.1741485595703
2289,112.0,124.69406127929688
2290,106.0,119.49175262451172
2291,92.0,113.13375091552734
2292,82.0,106.61335754394531
2293,77.0,99.63095092773438
2294,68.0,91.93685913085938
2295,54.0,85.80399322509766
2296,59.0,79.90518188476562
2297,72.0,73.28845977783203
2298,62.0,65.74705505371094
2299,53.0,56.296295166015625
2300,43.0,43.43885803222656
2301,34.0,36.03084182739258
2302,19.0,29.044631958007812
2303,11.0,18.501380920410156
2304,5.0,6.8589019775390625
2305,1.0,3.806457996368408
2306,0.0,1.7227201461791992
2307,0.0,0.5287485122680664
2308,0.0,-0.035404205322265625
2309,0.0,-0.1318216323852539
2310,0.0,-0.21600818634033203
2311,0.0,-0.25307273864746094
2312,0.0,-0.2772359848022461
2313,0.0,-0.2610130310058594
2314,0.0,-0.25940895080566406
2315,0.0,-0.26022911071777344
2316,0.0,-0.26348304748535156
2317,0.0,-0.26001644134521484
2318,0.0,-0.2541618347167969
2319,0.0,-0.26389122009277344
2320,0.0,-0.2764244079589844
2321,0.0,-0.29675769805908203
2322,0.0,-0.2914714813232422
2323,0.0,-0.3071451187133789
2324,0.0,-0.31946754455566406
2325,0.0,-0.3532218933105469
2326,0.0,-0.34595298767089844
2327,0.0,-0.3610563278198242
2328,0.0,-0.36493682861328125
2329,0.0,-0.4101896286010742
2330,0.0,-0.41033172607421875
2331,0.0,-0.4341888427734375
2332,0.0,-0.4411439895629883
2333,0.0,-0.4696998596191406
2334,0.0,-0.5429229736328125
2335,0.0,-0.6741762161254883
2336,0.0,-0.6634225845336914
2337,0.0,-0.7082700729370117
2338,0.0,-0.7865982055664062
2339,0.0,-0.8273143768310547
2340,0.0,-0.8428487777709961
2341,0.0,-0.8863897323608398
2342,0.0,-0.9337434768676758
2343,0.0,-1.000248908996582
2344,0.0,-1.0583572387695312
2345,0.0,-1.1305351257324219
2346,0.0,-1.2182960510253906
2347,0.0,-1.291299819946289
2348,0.0,-1.349287986755371
2349,0.0,-1.3662872314453125
2350,0.0,-1.416783332824707
2351,0.0,-1.4557600021362305
2352,0.0,-1.4925212860107422
2353,0.0,-1.4353132247924805
2354,0.0,-1.4802350997924805
2355,0.0,-1.5408411026000977
2356,0.0,-1.6173200607299805
2357,0.0,-1.6473922729492188
2358,0.0,-1.7689199447631836
2359,0.0,-1.8506860733032227
2360,0.0,-1.8868227005004883
2361,0.0,-2.0300779342651367
2362,0.0,-2.1235427856445312
2363,0.0,-2.340923309326172
2364,0.0,-2.4823970794677734
2365,0.0,-1.2131938934326172
2366,2.0,1.848038673400879
2367,7.0,6.4230146408081055
2368,26.0,13.261653900146484
2369,48.0,22.942005157470703
2370,60.0,31.51382064819336
2371,68.0,36.82008361816406
2372,74.0,39.69335174560547
2373,76.0,42.48198699951172
2374,78.0,45.30488586425781
2375,80.0,48.35450744628906
2376,82.0,52.76994323730469
2377,83.0,59.019561767578125
2378,85.0,65.17037963867188
2379,85.0,72.46858215332031
2380,86.0,83.66398620605469
2381,85.0,93.74339294433594
2382,85.0,98.5636978149414
2383,85.0,100.55200958251953
2384,86.0,99.53569030761719
2385,85.0,97.21094512939453
2386,84.0,94.3578109741211
2387,81.0,90.91661071777344
2388,80.0,85.11114501953125
2389,77.0,78.58354949951172
2390,75.0,71.61837768554688
2391,72.0,64.81434631347656
2392,68.0,56.50679016113281
2393,63.0,50.662010192871094
2394,59.0,44.947166442871094
2395,53.0,39.93214416503906
2396,47.0,34.54164123535156
2397,40.0,28.372314453125
2398,32.0,18.590116500854492
2399,23.0,9.215448379516602
2400,13.0,4.320568084716797
2401,1.0,2.314223289489746
2402,0.0,0.8647575378417969
2403,0.0,-0.011925697326660156
2404,0.0,-0.42875003814697266
2405,0.0,-0.48421669006347656
2406,0.0,-0.5670757293701172
2407,0.0,-0.5275239944458008
2408,0.0,-0.39510631561279297
2409,0.0,-0.13782501220703125
2410,0.0,0.0634450912475586
2411,0.0,0.18706035614013672
2412,0.0,0.2961854934692383
2413,0.0,0.4093770980834961
2414,0.0,0.47087764739990234
2415,0.0,0.4777183532714844
2416,0.0,0.4925670623779297
2417,0.0,0.5149049758911133
2418,0.0,0.5395727157592773
2419,0.0,0.5374021530151367
2420,0.0,0.5395011901855469
2421,0.0,0.5485467910766602
2422,0.0,0.5523157119750977
2423,0.0,0.5421714782714844
2424,0.0,0.535456657409668
2425,0.0,0.5342702865600586
2426,0.0,0.5396766662597656
2427,0.0,0.5311317443847656
2428,0.0,0.5275077819824219
2429,0.0,1.117487907409668
2430,0.0,1.212076187133789
2431,0.0,1.1732463836669922
2432,0.0,1.1407403945922852
2433,0.0,1.175257682800293
2434,0.0,1.1633787155151367
2435,0.0,1.1564207077026367
2436,0.0,1.1542081832885742
2437,0.0,1.2132282257080078
2438,0.0,1.161726951599121
2439,0.0,1.1336212158203125
2440,0.0,1.1094694137573242
2441,0.0,1.1121644973754883
2442,0.0,1.110917091369629
2443,0.0,1.1141653060913086
2444,0.0,1.1270618438720703
2445,0.0,1.1341590881347656
2446,0.0,1.1417560577392578
2447,0.0,1.1489982604980469
2448,0.0,1.164449691772461
2449,0.0,1.1326017379760742
2450,0.0,1.0175704956054688
2451,0.0,0.8414630889892578
2452,0.0,0.7450284957885742
2453,0.0,0.6386184692382812
2454,0.0,0.7767181396484375
2455,0.0,0.9966554641723633
2456,0.0,1.1802043914794922
2457,0.0,1.3057575225830078
2458,0.0,1.5365076065063477
2459,0.0,1.9917411804199219
2460,0.0,2.8375606536865234
2461,0.0,4.576579570770264
2462,0.0,7.394089221954346
2463,1.0,11.139239311218262
2464,1.0,15.018587112426758
2465,3.0,18.493276596069336
2466,5.0,20.947540283203125
2467,7.0,22.846317291259766
2468,8.0,24.529085159301758
2469,17.0,26.434452056884766
2470,31.0,28.030616760253906
2471,64.0,29.551841735839844
2472,69.0,31.20821189880371
2473,66.0,33.83509063720703
2474,68.0,35.933876037597656
2475,72.0,37.541229248046875
2476,77.0,38.4118766784668
2477,64.0,38.89525604248047
2478,72.0,36.66401672363281
2479,84.0,32.14100646972656
2480,84.0,26.595325469970703
2481,66.0,22.73902130126953
2482,67.0,22.48373031616211
2483,59.0,23.286109924316406
2484,55.0,24.289146423339844
2485,63.0,26.502368927001953
2486,44.0,27.67656135559082
2487,42.0,28.072147369384766
2488,39.0,27.521865844726562
2489,27.0,26.74201011657715
2490,22.0,24.68370246887207
2491,18.0,22.197837829589844
2492,15.0,18.35112762451172
2493,12.0,10.916333198547363
2494,4.0,4.004049777984619
2495,2.0,1.7128429412841797
2496,0.0,1.080021858215332
2497,0.0,0.8710899353027344
2498,0.0,0.7680263519287109
2499,0.0,0.7277593612670898
2500,0.0,0.7048940658569336
2501,0.0,0.6874332427978516
2502,0.0,0.6300563812255859
2503,0.0,0.5606861114501953
2504,0.0,0.48446178436279297
2505,0.0,0.4017305374145508
2506,0.0,0.37352752685546875
2507,0.0,0.3602180480957031
2508,0.0,0.34799671173095703
2509,0.0,0.36923789978027344
2510,0.0,0.376068115234375
2511,0.0,0.3842792510986328
2512,0.0,0.39000797271728516
2513,0.0,0.4238872528076172
2514,0.0,0.42069339752197266
2515,0.0,0.42172908782958984
2516,0.0,0.4219331741333008
2517,0.0,0.44428443908691406
2518,0.0,0.4439878463745117
2519,0.0,0.4455881118774414
2520,0.0,0.4508247375488281
2521,0.0,0.48067569732666016
2522,0.0,0.47540760040283203
2523,0.0,0.48413562774658203
2524,0.0,0.49164772033691406
2525,0.0,1.0278053283691406
2526,0.0,0.8870372772216797
2527,0.0,0.8239812850952148
2528,0.0,0.7028026580810547
2529,0.0,0.5590085983276367
2530,0.0,0.3438682556152344
2531,0.0,0.06678199768066406
2532,0.0,-0.2001628875732422
2533,0.0,-0.4848031997680664
2534,0.0,-0.6355695724487305
2535,0.0,-0.7064132690429688
2536,0.0,-0.7369279861450195
2537,0.0,-0.8138093948364258
2538,0.0,-0.8549880981445312
2539,0.0,-0.9237804412841797
2540,0.0,-0.9564104080200195
2541,0.0,-1.0830574035644531
2542,0.0,-1.1390094757080078
2543,0.0,-1.2111663818359375
2544,0.0,-1.2538251876831055
2545,0.0,-1.4266986846923828
2546,0.0,-1.4406652450561523
2547,0.0,-1.4318161010742188
2548,0.0,-1.4051847457885742
2549,0.0,-1.5350074768066406
2550,0.0,-1.5706415176391602
2551,0.0,-1.5933723449707031
2552,0.0,-1.558180809020996
2553,0.0,-1.7235441207885742
2554,0.0,-1.470423698425293
2555,0.0,-1.0065603256225586
2556,0.0,0.613184928894043
2557,0.0,3.663100242614746
2558,0.0,9.169418334960938
2559,0.0,15.706690788269043
2560,4.0,21.207292556762695
2561,9.0,23.58574676513672
2562,36.0,24.736862182617188
2563,50.0,25.169103622436523
2564,68.0,25.288501739501953
2565,68.0,25.635332107543945
2566,70.0,25.776031494140625
2567,67.0,26.397663116455078
2568,61.0,29.286670684814453
2569,67.0,45.32506561279297
2570,67.0,65.78008270263672
2571,70.0,79.2871322631836
2572,67.0,83.4063949584961
2573,77.0,85.02427673339844
2574,82.0,83.2545394897461
2575,71.0,83.69186401367188
2576,76.0,87.6314926147461
2577,78.0,95.21366119384766
2578,67.0,97.37532043457031
2579,58.0,96.12801361083984
2580,54.0,94.0994873046875
2581,48.0,91.96253967285156
2582,51.0,88.2497329711914
2583,43.0,84.31993103027344
2584,34.0,78.75007629394531
2585,27.0,71.44232940673828
2586,24.0,62.15760040283203
2587,20.0,50.80133056640625
2588,8.0,36.446495056152344
2589,3.0,23.996047973632812
2590,0.0,9.43531608581543
2591,0.0,2.386439323425293
2592,0.0,0.7396574020385742
2593,0.0,0.4557476043701172
2594,0.0,0.32862281799316406
2595,0.0,0.26918983459472656
2596,0.0,0.23267173767089844
2597,0.0,0.257232666015625
2598,0.0,0.2818584442138672
2599,0.0,0.3017387390136719
2600,0.0,0.30992889404296875
2601,0.0,0.33815574645996094
2602,0.0,0.3751983642578125
2603,0.0,0.38867664337158203
2604,0.0,0.4008169174194336
2605,0.0,0.42200756072998047
2606,0.0,0.43518924713134766
2607,0.0,0.43666934967041016
2608,0.0,0.43436717987060547
2609,0.0,0.4347991943359375
2610,0.0,0.461334228515625
2611,0.0,0.4699897766113281
2612,0.0,0.4714040756225586
2613,0.0,0.47223472595214844
2614,0.0,0.5040397644042969
2615,0.0,0.512904167175293
2616,0.0,0.5210123062133789
2617,0.0,0.5239372253417969
2618,0.0,0.5467214584350586
2619,0.0,0.5634298324584961
2620,0.0,0.5905113220214844
2621,0.0,0.7877283096313477
2622,0.0,0.8495273590087891
2623,0.0,0.8337593078613281
2624,0.0,0.8932151794433594
2625,0.0,0.9665184020996094
2626,0.0,0.9704818725585938
2627,0.0,0.9804239273071289
2628,0.0,0.9935436248779297
2629,0.0,1.0276012420654297
2630,0.0,1.0388965606689453
2631,0.0,1.0826492309570312
2632,0.0,1.225783348083496
2633,0.0,1.1326332092285156
2634,0.0,0.9808664321899414
2635,0.0,0.9012126922607422
2636,0.0,0.8471164703369141
2637,0.0,0.7732210159301758
2638,0.0,0.7883882522583008
2639,0.0,0.7977561950683594
2640,0.0,0.8175601959228516
2641,0.0,0.7917089462280273
2642,0.0,0.914825439453125
2643,0.0,1.01495361328125
2644,0.0,1.1352853775024414
2645,0.0,1.2351961135864258
2646,0.0,1.1869983673095703
2647,0.0,1.0628747940063477
2648,0.0,0.9485282897949219
2649,0.0,0.8525896072387695
2650,0.0,0.8254280090332031
2651,0.0,0.7994041442871094
2652,0.0,0.7447166442871094
2653,0.0,0.6639118194580078
2654,0.0,0.7388725280761719
2655,0.0,0.8537979125976562
2656,0.0,1.0704116821289062
2657,0.0,1.6798620223999023
2658,0.0,2.7563323974609375
2659,0.0,4.054322242736816
2660,5.0,5.669766902923584
2661,8.0,7.838531494140625
2662,19.0,11.457995414733887
2663,36.0,16.495851516723633
2664,26.0,22.036937713623047
2665,25.0,26.134708404541016
2666,25.0,28.79204750061035
2667,38.0,30.548221588134766
2668,36.0,31.751375198364258
2669,25.0,32.20748519897461
2670,24.0,32.34393310546875
2671,31.0,32.45252227783203
2672,57.0,32.53648376464844
2673,43.0,32.22671127319336
2674,67.0,31.34257698059082
2675,41.0,30.25714874267578
2676,30.0,29.007978439331055
2677,42.0,27.548309326171875
2678,25.0,26.034610748291016
2679,38.0,24.811676025390625
2680,37.0,23.660018920898438
2681,27.0,22.624849319458008
2682,22.0,20.786495208740234
2683,21.0,17.786170959472656
2684,13.0,12.259119033813477
2685,11.0,6.671013355255127
2686,4.0,3.2447509765625
2687,0.0,1.8499975204467773
2688,0.0,1.2210731506347656
2689,0.0,0.9208106994628906
2690,0.0,0.8552389144897461
2691,0.0,0.8053569793701172
2692,0.0,0.7369194030761719
2693,0.0,0.6529712677001953
2694,0.0,0.5717077255249023
2695,0.0,0.5519256591796875
2696,0.0,0.5417470932006836
2697,0.0,0.547703742980957
2698,0.0,0.5445632934570312
2699,0.0,0.5504722595214844
2700,0.0,0.5564460754394531
2701,0.0,0.5603275299072266
2702,0.0,0.5051412582397461
2703,0.0,0.4499092102050781
2704,0.0,0.40224742889404297
2705,0.0,0.3798036575317383
2706,0.0,0.4322080612182617
2707,0.0,0.44615936279296875
2708,0.0,0.4633617401123047
2709,0.0,0.4777498245239258
2710,0.0,0.4957294464111328
2711,0.0,0.4944944381713867
2712,0.0,0.4947080612182617
2713,0.0,0.49118614196777344
2714,0.0,0.47550106048583984
2715,0.0,0.3216743469238281
2716,0.0,0.09286308288574219
2717,0.0,-0.4258289337158203
2718,0.0,-0.3324117660522461
2719,0.0,-0.15122699737548828
2720,0.0,0.20185089111328125
2721,0.0,0.4621896743774414
2722,0.0,0.5809288024902344
2723,0.0,0.7046661376953125
2724,0.0,0.8130216598510742
2725,0.0,0.8923177719116211
2726,0.0,0.8297367095947266
2727,0.0,0.655583381652832
2728,0.0,0.42317676544189453
2729,0.0,-0.008390426635742188
2730,0.0,-0.23645305633544922
2731,0.0,-0.40332794189453125
2732,0.0,-0.4559154510498047
2733,0.0,-0.6250524520874023
2734,0.0,-0.6917667388916016
2735,0.0,-0.7815065383911133
2736,0.0,-0.8828773498535156
2737,0.0,-1.1741399765014648
2738,0.0,-1.3401851654052734
2739,0.0,-1.497319221496582
2740,0.0,-1.6174545288085938
2741,0.0,-1.6772079467773438
2742,0.0,-1.5905704498291016
2743,0.0,-1.4468631744384766
2744,0.0,-1.3209991455078125
2745,0.0,-1.1252593994140625
2746,0.0,-0.8527727127075195
2747,0.0,-0.20781803131103516
2748,0.0,0.9106655120849609
2749,0.0,1.8431568145751953
2750,0.0,2.6328611373901367
2751,9.0,3.87269926071167
2752,15.0,6.369192123413086
2753,4.0,6.4378485679626465
2754,5.0,7.220085620880127
2755,27.0,8.412673950195312
2756,28.0,10.327906608581543
2757,88.0,11.296961784362793
2758,58.0,16.130264282226562
2759,24.0,23.011898040771484
2760,27.0,32.84226989746094
2761,52.0,46.390769958496094
2762,70.0,60.71385192871094
2763,135.0,74.3572769165039
2764,138.0,87.5389175415039
2765,93.0,99.413818359375
2766,149.0,112.20738983154297
2767,143.0,124.65806579589844
2768,131.0,133.48594665527344
2769,127.0,136.87257385253906
2770,105.0,133.60267639160156
2771,128.0,128.25164794921875
2772,103.0,121.15912628173828
2773,116.0,109.14242553710938
2774,107.0,98.2111587524414
2775,69.0,88.66925811767578
2776,70.0,78.6762924194336
2777,53.0,67.43453979492188
2778,44.0,54.60529327392578
2779,38.0,38.50425338745117
2780,14.0,25.28778076171875
2781,2.0,18.66716957092285
2782,2.0,5.357417583465576
2783,1.0,1.321436882019043
2784,0.0,0.5316953659057617
2785,0.0,0.42627429962158203
2786,0.0,0.33945465087890625
2787,0.0,0.30730152130126953
2788,0.0,0.28687477111816406
2789,0.0,0.34426403045654297
2790,0.0,0.3200712203979492
2791,0.0,0.3479471206665039
2792,0.0,0.3507499694824219
2793,0.0,0.41507530212402344
2794,0.0,0.4132223129272461
2795,0.0,0.4235239028930664
2796,0.0,0.4202728271484375
2797,0.0,0.4556913375854492
2798,0.0,0.45062255859375
2799,0.0,0.4603900909423828
2800,0.0,0.46078014373779297
2801,0.0,0.48955821990966797
2802,0.0,0.49179649353027344
2803,0.0,0.4871492385864258
2804,0.0,0.47740840911865234
2805,0.0,0.4784708023071289
2806,0.0,0.4565849304199219
2807,0.0,0.4618263244628906
2808,0.0,0.46821022033691406
2809,0.0,0.4847888946533203
2810,0.0,0.5017757415771484
2811,0.0,0.5010032653808594
2812,0.0,0.4998483657836914
2813,0.0,1.068868637084961
2814,0.0,0.9631071090698242
2815,0.0,0.906306266784668
2816,0.0,0.8763751983642578
2817,0.0,0.8859548568725586
2818,0.0,0.8682069778442383
2819,0.0,0.8623199462890625
2820,0.0,0.8676586151123047
2821,0.0,0.8655319213867188
2822,0.0,0.8575325012207031
2823,0.0,0.8417034149169922
2824,0.0,0.8278036117553711
2825,0.0,0.78399658203125
2826,0.0,0.7738866806030273
2827,0.0,0.7559299468994141
2828,0.0,0.7513866424560547
2829,0.0,0.6692333221435547
2830,0.0,0.6665792465209961
2831,0.0,0.6389837265014648
2832,0.0,0.6229028701782227
2833,0.0,0.45865345001220703
2834,0.0,0.4630260467529297
2835,0.0,0.43171215057373047
2836,0.0,0.42680835723876953
2837,0.0,0.2907419204711914
2838,0.0,0.26146602630615234
2839,0.0,0.2509136199951172
2840,0.0,0.2477436065673828
2841,0.0,0.1399974822998047
2842,0.0,0.19779014587402344
2843,0.0,0.2521028518676758
2844,0.0,0.43865013122558594
2845,0.0,1.0481805801391602
2846,0.0,2.36344051361084
2847,0.0,5.398860931396484
2848,0.0,12.219141006469727
2849,6.0,24.940196990966797
2850,25.0,40.271820068359375
2851,57.0,56.91564178466797
2852,75.0,72.69005584716797
2853,87.0,86.01728057861328
2854,54.0,95.31727600097656
2855,62.0,102.97531127929688
2856,79.0,109.91744995117188
2857,82.0,116.10826873779297
2858,103.0,121.45003509521484
2859,111.0,125.95227813720703
2860,138.0,129.92764282226562
2861,135.0,131.56126403808594
2862,130.0,130.53543090820312
2863,125.0,128.2983856201172
2864,123.0,125.894287109375
2865,121.0,122.35858154296875
2866,130.0,118.21380615234375
2867,131.0,113.78864288330078
2868,119.0,108.70936584472656
2869,124.0,101.45537567138672
2870,127.0,94.57232666015625
2871,97.0,88.24946594238281
2872,90.0,82.0112533569336
2873,75.0,74.8912582397461
2874,65.0,65.37175750732422
2875,37.0,51.97906494140625
2876,51.0,34.33812713623047
2877,34.0,16.902034759521484
2878,12.0,2.6149072647094727
2879,3.0,0.46946144104003906
2880,1.0,0.004055976867675781
2881,0.0,-0.09644699096679688
2882,0.0,-0.1969289779663086
2883,0.0,-0.23447132110595703
2884,0.0,-0.2786979675292969
2885,0.0,-0.24579238891601562
2886,0.0,-0.25919437408447266
2887,0.0,-0.2680978775024414
2888,0.0,-0.2818574905395508
2889,0.0,-0.2480325698852539
2890,0.0,-0.22959423065185547
2891,0.0,-0.1835336685180664
2892,0.0,-0.14277172088623047
2893,0.0,-0.06922245025634766
2894,0.0,-0.009286880493164062
2895,0.0,0.01221466064453125
2896,0.0,0.035836219787597656
2897,0.0,0.06947708129882812
2898,0.0,0.08737659454345703
2899,0.0,0.038018226623535156
2900,0.0,-0.00066375732421875
2901,0.0,-0.04994392395019531
2902,0.0,-0.0733804702758789
2903,0.0,-0.13006591796875
2904,0.0,-0.16570472717285156
2905,0.0,-0.23155784606933594
2906,0.0,-0.24408721923828125
2907,0.0,-0.26130199432373047
2908,0.0,-0.2585296630859375
2909,0.0,-0.40921688079833984
2910,0.0,-0.5446748733520508
2911,0.0,-0.6899089813232422
2912,0.0,-0.7042274475097656
2913,0.0,-0.7898712158203125
2914,0.0,-0.8468790054321289
2915,0.0,-0.8998994827270508
2916,0.0,-0.9375820159912109
2917,0.0,-1.0227375030517578
2918,0.0,-1.0822725296020508
2919,0.0,-1.151632308959961
2920,0.0,-1.209080696105957
2921,0.0,-1.2845401763916016
2922,0.0,-1.3591032028198242
2923,0.0,-1.431879997253418
2924,0.0,-1.4950408935546875
2925,0.0,-1.4949817657470703
2926,0.0,-1.4979114532470703
2927,0.0,-1.5040569305419922
2928,0.0,-1.5126609802246094
2929,0.0,-1.3905811309814453
2930,0.0,-1.3265619277954102
2931,0.0,-1.3115215301513672
2932,0.0,-1.3115549087524414
2933,0.0,-1.1242303848266602
2934,0.0,-1.0450677871704102
2935,0.0,-1.058868408203125
2936,0.0,-1.1047439575195312
2937,0.0,-0.9453134536743164
2938,0.0,-0.8995981216430664
2939,0.0,-0.7405471801757812
2940,0.0,-0.2651786804199219
2941,0.0,1.038029670715332
2942,0.0,3.6417179107666016
2943,0.0,9.506930351257324
2944,0.0,23.468425750732422
2945,0.0,38.44114685058594
2946,0.0,54.024696350097656
2947,4.0,67.71678161621094
2948,5.0,78.72395324707031
2949,10.0,86.59920501708984
2950,20.0,93.47503662109375
2951,30.0,98.96050262451172
2952,43.0,103.46902465820312
2953,49.0,107.3463363647461
2954,65.0,110.14236450195312
2955,75.0,112.24918365478516
2956,82.0,114.84569549560547
2957,89.0,117.42228698730469
2958,89.0,119.19966125488281
2959,97.0,120.23572540283203
2960,103.0,120.73515319824219
2961,98.0,119.9397201538086
2962,97.0,118.7731704711914
2963,110.0,116.59050750732422
2964,109.0,113.10810089111328
2965,100.0,108.09449005126953
2966,134.0,102.58233642578125
2967,128.0,97.41566467285156
2968,100.0,91.30854797363281
2969,101.0,83.73504638671875
2970,83.0,75.14762115478516
2971,71.0,65.7370376586914
2972,60.0,53.883338928222656
2973,51.0,41.88526153564453
2974,30.0,30.006019592285156
2975,17.0,9.80475902557373
2976,2.0,3.1853647232055664
2977,0.0,1.933441162109375
2978,0.0,0.7750682830810547
2979,0.0,0.15424728393554688
2980,0.0,-0.015966415405273438
2981,0.0,0.11443614959716797
2982,0.0,0.1033163070678711
2983,0.0,0.033443450927734375
2984,0.0,-0.024126052856445312
2985,0.0,-0.04403972625732422
2986,0.0,-0.0075054168701171875
2987,0.0,0.050965309143066406
2988,0.0,0.09239578247070312
2989,0.0,0.1605825424194336
2990,0.0,0.21265029907226562
2991,0.0,0.23896217346191406
2992,0.0,0.261505126953125
2993,0.0,0.3015556335449219
2994,0.0,0.32390880584716797
2995,0.0,0.3139076232910156
2996,0.0,0.3157482147216797
2997,0.0,0.3311738967895508
2998,0.0,0.22648239135742188
2999,0.0,0.09713077545166016
3000,0.0,-0.07523250579833984
3001,0.0,-0.2399911880493164
3002,0.0,-0.12400245666503906
3003,0.0,0.024018287658691406
3004,0.0,0.17979907989501953
3005,0.0,0.2864418029785156
3006,0.0,0.2736244201660156
3007,0.0,0.13433074951171875
3008,0.0,0.10852432250976562
3009,0.0,0.024504661560058594
3010,0.0,0.12921142578125
3011,0.0,0.2834749221801758
3012,0.0,0.45430469512939453
3013,0.0,0.6163053512573242
3014,0.0,0.5622158050537109
3015,0.0,0.3929767608642578
3016,0.0,0.22393512725830078
3017,0.0,-0.025298118591308594
3018,0.0,-0.15069866180419922
3019,0.0,-0.2066640853881836
3020,0.0,-0.2421283721923828
3021,0.0,-0.3566732406616211
3022,0.0,-0.4145641326904297
3023,0.0,-0.4065237045288086
3024,0.0,-0.38431739807128906
3025,0.0,-0.4464597702026367
3026,0.0,-0.4975757598876953
3027,0.0,-0.4835691452026367
3028,0.0,-0.43994617462158203
3029,0.0,-0.3049201965332031
3030,0.0,-0.06018829345703125
3031,0.0,0.2533092498779297
3032,0.0,0.5221776962280273
3033,0.0,0.7276506423950195
3034,0.0,0.7203903198242188
3035,0.0,0.7574405670166016
3036,0.0,0.7731790542602539
3037,0.0,0.7866086959838867
3038,0.0,0.8945560455322266
3039,0.0,1.477065086364746
3040,5.0,2.8391199111938477
3041,43.0,5.627889156341553
3042,80.0,9.64922046661377
3043,63.0,14.075390815734863
3044,66.0,19.780330657958984
3045,60.0,34.00185775756836
3046,33.0,56.92822265625
3047,22.0,80.10880279541016
3048,38.0,97.19358825683594
3049,44.0,106.099609375
3050,88.0,112.48958587646484
3051,92.0,117.8195571899414
3052,83.0,122.02246856689453
3053,117.0,124.86658477783203
3054,77.0,122.84679412841797
3055,80.0,117.76861572265625
3056,82.0,110.21089172363281
3057,157.0,103.0228500366211
3058,152.0,95.04960632324219
3059,142.0,87.4280776977539
3060,65.0,80.11355590820312
3061,70.0,75.570068359375
3062,55.0,71.73311614990234
3063,52.0,68.34180450439453
3064,64.0,65.51139831542969
3065,61.0,65.0452651977539
3066,54.0,61.6368408203125
3067,48.0,54.089630126953125
3068,48.0,44.736595153808594
3069,29.0,33.753517150878906
3070,12.0,12.318161010742188
3071,1.0,2.134821891784668
3072,0.0,0.8180150985717773
3073,0.0,0.5937662124633789
3074,0.0,0.4944877624511719
3075,0.0,0.45778846740722656
3076,0.0,0.44826602935791016
3077,0.0,0.4855184555053711
3078,0.0,0.46114444732666016
3079,0.0,0.4099397659301758
3080,0.0,0.3904380798339844
3081,0.0,0.40549659729003906
3082,0.0,0.3152151107788086
3083,0.0,0.24359989166259766
3084,0.0,0.1724557876586914
3085,0.0,0.18603992462158203
3086,0.0,0.17722225189208984
3087,0.0,0.15176868438720703
3088,0.0,0.11260604858398438
3089,0.0,0.0885934829711914
3090,0.0,0.2441396713256836
3091,0.0,0.3296031951904297
3092,0.0,0.40924739837646484
3093,0.0,0.42075157165527344
3094,0.0,0.41025447845458984
3095,0.0,0.4183197021484375
3096,0.0,0.4120664596557617
3097,0.0,0.42890071868896484
3098,0.0,0.45476722717285156
3099,0.0,0.44867992401123047
3100,0.0,0.45287609100341797
3101,0.0,0.36243724822998047
3102,0.0,0.3511018753051758
3103,0.0,0.26389408111572266
3104,0.0,0.19974517822265625
3105,0.0,0.1357288360595703
3106,0.0,0.13141250610351562
3107,0.0,0.14365768432617188
3108,0.0,0.14995765686035156
3109,0.0,0.13271236419677734
3110,0.0,0.1016550064086914
3111,0.0,0.05993843078613281
3112,0.0,-0.00402069091796875
3113,0.0,-0.13477134704589844
3114,0.0,-0.20139217376708984
3115,0.0,-0.11053276062011719
3116,0.0,-0.018190383911132812
3117,0.0,0.013591766357421875
3118,0.0,0.11538410186767578
3119,0.0,0.1528034210205078
3120,0.0,0.14138507843017578
3121,0.0,0.05282306671142578
3122,0.0,0.008710861206054688
3123,0.0,-0.03310871124267578
3124,0.0,-0.011279106140136719
3125,0.0,0.1162271499633789
3126,0.0,0.212554931640625
3127,0.0,0.17973995208740234
3128,0.0,0.07491397857666016
3129,0.0,-0.2371530532836914
3130,0.0,-0.8889808654785156
3131,0.0,-1.4718446731567383
3132,0.0,-1.8268146514892578
3133,0.0,-1.319148063659668
3134,0.0,1.927560806274414
3135,0.0,8.463757514953613
3136,0.0,16.432371139526367
3137,0.0,21.728469848632812
3138,2.0,24.163990020751953
3139,42.0,23.840301513671875
3140,23.0,24.49518585205078
3141,87.0,29.007055282592773
3142,57.0,46.85578155517578
3143,46.0,55.87312316894531
3144,23.0,60.573265075683594
3145,78.0,64.32888793945312
3146,78.0,76.68036651611328
3147,120.0,89.53096008300781
3148,87.0,96.29243469238281
3149,63.0,98.87206268310547
3150,84.0,99.46712493896484
3151,122.0,101.98685455322266
3152,108.0,104.38871002197266
3153,87.0,102.3991928100586
3154,140.0,101.43169403076172
3155,88.0,100.9990005493164
3156,73.0,100.9820785522461
3157,68.0,99.55396270751953
3158,66.0,95.56314086914062
3159,63.0,90.3089370727539
3160,60.0,84.0751724243164
3161,57.0,78.22188568115234
3162,51.0,71.10279846191406
3163,42.0,61.50586700439453
3164,34.0,47.604515075683594
3165,26.0,34.480743408203125
3166,19.0,21.99077033996582
3167,14.0,7.94712495803833
3168,2.0,4.150485515594482
3169,0.0,2.6491174697875977
3170,0.0,1.654672622680664
3171,0.0,1.0939502716064453
3172,0.0,0.7793550491333008
3173,0.0,0.7008304595947266
3174,0.0,0.5609865188598633
3175,0.0,0.508793830871582
3176,0.0,0.4460773468017578
3177,0.0,0.4338388442993164
3178,0.0,0.31541919708251953
3179,0.0,0.3007841110229492
3180,0.0,0.2635021209716797
3181,0.0,0.26969051361083984
3182,0.0,0.29102134704589844
3183,0.0,0.30690860748291016
3184,0.0,0.3197317123413086
3185,0.0,0.3405742645263672
3186,0.0,0.34563446044921875
3187,0.0,0.3376474380493164
3188,0.0,0.3317708969116211
3189,0.0,0.3312053680419922
3190,0.0,0.3607034683227539
3191,0.0,0.3571453094482422
3192,0.0,0.34279346466064453
3193,0.0,0.31747913360595703
3194,0.0,0.32149410247802734
3195,0.0,0.3017768859863281
3196,0.0,0.2896718978881836
3197,0.0,0.12891006469726562
3198,0.0,0.11789321899414062
3199,0.0,-0.09010028839111328
3200,0.0,-0.11686420440673828
3201,0.0,-0.20222187042236328
3202,0.0,-0.20497703552246094
3203,0.0,-0.18955707550048828
3204,0.0,-0.1511211395263672
3205,0.0,-0.12440204620361328
3206,0.0,-0.066680908203125
3207,0.0,-0.015056610107421875
3208,0.0,0.027799606323242188
3209,0.0,0.07025432586669922
3210,0.0,0.11620330810546875
3211,0.0,0.1374673843383789
3212,0.0,0.14924335479736328
3213,0.0,0.18665313720703125
3214,0.0,0.24837589263916016
3215,0.0,0.2971200942993164
3216,0.0,0.3273153305053711
3217,0.0,0.4595804214477539
3218,0.0,0.5334882736206055
3219,0.0,0.5588445663452148
3220,0.0,0.5659694671630859
3221,0.0,0.7453823089599609
3222,0.0,0.7294321060180664
3223,0.0,0.6629447937011719
3224,0.0,0.5724163055419922
3225,0.0,0.5975255966186523
3226,0.0,0.49736499786376953
3227,0.0,0.41097259521484375
3228,0.0,0.46561717987060547
3229,0.0,1.0281362533569336
3230,0.0,2.557559013366699
3231,0.0,5.674811363220215
3232,0.0,11.233823776245117
3233,1.0,18.199947357177734
3234,4.0,25.683517456054688
3235,8.0,33.274070739746094
3236,26.0,44.382957458496094
3237,47.0,60.451316833496094
3238,51.0,80.2275161743164
3239,87.0,99.67864227294922
3240,87.0,109.9444808959961
3241,115.0,114.39453125
3242,134.0,118.34024810791016
3243,137.0,121.32591247558594
3244,147.0,124.39295959472656
3245,136.0,129.03070068359375
3246,147.0,131.0379180908203
3247,132.0,128.13873291015625
3248,152.0,120.10675048828125
3249,157.0,106.93385314941406
3250,147.0,97.54006958007812
3251,117.0,92.94568634033203
3252,110.0,91.79253387451172
3253,152.0,100.96559143066406
3254,141.0,108.42382049560547
3255,134.0,106.82193756103516
3256,103.0,86.21212005615234
3257,87.0,69.16620635986328
3258,84.0,56.56067657470703
3259,69.0,41.33972930908203
3260,48.0,23.149703979492188
3261,34.0,12.453161239624023
3262,21.0,7.077380657196045
3263,9.0,4.262540340423584
3264,0.0,2.2440032958984375
3265,0.0,1.0388412475585938
3266,0.0,0.4658975601196289
3267,0.0,0.2676992416381836
3268,0.0,0.2174053192138672
3269,0.0,0.22940444946289062
3270,0.0,0.2481222152709961
3271,0.0,0.2818937301635742
3272,0.0,0.3316831588745117
3273,0.0,0.34256839752197266
3274,0.0,0.3069448471069336
3275,0.0,0.28046131134033203
3276,0.0,0.2583503723144531
3277,0.0,0.25663185119628906
3278,0.0,0.2650489807128906
3279,0.0,0.2828664779663086
3280,0.0,0.29248523712158203
3281,0.0,0.2920360565185547
3282,0.0,0.30692481994628906
3283,0.0,0.3465909957885742
3284,0.0,0.42119598388671875
3285,0.0,0.5299472808837891
3286,0.0,0.6199626922607422
3287,0.0,0.6843910217285156
3288,0.0,0.7242460250854492
3289,0.0,0.7470226287841797
3290,0.0,0.7485017776489258
3291,0.0,0.7374601364135742
3292,0.0,0.7251033782958984
3293,0.0,0.5257587432861328
3294,0.0,0.44647216796875
3295,0.0,0.4224987030029297
3296,0.0,0.44191932678222656
3297,0.0,0.4645109176635742
3298,0.0,0.4654226303100586
3299,0.0,0.4719419479370117
3300,0.0,0.4786834716796875
3301,0.0,0.47539806365966797
3302,0.0,0.5096292495727539
3303,0.0,0.5728836059570312
3304,0.0,0.6106805801391602
3305,0.0,0.6368637084960938
3306,0.0,0.7077541351318359
3307,0.0,0.748896598815918
3308,0.0,0.7504148483276367
3309,0.0,0.663203239440918
3310,0.0,0.6529731750488281
3311,0.0,0.7171831130981445
3312,0.0,0.7891550064086914
3313,0.0,0.8235855102539062
3314,0.0,0.5891408920288086
3315,0.0,0.2610006332397461
3316,0.0,-0.1257305145263672
3317,0.0,-0.9149742126464844
3318,0.0,-1.6749486923217773
3319,0.0,-2.29888916015625
3320,0.0,-2.3488779067993164
3321,0.0,-2.213947296142578
3322,0.0,-1.8381710052490234
3323,0.0,-1.4106740951538086
3324,0.0,-0.9552726745605469
3325,0.0,-0.2663249969482422
3326,0.0,0.3202667236328125
3327,0.0,0.6118030548095703
3328,0.0,0.8701868057250977
3329,0.0,1.5851173400878906
3330,12.0,3.0123538970947266
3331,40.0,5.389786720275879
3332,58.0,8.915580749511719
3333,39.0,14.37038803100586
3334,84.0,23.03577995300293
3335,103.0,36.63105773925781
3336,115.0,53.724395751953125
3337,132.0,67.93842315673828
3338,127.0,84.91822814941406
3339,140.0,99.4417724609375
3340,158.0,110.7710189819336
3341,91.0,116.14488220214844
3342,163.0,116.7840576171875
3343,139.0,114.30734252929688
3344,159.0,110.06632995605469
3345,143.0,104.76677703857422
3346,160.0,100.53594207763672
3347,99.0,95.20036315917969
3348,93.0,87.34198760986328
3349,82.0,80.38900756835938
3350,65.0,70.98731994628906
3351,75.0,58.756431579589844
3352,114.0,47.374717712402344
3353,88.0,49.33033752441406
3354,110.0,50.06489562988281
3355,112.0,50.829017639160156
3356,40.0,48.03678894042969
3357,5.0,37.47761535644531
3358,0.0,20.620716094970703
3359,0.0,9.658658981323242
3360,0.0,6.1656951904296875
3361,0.0,4.305486679077148
3362,0.0,2.5481929779052734
3363,0.0,1.0873842239379883
3364,0.0,0.6907472610473633
3365,0.0,0.5540733337402344
3366,0.0,0.47629737854003906
3367,0.0,0.45759010314941406
3368,0.0,0.4467325210571289
3369,0.0,0.4293851852416992
3370,0.0,0.4099721908569336
3371,0.0,0.3938322067260742
3372,0.0,0.38396167755126953
3373,0.0,0.36071205139160156
3374,0.0,0.3492870330810547
3375,0.0,0.3604745864868164
3376,0.0,0.3788280487060547
3377,0.0,0.3414182662963867
3378,0.0,0.3955535888671875
3379,0.0,0.5032052993774414
3380,0.0,0.5382728576660156
3381,0.0,0.554534912109375
3382,0.0,0.5855503082275391
3383,0.0,0.5955371856689453
3384,0.0,0.6342744827270508
3385,0.0,0.6776132583618164
3386,0.0,0.6664457321166992
3387,0.0,0.5570583343505859
3388,0.0,0.43384361267089844
3389,0.0,0.27989959716796875
3390,0.0,0.2153921127319336
3391,0.0,0.18043136596679688
3392,0.0,0.15916919708251953
3393,0.0,0.1446971893310547
3394,0.0,0.13594436645507812
3395,0.0,0.1302938461303711
3396,0.0,0.12333202362060547
3397,0.0,0.11530113220214844
3398,0.0,0.1213979721069336
3399,0.0,0.11853885650634766
3400,0.0,0.09354019165039062
3401,0.0,0.01987934112548828
3402,0.0,-0.0511932373046875
3403,0.0,0.03830718994140625
3404,0.0,0.2629680633544922
3405,0.0,0.7142677307128906
3406,0.0,0.6084308624267578
3407,0.0,0.24772262573242188
3408,0.0,-0.18688201904296875
3409,0.0,-0.6704034805297852
3410,0.0,-0.8264188766479492
3411,0.0,-0.8043947219848633
3412,0.0,-0.6691255569458008
3413,0.0,-0.3340311050415039
3414,0.0,-0.23498058319091797
3415,0.0,-0.2789478302001953
3416,0.0,-0.2830972671508789
3417,0.0,0.13013744354248047
3418,0.0,0.16409587860107422
3419,0.0,0.21753692626953125
3420,0.0,0.9991617202758789
3421,0.0,3.0957794189453125
3422,0.0,5.318583011627197
3423,0.0,7.743048667907715
3424,0.0,11.658080101013184
3425,1.0,22.027324676513672
3426,3.0,26.302356719970703
3427,3.0,22.681411743164062
3428,6.0,17.654541015625
3429,13.0,14.372163772583008
3430,6.0,14.517777442932129
3431,7.0,22.29552459716797
3432,7.0,40.65114974975586
3433,9.0,64.4132080078125
3434,7.0,85.23591613769531
3435,8.0,102.2983169555664
3436,9.0,114.06328582763672
3437,8.0,120.81668853759766
3438,17.0,126.13185119628906
3439,23.0,129.143310546875
3440,23.0,128.66224670410156
3441,31.0,126.69386291503906
3442,39.0,122.21640014648438
3443,54.0,116.16653442382812
3444,45.0,107.61891174316406
3445,73.0,102.1515121459961
3446,85.0,98.00801849365234
3447,62.0,90.7073745727539
3448,75.0,74.74703216552734
3449,62.0,59.35528564453125
3450,41.0,42.91162109375
3451,45.0,28.84503936767578
3452,23.0,16.762107849121094
3453,7.0,8.150373458862305
3454,5.0,3.586655616760254
3455,2.0,1.596817970275879
3456,0.0,0.7490158081054688
3457,0.0,0.46236324310302734
3458,0.0,0.34432220458984375
3459,0.0,0.22086811065673828
3460,0.0,-0.015036582946777344
3461,0.0,-0.19292259216308594
3462,0.0,-0.24514198303222656
3463,0.0,-0.22429466247558594
3464,0.0,-0.20160961151123047
3465,0.0,-0.11214542388916016
3466,0.0,-0.08002758026123047
3467,0.0,-0.047600746154785156
3468,0.0,-0.03300952911376953
3469,0.0,0.015359878540039062
3470,0.0,0.08266925811767578
3471,0.0,0.1509838104248047
3472,0.0,0.1397247314453125
3473,0.0,0.10962200164794922
3474,0.0,0.07312393188476562
3475,0.0,0.04107379913330078
3476,0.0,0.03183269500732422
3477,0.0,0.023454666137695312
3478,0.0,0.08358573913574219
3479,0.0,0.11121273040771484
3480,0.0,0.15068340301513672
3481,0.0,0.1638774871826172
3482,0.0,0.15421390533447266
3483,0.0,0.16261577606201172
3484,0.0,0.15569496154785156
3485,0.0,-0.35795021057128906
3486,0.0,-0.11191558837890625
3487,0.0,-0.2584552764892578
3488,0.0,-0.18333721160888672
3489,0.0,-0.1896677017211914
3490,0.0,-0.1688518524169922
3491,0.0,-0.1379680633544922
3492,0.0,-0.11971569061279297
3493,0.0,-0.1527261734008789
3494,0.0,-0.1618490219116211
3495,0.0,-0.2105855941772461
3496,0.0,-0.2694559097290039
3497,0.0,-0.38153553009033203
3498,0.0,-0.47474098205566406
3499,0.0,-0.5169191360473633
3500,0.0,-0.4359703063964844
3501,0.0,-0.42080211639404297
3502,0.0,-0.41339874267578125
3503,0.0,-0.5510463714599609
3504,0.0,-0.6569375991821289
3505,0.0,-1.1135053634643555
3506,0.0,-1.5565242767333984
3507,0.0,-1.999983787536621
3508,0.0,-2.589479446411133
3509,0.0,-3.765188217163086
3510,0.0,-4.464056015014648
3511,0.0,-4.648704528808594
3512,0.0,-4.516939163208008
3513,0.0,-4.636709213256836
3514,0.0,-4.418190002441406
3515,0.0,-4.020501136779785
3516,0.0,-3.9027137756347656
3517,0.0,-3.9423141479492188
3518,0.0,-3.9832868576049805
3519,0.0,-3.742892265319824
3520,0.0,-3.5144729614257812
3521,0.0,-3.1160144805908203
3522,0.0,-2.707000732421875
3523,0.0,-2.439511299133301
3524,0.0,-2.3743152618408203
3525,2.0,-1.252272605895996
3526,13.0,0.7085561752319336
3527,35.0,3.7310452461242676
3528,28.0,9.004034042358398
3529,37.0,20.00984001159668
3530,40.0,36.81148147583008
3531,43.0,53.50731658935547
3532,43.0,63.798675537109375
3533,48.0,71.09679412841797
3534,60.0,79.82349395751953
3535,36.0,87.52740478515625
3536,35.0,94.7129898071289
3537,68.0,93.59703063964844
3538,75.0,89.67903137207031
3539,81.0,84.9517593383789
3540,79.0,80.103759765625
3541,51.0,74.83277130126953
3542,79.0,71.40054321289062
3543,95.0,67.87735748291016
3544,71.0,63.36779022216797
3545,75.0,59.50697326660156
3546,59.0,50.63873291015625
3547,42.0,39.638702392578125
3548,53.0,29.113889694213867
3549,58.0,18.18732452392578
3550,22.0,4.585757732391357
3551,7.0,2.132063865661621
3552,1.0,1.4580154418945312
3553,0.0,1.3181562423706055
3554,0.0,1.1290702819824219
3555,0.0,1.0845327377319336
3556,0.0,1.041356086730957
3557,0.0,1.0097951889038086
3558,0.0,0.9029541015625
3559,0.0,0.8463172912597656
3560,0.0,0.7589921951293945
3561,0.0,0.6663618087768555
3562,0.0,0.48871707916259766
3563,0.0,0.33506011962890625
3564,0.0,0.24162960052490234
3565,0.0,0.26972198486328125
3566,0.0,0.29183101654052734
3567,0.0,0.31890201568603516
3568,0.0,0.39667701721191406
3569,0.0,0.44029903411865234
3570,0.0,0.5067987442016602
3571,0.0,0.6415624618530273
3572,0.0,0.6668939590454102
3573,0.0,0.6488914489746094
3574,0.0,0.5731410980224609
3575,0.0,0.4204568862915039
3576,0.0,0.2872276306152344
3577,0.0,0.1727142333984375
3578,0.0,0.15459823608398438
3579,0.0,0.17009544372558594
3580,0.0,0.18167972564697266
3581,0.0,0.17081737518310547
3582,0.0,0.1803140640258789
3583,0.0,0.19874000549316406
3584,0.0,0.21559429168701172
3585,0.0,0.2325448989868164
3586,0.0,0.2793254852294922
3587,0.0,0.3179769515991211
3588,0.0,0.3301868438720703
3589,0.0,0.2685422897338867
3590,0.0,0.04337310791015625
3591,0.0,-0.3580465316772461
3592,0.0,-0.960047721862793
3593,0.0,-1.5153188705444336
3594,0.0,-1.6806631088256836
3595,0.0,-1.699819564819336
3596,0.0,-1.607137680053711
3597,0.0,-1.3044605255126953
3598,0.0,-1.140202522277832
3599,0.0,-0.9383163452148438
3600,0.0,-0.6436843872070312
3601,0.0,-0.07711410522460938
3602,0.0,-0.11475658416748047
3603,0.0,-0.3224458694458008
3604,0.0,-0.5947322845458984
3605,0.0,-0.7173175811767578
3606,0.0,-0.9261369705200195
3607,0.0,-1.1084785461425781
3608,0.0,-1.2346200942993164
3609,0.0,-1.1968717575073242
3610,0.0,-1.1252412796020508
3611,0.0,-1.0674028396606445
3612,0.0,-0.8269586563110352
3613,0.0,-0.29319286346435547
3614,0.0,-0.03349781036376953
3615,0.0,-0.1900157928466797
3616,2.0,-0.5219697952270508
3617,8.0,1.405257225036621
3618,18.0,7.102153778076172
3619,30.0,12.680944442749023
3620,37.0,18.427385330200195
3621,40.0,27.227087020874023
3622,46.0,38.70542907714844
3623,49.0,52.38572692871094
3624,52.0,66.63617706298828
3625,55.0,73.98596954345703
3626,57.0,80.46541595458984
3627,60.0,87.53309631347656
3628,60.0,93.9324951171875
3629,63.0,96.64559173583984
3630,66.0,97.70237731933594
3631,68.0,98.12611389160156
3632,69.0,98.1938705444336
3633,69.0,97.91549682617188
3634,70.0,97.18695068359375
3635,68.0,95.87628173828125
3636,67.0,93.7266616821289
3637,64.0,89.30782318115234
3638,61.0,83.81507873535156
3639,57.0,79.17108154296875
3640,53.0,74.0082778930664
3641,48.0,65.41917419433594
3642,44.0,47.267051696777344
3643,41.0,28.792329788208008
3644,40.0,11.233448028564453
3645,39.0,7.250629425048828
3646,24.0,4.807439804077148
3647,6.0,3.089932441711426
3648,0.0,1.4978818893432617
3649,0.0,0.8051080703735352
3650,0.0,0.41428565979003906
3651,0.0,0.2132425308227539
3652,0.0,0.09984493255615234
3653,0.0,0.0919179916381836
3654,0.0,0.09403705596923828
3655,0.0,0.09464836120605469
3656,0.0,0.09341049194335938
3657,0.0,0.11507129669189453
3658,0.0,0.051476478576660156
3659,0.0,0.03980827331542969
3660,0.0,0.02963542938232422
3661,0.0,0.07038593292236328
3662,0.0,0.14490222930908203
3663,0.0,0.1919689178466797
3664,0.0,0.23264408111572266
3665,0.0,0.2742118835449219
3666,0.0,0.3018522262573242
3667,0.0,0.32732486724853516
3668,0.0,0.3504638671875
3669,0.0,0.3720865249633789
3670,0.0,0.38173770904541016
3671,0.0,0.39072227478027344
3672,0.0,0.3996553421020508
3673,0.0,0.4082355499267578
3674,0.0,0.4148712158203125
3675,0.0,0.4101409912109375
3676,0.0,0.4021015167236328
3677,0.0,0.27388477325439453
3678,0.0,0.2580223083496094
3679,0.0,0.21925735473632812
3680,0.0,0.18021488189697266
3681,0.0,0.1312541961669922
3682,0.0,0.11739349365234375
3683,0.0,0.09938812255859375
3684,0.0,0.08911514282226562
3685,0.0,0.08226203918457031
3686,0.0,0.06786823272705078
3687,0.0,0.06310653686523438
3688,0.0,0.05476093292236328
3689,0.0,0.030185699462890625
3690,0.0,0.032886505126953125
3691,0.0,0.044071197509765625
3692,0.0,0.05544090270996094
3693,0.0,0.07738018035888672
3694,0.0,0.11637020111083984
3695,0.0,0.1462726593017578
3696,0.0,0.17170429229736328
3697,0.0,0.1659107208251953
3698,0.0,0.12905025482177734
3699,0.0,0.07763195037841797
3700,0.0,0.031754493713378906
3701,0.0,-0.05057525634765625
3702,0.0,-0.07055473327636719
3703,0.0,-0.0916604995727539
3704,0.0,-0.10651683807373047
3705,0.0,-0.12635040283203125
3706,0.0,-0.10449504852294922
3707,0.0,-0.12193107604980469
3708,0.0,-0.16047382354736328
3709,0.0,0.0764455795288086
3710,0.0,0.6720733642578125
3711,0.0,1.6337032318115234
3712,0.0,3.0670461654663086
3713,1.0,3.8328003883361816
3714,5.0,4.98731803894043
3715,7.0,9.173562049865723
3716,8.0,15.267866134643555
3717,11.0,23.827808380126953
3718,43.0,32.468223571777344
3719,58.0,41.350894927978516
3720,39.0,53.24585723876953
3721,44.0,67.16865539550781
3722,31.0,80.40387725830078
3723,33.0,89.19595336914062
3724,75.0,92.96630096435547
3725,86.0,98.32251739501953
3726,110.0,102.46083068847656
3727,70.0,106.79779815673828
3728,75.0,115.40413665771484
3729,90.0,121.90235137939453
3730,112.0,123.51185607910156
3731,130.0,119.0177993774414
3732,146.0,109.796630859375
3733,126.0,106.83618927001953
3734,114.0,107.70020294189453
3735,101.0,105.43281555175781
3736,109.0,100.43132019042969
3737,96.0,92.32511901855469
3738,82.0,82.10774230957031
3739,64.0,68.32176208496094
3740,55.0,48.365867614746094
3741,31.0,34.900672912597656
3742,16.0,26.661928176879883
3743,3.0,9.489636421203613
3744,0.0,1.9327669143676758
3745,0.0,0.8710298538208008
3746,0.0,0.34631919860839844
3747,0.0,0.10961532592773438
3748,0.0,-0.015691757202148438
3749,0.0,-0.03621387481689453
3750,0.0,-0.034165382385253906
3751,0.0,-0.015010833740234375
3752,0.0,0.00025844573974609375
3753,0.0,0.044829368591308594
3754,0.0,0.04213714599609375
3755,0.0,0.06474018096923828
3756,0.0,0.06119060516357422
3757,0.0,0.09389114379882812
3758,0.0,0.09626197814941406
3759,0.0,0.10442829132080078
3760,0.0,0.10449695587158203
3761,0.0,0.12973785400390625
3762,0.0,0.1394977569580078
3763,0.0,0.13884449005126953
3764,0.0,0.13945388793945312
3765,0.0,0.14684104919433594
3766,0.0,0.16907215118408203
3767,0.0,0.17627811431884766
3768,0.0,0.18308353424072266
3769,0.0,0.19672012329101562
3770,0.0,0.2074413299560547
3771,0.0,0.19910430908203125
3772,0.0,0.19669818878173828
3773,0.0,0.33536338806152344
3774,0.0,0.31201934814453125
3775,0.0,0.2817802429199219
3776,0.0,0.26294803619384766
3777,0.0,0.2628927230834961
3778,0.0,0.25911998748779297
3779,0.0,0.259521484375
3780,0.0,0.2646465301513672
3781,0.0,0.28446006774902344
3782,0.0,0.28844356536865234
3783,0.0,0.28106689453125
3784,0.0,0.28218841552734375
3785,0.0,0.28676319122314453
3786,0.0,0.2982368469238281
3787,0.0,0.3058624267578125
3788,0.0,0.3101663589477539
3789,0.0,0.2937297821044922
3790,0.0,0.2103710174560547
3791,0.0,0.11329078674316406
3792,0.0,-0.046326637268066406
3793,0.0,-0.18391799926757812
3794,0.0,-0.3679656982421875
3795,0.0,-0.4551267623901367
3796,0.0,-0.49204158782958984
3797,0.0,-0.4104328155517578
3798,0.0,-0.43639278411865234
3799,0.0,-0.4808197021484375
3800,0.0,-0.5319004058837891
3801,0.0,-0.4790182113647461
3802,0.0,-0.3943338394165039
3803,0.0,-0.3329448699951172
3804,0.0,-0.10687255859375
3805,0.0,0.9065589904785156
3806,0.0,2.8401050567626953
3807,0.0,5.313287734985352
3808,2.0,7.972354888916016
3809,9.0,11.561929702758789
3810,35.0,16.23694610595703
3811,49.0,22.805755615234375
3812,65.0,32.803470611572266
3813,80.0,43.90673828125
3814,91.0,51.64484405517578
3815,97.0,57.55638885498047
3816,103.0,63.2215576171875
3817,136.0,67.60255432128906
3818,99.0,73.18939971923828
3819,121.0,79.70248413085938
3820,141.0,86.76331329345703
3821,156.0,92.0674819946289
3822,167.0,95.7483139038086
3823,144.0,99.37146759033203
3824,126.0,102.64073181152344
3825,94.0,105.17984008789062
3826,70.0,106.07489013671875
3827,67.0,105.57389068603516
3828,64.0,103.96377563476562
3829,67.0,104.04017639160156
3830,47.0,102.31865692138672
3831,79.0,98.35476684570312
3832,79.0,90.8087387084961
3833,58.0,79.64877319335938
3834,49.0,67.23072052001953
3835,38.0,50.22266387939453
3836,37.0,32.62860107421875
3837,28.0,23.009178161621094
3838,17.0,8.79470157623291
3839,4.0,3.7344422340393066
3840,0.0,1.7340211868286133
3841,0.0,0.891880989074707
3842,0.0,0.4866456985473633
3843,0.0,0.3157463073730469
3844,0.0,0.25272655487060547
3845,0.0,0.24700927734375
3846,0.0,0.20009326934814453
3847,0.0,0.17333221435546875
3848,0.0,0.14327335357666016
3849,0.0,0.12623119354248047
3850,0.0,0.09029388427734375
3851,0.0,0.07757091522216797
3852,0.0,0.06345748901367188
3853,0.0,0.0682992935180664
3854,0.0,0.043994903564453125
3855,0.0,0.027464866638183594
3856,0.0,0.009388923645019531
3857,0.0,-0.0010766983032226562
3858,0.0,-0.0025806427001953125
3859,0.0,0.00511932373046875
3860,0.0,0.01712322235107422
3861,0.0,0.03133869171142578
3862,0.0,0.07349681854248047
3863,0.0,0.11623668670654297
3864,0.0,0.15317726135253906
3865,0.0,0.17363834381103516
3866,0.0,0.15818023681640625
3867,0.0,0.15340805053710938
3868,0.0,0.1530904769897461
3869,0.0,0.1758260726928711
3870,0.0,0.1616058349609375
3871,0.0,0.14405059814453125
3872,0.0,0.1405506134033203
3873,0.0,0.1342754364013672
3874,0.0,0.20162391662597656
3875,0.0,0.28107357025146484
3876,0.0,0.3624248504638672
3877,0.0,0.5132522583007812
3878,0.0,0.5422573089599609
3879,0.0,0.510319709777832
3880,0.0,0.4785280227661133
3881,0.0,0.4711313247680664
3882,0.0,0.4531841278076172
3883,0.0,0.4232912063598633
3884,0.0,0.39748477935791016
3885,0.0,0.3525123596191406
3886,0.0,0.3692283630371094
3887,0.0,0.3512697219848633
3888,0.0,0.33043479919433594
3889,0.0,0.2562379837036133
3890,0.0,0.15515422821044922
3891,0.0,0.08420562744140625
3892,0.0,0.1891946792602539
3893,0.0,0.4564943313598633
3894,0.0,0.41513538360595703
3895,0.0,0.3256044387817383
3896,0.0,0.27843666076660156
3897,0.0,0.2824869155883789
3898,0.0,0.2628917694091797
3899,0.0,0.22108840942382812
3900,0.0,0.2191143035888672
3901,0.0,0.32370758056640625
3902,0.0,0.6408395767211914
3903,0.0,1.146087646484375
3904,0.0,1.8442096710205078
3905,0.0,2.778946876525879
3906,0.0,3.1831979751586914
3907,0.0,3.018967628479004
3908,1.0,2.69561767578125
3909,6.0,2.8161020278930664
3910,8.0,3.217776298522949
3911,19.0,3.959843158721924
3912,40.0,5.699849605560303
3913,73.0,10.512521743774414
3914,90.0,21.87633514404297
3915,72.0,47.32752227783203
3916,116.0,71.64584350585938
3917,112.0,86.60707092285156
3918,141.0,94.47869110107422
3919,149.0,97.14629364013672
3920,123.0,97.7203369140625
3921,75.0,98.36812591552734
3922,69.0,96.42497253417969
3923,66.0,91.69134521484375
3924,65.0,86.69617462158203
3925,63.0,83.36589813232422
3926,63.0,77.38573455810547
3927,63.0,71.01644134521484
3928,62.0,63.86000061035156
3929,58.0,55.404090881347656
3930,51.0,46.825843811035156
3931,40.0,38.94538879394531
3932,39.0,30.544635772705078
3933,30.0,20.596384048461914
3934,26.0,10.167283058166504
3935,22.0,5.17894983291626
3936,4.0,2.721175193786621
3937,0.0,1.3364477157592773
3938,0.0,0.4508810043334961
3939,0.0,0.007592201232910156
3940,0.0,-0.17815494537353516
3941,0.0,-0.1811046600341797
3942,0.0,-0.1992950439453125
3943,0.0,-0.2180633544921875
3944,0.0,-0.22777938842773438
3945,0.0,-0.19647502899169922
3946,0.0,-0.17400455474853516
3947,0.0,-0.1484241485595703
3948,0.0,-0.12546443939208984
3949,0.0,-0.08320045471191406
3950,0.0,-0.06458568572998047
3951,0.0,-0.04260730743408203
3952,0.0,-0.02330780029296875
3953,0.0,-0.0004253387451171875
3954,0.0,-0.009324073791503906
3955,0.0,-0.01881885528564453
3956,0.0,-0.02970123291015625
3957,0.0,-0.05242443084716797
3958,0.0,-0.05843162536621094
3959,0.0,-0.07312965393066406
3960,0.0,-0.0768747329711914
3961,0.0,-0.1155252456665039
3962,0.0,-0.11076831817626953
3963,0.0,-0.12672805786132812
3964,0.0,-0.12761497497558594
3965,0.0,-0.40147972106933594
3966,0.0,-0.5341587066650391
3967,0.0,-0.7142467498779297
3968,0.0,-0.7551069259643555
3969,0.0,-0.8744783401489258
3970,0.0,-0.9359197616577148
3971,0.0,-0.9984159469604492
3972,0.0,-1.0450515747070312
3973,0.0,-1.1441078186035156
3974,0.0,-1.2018718719482422
3975,0.0,-1.273941993713379
3976,0.0,-1.3356399536132812
3977,0.0,-1.400172233581543
3978,0.0,-1.4554405212402344
3979,0.0,-1.509312629699707
3980,0.0,-1.554947853088379
3981,0.0,-1.5158061981201172
3982,0.0,-1.4952125549316406
3983,0.0,-1.495473861694336
3984,0.0,-1.499678611755371
3985,0.0,-1.407853126525879
3986,0.0,-1.358480453491211
3987,0.0,-1.3483819961547852
3988,0.0,-1.349074363708496
3989,0.0,-1.2371177673339844
3990,0.0,-1.1527423858642578
3991,0.0,-1.1067962646484375
3992,0.0,-1.075423240661621
3993,0.0,-0.8872528076171875
3994,0.0,-0.8124494552612305
3995,0.0,-0.8801403045654297
3996,0.0,-0.8865137100219727
3997,0.0,-0.35158634185791016
3998,0.0,0.9688749313354492
3999,0.0,2.8173999786376953
4000,0.0,5.395292282104492
4001,4.0,9.306380271911621
4002,10.0,15.30098819732666
4003,29.0,24.75271224975586
4004,38.0,35.9775390625
4005,44.0,42.069393157958984
4006,50.0,46.81779479980469
4007,54.0,50.663841247558594
4008,59.0,54.36122131347656
4009,64.0,58.319366455078125
4010,69.0,62.19152069091797
4011,70.0,65.9990005493164
4012,75.0,70.93757629394531
4013,64.0,75.83230590820312
4014,65.0,82.2978515625
4015,100.0,89.47185516357422
4016,155.0,94.83232116699219
4017,149.0,97.91143035888672
4018,132.0,98.72264862060547
4019,92.0,97.76329040527344
4020,66.0,94.37081146240234
4021,58.0,88.66151428222656
4022,46.0,82.67679595947266
4023,47.0,77.10545349121094
4024,41.0,70.53636169433594
4025,63.0,63.346763610839844
4026,54.0,53.94190979003906
4027,32.0,43.640419006347656
4028,20.0,32.75341033935547
4029,20.0,25.00497055053711
4030,30.0,12.650869369506836
4031,12.0,4.439911365509033
4032,1.0,1.3543205261230469
4033,0.0,0.49466705322265625
4034,0.0,0.1380319595336914
4035,0.0,0.0617523193359375
4036,0.0,0.045798301696777344
4037,0.0,0.0739889144897461
4038,0.0,0.09683704376220703
4039,0.0,0.11986827850341797
4040,0.0,0.1846790313720703
4041,0.0,0.2877626419067383
4042,0.0,0.3709869384765625
4043,0.0,0.4002513885498047
4044,0.0,0.3837699890136719
4045,0.0,0.32912349700927734
4046,0.0,0.31103038787841797
4047,0.0,0.3287506103515625
4048,0.0,0.36159801483154297
4049,0.0,0.4078960418701172
4050,0.0,0.4490976333618164
4051,0.0,0.49344348907470703
4052,0.0,0.5376300811767578
4053,0.0,0.5716066360473633
4054,0.0,0.5651140213012695
4055,0.0,0.5190229415893555
4056,0.0,0.4503364562988281
4057,0.0,0.3685588836669922
4058,0.0,0.29736328125
4059,0.0,0.23825836181640625
4060,0.0,0.1667022705078125
4061,0.0,-0.016692161560058594
4062,0.0,-0.040630340576171875
4063,0.0,0.031925201416015625
4064,0.0,0.07867240905761719
4065,0.0,0.11552715301513672
4066,0.0,0.1073598861694336
4067,0.0,0.1167745590209961
4068,0.0,0.12058544158935547
4069,0.0,0.11794281005859375
4070,0.0,0.10182571411132812
4071,0.0,0.09706401824951172
4072,0.0,0.10601043701171875
4073,0.0,0.12607288360595703
4074,0.0,0.14738941192626953
4075,0.0,0.19521617889404297
4076,0.0,0.23798847198486328
4077,0.0,0.29596805572509766
4078,0.0,0.20699596405029297
4079,0.0,-0.06544685363769531
4080,0.0,-0.6592845916748047
4081,0.0,-1.1189165115356445
4082,0.0,-1.2890520095825195
4083,0.0,-1.24725341796875
4084,0.0,-1.0625419616699219
4085,0.0,-0.7381954193115234
4086,0.0,-0.6109285354614258
4087,0.0,-0.4655141830444336
4088,0.0,-0.38378238677978516
4089,0.0,-0.35070133209228516
4090,0.0,-0.3065977096557617
4091,0.0,-0.22649765014648438
4092,0.0,-0.10027408599853516
4093,0.0,0.2413616180419922
4094,0.0,1.2109146118164062
4095,0.0,4.778735160827637
4096,0.0,13.726181030273438
4097,5.0,20.938884735107422
4098,17.0,25.504127502441406
4099,36.0,27.97550392150879
4100,42.0,28.79007911682129
4101,49.0,29.50009536743164
4102,63.0,29.00823211669922
4103,67.0,28.99662971496582
4104,73.0,37.987083435058594
4105,115.0,83.38919830322266
4106,177.0,112.3319091796875
4107,193.0,118.94620513916016
4108,159.0,120.14407348632812
4109,162.0,116.03997802734375
4110,113.0,108.16361999511719
4111,90.0,101.12852478027344
4112,107.0,97.72193908691406
4113,111.0,92.25224304199219
4114,126.0,87.4400634765625
4115,107.0,84.16362762451172
4116,70.0,82.76498413085938
4117,90.0,84.05030059814453
4118,67.0,84.24684143066406
4119,65.0,81.05489349365234
4120,45.0,75.88548278808594
4121,38.0,68.47380065917969
4122,27.0,56.545814514160156
4123,19.0,44.59715270996094
4124,6.0,35.892295837402344
4125,0.0,20.164077758789062
4126,0.0,4.731052875518799
4127,0.0,1.5258827209472656
4128,0.0,0.7620124816894531
4129,0.0,0.3625478744506836
4130,0.0,0.1493663787841797
4131,0.0,0.06717967987060547
4132,0.0,0.02651214599609375
4133,0.0,0.021430015563964844
4134,0.0,-0.007548332214355469
4135,0.0,-0.009078025817871094
4136,0.0,-0.012875556945800781
4137,0.0,-0.0013532638549804688
4138,0.0,-0.010435104370117188
4139,0.0,-0.0032196044921875
4140,0.0,0.006084442138671875
4141,0.0,0.029729843139648438
4142,0.0,0.04017353057861328
4143,0.0,0.051825523376464844
4144,0.0,0.055716514587402344
4145,0.0,0.06134319305419922
4146,0.0,0.05868721008300781
4147,0.0,0.09413337707519531
4148,0.0,0.14663314819335938
4149,0.0,0.2405853271484375
4150,0.0,0.2866239547729492
4151,0.0,0.2390613555908203
4152,0.0,0.19750022888183594
4153,0.0,0.1434307098388672
4154,0.0,0.08746814727783203
4155,0.0,0.07450294494628906
4156,0.0,0.057518959045410156
4157,0.0,0.07036304473876953
4158,0.0,0.08543014526367188
4159,0.0,0.045525550842285156
4160,0.0,0.03206348419189453
4161,0.0,-0.0014696121215820312
4162,0.0,0.008107185363769531
4163,0.0,0.013676643371582031
4164,0.0,0.028436660766601562
4165,0.0,0.027785301208496094
4166,0.0,0.036899566650390625
4167,0.0,0.019806861877441406
4168,0.0,0.00966644287109375
4169,0.0,-0.029500961303710938
4170,0.0,0.02011871337890625
4171,0.0,0.12452983856201172
4172,0.0,0.22457408905029297
4173,0.0,0.2554636001586914
4174,0.0,0.30825138092041016
4175,0.0,0.3436603546142578
4176,0.0,0.39171409606933594
4177,0.0,0.34625244140625
4178,0.0,0.3790616989135742
4179,0.0,0.3898916244506836
4180,0.0,0.4063892364501953
4181,0.0,0.36168956756591797
4182,0.0,0.39609622955322266
4183,0.0,0.4377908706665039
4184,0.0,0.475921630859375
4185,0.0,0.4876289367675781
4186,0.0,0.50555419921875
4187,0.0,0.5563268661499023
4188,0.0,0.5859279632568359
4189,0.0,0.7197914123535156
4190,0.0,0.9673347473144531
4191,0.0,1.3736419677734375
4192,0.0,1.9003028869628906
4193,0.0,2.8412609100341797
4194,0.0,4.02303409576416
4195,3.0,5.984282493591309
4196,9.0,9.157658576965332
4197,20.0,13.262441635131836
4198,36.0,16.015945434570312
4199,48.0,17.33047103881836
4200,56.0,17.811336517333984
4201,72.0,18.14055633544922
4202,97.0,17.66262435913086
4203,113.0,16.819705963134766
4204,129.0,16.158740997314453
4205,132.0,16.619449615478516
4206,130.0,17.87816047668457
4207,121.0,20.511157989501953
4208,130.0,28.782554626464844
4209,139.0,42.122802734375
4210,129.0,54.084922790527344
4211,146.0,58.350555419921875
4212,124.0,53.58872985839844
4213,105.0,47.23515319824219
4214,100.0,42.236358642578125
4215,99.0,37.97809600830078
4216,93.0,31.731456756591797
4217,80.0,25.617630004882812
4218,68.0,15.201281547546387
4219,39.0,4.573324203491211
4220,25.0,1.1808795928955078
4221,19.0,0.550440788269043
4222,4.0,0.22754287719726562
4223,1.0,0.047318458557128906
4224,0.0,-0.09665775299072266
4225,0.0,-0.14109516143798828
4226,0.0,-0.16379737854003906
4227,0.0,-0.11034774780273438
4228,0.0,-0.07778072357177734
4229,0.0,0.013116836547851562
4230,0.0,0.09428119659423828
4231,0.0,0.163848876953125
4232,0.0,0.22014999389648438
4233,0.0,0.2920722961425781
4234,0.0,0.31767845153808594
4235,0.0,0.3262042999267578
4236,0.0,0.3325977325439453
4237,0.0,0.35270118713378906
4238,0.0,0.3690671920776367
4239,0.0,0.3743467330932617
4240,0.0,0.37555503845214844
4241,0.0,0.38284873962402344
4242,0.0,0.3931236267089844
4243,0.0,0.3902130126953125
4244,0.0,0.3857755661010742
4245,0.0,0.3841733932495117
4246,0.0,0.38705921173095703
4247,0.0,0.38153839111328125
4248,0.0,0.3745307922363281
4249,0.0,0.3686370849609375
4250,0.0,0.3537111282348633
4251,0.0,0.2701406478881836
4252,0.0,0.15610408782958984
4253,0.0,0.02801990509033203
4254,0.0,-0.16054344177246094
4255,0.0,-0.3969268798828125
4256,0.0,-0.49097347259521484
4257,0.0,-0.6371793746948242
4258,0.0,-0.5966825485229492
4259,0.0,-0.46535301208496094
4260,0.0,-0.23707294464111328
4261,0.0,-0.041973114013671875
4262,0.0,-0.15898895263671875
4263,0.0,-0.28583240509033203
4264,0.0,-0.5067615509033203
4265,0.0,-0.8271360397338867
4266,0.0,-1.0612030029296875
4267,0.0,-1.2840452194213867
4268,0.0,-1.4463567733764648
4269,0.0,-1.721400260925293
4270,0.0,-1.9053802490234375
4271,0.0,-2.0387182235717773
4272,0.0,-2.0901613235473633
4273,0.0,-2.1532115936279297
4274,0.0,-2.112621307373047
4275,0.0,-2.0675535202026367
4276,0.0,-2.0319719314575195
4277,0.0,-1.9764604568481445
4278,0.0,-1.9254350662231445
4279,0.0,-1.9169559478759766
4280,0.0,-1.939927101135254
4281,0.0,-1.873560905456543
4282,0.0,-1.8397321701049805
4283,0.0,-1.8500261306762695
4284,0.0,-1.8956804275512695
4285,0.0,-1.400527000427246
4286,0.0,-0.1627521514892578
4287,0.0,1.727325439453125
4288,0.0,4.068946838378906
4289,3.0,7.607751846313477
4290,8.0,12.038224220275879
4291,14.0,18.385066986083984
4292,32.0,28.114849090576172
4293,37.0,38.44618225097656
4294,42.0,45.63433837890625
4295,46.0,48.783172607421875
4296,48.0,49.983604431152344
4297,52.0,50.40434265136719
4298,54.0,50.93434143066406
4299,55.0,51.852020263671875
4300,56.0,53.222686767578125
4301,56.0,53.57044982910156
4302,57.0,53.85570526123047
4303,58.0,54.217529296875
4304,58.0,54.58161926269531
4305,57.0,54.35723114013672
4306,57.0,54.07337951660156
4307,58.0,53.903045654296875
4308,56.0,53.48907470703125
4309,54.0,52.63353729248047
4310,52.0,50.99772644042969
4311,50.0,49.009056091308594
4312,48.0,46.37744140625
4313,45.0,43.042327880859375
4314,40.0,39.218223571777344
4315,35.0,34.45454025268555
4316,29.0,26.98752212524414
4317,23.0,17.639060974121094
4318,12.0,9.289612770080566
4319,4.0,5.183869361877441
4320,0.0,2.997744560241699
4321,0.0,1.6951980590820312
4322,0.0,0.6454305648803711
4323,0.0,0.05997180938720703
4324,0.0,-0.17184066772460938
4325,0.0,-0.1813488006591797
4326,0.0,-0.21096324920654297
4327,0.0,-0.20662975311279297
4328,0.0,-0.19964981079101562
4329,0.0,-0.1772165298461914
4330,0.0,-0.17646026611328125
4331,0.0,-0.17270660400390625
4332,0.0,-0.16601943969726562
4333,0.0,-0.16463947296142578
4334,0.0,-0.15630435943603516
4335,0.0,-0.1547107696533203
4336,0.0,-0.15487098693847656
4337,0.0,-0.1784067153930664
4338,0.0,-0.1714305877685547
4339,0.0,-0.17625713348388672
4340,0.0,-0.1728658676147461
4341,0.0,-0.20286273956298828
4342,0.0,-0.19063568115234375
4343,0.0,-0.19675445556640625
4344,0.0,-0.1901264190673828
4345,0.0,-0.2255716323852539
4346,0.0,-0.20998191833496094
4347,0.0,-0.21726417541503906
4348,0.0,-0.210113525390625
4349,0.0,-0.5583810806274414
4350,0.0,-0.5791311264038086
4351,0.0,-0.6252546310424805
4352,0.0,-0.5912103652954102
4353,0.0,-0.6088552474975586
4354,0.0,-0.6020412445068359
4355,0.0,-0.6079034805297852
4356,0.0,-0.6068887710571289
4357,0.0,-0.6148548126220703
4358,0.0,-0.6527433395385742
4359,0.0,-0.6714239120483398
4360,0.0,-0.6635513305664062
4361,0.0,-0.4960622787475586
4362,0.0,-0.4816112518310547
4363,0.0,-0.5097618103027344
4364,0.0,-0.5513677597045898
4365,0.0,-0.3183002471923828
4366,0.0,-0.3450946807861328
4367,0.0,-0.3977937698364258
4368,0.0,-0.46454620361328125
4369,0.0,-0.08820343017578125
4370,0.0,-0.13768959045410156
4371,0.0,-0.22942638397216797
4372,0.0,-0.34908485412597656
4373,0.0,-0.004157066345214844
4374,0.0,-0.2407093048095703
4375,0.0,-0.5265007019042969
4376,0.0,-0.8334531784057617
4377,0.0,-0.8319950103759766
4378,0.0,-1.1850042343139648
4379,0.0,-1.503988265991211
4380,0.0,-1.7616949081420898
4381,0.0,-1.6187114715576172
4382,0.0,-1.1180896759033203
4383,0.0,-0.29944896697998047
4384,3.0,0.6237640380859375
4385,4.0,2.2381677627563477
4386,1.0,3.050182342529297
4387,2.0,2.6388845443725586
4388,8.0,1.3856582641601562
4389,42.0,1.350412368774414
4390,35.0,3.4334945678710938
4391,20.0,8.423392295837402
4392,49.0,19.118650436401367
4393,46.0,40.64574432373047
4394,27.0,62.995399475097656
4395,48.0,76.44347381591797
4396,60.0,82.29727172851562
4397,72.0,83.7221908569336
4398,70.0,83.73956298828125
4399,53.0,82.20844268798828
4400,48.0,77.80381774902344
4401,63.0,70.98886108398438
4402,69.0,62.327239990234375
4403,69.0,52.97655487060547
4404,58.0,43.85467529296875
4405,48.0,37.23627853393555
4406,28.0,34.38568878173828
4407,31.0,33.211448669433594
4408,32.0,31.586524963378906
4409,28.0,26.925029754638672
4410,36.0,20.21996307373047
4411,68.0,10.118571281433105
4412,29.0,2.1790647506713867
4413,30.0,0.4368886947631836
4414,9.0,-0.08448505401611328
4415,2.0,-0.21785259246826172
4416,0.0,-0.2554655075073242
4417,0.0,-0.1459808349609375
4418,0.0,-0.17275333404541016
4419,0.0,-0.15762901306152344
4420,0.0,-0.1650552749633789
4421,0.0,-0.08924198150634766
4422,0.0,-0.05663299560546875
4423,0.0,0.016996383666992188
4424,0.0,0.07359600067138672
4425,0.0,0.1719493865966797
4426,0.0,0.2620658874511719
4427,0.0,0.27985286712646484
4428,0.0,0.2763996124267578
4429,0.0,0.29578590393066406
4430,0.0,0.224273681640625
4431,0.0,0.14597797393798828
4432,0.0,0.031531333923339844
4433,0.0,-0.005694389343261719
4434,0.0,0.03075122833251953
4435,0.0,0.02322673797607422
4436,0.0,0.01931285858154297
4437,0.0,0.02517223358154297
4438,0.0,0.04726886749267578
4439,0.0,0.052811622619628906
4440,0.0,0.06332778930664062
4441,0.0,0.072418212890625
4442,0.0,0.10221004486083984
4443,0.0,0.13393020629882812
4444,0.0,0.1669788360595703
4445,0.0,0.3162069320678711
4446,0.0,0.26186656951904297
4447,0.0,0.1769847869873047
4448,0.0,0.12117290496826172
4449,0.0,0.09330940246582031
4450,0.0,0.04717445373535156
4451,0.0,0.0166015625
4452,0.0,-0.006581306457519531
4453,0.0,-0.025705337524414062
4454,0.0,-0.01397705078125
4455,0.0,-0.0057697296142578125
4456,0.0,0.011569023132324219
4457,0.0,0.02055644989013672
4458,0.0,0.06913375854492188
4459,0.0,0.0838785171508789
4460,0.0,0.11316585540771484
4461,0.0,0.13974761962890625
4462,0.0,0.16243267059326172
4463,0.0,0.15899658203125
4464,0.0,0.15869712829589844
4465,0.0,0.12224960327148438
4466,0.0,0.17508220672607422
4467,0.0,0.2196493148803711
4468,0.0,0.2546834945678711
4469,0.0,0.24222946166992188
4470,0.0,0.3098917007446289
4471,0.0,0.3269224166870117
4472,0.0,0.34609317779541016
4473,0.0,0.2899599075317383
4474,0.0,0.21049022674560547
4475,0.0,0.08780193328857422
4476,0.0,-0.008245468139648438
4477,0.0,-0.12592124938964844
4478,0.0,0.12127304077148438
4479,0.0,0.33797264099121094
4480,0.0,0.6258344650268555
4481,0.0,1.4399957656860352
4482,0.0,2.8030624389648438
4483,0.0,4.711727619171143
4484,3.0,8.093528747558594
4485,11.0,15.682804107666016
4486,40.0,33.537208557128906
4487,36.0,60.675559997558594
4488,69.0,85.27900695800781
4489,111.0,98.48411560058594
4490,128.0,102.23625946044922
4491,111.0,102.8481216430664
4492,104.0,102.40228271484375
4493,92.0,101.32682037353516
4494,76.0,99.62950897216797
4495,89.0,97.80198669433594
4496,147.0,95.82215118408203
4497,132.0,92.82649993896484
4498,133.0,89.04918670654297
4499,105.0,86.10123443603516
4500,80.0,83.13990783691406
4501,69.0,79.53655242919922
4502,57.0,75.51033020019531
4503,51.0,71.05500793457031
4504,74.0,64.31873321533203
4505,32.0,54.95568084716797
4506,18.0,44.16431427001953
4507,30.0,33.86787033081055
4508,32.0,24.177955627441406
4509,31.0,13.065373420715332
4510,9.0,4.0225510597229
4511,0.0,1.3828067779541016
4512,0.0,0.6985263824462891
4513,0.0,0.5847511291503906
4514,0.0,0.5428276062011719
4515,0.0,0.5292348861694336
4516,0.0,0.5033044815063477
4517,0.0,0.4976539611816406
4518,0.0,0.4721412658691406
4519,0.0,0.4674406051635742
4520,0.0,0.45279598236083984
4521,0.0,0.461212158203125
4522,0.0,0.4582700729370117
4523,0.0,0.45911693572998047
4524,0.0,0.45450401306152344
4525,0.0,0.47008800506591797
4526,0.0,0.5105066299438477
4527,0.0,0.5285911560058594
4528,0.0,0.5178918838500977
4529,0.0,0.4962034225463867
4530,0.0,0.5225648880004883
4531,0.0,0.4785776138305664
4532,0.0,0.4153156280517578
4533,0.0,0.3560771942138672
4534,0.0,0.3330974578857422
4535,0.0,0.3534116744995117
4536,0.0,0.3659505844116211
4537,0.0,0.39826393127441406
4538,0.0,0.3977508544921875
4539,0.0,0.4104299545288086
4540,0.0,0.41802406311035156
4541,0.0,0.6733856201171875
4542,0.0,0.6785736083984375
4543,0.0,0.6807632446289062
4544,0.0,0.6704597473144531
4545,0.0,0.7260341644287109
4546,0.0,0.6029262542724609
4547,0.0,0.4680309295654297
4548,0.0,0.31644535064697266
4549,0.0,0.09441184997558594
4550,0.0,-0.1897716522216797
4551,0.0,-0.5593595504760742
4552,0.0,-0.9422702789306641
4553,0.0,-1.3179988861083984
4554,0.0,-1.502568244934082
4555,0.0,-1.5866384506225586
4556,0.0,-1.6346874237060547
4557,0.0,-1.629685401916504
4558,0.0,-1.5008211135864258
4559,0.0,-1.1487274169921875
4560,0.0,-0.5845985412597656
4561,0.0,0.004254341125488281
4562,0.0,0.28604602813720703
4563,0.0,0.5010766983032227
4564,0.0,0.6815080642700195
4565,0.0,0.7604475021362305
4566,0.0,0.6556215286254883
4567,0.0,0.5165271759033203
4568,0.0,0.31070613861083984
4569,0.0,0.05102348327636719
4570,0.0,0.18132686614990234
4571,0.0,0.44394969940185547
4572,0.0,0.7176065444946289
4573,0.0,0.9167642593383789
4574,0.0,1.1053285598754883
4575,0.0,1.3359298706054688
4576,0.0,1.5591859817504883
4577,0.0,1.7680635452270508
4578,1.0,2.0478343963623047
4579,4.0,2.586928367614746
4580,11.0,3.744802951812744
4581,21.0,5.785553455352783
4582,55.0,9.080171585083008
4583,70.0,12.28669261932373
4584,81.0,15.127514839172363
4585,100.0,17.17910385131836
4586,118.0,18.612443923950195
4587,122.0,21.346904754638672
4588,94.0,27.69873046875
4589,67.0,42.05308532714844
4590,83.0,56.32093048095703
4591,112.0,66.19000244140625
4592,119.0,72.56002807617188
4593,92.0,76.42982482910156
4594,117.0,79.06715393066406
4595,143.0,80.41252136230469
4596,134.0,79.56206512451172
4597,124.0,74.71985626220703
4598,99.0,69.06757354736328
4599,77.0,63.325157165527344
4600,81.0,55.328102111816406
4601,74.0,44.78239440917969
4602,74.0,34.84919738769531
4603,65.0,28.156064987182617
4604,58.0,21.924936294555664
4605,7.0,15.093443870544434
4606,5.0,6.114101409912109
4607,1.0,1.6453790664672852
4608,0.0,0.5012550354003906
4609,0.0,0.2772665023803711
4610,0.0,0.16697978973388672
4611,0.0,0.1692981719970703
4612,0.0,0.17240142822265625
4613,0.0,0.2327127456665039
4614,0.0,0.25913143157958984
4615,0.0,0.28922271728515625
4616,0.0,0.3038330078125
4617,0.0,0.3333702087402344
4618,0.0,0.3269014358520508
4619,0.0,0.29497718811035156
4620,0.0,0.2635984420776367
4621,0.0,0.2530202865600586
4622,0.0,0.22581100463867188
4623,0.0,0.2163372039794922
4624,0.0,0.2030506134033203
4625,0.0,0.22145462036132812
4626,0.0,0.2620716094970703
4627,0.0,0.2859535217285156
4628,0.0,0.30454158782958984
4629,0.0,0.33172130584716797
4630,0.0,0.36168670654296875
4631,0.0,0.38636112213134766
4632,0.0,0.37465381622314453
4633,0.0,0.3783130645751953
4634,0.0,0.4090728759765625
4635,0.0,0.39623069763183594
4636,0.0,0.3933115005493164
4637,0.0,0.7066812515258789
4638,0.0,0.6671552658081055
4639,0.0,0.6566190719604492
4640,0.0,0.6527528762817383
4641,0.0,0.7079887390136719
4642,0.0,0.7322969436645508
4643,0.0,0.7567005157470703
4644,0.0,0.7874937057495117
4645,0.0,0.8194618225097656
4646,0.0,0.8814210891723633
4647,0.0,0.8743143081665039
4648,0.0,0.8728666305541992
4649,0.0,0.8486042022705078
4650,0.0,0.7836065292358398
4651,0.0,0.6640644073486328
4652,0.0,0.529998779296875
4653,0.0,0.3126974105834961
4654,0.0,0.2711629867553711
4655,0.0,0.21230506896972656
4656,0.0,0.18655967712402344
4657,0.0,0.13457393646240234
4658,0.0,0.1918354034423828
4659,0.0,0.2643852233886719
4660,0.0,0.32843875885009766
4661,0.0,0.33240795135498047
4662,0.0,0.4036293029785156
4663,0.0,0.4711008071899414
4664,0.0,0.529667854309082
4665,0.0,0.5183448791503906
4666,0.0,0.244720458984375
4667,0.0,-0.13949203491210938
4668,0.0,-0.6144981384277344
4669,0.0,-0.8577594757080078
4670,0.0,-0.3785743713378906
4671,0.0,0.8180627822875977
4672,0.0,2.179828643798828
4673,1.0,3.8648805618286133
4674,5.0,6.028111457824707
4675,10.0,9.341879844665527
4676,25.0,15.291003227233887
4677,36.0,25.917762756347656
4678,42.0,38.244293212890625
4679,47.0,44.97655487060547
4680,50.0,47.24314880371094
4681,54.0,48.267799377441406
4682,56.0,49.072425842285156
4683,57.0,49.82367706298828
4684,59.0,50.823028564453125
4685,59.0,51.26893615722656
4686,60.0,51.642608642578125
4687,61.0,52.057518005371094
4688,61.0,52.71099090576172
4689,61.0,52.508827209472656
4690,62.0,51.88569641113281
4691,60.0,50.764610290527344
4692,59.0,49.1014404296875
4693,57.0,46.39038848876953
4694,55.0,43.04389572143555
4695,53.0,39.81294250488281
4696,44.0,36.494850158691406
4697,42.0,33.57568359375
4698,44.0,29.413984298706055
4699,41.0,22.292217254638672
4700,34.0,11.964584350585938
4701,22.0,9.061094284057617
4702,9.0,6.318199157714844
4703,1.0,3.5509719848632812
4704,0.0,1.3989019393920898
4705,0.0,0.6653337478637695
4706,0.0,0.26752662658691406
4707,0.0,0.03006744384765625
4708,0.0,-0.1163015365600586
4709,0.0,-0.13013267517089844
4710,0.0,-0.1332864761352539
4711,0.0,-0.07662296295166016
4712,0.0,-0.03695201873779297
4713,0.0,0.0598602294921875
4714,0.0,0.1341571807861328
4715,0.0,0.20969486236572266
4716,0.0,0.2766294479370117
4717,0.0,0.3470020294189453
4718,0.0,0.3419160842895508
4719,0.0,0.3329591751098633
4720,0.0,0.3014965057373047
4721,0.0,0.2628593444824219
4722,0.0,0.2513866424560547
4723,0.0,0.2650299072265625
4724,0.0,0.29089927673339844
4725,0.0,0.31751060485839844
4726,0.0,0.3396272659301758
4727,0.0,0.36804962158203125
4728,0.0,0.3875570297241211
4729,0.0,0.4097013473510742
4730,0.0,0.4420156478881836
4731,0.0,0.47145843505859375
4732,0.0,0.5010738372802734
4733,0.0,0.5284414291381836
4734,0.0,0.6386022567749023
4735,0.0,0.6386232376098633
4736,0.0,0.6652631759643555
4737,0.0,0.7364225387573242
4738,0.0,0.7376232147216797
4739,0.0,0.7293252944946289
4740,0.0,0.6962594985961914
4741,0.0,0.6182680130004883
4742,0.0,0.5464658737182617
4743,0.0,0.4341573715209961
4744,0.0,0.3375730514526367
4745,0.0,0.26245975494384766
4746,0.0,0.2022085189819336
4747,0.0,0.17484474182128906
4748,0.0,0.1478891372680664
4749,0.0,0.07536888122558594
4750,0.0,0.05407428741455078
4751,0.0,0.028565406799316406
4752,0.0,-0.008260726928710938
4753,0.0,-0.06234455108642578
4754,0.0,-0.11841392517089844
4755,0.0,-0.17757320404052734
4756,0.0,-0.23190879821777344
4757,0.0,-0.3216543197631836
4758,0.0,-0.39299964904785156
4759,0.0,-0.34905052185058594
4760,0.0,-0.11155128479003906
4761,0.0,0.5905790328979492
4762,0.0,1.213088035583496
4763,0.0,1.5074281692504883
4764,0.0,1.692281723022461
4765,0.0,2.023693084716797
4766,0.0,2.617426872253418
4767,0.0,3.696369171142578
4768,0.0,5.897964000701904
4769,0.0,8.878192901611328
4770,0.0,13.217389106750488
4771,0.0,18.218599319458008
4772,0.0,23.516515731811523
4773,0.0,29.527925491333008
4774,5.0,35.5308952331543
4775,17.0,41.1555290222168
4776,27.0,46.39271545410156
4777,22.0,50.82109069824219
4778,24.0,53.623069763183594
4779,36.0,54.01634979248047
4780,38.0,54.20967102050781
4781,47.0,56.55793762207031
4782,44.0,59.12981414794922
4783,48.0,69.53510284423828
4784,38.0,80.08577728271484
4785,24.0,79.75113677978516
4786,28.0,75.32923889160156
4787,34.0,70.40303802490234
4788,45.0,66.05180358886719
4789,46.0,61.696533203125
4790,50.0,53.10674285888672
4791,62.0,41.01325988769531
4792,58.0,31.95592498779297
4793,58.0,27.0087890625
4794,52.0,21.470489501953125
4795,58.0,11.442193031311035
4796,61.0,3.361544609069824
4797,37.0,1.2896432876586914
4798,12.0,0.6245155334472656
4799,1.0,0.41561412811279297
4800,0.0,0.3285665512084961
4801,0.0,0.3240814208984375
4802,0.0,0.32712364196777344
4803,0.0,0.36994075775146484
4804,0.0,0.39441394805908203
4805,0.0,0.43660926818847656
4806,0.0,0.4770774841308594
4807,0.0,0.4168567657470703
4808,0.0,0.3453845977783203
4809,0.0,0.2933330535888672
4810,0.0,0.28058624267578125
4811,0.0,0.3528633117675781
4812,0.0,0.3994121551513672
4813,0.0,0.45308685302734375
4814,0.0,0.5191364288330078
4815,0.0,0.5318717956542969
4816,0.0,0.5413446426391602
4817,0.0,0.5546073913574219
4818,0.0,0.6253671646118164
4819,0.0,0.6342830657958984
4820,0.0,0.6769380569458008
4821,0.0,0.723052978515625
4822,0.0,0.734553337097168
4823,0.0,0.7260055541992188
4824,0.0,0.6853008270263672
4825,0.0,0.6504392623901367
4826,0.0,0.6840629577636719
4827,0.0,0.6845178604125977
4828,0.0,0.6993169784545898
4829,0.0,1.0635795593261719
4830,0.0,1.0854988098144531
4831,0.0,0.9411897659301758
4832,0.0,0.7744064331054688
4833,0.0,0.5893831253051758
4834,0.0,0.49057674407958984
4835,0.0,0.4084024429321289
4836,0.0,0.3278951644897461
4837,0.0,0.2577390670776367
4838,0.0,0.22458648681640625
4839,0.0,0.20101261138916016
4840,0.0,0.18901538848876953
4841,0.0,0.1636981964111328
4842,0.0,0.1522998809814453
4843,0.0,0.1317424774169922
4844,0.0,0.12316226959228516
4845,0.0,0.07853126525878906
4846,0.0,0.16527080535888672
4847,0.0,0.2978239059448242
4848,0.0,0.4436016082763672
4849,0.0,0.5217342376708984
4850,0.0,0.6562347412109375
4851,0.0,0.6937255859375
4852,0.0,0.7313070297241211
4853,0.0,0.6359825134277344
4854,0.0,0.3744487762451172
4855,0.0,-0.08641338348388672
4856,0.0,-0.7952098846435547
4857,0.0,-2.2499847412109375
4858,0.0,-3.0897016525268555
4859,0.0,-2.992219924926758
4860,0.0,-2.5960092544555664
4861,0.0,-2.3448095321655273
4862,0.0,-2.4637842178344727
4863,0.0,-1.7407331466674805
4864,0.0,0.7641515731811523
4865,4.0,4.724518299102783
4866,16.0,10.24351978302002
4867,46.0,20.852792739868164
4868,59.0,43.82868194580078
4869,70.0,66.64498138427734
4870,81.0,83.91215515136719
4871,97.0,95.9297866821289
4872,107.0,104.6102294921875
4873,122.0,110.0055923461914
4874,127.0,113.9004135131836
4875,139.0,114.19285583496094
4876,141.0,111.91978454589844
4877,144.0,105.12142944335938
4878,151.0,98.16084289550781
4879,155.0,94.65074157714844
4880,153.0,93.88540649414062
4881,150.0,93.03031921386719
4882,134.0,92.3337173461914
4883,80.0,91.51959228515625
4884,76.0,88.91454315185547
4885,73.0,83.60306549072266
4886,59.0,76.53569793701172
4887,43.0,68.37855529785156
4888,47.0,57.99034881591797
4889,60.0,46.922393798828125
4890,48.0,36.31373596191406
4891,36.0,29.448095321655273
4892,14.0,20.463706970214844
4893,1.0,6.988742351531982
4894,0.0,2.0630931854248047
4895,0.0,0.8048639297485352
4896,0.0,0.40465641021728516
4897,0.0,0.33113670349121094
4898,0.0,0.26338863372802734
4899,0.0,0.19709491729736328
4900,0.0,0.11995506286621094
4901,0.0,0.05678558349609375
4902,0.0,0.012539863586425781
4903,0.0,0.048508644104003906
4904,0.0,0.08626079559326172
4905,0.0,0.15436744689941406
4906,0.0,0.19206809997558594
4907,0.0,0.2275409698486328
4908,0.0,0.26706600189208984
4909,0.0,0.32217979431152344
4910,0.0,0.3203086853027344
4911,0.0,0.27865123748779297
4912,0.0,0.24059486389160156
4913,0.0,0.21195697784423828
4914,0.0,0.1942462921142578
4915,0.0,0.19774818420410156
4916,0.0,0.20201587677001953
4917,0.0,0.21620845794677734
4918,0.0,0.24287986755371094
4919,0.0,0.28194427490234375
4920,0.0,0.32710933685302734
4921,0.0,0.3821420669555664
4922,0.0,0.42657947540283203
4923,0.0,0.4445638656616211
4924,0.0,0.46805667877197266
4925,0.0,0.32245922088623047
4926,0.0,0.3302621841430664
4927,0.0,0.3264446258544922
4928,0.0,0.3589973449707031
4929,0.0,0.3994407653808594
4930,0.0,0.4024219512939453
4931,0.0,0.4344043731689453
4932,0.0,0.46402931213378906
4933,0.0,0.5038232803344727
4934,0.0,0.5528554916381836
4935,0.0,0.5696134567260742
4936,0.0,0.581568717956543
4937,0.0,0.5798807144165039
4938,0.0,0.5676584243774414
4939,0.0,0.5732927322387695
4940,0.0,0.5819826126098633
4941,0.0,0.5490245819091797
4942,0.0,0.5623378753662109
4943,0.0,0.5647783279418945
4944,0.0,0.5701866149902344
4945,0.0,0.4917449951171875
4946,0.0,0.5142936706542969
4947,0.0,0.5270099639892578
4948,0.0,0.5475568771362305
4949,0.0,0.3910560607910156
4950,0.0,0.37682437896728516
4951,0.0,0.34769535064697266
4952,0.0,0.33409690856933594
4953,0.0,0.05188465118408203
4954,0.0,0.14183712005615234
4955,0.0,0.1964092254638672
4956,0.0,0.2888660430908203
4957,0.0,-0.000354766845703125
4958,0.0,0.09647369384765625
4959,0.0,0.3571586608886719
4960,0.0,0.9999246597290039
4961,0.0,2.031773567199707
4962,1.0,4.009657382965088
4963,6.0,6.696117401123047
4964,7.0,10.358816146850586
4965,22.0,15.313111305236816
4966,45.0,20.885318756103516
4967,51.0,26.84383773803711
4968,52.0,33.94308090209961
4969,47.0,45.035133361816406
4970,52.0,52.753753662109375
4971,48.0,53.38853454589844
4972,42.0,49.34419250488281
4973,38.0,44.13312530517578
4974,43.0,39.609256744384766
4975,73.0,36.56193923950195
4976,94.0,34.40874099731445
4977,102.0,32.895477294921875
4978,100.0,30.931190490722656
4979,80.0,28.431245803833008
4980,69.0,25.654666900634766
4981,79.0,23.39773941040039
4982,61.0,21.420833587646484
4983,57.0,19.395307540893555
4984,50.0,16.523975372314453
4985,32.0,12.665919303894043
4986,38.0,7.82985782623291
4987,36.0,3.8610100746154785
4988,32.0,1.679788589477539
4989,36.0,0.9395170211791992
4990,23.0,0.6464624404907227
4991,4.0,0.5629043579101562
4992,0.0,0.4963703155517578
4993,0.0,0.4589414596557617
4994,0.0,0.5199203491210938
4995,0.0,0.5768823623657227
4996,0.0,0.6105842590332031
4997,0.0,0.6720142364501953
4998,0.0,0.6331062316894531
4999,0.0,0.6311683654785156
5000,0.0,0.6317586898803711
5001,0.0,0.6759510040283203
5002,0.0,0.6732101440429688
5003,0.0,0.680084228515625
5004,0.0,0.6723766326904297
5005,0.0,0.6889715194702148
5006,0.0,0.6877470016479492
5007,0.0,0.6879177093505859
5008,0.0,0.6801280975341797
5009,0.0,0.6895666122436523
5010,0.0,0.6941328048706055
5011,0.0,0.6913795471191406
5012,0.0,0.681208610534668
5013,0.0,0.6831378936767578
5014,0.0,0.6898727416992188
5015,0.0,0.6785373687744141
5016,0.0,0.6741724014282227
5017,0.0,0.6753511428833008
5018,0.0,0.6855583190917969
5019,0.0,0.6771945953369141
5020,0.0,0.6732149124145508
5021,0.0,1.1138763427734375
5022,0.0,1.1732406616210938
5023,0.0,1.006235122680664
5024,0.0,0.8617172241210938
5025,0.0,0.6965827941894531
5026,0.0,0.7057743072509766
5027,0.0,0.7428245544433594
5028,0.0,0.7892980575561523
5029,0.0,0.8415327072143555
5030,0.0,0.9294891357421875
5031,0.0,1.0213394165039062
5032,0.0,1.104196548461914
5033,0.0,1.1096906661987305
5034,0.0,1.1414661407470703
5035,0.0,1.1041040420532227
5036,0.0,1.0829496383666992
5037,0.0,0.9663867950439453
5038,0.0,0.9855031967163086
5039,0.0,0.9876022338867188
5040,0.0,1.0149164199829102
5041,0.0,0.931696891784668
5042,0.0,0.8882875442504883
5043,0.0,0.8602399826049805
5044,0.0,0.8219699859619141
5045,0.0,0.6543245315551758
5046,0.0,0.6289129257202148
5047,0.0,0.634190559387207
5048,0.0,0.6419248580932617
5049,0.0,0.5161914825439453
5050,0.0,0.42388916015625
5051,0.0,0.2757987976074219
5052,0.0,0.18694114685058594
5053,0.0,0.2166433334350586
5054,0.0,0.5662393569946289
5055,0.0,1.121185302734375
5056,0.0,1.902491569519043
5057,0.0,2.895383834838867
5058,0.0,4.3846282958984375
5059,0.0,6.810104846954346
5060,0.0,10.577118873596191
5061,17.0,15.998863220214844
5062,28.0,20.8493595123291
5063,16.0,24.276939392089844
5064,5.0,26.448068618774414
5065,7.0,28.562528610229492
5066,9.0,29.419166564941406
5067,6.0,29.713438034057617
5068,7.0,29.77588653564453
5069,8.0,30.5658016204834
5070,6.0,30.826696395874023
5071,6.0,30.907432556152344
5072,7.0,30.827884674072266
5073,33.0,30.969009399414062
5074,56.0,30.57614517211914
5075,55.0,30.144033432006836
5076,48.0,29.719947814941406
5077,20.0,29.395814895629883
5078,6.0,28.482864379882812
5079,16.0,27.458635330200195
5080,13.0,26.098922729492188
5081,3.0,24.191162109375
5082,6.0,20.876148223876953
5083,5.0,14.81849193572998
5084,1.0,6.143558502197266
5085,0.0,2.1938180923461914
5086,0.0,1.0875720977783203
5087,0.0,0.792759895324707
5088,0.0,0.679600715637207
5089,0.0,0.6215457916259766
5090,0.0,0.5444145202636719
5091,0.0,0.5007209777832031
5092,0.0,0.46260929107666016
5093,0.0,0.4485015869140625
5094,0.0,0.4255256652832031
5095,0.0,0.41937828063964844
5096,0.0,0.4098625183105469
5097,0.0,0.42551612854003906
5098,0.0,0.41240787506103516
5099,0.0,0.40207576751708984
5100,0.0,0.38725852966308594
5101,0.0,0.39466381072998047
5102,0.0,0.39145469665527344
5103,0.0,0.4097890853881836
5104,0.0,0.41968631744384766
5105,0.0,0.4519004821777344
5106,0.0,0.45373058319091797
5107,0.0,0.4491424560546875
5108,0.0,0.4429330825805664
5109,0.0,0.44666576385498047
5110,0.0,0.44016075134277344
5111,0.0,0.42273807525634766
5112,0.0,0.40674877166748047
5113,0.0,0.39622974395751953
5114,0.0,0.38419151306152344
5115,0.0,0.38130664825439453
5116,0.0,0.37178516387939453
5117,0.0,0.3357877731323242
5118,0.0,0.3160743713378906
5119,0.0,0.3040637969970703
5120,0.0,0.28962135314941406
5121,0.0,0.2980842590332031
5122,0.0,0.2827930450439453
5123,0.0,0.26660728454589844
5124,0.0,0.2564229965209961
5125,0.0,0.24935340881347656
5126,0.0,0.24869632720947266
5127,0.0,0.24684619903564453
5128,0.0,0.2524089813232422
5129,0.0,0.2539644241333008
5130,0.0,0.28662109375
5131,0.0,0.31758689880371094
5132,0.0,0.35315895080566406
5133,0.0,0.3809537887573242
5134,0.0,0.40234375
5135,0.0,0.4135284423828125
5136,0.0,0.4297943115234375
5137,0.0,0.41672229766845703
5138,0.0,0.4227323532104492
5139,0.0,0.4083290100097656
5140,0.0,0.39819908142089844
5141,0.0,0.32140064239501953
5142,0.0,0.4057273864746094
5143,0.0,0.5317478179931641
5144,0.0,0.7111663818359375
5145,0.0,0.8428010940551758
5146,0.0,1.0441265106201172
5147,0.0,1.1308259963989258
5148,0.0,1.1906166076660156
5149,0.0,1.1453666687011719
5150,0.0,1.0719614028930664
5151,0.0,1.0793733596801758
5152,0.0,1.2310523986816406
5153,0.0,1.4490137100219727
5154,0.0,1.7791929244995117
5155,0.0,2.2874107360839844
5156,0.0,3.273434638977051
5157,1.0,5.06097936630249
5158,0.0,7.5620293617248535
5159,3.0,10.73707103729248
5160,4.0,14.530941009521484
5161,6.0,17.938785552978516
5162,8.0,20.151443481445312
5163,5.0,21.97479248046875
5164,5.0,23.49481201171875
5165,9.0,24.601482391357422
5166,28.0,25.55797004699707
5167,46.0,26.523269653320312
5168,40.0,27.341934204101562
5169,38.0,28.152788162231445
5170,64.0,26.634933471679688
5171,28.0,24.375308990478516
5172,14.0,22.60348892211914
5173,24.0,22.80964469909668
5174,28.0,22.203779220581055
5175,12.0,21.339248657226562
5176,37.0,19.72539520263672
5177,66.0,17.043161392211914
5178,37.0,10.976960182189941
5179,30.0,4.907505035400391
5180,16.0,1.810943603515625
5181,6.0,1.0164098739624023
5182,0.0,0.5550327301025391
5183,0.0,0.3653573989868164
5184,0.0,0.26491451263427734
5185,0.0,0.27254486083984375
5186,0.0,0.2672271728515625
5187,0.0,0.2588672637939453
5188,0.0,0.25244617462158203
5189,0.0,0.2839498519897461
5190,0.0,0.30260562896728516
5191,0.0,0.3064918518066406
5192,0.0,0.30654144287109375
5193,0.0,0.3291482925415039
5194,0.0,0.28638744354248047
5195,0.0,0.2664451599121094
5196,0.0,0.24027252197265625
5197,0.0,0.2611732482910156
5198,0.0,0.2880582809448242
5199,0.0,0.3183717727661133
5200,0.0,0.34301185607910156
5201,0.0,0.38045787811279297
5202,0.0,0.40095043182373047
5203,0.0,0.4120616912841797
5204,0.0,0.4180288314819336
5205,0.0,0.42920780181884766
5206,0.0,0.4359273910522461
5207,0.0,0.4341564178466797
5208,0.0,0.432098388671875
5209,0.0,0.42923545837402344
5210,0.0,0.43650341033935547
5211,0.0,0.4439735412597656
5212,0.0,0.4550590515136719
5213,0.0,1.0054397583007812
5214,0.0,1.189274787902832
5215,0.0,1.125986099243164
5216,0.0,1.0507268905639648
5217,0.0,1.0954055786132812
5218,0.0,1.10101318359375
5219,0.0,1.1239652633666992
5220,0.0,1.1407060623168945
5221,0.0,1.2266244888305664
5222,0.0,1.1528005599975586
5223,0.0,1.0920772552490234
5224,0.0,1.0231094360351562
5225,0.0,0.9663553237915039
5226,0.0,0.9306774139404297
5227,0.0,0.8472671508789062
5228,0.0,0.7563161849975586
5229,0.0,0.7045221328735352
5230,0.0,0.8078927993774414
5231,0.0,0.9153013229370117
5232,0.0,1.0317506790161133
5233,0.0,1.1414775848388672
5234,0.0,1.2250251770019531
5235,0.0,1.273580551147461
5236,0.0,1.3292169570922852
5237,0.0,1.3635311126708984
5238,0.0,1.4348573684692383
5239,0.0,1.4869976043701172
5240,0.0,1.5292482376098633
5241,0.0,1.502182960510254
5242,0.0,1.5188751220703125
5243,0.0,1.5251140594482422
5244,0.0,1.5331764221191406
5245,0.0,1.496912956237793
5246,0.0,1.672607421875
5247,0.0,1.9028072357177734
5248,0.0,2.1923046112060547
5249,0.0,2.502163887023926
5250,0.0,2.963582992553711
5251,5.0,3.434506416320801
5252,8.0,3.9818239212036133
5253,10.0,4.723499774932861
5254,22.0,5.690001487731934
5255,39.0,7.050568580627441
5256,26.0,9.369096755981445
5257,40.0,13.519043922424316
5258,91.0,19.26293182373047
5259,69.0,25.1778507232666
5260,66.0,29.389108657836914
5261,53.0,32.58732604980469
5262,29.0,33.454463958740234
5263,38.0,33.005699157714844
5264,39.0,32.104957580566406
5265,42.0,31.87339210510254
5266,45.0,30.661725997924805
5267,73.0,29.401308059692383
5268,29.0,28.283042907714844
5269,30.0,28.31928062438965
5270,28.0,29.345190048217773
5271,22.0,29.53600311279297
5272,20.0,28.84917640686035
5273,18.0,27.65084457397461
5274,4.0,25.480030059814453
5275,5.0,22.23366928100586
5276,2.0,15.961523056030273
5277,2.0,7.373492240905762
5278,0.0,2.3904953002929688
5279,0.0,0.9756622314453125
5280,0.0,0.5708694458007812
5281,0.0,0.4842214584350586
5282,0.0,0.4151296615600586
5283,0.0,0.40270042419433594
5284,0.0,0.39034461975097656
5285,0.0,0.4125499725341797
5286,0.0,0.3856325149536133
5287,0.0,0.37847232818603516
5288,0.0,0.3760557174682617
5289,0.0,0.39532947540283203
5290,0.0,0.40105438232421875
5291,0.0,0.39943790435791016
5292,0.0,0.3936929702758789
5293,0.0,0.4046478271484375
5294,0.0,0.4299917221069336
5295,0.0,0.44654273986816406
5296,0.0,0.4498023986816406
5297,0.0,0.4449586868286133
5298,0.0,0.4778881072998047
5299,0.0,0.4640216827392578
5300,0.0,0.44954776763916016
5301,0.0,0.43041324615478516
5302,0.0,0.45615673065185547
5303,0.0,0.48120784759521484
5304,0.0,0.48502445220947266
5305,0.0,0.48713111877441406
5306,0.0,0.46935081481933594
5307,0.0,0.43863487243652344
5308,0.0,0.4194622039794922
5309,0.0,0.9699802398681641
5310,0.0,1.1173772811889648
5311,0.0,1.138143539428711
5312,0.0,1.1669702529907227
5313,0.0,1.2342872619628906
5314,0.0,1.192286491394043
5315,0.0,1.1967582702636719
5316,0.0,1.1751346588134766
5317,0.0,1.1575984954833984
5318,0.0,1.1243715286254883
5319,0.0,1.0891008377075195
5320,0.0,1.0566282272338867
5321,0.0,1.0242462158203125
5322,0.0,1.0180368423461914
5323,0.0,1.0005311965942383
5324,0.0,0.989964485168457
5325,0.0,0.9605598449707031
5326,0.0,0.9701519012451172
5327,0.0,0.9659976959228516
5328,0.0,0.9665889739990234
5329,0.0,0.9241218566894531
5330,0.0,0.9966793060302734
5331,0.0,1.0375680923461914
5332,0.0,1.0889816284179688
5333,0.0,1.1025714874267578
5334,0.0,1.1188678741455078
5335,0.0,1.112344741821289
5336,0.0,1.0976171493530273
5337,0.0,1.0096759796142578
5338,0.0,1.0521516799926758
5339,0.0,1.0905838012695312
5340,0.0,1.1247272491455078
5341,0.0,1.0889415740966797
5342,0.0,1.3376712799072266
5343,0.0,1.6574602127075195
5344,0.0,1.9513626098632812
5345,0.0,2.092212677001953
5346,0.0,2.285440444946289
5347,0.0,2.4393386840820312
5348,0.0,2.569477081298828
5349,0.0,2.594083786010742
5350,2.0,2.858905792236328
5351,4.0,3.257568359375
5352,6.0,3.7652339935302734
5353,9.0,4.458818435668945
5354,13.0,5.365588665008545
5355,37.0,6.739821910858154
5356,50.0,8.737415313720703
5357,64.0,12.073148727416992
5358,64.0,15.851070404052734
5359,67.0,19.173763275146484
5360,45.0,21.28783416748047
5361,54.0,22.939804077148438
5362,50.0,24.389925003051758
5363,53.0,25.59567642211914
5364,62.0,26.578845977783203
5365,62.0,27.668914794921875
5366,36.0,27.635547637939453
5367,37.0,27.069190979003906
5368,26.0,25.90178680419922
5369,21.0,24.18117904663086
5370,18.0,20.942401885986328
5371,8.0,15.273039817810059
5372,3.0,7.0808258056640625
5373,1.0,2.418821334838867
5374,0.0,1.074666976928711
5375,0.0,0.6831951141357422
5376,0.0,0.4999885559082031
5377,0.0,0.4273185729980469
5378,0.0,0.3589200973510742
5379,0.0,0.3251209259033203
5380,0.0,0.3023700714111328
5381,0.0,0.32439327239990234
5382,0.0,0.3468818664550781
5383,0.0,0.35228443145751953
5384,0.0,0.35442638397216797
5385,0.0,0.37700653076171875
5386,0.0,0.3971681594848633
5387,0.0,0.4039268493652344
5388,0.0,0.40650081634521484
5389,0.0,0.4196949005126953
5390,0.0,0.4334535598754883
5391,0.0,0.43643951416015625
5392,0.0,0.4375934600830078
5393,0.0,0.4447479248046875
5394,0.0,0.45648860931396484
5395,0.0,0.4587745666503906
5396,0.0,0.4604339599609375
5397,0.0,0.4664468765258789
5398,0.0,0.47157955169677734
5399,0.0,0.46974849700927734
5400,0.0,0.46826839447021484
5401,0.0,0.47179508209228516
5402,0.0,0.46958446502685547
5403,0.0,0.45960235595703125
5404,0.0,0.4518404006958008
5405,0.0,0.8251190185546875
5406,0.0,0.9933233261108398
5407,0.0,0.9327239990234375
5408,0.0,0.897639274597168
5409,0.0,0.921173095703125
5410,0.0,0.883331298828125
5411,0.0,0.8558883666992188
5412,0.0,0.8364839553833008
5413,0.0,0.86383056640625
5414,0.0,0.8025217056274414
5415,0.0,0.7445383071899414
5416,0.0,0.6862831115722656
5417,0.0,0.6134920120239258
5418,0.0,0.4364442825317383
5419,0.0,0.2093973159790039
5420,0.0,-0.05361652374267578
5421,0.0,-0.4148082733154297
5422,0.0,-0.6389493942260742
5423,0.0,-0.7798147201538086
5424,0.0,-0.889613151550293
5425,0.0,-1.0313520431518555
5426,0.0,-1.0305509567260742
5427,0.0,-0.9481887817382812
5428,0.0,-0.8676109313964844
5429,0.0,-0.825871467590332
5430,0.0,-0.9008388519287109
5431,0.0,-0.9495820999145508
5432,0.0,-1.0012245178222656
5433,0.0,-1.0453824996948242
5434,0.0,-1.0461769104003906
5435,0.0,-0.9846973419189453
5436,0.0,-0.9402503967285156
5437,0.0,-0.8425617218017578
5438,0.0,-0.8128604888916016
5439,0.0,-0.6366310119628906
5440,0.0,-0.2563962936401367
5441,0.0,0.7326984405517578
5442,0.0,2.4285497665405273
5443,0.0,6.59576416015625
5444,2.0,15.759437561035156
5445,8.0,26.64373779296875
5446,28.0,39.798492431640625
5447,41.0,54.792816162109375
5448,60.0,68.83106231689453
5449,82.0,80.5083999633789
5450,104.0,90.69000244140625
5451,96.0,99.4494857788086
5452,97.0,106.32573699951172
5453,106.0,111.82261657714844
5454,107.0,114.19745635986328
5455,102.0,113.31379699707031
5456,99.0,109.13236236572266
5457,106.0,104.09883117675781
5458,105.0,98.75868225097656
5459,116.0,94.07606506347656
5460,99.0,89.76417541503906
5461,101.0,84.91316986083984
5462,92.0,79.28172302246094
5463,80.0,73.2204360961914
5464,70.0,66.2955093383789
5465,56.0,59.035316467285156
5466,41.0,49.20537567138672
5467,34.0,38.66290283203125
5468,24.0,28.6304931640625
5469,16.0,17.786252975463867
5470,3.0,4.470947742462158
5471,0.0,0.580592155456543
5472,0.0,-0.09064197540283203
5473,0.0,-0.0904989242553711
5474,0.0,-0.1169137954711914
5475,0.0,-0.1360921859741211
5476,0.0,-0.1513214111328125
5477,0.0,-0.09117698669433594
5478,0.0,-0.08542060852050781
5479,0.0,-0.1251077651977539
5480,0.0,-0.1635150909423828
5481,0.0,-0.15579509735107422
5482,0.0,-0.1640634536743164
5483,0.0,-0.19984912872314453
5484,0.0,-0.23511600494384766
5485,0.0,-0.2469158172607422
5486,0.0,-0.25627613067626953
5487,0.0,-0.3076333999633789
5488,0.0,-0.35236454010009766
5489,0.0,-0.4041633605957031
5490,0.0,-0.40457916259765625
5491,0.0,-0.396728515625
5492,0.0,-0.38218212127685547
5493,0.0,-0.39304637908935547
5494,0.0,-0.36898326873779297
5495,0.0,-0.40772247314453125
5496,0.0,-0.4261360168457031
5497,0.0,-0.5031490325927734
5498,0.0,-0.5022945404052734
5499,0.0,-0.5134906768798828
5500,0.0,-0.5037431716918945
5501,0.0,-0.9950799942016602
5502,0.0,-0.5002908706665039
5503,0.0,-0.4204292297363281
5504,0.0,-0.08337116241455078
5505,0.0,0.0958871841430664
5506,0.0,0.22507286071777344
5507,0.0,0.3298616409301758
5508,0.0,0.4369087219238281
5509,0.0,0.5135440826416016
5510,0.0,0.5175132751464844
5511,0.0,0.5158014297485352
5512,0.0,0.5217132568359375
5513,0.0,0.4616889953613281
5514,0.0,0.4875001907348633
5515,0.0,0.5064258575439453
5516,0.0,0.5465288162231445
5517,0.0,0.48337268829345703
5518,0.0,0.47275543212890625
5519,0.0,0.4420480728149414
5520,0.0,0.4269981384277344
5521,0.0,0.23270130157470703
5522,0.0,0.08819866180419922
5523,0.0,-0.1186981201171875
5524,0.0,-0.34782886505126953
5525,0.0,-1.0857200622558594
5526,0.0,-1.5433769226074219
5527,0.0,-2.0606021881103516
5528,0.0,-2.664792060852051
5529,0.0,-3.62026309967041
5530,0.0,-3.2458133697509766
5531,0.0,-2.1974220275878906
5532,0.0,-1.2039813995361328
5533,0.0,-0.46136474609375
5534,0.0,-0.4335746765136719
5535,0.0,-0.6871824264526367
5536,0.0,-1.0661077499389648
5537,0.0,-1.5238285064697266
5538,0.0,-1.4690485000610352
5539,0.0,-0.8741474151611328
5540,1.0,-0.21779632568359375
5541,5.0,0.5643024444580078
5542,17.0,1.3407659530639648
5543,27.0,2.634580612182617
5544,33.0,4.832672119140625
5545,39.0,7.847075462341309
5546,35.0,9.5708646774292
5547,34.0,10.138827323913574
5548,28.0,10.266544342041016
5549,30.0,11.210246086120605
5550,32.0,11.441117286682129
5551,28.0,11.509373664855957
5552,27.0,11.528216361999512
5553,26.0,12.427423477172852
5554,29.0,11.829446792602539
5555,21.0,10.919790267944336
5556,19.0,10.50786018371582
5557,18.0,10.84320068359375
5558,9.0,11.08716869354248
5559,8.0,12.107108116149902
5560,5.0,13.554264068603516
5561,3.0,14.561352729797363
5562,0.0,11.006288528442383
5563,0.0,5.4703545570373535
5564,0.0,2.140536308288574
5565,0.0,1.2131872177124023
5566,0.0,0.7220211029052734
5567,0.0,0.5247802734375
5568,0.0,0.414031982421875
5569,0.0,0.3954925537109375
5570,0.0,0.3535909652709961
5571,0.0,0.37093162536621094
5572,0.0,0.35977935791015625
5573,0.0,0.3865470886230469
5574,0.0,0.3527507781982422
5575,0.0,0.354339599609375
5576,0.0,0.34409523010253906
5577,0.0,0.36893367767333984
5578,0.0,0.3518657684326172
5579,0.0,0.35939598083496094
5580,0.0,0.34601688385009766
5581,0.0,0.3562650680541992
5582,0.0,0.35730552673339844
5583,0.0,0.37955570220947266
5584,0.0,0.4013805389404297
5585,0.0,0.44867801666259766
5586,0.0,0.51318359375
5587,0.0,0.5129852294921875
5588,0.0,0.4904317855834961
5589,0.0,0.4427623748779297
5590,0.0,0.3918170928955078
5591,0.0,0.35094547271728516
5592,0.0,0.3166322708129883
5593,0.0,0.28790950775146484
5594,0.0,0.2809934616088867
5595,0.0,0.2807350158691406
5596,0.0,0.2788991928100586
5597,0.0,0.28499889373779297
5598,0.0,0.27803993225097656
5599,0.0,0.24471759796142578
5600,0.0,0.21851730346679688
5601,0.0,0.202178955078125
5602,0.0,0.2200002670288086
5603,0.0,0.23042011260986328
5604,0.0,0.23344993591308594
5605,0.0,0.2156982421875
5606,0.0,0.18364429473876953
5607,0.0,0.11969757080078125
5608,0.0,0.036711692810058594
5609,0.0,0.0014600753784179688
5610,0.0,0.05779457092285156
5611,0.0,0.14757442474365234
5612,0.0,0.27427005767822266
5613,0.0,0.40638256072998047
5614,0.0,0.4621248245239258
5615,0.0,0.4748964309692383
5616,0.0,0.47773075103759766
5617,0.0,0.39240264892578125
5618,0.0,0.49480438232421875
5619,0.0,0.4522676467895508
5620,0.0,0.4606590270996094
5621,0.0,0.4443016052246094
5622,0.0,0.46654224395751953
5623,0.0,0.4707155227661133
5624,0.0,0.43326568603515625
5625,0.0,0.38985633850097656
5626,0.0,0.38761043548583984
5627,0.0,0.37840747833251953
5628,0.0,0.3672513961791992
5629,0.0,0.4188728332519531
5630,0.0,0.5177030563354492
5631,0.0,0.7448978424072266
5632,0.0,1.09503173828125
5633,0.0,1.8558998107910156
5634,0.0,2.7830429077148438
5635,6.0,4.1483354568481445
5636,13.0,6.654550075531006
5637,44.0,11.62363052368164
5638,66.0,18.855487823486328
5639,50.0,26.006746292114258
5640,65.0,32.32783508300781
5641,80.0,38.25514221191406
5642,91.0,43.951148986816406
5643,96.0,50.472686767578125
5644,92.0,57.71815490722656
5645,69.0,64.39588928222656
5646,77.0,71.08680725097656
5647,104.0,76.45216369628906
5648,103.0,80.25203704833984
5649,69.0,81.15507507324219
5650,75.0,81.43009185791016
5651,71.0,81.24039459228516
5652,76.0,80.29708862304688
5653,89.0,77.2195053100586
5654,92.0,73.62310028076172
5655,100.0,69.5506591796875
5656,70.0,64.322998046875
5657,45.0,56.51671600341797
5658,36.0,45.71881866455078
5659,26.0,34.88690185546875
5660,26.0,26.847957611083984
5661,23.0,18.276702880859375
5662,9.0,4.555384159088135
5663,1.0,0.8902482986450195
5664,0.0,0.2548189163208008
5665,0.0,0.1799478530883789
5666,0.0,0.10760116577148438
5667,0.0,0.09093761444091797
5668,0.0,0.042507171630859375
5669,0.0,0.06060218811035156
5670,0.0,0.058777809143066406
5671,0.0,0.07395744323730469
5672,0.0,0.08780479431152344
5673,0.0,0.12466716766357422
5674,0.0,0.13855934143066406
5675,0.0,0.16724777221679688
5676,0.0,0.1864643096923828
5677,0.0,0.2164630889892578
5678,0.0,0.22075462341308594
5679,0.0,0.21952342987060547
5680,0.0,0.21982192993164062
5681,0.0,0.22135162353515625
5682,0.0,0.26696109771728516
5683,0.0,0.3166027069091797
5684,0.0,0.3585481643676758
5685,0.0,0.4043846130371094
5686,0.0,0.4325742721557617
5687,0.0,0.447052001953125
5688,0.0,0.4637727737426758
5689,0.0,0.500152587890625
5690,0.0,0.48765087127685547
5691,0.0,0.4699392318725586
5692,0.0,0.47776222229003906
5693,0.0,0.8694982528686523
5694,0.0,0.7195949554443359
5695,0.0,0.5878400802612305
5696,0.0,0.5086755752563477
5697,0.0,0.4742136001586914
5698,0.0,0.45090770721435547
5699,0.0,0.40493202209472656
5700,0.0,0.3350954055786133
5701,0.0,0.21639156341552734
5702,0.0,0.19295787811279297
5703,0.0,0.19346332550048828
5704,0.0,0.2271900177001953
5705,0.0,0.22815895080566406
5706,0.0,0.24187278747558594
5707,0.0,0.24631118774414062
5708,0.0,0.23941802978515625
5709,0.0,0.14868640899658203
5710,0.0,0.18706512451171875
5711,0.0,0.22646427154541016
5712,0.0,0.27510833740234375
5713,0.0,0.24740982055664062
5714,0.0,0.25187110900878906
5715,0.0,0.24278640747070312
5716,0.0,0.25008678436279297
5717,0.0,0.17174053192138672
5718,0.0,0.1655559539794922
5719,0.0,0.16592884063720703
5720,0.0,0.2284870147705078
5721,0.0,0.3044881820678711
5722,0.0,0.45226573944091797
5723,0.0,0.5784721374511719
5724,0.0,0.6626396179199219
5725,0.0,0.7843532562255859
5726,0.0,1.0420331954956055
5727,0.0,1.5307683944702148
5728,0.0,2.288919448852539
5729,0.0,3.5104751586914062
5730,0.0,4.997379302978516
5731,0.0,6.970856189727783
5732,0.0,10.032889366149902
5733,0.0,15.120715141296387
5734,5.0,22.82929039001465
5735,12.0,32.09534454345703
5736,33.0,40.306617736816406
5737,72.0,44.962371826171875
5738,54.0,48.66331481933594
5739,50.0,53.07811737060547
5740,37.0,57.92847442626953
5741,48.0,61.367645263671875
5742,68.0,62.508941650390625
5743,72.0,62.71209716796875
5744,67.0,63.52275848388672
5745,128.0,63.629417419433594
5746,173.0,63.83692169189453
5747,202.0,64.26028442382812
5748,182.0,64.76738739013672
5749,170.0,63.67450714111328
5750,162.0,61.89707946777344
5751,159.0,59.27500915527344
5752,147.0,55.60113525390625
5753,119.0,50.163917541503906
5754,92.0,43.76441192626953
5755,64.0,37.01548767089844
5756,34.0,27.422096252441406
5757,28.0,11.852370262145996
5758,12.0,2.935877799987793
5759,1.0,0.8370132446289062
5760,0.0,0.2878742218017578
5761,0.0,0.20308399200439453
5762,0.0,0.11690139770507812
5763,0.0,0.10538387298583984
5764,0.0,0.08807373046875
5765,0.0,0.125274658203125
5766,0.0,0.10494041442871094
5767,0.0,0.14364147186279297
5768,0.0,0.1627330780029297
5769,0.0,0.23479843139648438
5770,0.0,0.2514982223510742
5771,0.0,0.2964458465576172
5772,0.0,0.33103179931640625
5773,0.0,0.3983488082885742
5774,0.0,0.4262962341308594
5775,0.0,0.46971702575683594
5776,0.0,0.4957246780395508
5777,0.0,0.5315523147583008
5778,0.0,0.546055793762207
5779,0.0,0.5564603805541992
5780,0.0,0.5610284805297852
5781,0.0,0.5664119720458984
5782,0.0,0.5664892196655273
5783,0.0,0.5635833740234375
5784,0.0,0.5604038238525391
5785,0.0,0.5578527450561523
5786,0.0,0.5874080657958984
5787,0.0,0.5970516204833984
5788,0.0,0.5808219909667969
5789,0.0,0.6973114013671875
5790,0.0,0.6393146514892578
5791,0.0,0.6044988632202148
5792,0.0,0.6124906539916992
5793,0.0,0.645843505859375
5794,0.0,0.6752328872680664
5795,0.0,0.686558723449707
5796,0.0,0.6215953826904297
5797,0.0,0.4520092010498047
5798,0.0,0.4563875198364258
5799,0.0,0.47347545623779297
5800,0.0,0.4831123352050781
5801,0.0,0.41255855560302734
5802,0.0,0.32985401153564453
5803,0.0,0.16431427001953125
5804,0.0,0.012922286987304688
5805,0.0,-0.19361495971679688
5806,0.0,-0.30849647521972656
5807,0.0,-0.2736377716064453
5808,0.0,-0.19904708862304688
5809,0.0,-0.266693115234375
5810,0.0,-0.29038524627685547
5811,0.0,-0.2954063415527344
5812,0.0,-0.2892885208129883
5813,0.0,-0.4117450714111328
5814,0.0,-0.3238353729248047
5815,0.0,-0.2483043670654297
5816,0.0,-0.2081146240234375
5817,0.0,-0.24289798736572266
5818,0.0,-0.13826560974121094
5819,0.0,0.0010166168212890625
5820,0.0,0.15288352966308594
5821,0.0,0.4284238815307617
5822,0.0,0.6505289077758789
5823,0.0,0.9588308334350586
5824,0.0,1.373687744140625
5825,0.0,2.1451215744018555
5826,1.0,2.9433746337890625
5827,3.0,3.883700370788574
5828,0.0,5.047886848449707
5829,7.0,6.891883373260498
5830,1.0,9.404830932617188
5831,5.0,14.279047012329102
5832,8.0,22.848831176757812
5833,38.0,32.134132385253906
5834,61.0,37.9162483215332
5835,57.0,42.193092346191406
5836,59.0,53.58954620361328
5837,56.0,62.565208435058594
5838,51.0,66.2862777709961
5839,65.0,67.8316650390625
5840,115.0,69.05300903320312
5841,111.0,69.00323486328125
5842,121.0,68.21591186523438
5843,106.0,66.70496368408203
5844,84.0,64.77306365966797
5845,58.0,62.23467254638672
5846,43.0,59.596961975097656
5847,44.0,56.92231750488281
5848,43.0,53.50004577636719
5849,42.0,49.63639831542969
5850,38.0,44.49944305419922
5851,39.0,37.45943069458008
5852,32.0,22.412376403808594
5853,27.0,8.29647445678711
5854,9.0,2.801386833190918
5855,0.0,0.9371442794799805
5856,0.0,0.1548595428466797
5857,0.0,0.02165985107421875
5858,0.0,-0.09023094177246094
5859,0.0,-0.15210628509521484
5860,0.0,-0.1805562973022461
5861,0.0,-0.13934993743896484
5862,0.0,-0.14504337310791016
5863,0.0,-0.1241769790649414
5864,0.0,-0.10730266571044922
5865,0.0,-0.05996131896972656
5866,0.0,-0.052170753479003906
5867,0.0,-0.043567657470703125
5868,0.0,-0.03868579864501953
5869,0.0,-0.01589488983154297
5870,0.0,0.0017604827880859375
5871,0.0,0.034839630126953125
5872,0.0,0.0656576156616211
5873,0.0,0.10558605194091797
5874,0.0,0.09882068634033203
5875,0.0,0.11328506469726562
5876,0.0,0.11146736145019531
5877,0.0,0.11488056182861328
5878,0.0,0.12986469268798828
5879,0.0,0.1297464370727539
5880,0.0,0.13261032104492188
5881,0.0,0.12671947479248047
5882,0.0,0.1421527862548828
5883,0.0,0.1353750228881836
5884,0.0,0.13742828369140625
5885,0.0,0.27825927734375
5886,0.0,0.31540775299072266
5887,0.0,0.27315425872802734
5888,0.0,0.3308572769165039
5889,0.0,0.32410240173339844
5890,0.0,0.12584781646728516
5891,0.0,-0.14885902404785156
5892,0.0,-0.41321849822998047
5893,0.0,-0.6965923309326172
5894,0.0,-0.8628778457641602
5895,0.0,-0.9884300231933594
5896,0.0,-1.069239616394043
5897,0.0,-1.2105293273925781
5898,0.0,-1.1586055755615234
5899,0.0,-1.024850845336914
5900,0.0,-0.7813825607299805
5901,0.0,-0.6143770217895508
5902,0.0,-0.5330362319946289
5903,0.0,-0.4769248962402344
5904,0.0,-0.4818611145019531
5905,0.0,-0.6934852600097656
5906,0.0,-0.8051252365112305
5907,0.0,-0.9529666900634766
5908,0.0,-1.1446971893310547
5909,0.0,-1.513214111328125
5910,0.0,-1.7162294387817383
5911,0.0,-1.861276626586914
5912,0.0,-1.9501008987426758
5913,0.0,-2.1244659423828125
5914,0.0,-2.0908193588256836
5915,0.0,-1.9625883102416992
5916,0.0,-1.7994194030761719
5917,0.0,-1.6744804382324219
5918,0.0,-1.4437122344970703
5919,0.0,-0.7983722686767578
5920,0.0,0.6066265106201172
5921,0.0,3.814948081970215
5922,4.0,8.150704383850098
5923,9.0,13.281176567077637
5924,26.0,19.696781158447266
5925,52.0,30.22219467163086
5926,74.0,44.83180236816406
5927,67.0,58.425323486328125
5928,74.0,69.01127624511719
5929,98.0,78.47347259521484
5930,110.0,87.20878601074219
5931,120.0,95.37128448486328
5932,114.0,104.56267547607422
5933,111.0,111.23146057128906
5934,90.0,116.0016098022461
5935,96.0,119.5438232421875
5936,86.0,122.62925720214844
5937,77.0,122.83551788330078
5938,70.0,122.25970458984375
5939,59.0,121.10330200195312
5940,56.0,118.68643951416016
5941,76.0,111.99440002441406
5942,65.0,103.53292083740234
5943,59.0,96.57345581054688
5944,52.0,91.60002136230469
5945,59.0,85.29218292236328
5946,34.0,75.04727935791016
5947,58.0,58.892799377441406
5948,86.0,42.83490753173828
5949,40.0,34.07212829589844
5950,25.0,14.977176666259766
5951,22.0,6.5026044845581055
5952,1.0,3.7362446784973145
5953,0.0,2.071300506591797
5954,0.0,0.9636745452880859
5955,0.0,0.3873329162597656
5956,0.0,0.10137462615966797
5957,0.0,0.027130126953125
5958,0.0,-0.046830177307128906
5959,0.0,-0.0688009262084961
5960,0.0,-0.07663822174072266
5961,0.0,-0.03403186798095703
5962,0.0,-0.026266098022460938
5963,0.0,-0.021535873413085938
5964,0.0,-0.026449203491210938
5965,0.0,-0.0022144317626953125
5966,0.0,0.012970924377441406
5967,0.0,0.052636146545410156
5968,0.0,0.1109476089477539
5969,0.0,0.19108295440673828
5970,0.0,0.1873188018798828
5971,0.0,0.21102333068847656
5972,0.0,0.219940185546875
5973,0.0,0.2324199676513672
5974,0.0,0.2624778747558594
5975,0.0,0.2726631164550781
5976,0.0,0.2955055236816406
5977,0.0,0.3215675354003906
5978,0.0,0.3578329086303711
5979,0.0,0.34215545654296875
5980,0.0,0.34081459045410156
5981,0.0,0.4401521682739258
5982,0.0,0.4022064208984375
5983,0.0,0.34561634063720703
5984,0.0,0.3581876754760742
5985,0.0,0.3647909164428711
5986,0.0,0.3392782211303711
5987,0.0,0.27975940704345703
5988,0.0,0.22736644744873047
5989,0.0,0.1448221206665039
5990,0.0,0.1711139678955078
5991,0.0,0.25579261779785156
5992,0.0,0.33698272705078125
5993,0.0,0.37436962127685547
5994,0.0,0.3555326461791992
5995,0.0,0.2306842803955078
5996,0.0,0.11396217346191406
5997,0.0,-0.1222066879272461
5998,0.0,-0.20973873138427734
5999,0.0,-0.20600414276123047
6000,0.0,-0.16867351531982422
6001,0.0,-0.23589420318603516
6002,0.0,-0.2761383056640625
6003,0.0,-0.31060314178466797
6004,0.0,-0.23351287841796875
6005,0.0,-0.08971309661865234
6006,0.0,0.0823812484741211
6007,0.0,0.2327585220336914
6008,0.0,0.3602266311645508
6009,0.0,0.551274299621582
6010,0.0,0.658381462097168
6011,0.0,0.9065866470336914
6012,0.0,1.2430343627929688
6013,0.0,1.8363676071166992
6014,0.0,2.7559452056884766
6015,0.0,4.413867473602295
6016,0.0,7.073028564453125
6017,0.0,10.881826400756836
6018,0.0,15.963386535644531
6019,1.0,23.873291015625
6020,5.0,37.714256286621094
6021,6.0,52.43836212158203
6022,16.0,61.60663604736328
6023,26.0,66.3240966796875
6024,33.0,69.33651733398438
6025,39.0,72.88286590576172
6026,67.0,77.66034698486328
6027,53.0,83.92452239990234
6028,67.0,89.93312072753906
6029,70.0,94.83230590820312
6030,53.0,97.70106506347656
6031,93.0,99.03282928466797
6032,84.0,100.44268798828125
6033,83.0,104.67169189453125
6034,107.0,107.37825775146484
6035,92.0,106.78294372558594
6036,33.0,100.47740936279297
6037,8.0,92.12716674804688
6038,17.0,82.37211608886719
6039,41.0,74.05117797851562
6040,80.0,65.46231079101562
6041,106.0,57.925010681152344
6042,46.0,48.63977813720703
6043,50.0,38.838523864746094
6044,7.0,24.06879425048828
6045,3.0,8.471668243408203
6046,2.0,3.8584766387939453
6047,2.0,1.7722864151000977
6048,1.0,0.7423830032348633
6049,0.0,0.4603548049926758
6050,0.0,0.2967653274536133
6051,0.0,0.22212600708007812
6052,0.0,0.18775177001953125
6053,0.0,0.19826507568359375
6054,0.0,0.25846099853515625
6055,0.0,0.30918407440185547
6056,0.0,0.3003835678100586
6057,0.0,0.2750282287597656
6058,0.0,0.25697898864746094
6059,0.0,0.2536001205444336
6060,0.0,0.26656627655029297
6061,0.0,0.28659915924072266
6062,0.0,0.28236961364746094
6063,0.0,0.3045692443847656
6064,0.0,0.3057708740234375
6065,0.0,0.3116159439086914
6066,0.0,0.3171119689941406
6067,0.0,0.3085451126098633
6068,0.0,0.3031349182128906
6069,0.0,0.29593467712402344
6070,0.0,0.29993247985839844
6071,0.0,0.3002452850341797
6072,0.0,0.29819679260253906
6073,0.0,0.2882213592529297
6074,0.0,0.3040285110473633
6075,0.0,0.3186044692993164
6076,0.0,0.33695220947265625
6077,0.0,0.3077402114868164
6078,0.0,0.2933492660522461
6079,0.0,0.26357555389404297
6080,0.0,0.24062061309814453
6081,0.0,0.1782970428466797
6082,0.0,0.1804971694946289
6083,0.0,0.22747325897216797
6084,0.0,0.2527027130126953
6085,0.0,0.2623119354248047
6086,0.0,0.2693758010864258
6087,0.0,0.2642364501953125
6088,0.0,0.2680959701538086
6089,0.0,0.2983884811401367
6090,0.0,0.3637523651123047
6091,0.0,0.4673328399658203
6092,0.0,0.5495986938476562
6093,0.0,0.47591114044189453
6094,0.0,0.3814706802368164
6095,0.0,0.29428768157958984
6096,0.0,0.24085330963134766
6097,0.0,0.11216068267822266
6098,0.0,0.11059761047363281
6099,0.0,0.22794151306152344
6100,0.0,0.3424396514892578
6101,0.0,0.42825794219970703
6102,0.0,0.37460899353027344
6103,0.0,0.3714599609375
6104,0.0,0.3328971862792969
6105,0.0,0.32326412200927734
6106,0.0,0.2683601379394531
6107,0.0,0.2349405288696289
6108,0.0,0.2005453109741211
6109,0.0,0.2310009002685547
6110,0.0,0.24080276489257812
6111,0.0,0.3033323287963867
6112,0.0,0.39498424530029297
6113,0.0,0.6901826858520508
6114,0.0,0.8813905715942383
6115,0.0,1.0363245010375977
6116,5.0,1.252288818359375
6117,5.0,2.0297861099243164
6118,15.0,4.6242289543151855
6119,54.0,12.018536567687988
6120,75.0,22.743316650390625
6121,94.0,33.51862335205078
6122,87.0,43.31159210205078
6123,90.0,52.91735076904297
6124,94.0,61.86993408203125
6125,92.0,67.474853515625
6126,86.0,71.13728332519531
6127,110.0,73.75103759765625
6128,91.0,75.52904510498047
6129,95.0,75.6871109008789
6130,96.0,74.61647033691406
6131,116.0,73.00626373291016
6132,89.0,71.06703186035156
6133,101.0,69.15204620361328
6134,62.0,65.84199523925781
6135,73.0,61.02050018310547
6136,62.0,54.597991943359375
6137,53.0,49.62657165527344
6138,67.0,42.76612091064453
6139,53.0,34.316429138183594
6140,46.0,23.969890594482422
6141,27.0,12.452237129211426
6142,11.0,5.1547770500183105
6143,3.0,2.404446601867676
6144,0.0,1.013340950012207
6145,0.0,0.7177009582519531
6146,0.0,0.4547758102416992
6147,0.0,0.3541889190673828
6148,0.0,0.29277992248535156
6149,0.0,0.3262462615966797
6150,0.0,0.33915042877197266
6151,0.0,0.34941864013671875
6152,0.0,0.34486865997314453
6153,0.0,0.36837291717529297
6154,0.0,0.24399566650390625
6155,0.0,0.22198963165283203
6156,0.0,0.17678165435791016
6157,0.0,0.16473102569580078
6158,0.0,0.12627506256103516
6159,0.0,0.09533500671386719
6160,0.0,0.061553955078125
6161,0.0,0.031322479248046875
6162,0.0,0.008123397827148438
6163,0.0,-0.016153335571289062
6164,0.0,-0.03162574768066406
6165,0.0,-0.06904792785644531
6166,0.0,-0.07254981994628906
6167,0.0,-0.08093929290771484
6168,0.0,-0.0778646469116211
6169,0.0,-0.11818313598632812
6170,0.0,-0.10125446319580078
6171,0.0,-0.10053062438964844
6172,0.0,-0.08726787567138672
6173,0.0,-0.5125961303710938
6174,0.0,-0.6779489517211914
6175,0.0,-0.9071226119995117
6176,0.0,-0.9788522720336914
6177,0.0,-1.0906200408935547
6178,0.0,-1.1773757934570312
6179,0.0,-1.2583084106445312
6180,0.0,-1.318716049194336
6181,0.0,-1.374159812927246
6182,0.0,-1.419581413269043
6183,0.0,-1.475438117980957
6184,0.0,-1.5245027542114258
6185,0.0,-1.5144529342651367
6186,0.0,-1.5726957321166992
6187,0.0,-1.668595314025879
6188,0.0,-1.7400264739990234
6189,0.0,-1.7226152420043945
6190,0.0,-1.6562833786010742
6191,0.0,-1.5184288024902344
6192,0.0,-1.310969352722168
6193,0.0,-1.1712522506713867
6194,0.0,-1.1625337600708008
6195,0.0,-1.081599235534668
6196,0.0,-1.0445117950439453
6197,0.0,-1.0618219375610352
6198,0.0,-1.0244779586791992
6199,0.0,-0.9167070388793945
6200,0.0,-0.7637958526611328
6201,0.0,-0.4535703659057617
6202,0.0,-0.31017303466796875
6203,0.0,-0.33184051513671875
6204,0.0,-0.41001224517822266
6205,0.0,-0.6574630737304688
6206,0.0,-0.7084999084472656
6207,0.0,-0.3317604064941406
6208,0.0,0.4543781280517578
6209,0.0,1.873753547668457
6210,4.0,4.148985862731934
6211,9.0,7.468940258026123
6212,34.0,11.29196834564209
6213,64.0,15.9019775390625
6214,54.0,23.065353393554688
6215,41.0,34.7332763671875
6216,47.0,46.50444793701172
6217,50.0,56.18273162841797
6218,55.0,64.62730407714844
6219,66.0,73.52119445800781
6220,85.0,83.02674102783203
6221,98.0,87.69381713867188
6222,109.0,90.77188110351562
6223,77.0,91.64542388916016
6224,161.0,89.63134765625
6225,145.0,84.89360046386719
6226,138.0,79.12435913085938
6227,129.0,72.96923065185547
6228,141.0,66.60874938964844
6229,121.0,59.689605712890625
6230,125.0,51.8609619140625
6231,141.0,42.939144134521484
6232,83.0,33.78648376464844
6233,75.0,26.43796157836914
6234,60.0,22.79070281982422
6235,73.0,17.501556396484375
6236,50.0,5.395057201385498
6237,22.0,1.7952966690063477
6238,13.0,0.7832956314086914
6239,1.0,0.4715137481689453
6240,0.0,0.34261417388916016
6241,0.0,0.33815956115722656
6242,0.0,0.36841583251953125
6243,0.0,0.37787437438964844
6244,0.0,0.37358856201171875
6245,0.0,0.3771781921386719
6246,0.0,0.3481731414794922
6247,0.0,0.3800630569458008
6248,0.0,0.3927297592163086
6249,0.0,0.4384431838989258
6250,0.0,0.4969930648803711
6251,0.0,0.5090065002441406
6252,0.0,0.5162973403930664
6253,0.0,0.5277223587036133
6254,0.0,0.5342674255371094
6255,0.0,0.5308799743652344
6256,0.0,0.5169878005981445
6257,0.0,0.4899482727050781
6258,0.0,0.4917764663696289
6259,0.0,0.48099422454833984
6260,0.0,0.4521064758300781
6261,0.0,0.4054679870605469
6262,0.0,0.3776082992553711
6263,0.0,0.3599700927734375
6264,0.0,0.3448953628540039
6265,0.0,0.32338714599609375
6266,0.0,0.31755828857421875
6267,0.0,0.3079557418823242
6268,0.0,0.2962465286254883
6269,0.0,0.22693920135498047
6270,0.0,0.22257709503173828
6271,0.0,0.22449588775634766
6272,0.0,0.21998023986816406
6273,0.0,0.19622230529785156
6274,0.0,0.1829814910888672
6275,0.0,0.19693851470947266
6276,0.0,0.24698638916015625
6277,0.0,0.36248016357421875
6278,0.0,0.3867673873901367
6279,0.0,0.35764217376708984
6280,0.0,0.34812164306640625
6281,0.0,0.3243675231933594
6282,0.0,0.49799442291259766
6283,0.0,0.5400991439819336
6284,0.0,0.5473251342773438
6285,0.0,0.5546998977661133
6286,0.0,0.599207878112793
6287,0.0,0.6854209899902344
6288,0.0,0.7354803085327148
6289,0.0,0.7858266830444336
6290,0.0,0.8519172668457031
6291,0.0,0.9355850219726562
6292,0.0,1.0473871231079102
6293,0.0,1.3096065521240234
6294,0.0,1.7679805755615234
6295,0.0,1.588541030883789
6296,0.0,1.1027231216430664
6297,0.0,0.9554100036621094
6298,0.0,1.0127134323120117
6299,0.0,1.0550861358642578
6300,0.0,1.026228904724121
6301,0.0,0.8196601867675781
6302,0.0,0.6437177658081055
6303,0.0,0.6905364990234375
6304,0.0,1.4326248168945312
6305,0.0,3.126497268676758
6306,0.0,6.946862697601318
6307,3.0,14.096639633178711
6308,5.0,27.443313598632812
6309,7.0,41.57066345214844
6310,5.0,52.56291198730469
6311,51.0,58.8193359375
6312,83.0,62.08927917480469
6313,75.0,64.13208770751953
6314,99.0,65.82594299316406
6315,107.0,67.55304718017578
6316,125.0,68.32477569580078
6317,118.0,66.35423278808594
6318,112.0,64.33055114746094
6319,83.0,64.39997100830078
6320,123.0,65.04231262207031
6321,103.0,67.90518188476562
6322,59.0,71.22309875488281
6323,25.0,72.425048828125
6324,68.0,70.42288970947266
6325,94.0,65.09117126464844
6326,62.0,57.607208251953125
6327,67.0,48.46894836425781
6328,56.0,39.876922607421875
6329,55.0,34.61186218261719
6330,71.0,29.85291862487793
6331,34.0,22.239852905273438
6332,48.0,7.798805236816406
6333,45.0,2.55551815032959
6334,16.0,1.039048194885254
6335,0.0,0.5310497283935547
6336,0.0,0.27280235290527344
6337,0.0,0.26836490631103516
6338,0.0,0.2731952667236328
6339,0.0,0.20579910278320312
6340,0.0,0.13074874877929688
6341,0.0,0.13906097412109375
6342,0.0,0.12792682647705078
6343,0.0,0.14305686950683594
6344,0.0,0.17394351959228516
6345,0.0,0.26042652130126953
6346,0.0,0.3398408889770508
6347,0.0,0.3585834503173828
6348,0.0,0.37769412994384766
6349,0.0,0.39565372467041016
6350,0.0,0.4150581359863281
6351,0.0,0.46676063537597656
6352,0.0,0.5249519348144531
6353,0.0,0.6103525161743164
6354,0.0,0.6603784561157227
6355,0.0,0.6849241256713867
6356,0.0,0.6926603317260742
6357,0.0,0.6982393264770508
6358,0.0,0.697260856628418
6359,0.0,0.6210212707519531
6360,0.0,0.5461053848266602
6361,0.0,0.46360015869140625
6362,0.0,0.48036861419677734
6363,0.0,0.5832786560058594
6364,0.0,0.639348030090332
6365,0.0,0.6893320083618164
6366,0.0,0.779871940612793
6367,0.0,0.8132505416870117
6368,0.0,0.9050464630126953
6369,0.0,1.0315771102905273
6370,0.0,0.9188480377197266
6371,0.0,0.5844879150390625
6372,0.0,0.09372425079345703
6373,0.0,-0.23081016540527344
6374,0.0,-0.38310718536376953
6375,0.0,-0.394439697265625
6376,0.0,-0.3080711364746094
6377,0.0,-0.23172760009765625
6378,0.0,-0.20376110076904297
6379,0.0,-0.2942314147949219
6380,0.0,-0.42226600646972656
6381,0.0,-0.5313377380371094
6382,0.0,-0.6560001373291016
6383,0.0,-0.8482418060302734
6384,0.0,-1.1698923110961914
6385,0.0,-1.531071662902832
6386,0.0,-1.6397209167480469
6387,0.0,-1.4942474365234375
6388,0.0,-0.9702606201171875
6389,0.0,-0.19793701171875
6390,0.0,-0.4444866180419922
6391,0.0,-0.5867528915405273
6392,0.0,-0.8882293701171875
6393,0.0,-1.2289724349975586
6394,0.0,-1.7099580764770508
6395,0.0,-1.8071861267089844
6396,0.0,-1.644993782043457
6397,0.0,-1.095296859741211
6398,0.0,-0.24259090423583984
6399,0.0,0.8953847885131836
6400,0.0,2.1568984985351562
6401,0.0,3.6897974014282227
6402,1.0,5.050358295440674
6403,8.0,6.396121501922607
6404,30.0,8.090278625488281
6405,38.0,11.527093887329102
6406,45.0,22.83095932006836
6407,51.0,31.749717712402344
6408,56.0,33.664085388183594
6409,60.0,33.660301208496094
6410,63.0,34.102142333984375
6411,63.0,35.1517219543457
6412,66.0,37.05909729003906
6413,66.0,39.26004409790039
6414,68.0,43.53517150878906
6415,68.0,50.765708923339844
6416,68.0,59.00337219238281
6417,69.0,66.71092987060547
6418,70.0,73.65318298339844
6419,71.0,79.2050552368164
6420,82.0,82.3558578491211
6421,71.0,81.2838363647461
6422,60.0,76.39186096191406
6423,87.0,68.90830993652344
6424,76.0,59.40934753417969
6425,60.0,50.18262481689453
6426,37.0,40.55939865112305
6427,49.0,31.561206817626953
6428,57.0,25.141338348388672
6429,34.0,17.516000747680664
6430,24.0,3.4062862396240234
6431,5.0,0.9068822860717773
6432,0.0,0.55224609375
6433,0.0,0.5088863372802734
6434,0.0,0.2285289764404297
6435,0.0,0.009002685546875
6436,0.0,-0.1458139419555664
6437,0.0,-0.1121978759765625
6438,0.0,-0.12870311737060547
6439,0.0,-0.023018836975097656
6440,0.0,0.010386466979980469
6441,0.0,0.09073734283447266
6442,0.0,0.1012430191040039
6443,0.0,0.0740060806274414
6444,0.0,0.044419288635253906
6445,0.0,0.03194236755371094
6446,0.0,0.07281780242919922
6447,0.0,0.0850381851196289
6448,0.0,0.10860633850097656
6449,0.0,0.1970062255859375
6450,0.0,0.21801280975341797
6451,0.0,0.27025318145751953
6452,0.0,0.3228130340576172
6453,0.0,0.4070911407470703
6454,0.0,0.4114236831665039
6455,0.0,0.3755645751953125
6456,0.0,0.3438720703125
6457,0.0,0.3244295120239258
6458,0.0,0.3478584289550781
6459,0.0,0.3718910217285156
6460,0.0,0.40705013275146484
6461,0.0,0.4288301467895508
6462,0.0,0.43393993377685547
6463,0.0,0.43080806732177734
6464,0.0,0.45938873291015625
6465,0.0,0.5161237716674805
6466,0.0,0.37245655059814453
6467,0.0,0.1143789291381836
6468,0.0,-0.21849632263183594
6469,0.0,-0.7599868774414062
6470,0.0,-1.1367979049682617
6471,0.0,-1.1279611587524414
6472,0.0,-1.074014663696289
6473,0.0,-1.0061044692993164
6474,0.0,-0.7376127243041992
6475,0.0,-0.3942546844482422
6476,0.0,-0.008803367614746094
6477,0.0,0.32071399688720703
6478,0.0,0.42868614196777344
6479,0.0,0.49057483673095703
6480,0.0,0.537933349609375
6481,0.0,0.5023250579833984
6482,0.0,0.49312686920166016
6483,0.0,0.5024814605712891
6484,0.0,0.5101737976074219
6485,0.0,0.45859432220458984
6486,0.0,0.4366579055786133
6487,0.0,0.4586524963378906
6488,0.0,0.46461963653564453
6489,0.0,0.43439197540283203
6490,0.0,0.4843759536743164
6491,0.0,0.5501365661621094
6492,0.0,0.6010885238647461
6493,0.0,0.613978385925293
6494,0.0,0.6545495986938477
6495,0.0,0.7837762832641602
6496,0.0,0.9982919692993164
6497,0.0,1.4285821914672852
6498,0.0,1.8568592071533203
6499,0.0,2.2946510314941406
6500,3.0,2.7792396545410156
6501,5.0,3.59014892578125
6502,12.0,4.586486339569092
6503,15.0,6.327390193939209
6504,22.0,9.15805435180664
6505,20.0,12.72775650024414
6506,34.0,13.927810668945312
6507,27.0,13.53776741027832
6508,53.0,12.673396110534668
6509,33.0,11.776969909667969
6510,29.0,11.736875534057617
6511,62.0,11.718461036682129
6512,46.0,11.635054588317871
6513,71.0,11.804218292236328
6514,88.0,11.738875389099121
6515,52.0,12.250589370727539
6516,50.0,13.367813110351562
6517,82.0,16.02567481994629
6518,69.0,16.182214736938477
6519,77.0,14.127735137939453
6520,79.0,9.392921447753906
6521,54.0,5.285769939422607
6522,42.0,2.568789482116699
6523,35.0,1.1328496932983398
6524,40.0,0.3561735153198242
6525,20.0,0.16321182250976562
6526,20.0,-0.009675025939941406
6527,3.0,-0.098297119140625
6528,0.0,-0.18540287017822266
6529,0.0,-0.17471885681152344
6530,0.0,-0.193603515625
6531,0.0,-0.19278812408447266
6532,0.0,-0.21598339080810547
6533,0.0,-0.185638427734375
6534,0.0,-0.2653656005859375
6535,0.0,-0.2446269989013672
6536,0.0,-0.2494192123413086
6537,0.0,-0.19371318817138672
6538,0.0,-0.21930408477783203
6539,0.0,-0.2216339111328125
6540,0.0,-0.22238922119140625
6541,0.0,-0.22971248626708984
6542,0.0,-0.22432804107666016
6543,0.0,-0.22713184356689453
6544,0.0,-0.2288522720336914
6545,0.0,-0.24587535858154297
6546,0.0,-0.24049091339111328
6547,0.0,-0.19726276397705078
6548,0.0,-0.12502288818359375
6549,0.0,-0.038308143615722656
6550,0.0,0.032265663146972656
6551,0.0,0.1050863265991211
6552,0.0,0.16731929779052734
6553,0.0,0.2194080352783203
6554,0.0,0.2572593688964844
6555,0.0,0.2913036346435547
6556,0.0,0.32686614990234375
6557,0.0,0.8528671264648438
6558,0.0,0.8916244506835938
6559,0.0,0.8631715774536133
6560,0.0,0.8650856018066406
6561,0.0,0.8844995498657227
6562,0.0,0.8329849243164062
6563,0.0,0.6711816787719727
6564,0.0,0.4296283721923828
6565,0.0,0.033265113830566406
6566,0.0,-0.33803272247314453
6567,0.0,-0.5994043350219727
6568,0.0,-0.7644510269165039
6569,0.0,-0.8862810134887695
6570,0.0,-0.9739303588867188
6571,0.0,-1.0028009414672852
6572,0.0,-1.004704475402832
6573,0.0,-0.9798450469970703
6574,0.0,-0.9463396072387695
6575,0.0,-0.9148578643798828
6576,0.0,-0.8877696990966797
6577,0.0,-0.7971963882446289
6578,0.0,-0.7494897842407227
6579,0.0,-0.7232875823974609
6580,0.0,-0.7123193740844727
6581,0.0,-0.6111650466918945
6582,0.0,-0.4940481185913086
6583,0.0,-0.4126863479614258
6584,0.0,-0.35473155975341797
6585,0.0,-0.12574195861816406
6586,0.0,0.057013511657714844
6587,0.0,0.14150428771972656
6588,0.0,0.15666866302490234
6589,0.0,0.3949699401855469
6590,0.0,0.5585346221923828
6591,0.0,0.7147388458251953
6592,0.0,1.1297931671142578
6593,0.0,2.1030282974243164
6594,4.0,3.688356399536133
6595,9.0,5.522457122802734
6596,27.0,7.955267906188965
6597,38.0,11.943260192871094
6598,45.0,17.914703369140625
6599,50.0,28.378860473632812
6600,55.0,40.6899299621582
6601,59.0,47.29706573486328
6602,63.0,51.88232421875
6603,74.0,56.06348419189453
6604,88.0,61.741188049316406
6605,86.0,66.80696105957031
6606,68.0,70.77518463134766
6607,99.0,73.45618438720703
6608,112.0,75.75080871582031
6609,89.0,78.96339416503906
6610,77.0,81.08720397949219
6611,97.0,81.91156768798828
6612,101.0,80.90593719482422
6613,88.0,78.55316925048828
6614,64.0,75.808349609375
6615,59.0,72.33380889892578
6616,60.0,66.7638168334961
6617,73.0,60.43321990966797
6618,67.0,54.12568664550781
6619,53.0,47.23777770996094
6620,42.0,38.48432922363281
6621,29.0,29.952634811401367
6622,16.0,17.988004684448242
6623,3.0,8.016465187072754
6624,0.0,3.94873046875
6625,0.0,2.334771156311035
6626,0.0,1.0603179931640625
6627,0.0,0.2982511520385742
6628,0.0,-0.040528297424316406
6629,0.0,-0.10155391693115234
6630,0.0,-0.18272876739501953
6631,0.0,-0.2238311767578125
6632,0.0,-0.26052284240722656
6633,0.0,-0.2808847427368164
6634,0.0,-0.3215665817260742
6635,0.0,-0.3474006652832031
6636,0.0,-0.3716411590576172
6637,0.0,-0.3825492858886719
6638,0.0,-0.3809165954589844
6639,0.0,-0.3717975616455078
6640,0.0,-0.35221195220947266
6641,0.0,-0.3194866180419922
6642,0.0,-0.26101016998291016
6643,0.0,-0.2261819839477539
6644,0.0,-0.18247318267822266
6645,0.0,-0.13949966430664062
6646,0.0,-0.0697164535522461
6647,0.0,-0.026411056518554688
6648,0.0,0.023256301879882812
6649,0.0,0.0649404525756836
6650,0.0,0.1459064483642578
6651,0.0,0.22471332550048828
6652,0.0,0.298919677734375
6653,0.0,0.7502803802490234
6654,0.0,0.9142513275146484
6655,0.0,0.8861055374145508
6656,0.0,0.8834705352783203
6657,0.0,0.9214334487915039
6658,0.0,0.8015518188476562
6659,0.0,0.5024490356445312
6660,0.0,0.05923938751220703
6661,0.0,-0.40114498138427734
6662,0.0,-0.5993928909301758
6663,0.0,-0.6248311996459961
6664,0.0,-0.5763673782348633
6665,0.0,-0.4941520690917969
6666,0.0,-0.347991943359375
6667,0.0,-0.22208690643310547
6668,0.0,-0.11963748931884766
6669,0.0,-0.06775951385498047
6670,0.0,-0.03298377990722656
6671,0.0,-0.07482528686523438
6672,0.0,-0.16416168212890625
6673,0.0,-0.3899040222167969
6674,0.0,-0.49666309356689453
6675,0.0,-0.5741472244262695
6676,0.0,-0.602351188659668
6677,0.0,-0.7646980285644531
6678,0.0,-0.8187246322631836
6679,0.0,-0.8804597854614258
6680,0.0,-0.9298219680786133
6681,0.0,-1.1036653518676758
6682,0.0,-1.2105541229248047
6683,0.0,-1.2892799377441406
6684,0.0,-1.3573112487792969
6685,0.0,-1.5114307403564453
6686,0.0,-1.7266578674316406
6687,0.0,-1.9439258575439453
6688,0.0,-2.1950788497924805
6689,0.0,-2.3184919357299805
6690,0.0,-2.0940141677856445
6691,5.0,-0.43121814727783203
6692,10.0,5.051566123962402
6693,31.0,13.063103675842285
6694,43.0,21.212425231933594
6695,54.0,27.69546890258789
6696,66.0,31.61849021911621
6697,72.0,34.97235870361328
6698,92.0,36.56623077392578
6699,80.0,38.535255432128906
6700,67.0,43.89845275878906
6701,68.0,61.68456268310547
6702,69.0,82.16902923583984
6703,69.0,95.70664978027344
6704,70.0,103.2677230834961
6705,69.0,108.82097625732422
6706,68.0,110.28926086425781
6707,67.0,109.09211730957031
6708,66.0,104.70478057861328
6709,64.0,96.60870361328125
6710,62.0,88.69916534423828
6711,58.0,80.6333999633789
6712,56.0,70.03727722167969
6713,52.0,58.64393615722656
6714,47.0,47.362022399902344
6715,42.0,36.63393783569336
6716,36.0,25.96868324279785
6717,30.0,15.96771240234375
6718,21.0,5.785915374755859
6719,13.0,1.360574722290039
6720,2.0,0.0045261383056640625
6721,1.0,-0.1924724578857422
6722,0.0,-0.32596397399902344
6723,0.0,-0.45541954040527344
6724,0.0,-0.5271205902099609
6725,0.0,-0.48169517517089844
6726,0.0,-0.5244483947753906
6727,0.0,-0.5181074142456055
6728,0.0,-0.5261783599853516
6729,0.0,-0.48265838623046875
6730,0.0,-0.4460773468017578
6731,0.0,-0.4339170455932617
6732,0.0,-0.41953372955322266
6733,0.0,-0.3763856887817383
6734,0.0,-0.33973026275634766
6735,0.0,-0.37830638885498047
6736,0.0,-0.4000406265258789
6737,0.0,-0.41161155700683594
6738,0.0,-0.4149208068847656
6739,0.0,-0.2064971923828125
6740,0.0,0.01023101806640625
6741,0.0,0.23729515075683594
6742,0.0,0.34043312072753906
6743,0.0,0.34219837188720703
6744,0.0,0.35390758514404297
6745,0.0,0.367584228515625
6746,0.0,0.38066673278808594
6747,0.0,0.38922977447509766
6748,0.0,0.4046459197998047
6749,0.0,0.8183202743530273
6750,0.0,1.0229806900024414
6751,0.0,1.0277299880981445
6752,0.0,1.0334205627441406
6753,0.0,1.0823040008544922
6754,0.0,1.0531673431396484
6755,0.0,1.0394439697265625
6756,0.0,1.0311908721923828
6757,0.0,1.0634803771972656
6758,0.0,1.0292387008666992
6759,0.0,1.0203208923339844
6760,0.0,1.0179128646850586
6761,0.0,1.0215492248535156
6762,0.0,0.9104804992675781
6763,0.0,0.8365907669067383
6764,0.0,0.7702836990356445
6765,0.0,0.6602001190185547
6766,0.0,0.5985498428344727
6767,0.0,0.5565671920776367
6768,0.0,0.5304679870605469
6769,0.0,0.40651512145996094
6770,0.0,0.4248542785644531
6771,0.0,0.45514965057373047
6772,0.0,0.5083551406860352
6773,0.0,0.4428396224975586
6774,0.0,0.3481626510620117
6775,0.0,0.3847007751464844
6776,0.0,0.42533397674560547
6777,0.0,0.37079620361328125
6778,0.0,0.35080718994140625
6779,0.0,0.3742380142211914
6780,0.0,0.3798542022705078
6781,0.0,0.29188060760498047
6782,0.0,0.28145885467529297
6783,0.0,0.2870521545410156
6784,0.0,0.31546497344970703
6785,1.0,0.28290367126464844
6786,4.0,0.06032848358154297
6787,10.0,0.22461223602294922
6788,34.0,3.0417633056640625
6789,46.0,10.926334381103516
6790,56.0,20.878589630126953
6791,61.0,32.891693115234375
6792,61.0,46.208984375
6793,61.0,59.34173583984375
6794,58.0,69.04692077636719
6795,64.0,76.56063842773438
6796,68.0,82.62360382080078
6797,73.0,90.1244125366211
6798,72.0,97.26383972167969
6799,75.0,102.56816864013672
6800,74.0,104.73966217041016
6801,75.0,106.14149475097656
6802,74.0,110.08145904541016
6803,81.0,110.34370422363281
6804,81.0,105.04005432128906
6805,80.0,96.29621887207031
6806,76.0,87.34658813476562
6807,76.0,78.97560119628906
6808,73.0,70.68673706054688
6809,70.0,64.09883880615234
6810,66.0,56.81080627441406
6811,54.0,47.790985107421875
6812,44.0,35.773109436035156
6813,34.0,24.043357849121094
6814,25.0,8.3358793258667
6815,11.0,2.29742431640625
6816,1.0,0.26293468475341797
6817,0.0,0.05181598663330078
6818,0.0,-0.13386821746826172
6819,0.0,-0.2060871124267578
6820,0.0,-0.23789310455322266
6821,0.0,-0.1573953628540039
6822,0.0,-0.18370342254638672
6823,0.0,-0.19339656829833984
6824,0.0,-0.20332717895507812
6825,0.0,-0.1556549072265625
6826,0.0,-0.20624065399169922
6827,0.0,-0.260223388671875
6828,0.0,-0.3114347457885742
6829,0.0,-0.3358621597290039
6830,0.0,-0.3616209030151367
6831,0.0,-0.3845233917236328
6832,0.0,-0.4075651168823242
6833,0.0,-0.4460630416870117
6834,0.0,-0.4802217483520508
6835,0.0,-0.49825572967529297
6836,0.0,-0.5029935836791992
6837,0.0,-0.5425014495849609
6838,0.0,-0.5379791259765625
6839,0.0,-0.5453319549560547
6840,0.0,-0.5381879806518555
6841,0.0,-0.5883808135986328
6842,0.0,-0.5705747604370117
6843,0.0,-0.5864324569702148
6844,0.0,-0.5905961990356445
6845,0.0,-0.8787956237792969
6846,0.0,-0.9037952423095703
6847,0.0,-0.9871988296508789
6848,0.0,-0.9258060455322266
6849,0.0,-0.8621807098388672
6850,0.0,-0.8822746276855469
6851,0.0,-0.8981533050537109
6852,0.0,-0.9006185531616211
6853,0.0,-0.8536043167114258
6854,0.0,-0.8476524353027344
6855,0.0,-0.8198280334472656
6856,0.0,-0.7779359817504883
6857,0.0,-0.6065340042114258
6858,0.0,-0.5000286102294922
6859,0.0,-0.4101877212524414
6860,0.0,-0.3117666244506836
6861,0.0,0.025559425354003906
6862,0.0,0.15825271606445312
6863,0.0,0.20190048217773438
6864,0.0,0.22934722900390625
6865,0.0,0.5378313064575195
6866,0.0,0.6278581619262695
6867,0.0,0.66912841796875
6868,0.0,0.7065553665161133
6869,0.0,1.050562858581543
6870,0.0,1.0989103317260742
6871,0.0,1.053086280822754
6872,0.0,0.9977998733520508
6873,0.0,1.1783733367919922
6874,0.0,1.0476255416870117
6875,0.0,0.864039421081543
6876,0.0,0.7233142852783203
6877,0.0,0.6304035186767578
6878,0.0,0.9807319641113281
6879,0.0,1.9153623580932617
6880,0.0,3.7465476989746094
6881,0.0,6.919623851776123
6882,2.0,9.47689437866211
6883,7.0,11.688526153564453
6884,10.0,13.644205093383789
6885,15.0,16.40642738342285
6886,30.0,19.937667846679688
6887,31.0,28.554235458374023
6888,42.0,49.89922332763672
6889,45.0,59.06824493408203
6890,51.0,63.68468475341797
6891,52.0,66.72613525390625
6892,51.0,69.4102783203125
6893,53.0,70.96798706054688
6894,57.0,72.41438293457031
6895,57.0,73.56969451904297
6896,58.0,74.5094223022461
6897,57.0,74.81670379638672
6898,56.0,74.47964477539062
6899,57.0,73.642822265625
6900,54.0,72.25822448730469
6901,53.0,69.7816390991211
6902,52.0,67.59130859375
6903,50.0,65.65413665771484
6904,47.0,63.67072296142578
6905,45.0,60.75810241699219
6906,40.0,57.50978088378906
6907,36.0,52.705474853515625
6908,31.0,45.068878173828125
6909,25.0,36.706478118896484
6910,17.0,26.927997589111328
6911,7.0,13.615448951721191
6912,1.0,6.59443473815918
6913,0.0,4.992551803588867
6914,0.0,3.4934654235839844
6915,0.0,2.14373779296875
6916,0.0,1.3309268951416016
6917,0.0,1.0214014053344727
6918,0.0,0.7940549850463867
6919,0.0,0.6375646591186523
6920,0.0,0.5386619567871094
6921,0.0,0.46495914459228516
6922,0.0,0.39306640625
6923,0.0,0.3406715393066406
6924,0.0,0.28868961334228516
6925,0.0,0.22757816314697266
6926,0.0,0.18563556671142578
6927,0.0,0.15233707427978516
6928,0.0,0.1204986572265625
6929,0.0,0.07043170928955078
6930,0.0,0.051201820373535156
6931,0.0,0.033356666564941406
6932,0.0,0.02071094512939453
6933,0.0,-0.015009880065917969
6934,0.0,-0.004866600036621094
6935,0.0,3.62396240234375e-05
6936,0.0,0.012736320495605469
6937,0.0,0.0052471160888671875
6938,0.0,0.035231590270996094
6939,0.0,0.053379058837890625
6940,0.0,0.0785207748413086
6941,0.0,-0.1403512954711914
6942,0.0,-0.1179342269897461
6943,0.0,-0.10201454162597656
6944,0.0,-0.08197498321533203
6945,0.0,-0.0664358139038086
6946,0.0,-0.10961341857910156
6947,0.0,-0.19893169403076172
6948,0.0,-0.30278587341308594
6949,0.0,-0.3791322708129883
6950,0.0,-0.4247922897338867
6951,0.0,-0.45060157775878906
6952,0.0,-0.4612741470336914
6953,0.0,-0.3585681915283203
6954,0.0,-0.3419380187988281
6955,0.0,-0.35190677642822266
6956,0.0,-0.3573017120361328
6957,0.0,-0.16232776641845703
6958,0.0,-0.16658782958984375
6959,0.0,-0.24675750732421875
6960,0.0,-0.3417015075683594
6961,0.0,-0.16710281372070312
6962,0.0,-0.23185253143310547
6963,0.0,-0.33890342712402344
6964,0.0,-0.45285987854003906
6965,0.0,-0.3117361068725586
6966,0.0,-0.28252124786376953
6967,0.0,-0.17900753021240234
6968,0.0,-0.05400276184082031
6969,0.0,0.4376716613769531
6970,0.0,0.6470985412597656
6971,0.0,0.8602027893066406
6972,0.0,1.0483531951904297
6973,0.0,1.683828353881836
6974,0.0,1.7931556701660156
6975,0.0,2.0441770553588867
6976,0.0,2.432927131652832
6977,0.0,2.882096290588379
6978,2.0,4.365268230438232
6979,6.0,6.4860711097717285
6980,11.0,9.503960609436035
6981,32.0,13.902593612670898
6982,42.0,18.462848663330078
6983,48.0,24.485759735107422
6984,52.0,34.294776916503906
6985,57.0,47.20446014404297
6986,60.0,53.118736267089844
6987,63.0,55.41173553466797
6988,66.0,57.84172821044922
6989,63.0,59.581207275390625
6990,64.0,60.974769592285156
6991,61.0,61.60845184326172
6992,62.0,61.564727783203125
6993,61.0,61.16199493408203
6994,61.0,60.58439636230469
6995,62.0,60.02552795410156
6996,60.0,59.14470672607422
6997,59.0,58.04156494140625
6998,57.0,56.670631408691406
6999,55.0,55.17234802246094
7000,51.0,53.20030212402344
7001,47.0,50.59587860107422
7002,43.0,47.43773651123047
7003,40.0,42.893287658691406
7004,36.0,35.71157455444336
7005,29.0,28.801780700683594
7006,21.0,18.960750579833984
7007,10.0,9.306543350219727
7008,1.0,5.046658039093018
7009,0.0,3.3488340377807617
7010,0.0,1.8270435333251953
7011,0.0,0.8006629943847656
7012,0.0,0.2806987762451172
7013,0.0,0.12532997131347656
7014,0.0,0.017853736877441406
7015,0.0,-0.03389930725097656
7016,0.0,-0.058182716369628906
7017,0.0,-0.06460189819335938
7018,0.0,-0.09104251861572266
7019,0.0,-0.10890960693359375
7020,0.0,-0.12334060668945312
7021,0.0,-0.14245223999023438
7022,0.0,-0.15555286407470703
7023,0.0,-0.1705026626586914
7024,0.0,-0.17759132385253906
7025,0.0,-0.20649242401123047
7026,0.0,-0.19437694549560547
7027,0.0,-0.1930389404296875
7028,0.0,-0.1795940399169922
7029,0.0,-0.19952011108398438
7030,0.0,-0.1912851333618164
7031,0.0,-0.1939840316772461
7032,0.0,-0.1876220703125
7033,0.0,-0.22250938415527344
7034,0.0,-0.2324533462524414
7035,0.0,-0.24848556518554688
7036,0.0,-0.2541360855102539
7037,0.0,-0.4608144760131836
7038,0.0,-0.5004377365112305
7039,0.0,-0.6040382385253906
7040,0.0,-0.569310188293457
7041,0.0,-0.5434103012084961
7042,0.0,-0.5196342468261719
7043,0.0,-0.47367000579833984
7044,0.0,-0.40308380126953125
7045,0.0,-0.3373394012451172
7046,0.0,-0.38701915740966797
7047,0.0,-0.5168008804321289
7048,0.0,-0.6311435699462891
7049,0.0,-0.7719602584838867
7050,0.0,-0.8958683013916016
7051,0.0,-0.9833431243896484
7052,0.0,-1.0494585037231445
7053,0.0,-1.085587501525879
7054,0.0,-1.0622806549072266
7055,0.0,-0.9833040237426758
7056,0.0,-0.8479118347167969
7057,0.0,-0.6781215667724609
7058,0.0,-0.6835308074951172
7059,0.0,-0.728057861328125
7060,0.0,-0.7910079956054688
7061,0.0,-0.8745155334472656
7062,0.0,-0.9418210983276367
7063,0.0,-0.9413032531738281
7064,0.0,-0.9431629180908203
7065,0.0,-0.8668012619018555
7066,0.0,-0.7816238403320312
7067,0.0,-0.7411432266235352
7068,0.0,-0.7484254837036133
7069,0.0,-0.6740789413452148
7070,0.0,-0.5896205902099609
7071,0.0,-0.26461315155029297
7072,0.0,0.5356483459472656
7073,0.0,2.22159481048584
7074,3.0,3.9995627403259277
7075,8.0,5.723989486694336
7076,24.0,7.344058990478516
7077,39.0,9.373581886291504
7078,49.0,12.092755317687988
7079,59.0,16.87464141845703
7080,67.0,27.32209587097168
7081,72.0,43.51049041748047
7082,73.0,51.39177703857422
7083,72.0,56.72056579589844
7084,69.0,61.65434265136719
7085,71.0,64.63807678222656
7086,72.0,66.6474609375
7087,75.0,68.31698608398438
7088,76.0,69.69153594970703
7089,77.0,70.51950073242188
7090,82.0,70.47831726074219
7091,83.0,69.46713256835938
7092,83.0,67.13298034667969
7093,76.0,62.39433288574219
7094,69.0,57.90809631347656
7095,67.0,54.17906951904297
7096,61.0,50.435340881347656
7097,56.0,48.22614288330078
7098,50.0,45.348480224609375
7099,44.0,41.4526481628418
7100,36.0,34.60840606689453
7101,31.0,26.59992218017578
7102,23.0,15.46002197265625
7103,14.0,7.335402965545654
7104,2.0,3.803694248199463
7105,0.0,2.277921676635742
7106,0.0,1.026580810546875
7107,0.0,0.2666759490966797
7108,0.0,-0.07882213592529297
7109,0.0,-0.14366722106933594
7110,0.0,-0.1957416534423828
7111,0.0,-0.1998147964477539
7112,0.0,-0.1824941635131836
7113,0.0,-0.09797954559326172
7114,0.0,-0.09962940216064453
7115,0.0,-0.08556556701660156
7116,0.0,-0.07410049438476562
7117,0.0,-0.023677825927734375
7118,0.0,-0.004512786865234375
7119,0.0,0.010037422180175781
7120,0.0,0.022970199584960938
7121,0.0,0.057201385498046875
7122,0.0,0.0950326919555664
7123,0.0,0.11770343780517578
7124,0.0,0.14154720306396484
7125,0.0,0.17610454559326172
7126,0.0,0.18645381927490234
7127,0.0,0.19536209106445312
7128,0.0,0.20625972747802734
7129,0.0,0.2228078842163086
7130,0.0,0.2364187240600586
7131,0.0,0.23715496063232422
7132,0.0,0.24710655212402344
7133,0.0,-0.07202625274658203
7134,0.0,-0.16583538055419922
7135,0.0,-0.23817920684814453
7136,0.0,-0.2028036117553711
7137,0.0,-0.17035198211669922
7138,0.0,-0.13919830322265625
7139,0.0,-0.12050628662109375
7140,0.0,-0.1086578369140625
7141,0.0,-0.07354354858398438
7142,0.0,-0.03685569763183594
7143,0.0,-0.026506423950195312
7144,0.0,-0.09872913360595703
7145,0.0,-0.12886810302734375
7146,0.0,-0.17658424377441406
7147,0.0,-0.20554256439208984
7148,0.0,-0.2189960479736328
7149,0.0,-0.23401641845703125
7150,0.0,-0.2004556655883789
7151,0.0,-0.20472049713134766
7152,0.0,-0.2336101531982422
7153,0.0,-0.3435230255126953
7154,0.0,-0.40306949615478516
7155,0.0,-0.4603548049926758
7156,0.0,-0.5076694488525391
7157,0.0,-0.6680994033813477
7158,0.0,-0.7096261978149414
7159,0.0,-0.7702713012695312
7160,0.0,-0.8290815353393555
7161,0.0,-0.9618101119995117
7162,0.0,-0.9283924102783203
7163,0.0,-0.9625740051269531
7164,0.0,-0.9715471267700195
7165,0.0,-1.028407096862793
7166,0.0,-1.088038444519043
7167,0.0,-1.2035856246948242
7168,0.0,-0.9971332550048828
7169,0.0,-0.5298442840576172
7170,0.0,0.38031482696533203
7171,5.0,2.3815269470214844
7172,23.0,6.831033706665039
7173,54.0,18.089908599853516
7174,68.0,35.99576950073242
7175,84.0,54.856849670410156
7176,97.0,71.12693786621094
7177,104.0,82.63815307617188
7178,108.0,91.66712951660156
7179,112.0,100.46500396728516
7180,122.0,108.56690979003906
7181,134.0,115.30082702636719
7182,152.0,121.30313110351562
7183,146.0,126.23318481445312
7184,142.0,129.9033203125
7185,136.0,131.6309051513672
7186,131.0,131.6562957763672
7187,131.0,129.17190551757812
7188,119.0,123.39012908935547
7189,102.0,117.07683563232422
7190,101.0,110.07779693603516
7191,87.0,106.1486587524414
7192,78.0,103.6622543334961
7193,62.0,100.13248443603516
7194,46.0,94.1655502319336
7195,33.0,86.58106994628906
7196,23.0,65.7364501953125
7197,8.0,36.03571319580078
7198,1.0,24.92770004272461
7199,0.0,4.121078014373779
7200,0.0,0.43250370025634766
7201,0.0,0.23072242736816406
7202,0.0,0.12247562408447266
7203,0.0,0.11444854736328125
7204,0.0,0.09219551086425781
7205,0.0,0.11553192138671875
7206,0.0,0.06079292297363281
7207,0.0,0.05004405975341797
7208,0.0,0.0277557373046875
7209,0.0,0.025568008422851562
7210,0.0,0.0028896331787109375
7211,0.0,0.0044536590576171875
7212,0.0,-0.004039764404296875
7213,0.0,-0.0010881423950195312
7214,0.0,0.015559196472167969
7215,0.0,0.03719329833984375
7216,0.0,0.045380592346191406
7217,0.0,0.040762901306152344
7218,0.0,0.011898994445800781
7219,0.0,-0.0035114288330078125
7220,0.0,-0.017325401306152344
7221,0.0,-0.035759925842285156
7222,0.0,-0.059479713439941406
7223,0.0,-0.07666587829589844
7224,0.0,-0.09425163269042969
7225,0.0,-0.1145009994506836
7226,0.0,-0.12331485748291016
7227,0.0,-0.1261272430419922
7228,0.0,-0.1284475326538086
7229,0.0,-0.22220325469970703
7230,0.0,-0.20893192291259766
7231,0.0,-0.22496414184570312
7232,0.0,-0.21875858306884766
7233,0.0,-0.2299032211303711
7234,0.0,-0.22759532928466797
7235,0.0,-0.2360992431640625
7236,0.0,-0.240966796875
7237,0.0,-0.2534456253051758
7238,0.0,-0.24430465698242188
7239,0.0,-0.22906112670898438
7240,0.0,-0.21155357360839844
7241,0.0,-0.184906005859375
7242,0.0,-0.11249828338623047
7243,0.0,-0.040874481201171875
7244,0.0,0.0513458251953125
7245,0.0,0.13094615936279297
7246,0.0,0.08545303344726562
7247,0.0,-0.042621612548828125
7248,0.0,-0.15089797973632812
7249,0.0,-0.25028419494628906
7250,0.0,-0.2976198196411133
7251,0.0,-0.3229398727416992
7252,0.0,-0.3509387969970703
7253,0.0,-0.35477542877197266
7254,0.0,-0.3425731658935547
7255,0.0,-0.3552284240722656
7256,0.0,-0.37225341796875
7257,0.0,-0.3859395980834961
7258,0.0,-0.4096689224243164
7259,0.0,-0.43874549865722656
7260,0.0,-0.4327840805053711
7261,0.0,-0.3696002960205078
7262,0.0,-0.2701244354248047
7263,0.0,-0.09232711791992188
7264,0.0,0.1845989227294922
7265,0.0,0.6119556427001953
7266,0.0,0.9566249847412109
7267,0.0,1.1959943771362305
7268,0.0,1.3625288009643555
7269,1.0,1.5615348815917969
7270,2.0,1.9140625
7271,4.0,2.472561836242676
7272,7.0,3.3028011322021484
7273,9.0,4.531803607940674
7274,10.0,6.535693645477295
7275,21.0,9.478379249572754
7276,25.0,14.088743209838867
7277,29.0,19.743886947631836
7278,30.0,25.229713439941406
7279,32.0,29.85820960998535
7280,28.0,33.702354431152344
7281,32.0,36.23878860473633
7282,27.0,37.558250427246094
7283,23.0,37.88169860839844
7284,32.0,36.382083892822266
7285,31.0,35.576568603515625
7286,42.0,33.62531280517578
7287,50.0,31.075517654418945
7288,35.0,26.836706161499023
7289,33.0,23.922752380371094
7290,41.0,21.532997131347656
7291,44.0,19.386600494384766
7292,34.0,15.41322135925293
7293,22.0,12.251927375793457
7294,12.0,8.02402114868164
7295,1.0,4.1157636642456055
7296,0.0,1.6871261596679688
7297,0.0,0.9783601760864258
7298,0.0,0.5217466354370117
7299,0.0,0.40212345123291016
7300,0.0,0.28841495513916016
7301,0.0,0.3541421890258789
7302,0.0,0.35955047607421875
7303,0.0,0.4656105041503906
7304,0.0,0.5219545364379883
7305,0.0,0.6629171371459961
7306,0.0,0.5812339782714844
7307,0.0,0.5234375
7308,0.0,0.6902494430541992
7309,0.0,1.1423444747924805
7310,0.0,1.1662826538085938
7311,0.0,1.112837791442871
7312,0.0,1.060037612915039
7313,0.0,1.0090713500976562
7314,0.0,1.0715131759643555
7315,0.0,1.0676584243774414
7316,0.0,1.1142463684082031
7317,0.0,1.1648530960083008
7318,0.0,0.7906856536865234
7319,0.0,0.7016143798828125
7320,0.0,0.5547580718994141
7321,0.0,0.5262765884399414
7322,0.0,0.6447458267211914
7323,0.0,0.6214532852172852
7324,0.0,0.6348323822021484
7325,0.0,0.3973512649536133
7326,0.0,0.47557830810546875
7327,0.0,0.22718048095703125
7328,0.0,0.19418048858642578
7329,0.0,0.15362834930419922
7330,0.0,0.1440582275390625
7331,0.0,0.13197898864746094
7332,0.0,0.1230316162109375
7333,0.0,0.1009073257446289
7334,0.0,0.060868263244628906
7335,0.0,0.015566825866699219
7336,0.0,-0.013634681701660156
7337,0.0,-0.053444862365722656
7338,0.0,-0.06109809875488281
7339,0.0,-0.07676219940185547
7340,0.0,-0.08469009399414062
7341,0.0,-0.12101268768310547
7342,0.0,-0.14354801177978516
7343,0.0,-0.18538284301757812
7344,0.0,-0.23025131225585938
7345,0.0,-0.3325653076171875
7346,0.0,-0.3307228088378906
7347,0.0,-0.2974233627319336
7348,0.0,-0.25873661041259766
7349,0.0,-0.2664947509765625
7350,0.0,-0.2331991195678711
7351,0.0,-0.2469491958618164
7352,0.0,-0.2532196044921875
7353,0.0,-0.34844303131103516
7354,0.0,-0.33615779876708984
7355,0.0,-0.35953617095947266
7356,0.0,-0.37776660919189453
7357,0.0,-0.44822120666503906
7358,0.0,-0.4076261520385742
7359,0.0,-0.35731983184814453
7360,0.0,-0.235321044921875
7361,0.0,0.05100727081298828
7362,0.0,0.2630186080932617
7363,0.0,0.498443603515625
7364,1.0,0.8767929077148438
7365,6.0,1.8414554595947266
7366,24.0,4.83884859085083
7367,68.0,13.341111183166504
7368,57.0,30.68854522705078
7369,73.0,51.30036163330078
7370,109.0,66.5595932006836
7371,81.0,74.94767761230469
7372,91.0,81.17911529541016
7373,99.0,90.85601043701172
7374,138.0,97.15005493164062
7375,150.0,99.79803466796875
7376,142.0,100.73224639892578
7377,79.0,100.8421859741211
7378,72.0,100.33808898925781
7379,86.0,99.38653564453125
7380,120.0,98.38716888427734
7381,102.0,97.83351135253906
7382,104.0,94.06331634521484
7383,99.0,87.81547546386719
7384,94.0,79.8451919555664
7385,66.0,71.62482452392578
7386,52.0,61.300323486328125
7387,67.0,48.52027130126953
7388,47.0,28.5105037689209
7389,45.0,16.40861701965332
7390,19.0,10.06740665435791
7391,4.0,5.527298927307129
7392,2.0,3.3215112686157227
7393,0.0,3.3621158599853516
7394,0.0,2.9477405548095703
7395,0.0,2.0212669372558594
7396,0.0,0.9567365646362305
7397,0.0,0.6663436889648438
7398,0.0,0.5219058990478516
7399,0.0,0.45882511138916016
7400,0.0,0.3868246078491211
7401,0.0,0.3981485366821289
7402,0.0,0.2795248031616211
7403,0.0,0.21525955200195312
7404,0.0,0.1484088897705078
7405,0.0,0.17742919921875
7406,0.0,0.12095260620117188
7407,0.0,0.07030868530273438
7408,0.0,0.0017652511596679688
7409,0.0,0.026269912719726562
7410,0.0,-0.09947681427001953
7411,0.0,-0.30091285705566406
7412,0.0,-0.39184093475341797
7413,0.0,-0.36776256561279297
7414,0.0,-0.5070676803588867
7415,0.0,-0.35053157806396484
7416,0.0,-0.1553516387939453
7417,0.0,-0.0936441421508789
7418,0.0,-0.09218311309814453
7419,0.0,-0.08525848388671875
7420,0.0,-0.060588836669921875
7421,0.0,-0.23104095458984375
7422,0.0,-0.23766803741455078
7423,0.0,-0.30428028106689453
7424,0.0,-0.3156309127807617
7425,0.0,-0.3662424087524414
7426,0.0,-0.41915321350097656
7427,0.0,-0.4426870346069336
7428,0.0,-0.2791872024536133
7429,0.0,-0.006806373596191406
7430,0.0,0.09908580780029297
7431,0.0,-0.037380218505859375
7432,0.0,-0.11235809326171875
7433,0.0,-0.23270320892333984
7434,0.0,-0.2772207260131836
7435,0.0,-0.31049633026123047
7436,0.0,-0.3353433609008789
7437,0.0,-0.39548778533935547
7438,0.0,-0.40560340881347656
7439,0.0,-0.4299917221069336
7440,0.0,-0.46793460845947266
7441,0.0,-0.6244258880615234
7442,0.0,-0.7625312805175781
7443,0.0,-0.91729736328125
7444,0.0,-1.082575798034668
7445,0.0,-1.2914419174194336
7446,0.0,-1.3585519790649414
7447,0.0,-1.4733905792236328
7448,0.0,-1.5880918502807617
7449,0.0,-1.7609024047851562
7450,0.0,-1.585479736328125
7451,0.0,-1.4031181335449219
7452,0.0,-1.1218986511230469
7453,0.0,-1.0401983261108398
7454,0.0,-0.4545402526855469
7455,0.0,0.5189723968505859
7456,0.0,2.976752281188965
7457,0.0,6.370321273803711
7458,0.0,11.157144546508789
7459,2.0,17.735780715942383
7460,5.0,26.1807918548584
7461,5.0,35.463134765625
7462,8.0,45.12078857421875
7463,17.0,54.66503143310547
7464,42.0,63.53325653076172
7465,48.0,72.45318603515625
7466,48.0,80.62052154541016
7467,64.0,88.61957550048828
7468,81.0,96.53886413574219
7469,76.0,104.86666870117188
7470,81.0,112.2428207397461
7471,85.0,117.16361236572266
7472,84.0,119.31615447998047
7473,87.0,119.34806823730469
7474,98.0,115.64691925048828
7475,110.0,109.74049377441406
7476,106.0,104.41867065429688
7477,101.0,100.23074340820312
7478,101.0,96.97905731201172
7479,96.0,93.6338119506836
7480,95.0,88.92253875732422
7481,78.0,80.20762634277344
7482,76.0,66.5816879272461
7483,69.0,50.338890075683594
7484,49.0,33.631378173828125
7485,34.0,26.87807846069336
7486,25.0,17.296615600585938
7487,13.0,3.7282814979553223
7488,3.0,-0.033461570739746094
7489,0.0,-0.30898475646972656
7490,0.0,-0.4152965545654297
7491,0.0,-0.44637298583984375
7492,0.0,-0.46877479553222656
7493,0.0,-0.3906974792480469
7494,0.0,-0.42294979095458984
7495,0.0,-0.4244260787963867
7496,0.0,-0.44325923919677734
7497,0.0,-0.38315391540527344
7498,0.0,-0.3485708236694336
7499,0.0,-0.2075519561767578
7500,0.0,-0.0796365737915039
7501,0.0,0.009621620178222656
7502,0.0,0.01476287841796875
7503,0.0,0.06101226806640625
7504,0.0,0.09501361846923828
7505,0.0,0.16927623748779297
7506,0.0,0.20232295989990234
7507,0.0,0.22602367401123047
7508,0.0,0.23597431182861328
7509,0.0,0.24410057067871094
7510,0.0,0.1944904327392578
7511,0.0,0.1367950439453125
7512,0.0,0.08827781677246094
7513,0.0,0.01764392852783203
7514,0.0,0.06858158111572266
7515,0.0,0.12898921966552734
7516,0.0,0.19272518157958984
7517,0.0,0.1857137680053711
7518,0.0,0.18175888061523438
7519,0.0,0.038214683532714844
7520,0.0,0.03737640380859375
7521,0.0,0.0006799697875976562
7522,0.0,-0.021533966064453125
7523,0.0,-0.055993080139160156
7524,0.0,-0.08739185333251953
7525,0.0,-0.1580486297607422
7526,0.0,-0.24158763885498047
7527,0.0,-0.3271751403808594
7528,0.0,-0.38422107696533203
7529,0.0,-0.45243072509765625
7530,0.0,-0.46908092498779297
7531,0.0,-0.4696798324584961
7532,0.0,-0.4660940170288086
7533,0.0,-0.4590606689453125
7534,0.0,-0.40920543670654297
7535,0.0,-0.35758209228515625
7536,0.0,-0.30182456970214844
7537,0.0,-0.20032691955566406
7538,0.0,-0.1006326675415039
7539,0.0,-0.018259048461914062
7540,0.0,0.04880046844482422
7541,0.0,0.17017555236816406
7542,0.0,0.28052711486816406
7543,0.0,0.36534595489501953
7544,0.0,0.42099666595458984
7545,0.0,0.5293760299682617
7546,0.0,0.6018180847167969
7547,0.0,0.6655826568603516
7548,0.0,0.709172248840332
7549,0.0,0.7704687118530273
7550,0.0,0.9572353363037109
7551,0.0,1.3471450805664062
7552,0.0,1.928152084350586
7553,0.0,2.4694604873657227
7554,0.0,2.94808292388916
7555,3.0,3.1903018951416016
7556,9.0,3.2762060165405273
7557,20.0,3.339956283569336
7558,33.0,4.7540507316589355
7559,37.0,8.562137603759766
7560,39.0,15.396160125732422
7561,48.0,22.70778465270996
7562,62.0,26.845417022705078
7563,70.0,26.76938247680664
7564,77.0,26.38387680053711
7565,68.0,26.273395538330078
7566,48.0,26.046829223632812
7567,38.0,26.15908432006836
7568,35.0,25.233938217163086
7569,42.0,24.242206573486328
7570,50.0,23.595857620239258
7571,57.0,23.98587417602539
7572,58.0,25.05678939819336
7573,53.0,25.288291931152344
7574,45.0,23.6361083984375
7575,33.0,20.96312713623047
7576,30.0,17.025386810302734
7577,26.0,14.54678726196289
7578,22.0,11.205384254455566
7579,17.0,8.735556602478027
7580,12.0,7.21957540512085
7581,4.0,5.133018493652344
7582,2.0,0.9462394714355469
7583,0.0,0.06667232513427734
7584,0.0,-0.15817737579345703
7585,0.0,-0.18901443481445312
7586,0.0,-0.22423076629638672
7587,0.0,-0.23123455047607422
7588,0.0,-0.21520042419433594
7589,0.0,-0.154998779296875
7590,0.0,-0.11286544799804688
7591,0.0,-0.1080636978149414
7592,0.0,-0.09904289245605469
7593,0.0,-0.07968997955322266
7594,0.0,-0.07123661041259766
7595,0.0,-0.06093311309814453
7596,0.0,-0.05379295349121094
7597,0.0,-0.043761253356933594
7598,0.0,-0.054183006286621094
7599,0.0,-0.06331729888916016
7600,0.0,-0.07806396484375
7601,0.0,-0.09906291961669922
7602,0.0,-0.11379241943359375
7603,0.0,-0.12298583984375
7604,0.0,-0.13436412811279297
7605,0.0,-0.1458282470703125
7606,0.0,-0.18424701690673828
7607,0.0,-0.2162313461303711
7608,0.0,-0.23830604553222656
7609,0.0,-0.2506675720214844
7610,0.0,-0.2647666931152344
7611,0.0,-0.3061351776123047
7612,0.0,-0.3225364685058594
7613,0.0,-0.38637447357177734
7614,0.0,-0.4016895294189453
7615,0.0,-0.4140481948852539
7616,0.0,-0.4254312515258789
7617,0.0,-0.44675159454345703
7618,0.0,-0.4154233932495117
7619,0.0,-0.3872537612915039
7620,0.0,-0.35496997833251953
7621,0.0,-0.32738399505615234
7622,0.0,-0.3146982192993164
7623,0.0,-0.293792724609375
7624,0.0,-0.2634248733520508
7625,0.0,-0.21279239654541016
7626,0.0,-0.2514181137084961
7627,0.0,-0.3416471481323242
7628,0.0,-0.47039031982421875
7629,0.0,-0.6142568588256836
7630,0.0,-0.6159639358520508
7631,0.0,-0.6131429672241211
7632,0.0,-0.5732192993164062
7633,0.0,-0.48211669921875
7634,0.0,-0.35880565643310547
7635,0.0,-0.28832244873046875
7636,0.0,-0.2455291748046875
7637,0.0,-0.19316768646240234
7638,0.0,-0.17183780670166016
7639,0.0,-0.17322540283203125
7640,0.0,-0.1845531463623047
7641,0.0,-0.17766952514648438
7642,0.0,-0.15362834930419922
7643,0.0,-0.0935821533203125
7644,0.0,0.01922130584716797
7645,0.0,0.2341756820678711
7646,0.0,0.5229778289794922
7647,0.0,0.9864730834960938
7648,0.0,1.5940961837768555
7649,0.0,2.408205986022949
7650,0.0,3.088088035583496
7651,0.0,3.8032474517822266
7652,4.0,4.706487655639648
7653,8.0,6.843432426452637
7654,29.0,12.96049976348877
7655,44.0,29.65178680419922
7656,39.0,53.436309814453125
7657,41.0,61.408790588378906
7658,34.0,63.215965270996094
7659,29.0,63.10082244873047
7660,24.0,63.82013702392578
7661,24.0,64.48841094970703
7662,22.0,64.64090728759766
7663,26.0,64.76980590820312
7664,35.0,65.31848907470703
7665,27.0,66.22492980957031
7666,34.0,66.2727279663086
7667,29.0,65.89204406738281
7668,28.0,65.2790756225586
7669,38.0,64.05760192871094
7670,44.0,62.66288757324219
7671,35.0,60.89228820800781
7672,41.0,58.755828857421875
7673,44.0,56.660858154296875
7674,48.0,52.968345642089844
7675,65.0,44.90198516845703
7676,73.0,34.580406188964844
7677,62.0,26.944381713867188
7678,42.0,12.61064338684082
7679,25.0,2.161940574645996
7680,9.0,0.5298185348510742
7681,2.0,0.20230865478515625
7682,0.0,0.0940704345703125
7683,0.0,0.026668548583984375
7684,0.0,-0.04113960266113281
7685,0.0,-0.11584186553955078
7686,0.0,-0.12643814086914062
7687,0.0,-0.05539989471435547
7688,0.0,0.015553474426269531
7689,0.0,0.04307079315185547
7690,0.0,0.02713489532470703
7691,0.0,0.021459579467773438
7692,0.0,0.0009365081787109375
7693,0.0,-0.030956268310546875
7694,0.0,-0.05760383605957031
7695,0.0,-0.07328605651855469
7696,0.0,-0.0847015380859375
7697,0.0,-0.10113143920898438
7698,0.0,-0.10749626159667969
7699,0.0,-0.1078805923461914
7700,0.0,-0.10606002807617188
7701,0.0,-0.10692882537841797
7702,0.0,-0.0969705581665039
7703,0.0,-0.07913398742675781
7704,0.0,-0.05515575408935547
7705,0.0,-0.03841876983642578
7706,0.0,-0.00676727294921875
7707,0.0,0.014509201049804688
7708,0.0,0.02504253387451172
7709,0.0,-0.18825912475585938
7710,0.0,-0.21676921844482422
7711,0.0,-0.2473917007446289
7712,0.0,-0.2600421905517578
7713,0.0,-0.29692745208740234
7714,0.0,-0.3163433074951172
7715,0.0,-0.3606700897216797
7716,0.0,-0.3966255187988281
7717,0.0,-0.44034671783447266
7718,0.0,-0.45926380157470703
7719,0.0,-0.4769268035888672
7720,0.0,-0.48142433166503906
7721,0.0,-0.48888206481933594
7722,0.0,-0.42851829528808594
7723,0.0,-0.37664031982421875
7724,0.0,-0.3312263488769531
7725,0.0,-0.29073524475097656
7726,0.0,-0.2553091049194336
7727,0.0,-0.23177051544189453
7728,0.0,-0.2079639434814453
7729,0.0,-0.18127918243408203
7730,0.0,-0.17080307006835938
7731,0.0,-0.1630563735961914
7732,0.0,-0.14981365203857422
7733,0.0,-0.10364437103271484
7734,0.0,-0.041629791259765625
7735,0.0,0.006201744079589844
7736,0.0,0.05072021484375
7737,0.0,0.11739921569824219
7738,0.0,0.12784576416015625
7739,0.0,0.12380313873291016
7740,0.0,0.11697101593017578
7741,0.0,0.10425949096679688
7742,0.0,0.18793487548828125
7743,0.0,0.4306631088256836
7744,0.0,0.7710533142089844
7745,0.0,1.1549034118652344
7746,0.0,1.6620893478393555
7747,0.0,2.4428186416625977
7748,1.0,3.451120376586914
7749,6.0,5.078694820404053
7750,23.0,7.948514938354492
7751,38.0,15.530550956726074
7752,55.0,31.496902465820312
7753,76.0,48.45587921142578
7754,78.0,61.59283447265625
7755,93.0,71.9561996459961
7756,88.0,77.17105102539062
7757,81.0,82.90199279785156
7758,90.0,86.87618255615234
7759,67.0,90.65100860595703
7760,78.0,93.83313751220703
7761,116.0,94.12383270263672
7762,101.0,92.34599304199219
7763,103.0,89.43728637695312
7764,91.0,83.95569610595703
7765,109.0,77.10445404052734
7766,80.0,70.02072143554688
7767,59.0,61.88639831542969
7768,67.0,53.23401641845703
7769,51.0,47.604652404785156
7770,48.0,42.19242858886719
7771,40.0,36.03315734863281
7772,42.0,29.686729431152344
7773,32.0,25.682010650634766
7774,18.0,21.233238220214844
7775,11.0,7.674244403839111
7776,1.0,1.6733617782592773
7777,0.0,0.49481201171875
7778,0.0,-0.045912742614746094
7779,0.0,-0.30673694610595703
7780,0.0,-0.45894527435302734
7781,0.0,-0.29291343688964844
7782,0.0,-0.022289276123046875
7783,0.0,0.0644378662109375
7784,0.0,0.0875692367553711
7785,0.0,0.14558982849121094
7786,0.0,0.13829421997070312
7787,0.0,0.13937759399414062
7788,0.0,0.13144302368164062
7789,0.0,0.13081645965576172
7790,0.0,0.3708200454711914
7791,0.0,0.5054655075073242
7792,0.0,0.5712804794311523
7793,0.0,0.5060138702392578
7794,0.0,0.3696613311767578
7795,0.0,0.2747468948364258
7796,0.0,0.19997596740722656
7797,0.0,0.14255428314208984
7798,0.0,0.12929916381835938
7799,0.0,0.11754512786865234
7800,0.0,0.109893798828125
7801,0.0,0.09839344024658203
7802,0.0,0.06673049926757812
7803,0.0,0.020453453063964844
7804,0.0,-0.028684616088867188
7805,0.0,-0.1522846221923828
7806,0.0,-0.15862178802490234
7807,0.0,-0.23711585998535156
7808,0.0,-0.25196361541748047
7809,0.0,-0.2532958984375
7810,0.0,-0.1665325164794922
7811,0.0,-0.04378986358642578
7812,0.0,0.052646636962890625
7813,0.0,0.09586429595947266
7814,0.0,0.035470008850097656
7815,0.0,-0.025266647338867188
7816,0.0,-0.07314586639404297
7817,0.0,-0.11029911041259766
7818,0.0,-0.048119544982910156
7819,0.0,-0.005473136901855469
7820,0.0,0.005576133728027344
7821,0.0,0.020154953002929688
7822,0.0,0.04103374481201172
7823,0.0,0.040762901306152344
7824,0.0,0.011399269104003906
7825,0.0,-0.010402679443359375
7826,0.0,0.035284996032714844
7827,0.0,0.056873321533203125
7828,0.0,0.004294395446777344
7829,0.0,-0.15474891662597656
7830,0.0,-0.3202972412109375
7831,0.0,-0.43741893768310547
7832,0.0,-0.527583122253418
7833,0.0,-0.6083278656005859
7834,0.0,-0.7224636077880859
7835,0.0,-0.8310575485229492
7836,0.0,-0.8143215179443359
7837,0.0,-0.6700944900512695
7838,0.0,-0.6521549224853516
7839,0.0,-0.10791492462158203
7840,0.0,0.8618574142456055
7841,0.0,3.768331527709961
7842,0.0,10.720413208007812
7843,0.0,20.546600341796875
7844,5.0,29.699844360351562
7845,22.0,40.762184143066406
7846,32.0,51.02740478515625
7847,37.0,54.644386291503906
7848,27.0,55.97517395019531
7849,29.0,58.601707458496094
7850,30.0,62.54948425292969
7851,32.0,67.50557708740234
7852,35.0,73.1552734375
7853,66.0,77.2940444946289
7854,119.0,78.33679962158203
7855,132.0,78.42120361328125
7856,128.0,79.24993133544922
7857,135.0,79.61748504638672
7858,127.0,77.89791870117188
7859,116.0,74.5735092163086
7860,127.0,68.10279083251953
7861,122.0,61.36235046386719
7862,116.0,56.366615295410156
7863,104.0,53.21235656738281
7864,111.0,50.65491485595703
7865,99.0,54.62040710449219
7866,96.0,55.13087463378906
7867,108.0,50.28971862792969
7868,80.0,40.63145446777344
7869,28.0,32.481842041015625
7870,21.0,25.101716995239258
7871,13.0,9.426238059997559
7872,2.0,1.113840103149414
7873,0.0,0.17832660675048828
7874,0.0,-0.09815692901611328
7875,0.0,-0.1857900619506836
7876,0.0,-0.22037792205810547
7877,0.0,-0.19843482971191406
7878,0.0,-0.21723461151123047
7879,0.0,-0.2206287384033203
7880,0.0,-0.22466182708740234
7881,0.0,-0.20326709747314453
7882,0.0,-0.2143230438232422
7883,0.0,-0.21301841735839844
7884,0.0,-0.2183370590209961
7885,0.0,-0.21010112762451172
7886,0.0,-0.2281036376953125
7887,0.0,-0.23404216766357422
7888,0.0,-0.24490833282470703
7889,0.0,-0.2503519058227539
7890,0.0,-0.25420570373535156
7891,0.0,-0.251220703125
7892,0.0,-0.24959659576416016
7893,0.0,-0.2466268539428711
7894,0.0,-0.22162246704101562
7895,0.0,-0.20105934143066406
7896,0.0,-0.1638479232788086
7897,0.0,-0.14784622192382812
7898,0.0,-0.08696365356445312
7899,0.0,0.013759613037109375
7900,0.0,0.12675952911376953
7901,0.0,0.1252002716064453
7902,0.0,0.10331249237060547
7903,0.0,0.030531883239746094
7904,0.0,-0.028703689575195312
7905,0.0,-0.07677459716796875
7906,0.0,-0.13590717315673828
7907,0.0,-0.16664505004882812
7908,0.0,-0.1884927749633789
7909,0.0,-0.21405792236328125
7910,0.0,-0.22843551635742188
7911,0.0,-0.2666969299316406
7912,0.0,-0.3177366256713867
7913,0.0,-0.3736133575439453
7914,0.0,-0.4154186248779297
7915,0.0,-0.44820308685302734
7916,0.0,-0.4602813720703125
7917,0.0,-0.46746349334716797
7918,0.0,-0.4751749038696289
7919,0.0,-0.486602783203125
7920,0.0,-0.5003452301025391
7921,0.0,-0.5111179351806641
7922,0.0,-0.5370187759399414
7923,0.0,-0.5697755813598633
7924,0.0,-0.6034669876098633
7925,0.0,-0.6429805755615234
7926,0.0,-0.6767721176147461
7927,0.0,-0.6928987503051758
7928,0.0,-0.7052698135375977
7929,0.0,-0.6432218551635742
7930,0.0,-0.462738037109375
7931,0.0,-0.20281028747558594
7932,0.0,0.16188812255859375
7933,0.0,0.5597438812255859
7934,0.0,1.1461830139160156
7935,0.0,2.174365997314453
7936,0.0,3.930724620819092
7937,0.0,6.6157755851745605
7938,1.0,11.445631980895996
7939,8.0,21.744003295898438
7940,26.0,40.59303665161133
7941,74.0,60.55268859863281
7942,80.0,77.37205505371094
7943,104.0,90.64794158935547
7944,75.0,101.54059600830078
7945,121.0,109.07906341552734
7946,127.0,116.67842102050781
7947,71.0,124.62897491455078
7948,62.0,131.7659149169922
7949,114.0,137.8785400390625
7950,122.0,140.12451171875
7951,125.0,136.006103515625
7952,174.0,127.14399719238281
7953,138.0,118.0272216796875
7954,117.0,109.5189208984375
7955,123.0,100.1299819946289
7956,133.0,89.40860748291016
7957,143.0,76.44490814208984
7958,132.0,66.12837219238281
7959,114.0,58.88036346435547
7960,112.0,53.18218994140625
7961,89.0,48.30254364013672
7962,51.0,44.27820587158203
7963,95.0,39.60401153564453
7964,28.0,31.41457176208496
7965,15.0,22.902732849121094
7966,3.0,10.246987342834473
7967,1.0,2.0796241760253906
7968,0.0,0.23599529266357422
7969,0.0,0.05605316162109375
7970,0.0,-0.02327442169189453
7971,0.0,0.012872695922851562
7972,0.0,0.13596153259277344
7973,0.0,0.44907474517822266
7974,0.0,0.8451805114746094
7975,0.0,1.3227100372314453
7976,0.0,1.6931591033935547
7977,0.0,2.016739845275879
7978,0.0,2.067196846008301
7979,0.0,1.9990520477294922
7980,0.0,1.8550615310668945
7981,0.0,1.5767221450805664
7982,0.0,1.1839685440063477
7983,0.0,0.8212118148803711
7984,0.0,0.5663204193115234
7985,0.0,0.47508907318115234
7986,0.0,0.49658870697021484
7987,0.0,0.5651674270629883
7988,0.0,0.6489171981811523
7989,0.0,0.6994113922119141
7990,0.0,0.7326517105102539
7991,0.0,0.7539997100830078
7992,0.0,0.7551097869873047
7993,0.0,0.7283077239990234
7994,0.0,0.743708610534668
7995,0.0,0.7409753799438477
7996,0.0,0.732208251953125
7997,0.0,0.19991397857666016
7998,0.0,0.09229850769042969
7999,0.0,-0.01965045928955078
8000,0.0,-0.0838775634765625
8001,0.0,-0.09072399139404297
8002,0.0,-0.08218765258789062
8003,0.0,-0.09974956512451172
8004,0.0,-0.11081695556640625
8005,0.0,-0.10696697235107422
8006,0.0,-0.051024436950683594
8007,0.0,0.009180068969726562
8008,0.0,0.05055999755859375
8009,0.0,0.08326911926269531
8010,0.0,0.09289360046386719
8011,0.0,0.11778545379638672
8012,0.0,0.10916900634765625
8013,0.0,0.07344913482666016
8014,0.0,0.09431648254394531
8015,0.0,0.10369300842285156
8016,0.0,0.10750198364257812
8017,0.0,0.07396602630615234
8018,0.0,0.0989837646484375
8019,0.0,0.09651660919189453
8020,0.0,0.10036563873291016
8021,0.0,0.05186271667480469
8022,0.0,0.010050773620605469
8023,0.0,0.035582542419433594
8024,0.0,0.05876350402832031
8025,0.0,0.035361289978027344
8026,0.0,-0.05233287811279297
8027,0.0,-0.10110759735107422
8028,0.0,-0.18851089477539062
8029,0.0,-0.36592960357666016
8030,0.0,-0.4137096405029297
8031,0.0,-0.3175935745239258
8032,0.0,-0.027794837951660156
8033,0.0,0.5556468963623047
8034,0.0,1.4045782089233398
8035,0.0,2.9367618560791016
8036,0.0,6.379947185516357
8037,4.0,12.561161994934082
8038,7.0,21.72146224975586
8039,9.0,32.09077453613281
8040,11.0,42.465667724609375
8041,13.0,50.96656799316406
8042,29.0,55.91211700439453
8043,57.0,57.65943145751953
8044,55.0,55.104766845703125
8045,70.0,48.92829132080078
8046,73.0,46.81060028076172
8047,71.0,48.1837158203125
8048,126.0,50.471763610839844
8049,94.0,49.328453063964844
8050,123.0,47.238426208496094
8051,167.0,44.86921691894531
8052,81.0,42.352622985839844
8053,98.0,40.08817672729492
8054,99.0,36.09986877441406
8055,101.0,36.53119659423828
8056,84.0,40.70912170410156
8057,71.0,44.197265625
8058,134.0,45.87336730957031
8059,111.0,41.362422943115234
8060,104.0,33.95960998535156
8061,67.0,28.038122177124023
8062,31.0,24.032630920410156
8063,12.0,21.277177810668945
8064,4.0,17.777082443237305
8065,2.0,9.759907722473145
8066,0.0,3.1309900283813477
8067,0.0,0.9524898529052734
8068,0.0,0.2682218551635742
8069,0.0,0.14695262908935547
8070,0.0,0.33942508697509766
8071,0.0,0.3916177749633789
8072,0.0,0.44484710693359375
8073,0.0,0.5810871124267578
8074,0.0,0.4541645050048828
8075,0.0,0.41916656494140625
8076,0.0,0.3421487808227539
8077,0.0,0.394012451171875
8078,0.0,0.23564910888671875
8079,0.0,0.20412445068359375
8080,0.0,0.16613388061523438
8081,0.0,0.15087890625
8082,0.0,0.21835803985595703
8083,0.0,0.2405719757080078
8084,0.0,0.29310035705566406
8085,0.0,0.3593463897705078
8086,0.0,0.16960716247558594
8087,0.0,0.16239261627197266
8088,0.0,0.12140941619873047
8089,0.0,0.1251688003540039
8090,0.0,0.27519702911376953
8091,0.0,0.26546573638916016
8092,0.0,0.3389310836791992
8093,0.0,0.4553394317626953
8094,0.0,0.3851909637451172
8095,0.0,0.3409891128540039
8096,0.0,0.33017635345458984
8097,0.0,0.3076324462890625
8098,0.0,0.2684898376464844
8099,0.0,0.29120731353759766
8100,0.0,0.2825307846069336
8101,0.0,0.2199554443359375
8102,0.0,0.2804222106933594
8103,0.0,0.2886486053466797
8104,0.0,0.34126853942871094
8105,0.0,0.37807750701904297
8106,0.0,0.33107948303222656
8107,0.0,0.33048152923583984
8108,0.0,0.31820106506347656
8109,0.0,0.2793397903442383
8110,0.0,0.3157644271850586
8111,0.0,0.33144092559814453
8112,0.0,0.3506927490234375
8113,0.0,0.31729698181152344
8114,0.0,0.3515148162841797
8115,0.0,0.36226463317871094
8116,0.0,0.37177371978759766
8117,0.0,0.322174072265625
8118,0.0,0.14044189453125
8119,0.0,0.06882476806640625
8120,0.0,-0.0017786026000976562
8121,0.0,-0.10735702514648438
8122,0.0,-0.000316619873046875
8123,0.0,-0.011880874633789062
8124,0.0,-0.02201557159423828
8125,0.0,-0.10841560363769531
8126,0.0,-0.1190805435180664
8127,0.0,-0.10268783569335938
8128,0.0,0.009133338928222656
8129,0.0,0.3260030746459961
8130,0.0,0.7783727645874023
8131,0.0,1.3689441680908203
8132,3.0,2.4517173767089844
8133,6.0,4.562510967254639
8134,23.0,10.428548812866211
8135,45.0,23.28728485107422
8136,65.0,40.26386260986328
8137,79.0,54.36650085449219
8138,66.0,67.67485809326172
8139,29.0,80.0311508178711
8140,53.0,90.45868682861328
8141,124.0,98.71210479736328
8142,168.0,102.89079284667969
8143,97.0,104.79035949707031
8144,186.0,102.73138427734375
8145,179.0,91.95157623291016
8146,229.0,83.37255096435547
8147,188.0,76.71859741210938
8148,188.0,71.28189849853516
8149,109.0,65.87950897216797
8150,94.0,57.59455871582031
8151,154.0,48.652854919433594
8152,151.0,38.94886779785156
8153,116.0,30.420934677124023
8154,89.0,24.814605712890625
8155,79.0,21.574697494506836
8156,59.0,19.44203758239746
8157,36.0,18.35107421875
8158,27.0,15.135787963867188
8159,22.0,9.99780559539795
8160,10.0,5.498732089996338
8161,0.0,3.020075798034668
8162,0.0,1.5004892349243164
8163,0.0,1.1186180114746094
8164,0.0,0.9756507873535156
8165,0.0,1.031437873840332
8166,0.0,1.0434646606445312
8167,0.0,1.046372413635254
8168,0.0,0.952631950378418
8169,0.0,0.8344526290893555
8170,0.0,0.6859664916992188
8171,0.0,0.5938253402709961
8172,0.0,0.5495519638061523
8173,0.0,0.5442781448364258
8174,0.0,0.4231910705566406
8175,0.0,0.3356609344482422
8176,0.0,0.24755096435546875
8177,0.0,0.18163490295410156
8178,0.0,0.13970470428466797
8179,0.0,0.13820362091064453
8180,0.0,0.15014362335205078
8181,0.0,0.17588043212890625
8182,0.0,0.2105703353881836
8183,0.0,0.2494354248046875
8184,0.0,0.27429676055908203
8185,0.0,0.29439830780029297
8186,0.0,0.28653812408447266
8187,0.0,0.27364444732666016
8188,0.0,0.2625751495361328
8189,0.0,0.30820465087890625
8190,0.0,0.28070926666259766
8191,0.0,0.23705101013183594
8192,0.0,0.20572757720947266
8193,0.0,0.16503238677978516
8194,0.0,0.1672201156616211
8195,0.0,0.1533050537109375
8196,0.0,0.14870738983154297
8197,0.0,0.1361074447631836
8198,0.0,0.14758777618408203
8199,0.0,0.15334606170654297
8200,0.0,0.1570301055908203
8201,0.0,0.1522846221923828
8202,0.0,0.18065834045410156
8203,0.0,0.1963329315185547
8204,0.0,0.2131643295288086
8205,0.0,0.2143688201904297
8206,0.0,0.23499774932861328
8207,0.0,0.2424335479736328
8208,0.0,0.2523202896118164
8209,0.0,0.24596691131591797
8210,0.0,0.2777080535888672
8211,0.0,0.2871522903442383
8212,0.0,0.28714942932128906
8213,0.0,0.2461681365966797
8214,0.0,0.22688674926757812
8215,0.0,0.1853923797607422
8216,0.0,0.15464019775390625
8217,0.0,0.08197021484375
8218,0.0,-0.004990577697753906
8219,0.0,0.03438091278076172
8220,0.0,0.06958866119384766
8221,0.0,0.05103778839111328
8222,0.0,0.21356773376464844
8223,0.0,0.3709745407104492
8224,0.0,0.5815286636352539
8225,0.0,0.8554964065551758
8226,0.0,1.159073829650879
8227,0.0,1.5042181015014648
8228,3.0,2.087277412414551
8229,9.0,3.1231822967529297
8230,27.0,5.450732231140137
8231,41.0,12.041513442993164
8232,60.0,24.768625259399414
8233,94.0,35.51324462890625
8234,98.0,43.4188232421875
8235,105.0,50.471885681152344
8236,106.0,57.043006896972656
8237,111.0,62.592437744140625
8238,132.0,66.96793365478516
8239,136.0,70.15552520751953
8240,134.0,72.39623260498047
8241,140.0,73.2184829711914
8242,148.0,71.85796356201172
8243,152.0,69.87566375732422
8244,138.0,68.70591735839844
8245,132.0,68.94572448730469
8246,133.0,66.70669555664062
8247,138.0,60.450294494628906
8248,131.0,47.719146728515625
8249,123.0,38.20109939575195
8250,99.0,29.180255889892578
8251,88.0,23.565963745117188
8252,77.0,16.91522789001465
8253,52.0,10.535086631774902
8254,33.0,3.064821243286133
8255,7.0,0.44396400451660156
8256,1.0,-0.2616252899169922
8257,0.0,-0.38805103302001953
8258,0.0,-0.4048328399658203
8259,0.0,-0.3676490783691406
8260,0.0,-0.3431529998779297
8261,0.0,-0.29106998443603516
8262,0.0,-0.26315879821777344
8263,0.0,-0.23083209991455078
8264,0.0,-0.20760154724121094
8265,0.0,-0.16295433044433594
8266,0.0,-0.13042449951171875
8267,0.0,-0.1151885986328125
8268,0.0,-0.09927845001220703
8269,0.0,-0.06978130340576172
8270,0.0,-0.05195426940917969
8271,0.0,-0.04981708526611328
8272,0.0,-0.046741485595703125
8273,0.0,-0.034476280212402344
8274,0.0,-0.022955894470214844
8275,0.0,-0.03802013397216797
8276,0.0,-0.0440521240234375
8277,0.0,-0.04157733917236328
8278,0.0,-0.03365612030029297
8279,0.0,-0.04573822021484375
8280,0.0,-0.05016517639160156
8281,0.0,-0.0457916259765625
8282,0.0,-0.04006004333496094
8283,0.0,-0.05270671844482422
8284,0.0,-0.06059074401855469
8285,0.0,0.1891469955444336
8286,0.0,0.34529972076416016
8287,0.0,0.29771995544433594
8288,0.0,0.2730236053466797
8289,0.0,0.25264835357666016
8290,0.0,0.29045867919921875
8291,0.0,0.3364133834838867
8292,0.0,0.38396549224853516
8293,0.0,0.43885135650634766
8294,0.0,0.3917274475097656
8295,0.0,0.3571004867553711
8296,0.0,0.32184314727783203
8297,0.0,0.2849550247192383
8298,0.0,0.26839351654052734
8299,0.0,0.25912952423095703
8300,0.0,0.24830055236816406
8301,0.0,0.22508621215820312
8302,0.0,0.2686128616333008
8303,0.0,0.3353099822998047
8304,0.0,0.4124422073364258
8305,0.0,0.4728841781616211
8306,0.0,0.4469461441040039
8307,0.0,0.4321432113647461
8308,0.0,0.41808414459228516
8309,0.0,0.3690214157104492
8310,0.0,0.24020671844482422
8311,0.0,0.1290283203125
8312,0.0,0.03287315368652344
8313,0.0,-0.0855093002319336
8314,0.0,-0.11585235595703125
8315,0.0,-0.12787342071533203
8316,0.0,-0.1282339096069336
8317,0.0,-0.16334247589111328
8318,0.0,-0.1154623031616211
8319,0.0,0.10161876678466797
8320,0.0,0.5811529159545898
8321,0.0,2.154759407043457
8322,3.0,7.323808193206787
8323,11.0,18.4622859954834
8324,37.0,32.72694396972656
8325,57.0,46.25251007080078
8326,75.0,56.94349670410156
8327,93.0,64.58846282958984
8328,109.0,70.29776763916016
8329,110.0,75.51383972167969
8330,108.0,79.41455841064453
8331,101.0,80.46407318115234
8332,90.0,78.46184539794922
8333,77.0,74.7764663696289
8334,80.0,70.63910675048828
8335,79.0,72.30514526367188
8336,80.0,78.43550872802734
8337,80.0,85.94610595703125
8338,80.0,88.93049621582031
8339,81.0,86.27949523925781
8340,80.0,80.34418487548828
8341,88.0,77.05901336669922
8342,115.0,75.36282348632812
8343,112.0,75.44412994384766
8344,72.0,72.46941375732422
8345,79.0,68.36125183105469
8346,99.0,63.76033020019531
8347,73.0,58.837677001953125
8348,61.0,51.17274475097656
8349,36.0,47.154380798339844
8350,45.0,39.635128021240234
8351,27.0,30.6817684173584
8352,12.0,16.10240364074707
8353,2.0,5.6815948486328125
8354,0.0,1.6545419692993164
8355,0.0,0.4006538391113281
8356,0.0,0.014043807983398438
8357,0.0,-0.008424758911132812
8358,0.0,-0.01642131805419922
8359,0.0,-0.05992889404296875
8360,0.0,-0.11063003540039062
8361,0.0,-0.15247249603271484
8362,0.0,-0.20856857299804688
8363,0.0,-0.23267555236816406
8364,0.0,-0.25142478942871094
8365,0.0,-0.2608375549316406
8366,0.0,-0.26350879669189453
8367,0.0,-0.2496805191040039
8368,0.0,-0.2237691879272461
8369,0.0,-0.19496440887451172
8370,0.0,-0.15012073516845703
8371,0.0,-0.16236495971679688
8372,0.0,-0.1736898422241211
8373,0.0,-0.19600296020507812
8374,0.0,-0.22612285614013672
8375,0.0,-0.2476959228515625
8376,0.0,-0.2574481964111328
8377,0.0,-0.27222347259521484
8378,0.0,-0.2776346206665039
8379,0.0,-0.2977275848388672
8380,0.0,-0.30689048767089844
8381,0.0,-0.15521240234375
8382,0.0,-0.06430625915527344
8383,0.0,-0.10903453826904297
8384,0.0,-0.1176462173461914
8385,0.0,-0.08997154235839844
8386,0.0,-0.07795333862304688
8387,0.0,-0.06354331970214844
8388,0.0,-0.05701732635498047
8389,0.0,-0.0234527587890625
8390,0.0,-0.006300926208496094
8391,0.0,-0.044083595275878906
8392,0.0,-0.09947776794433594
8393,0.0,-0.21312618255615234
8394,0.0,-0.31756114959716797
8395,0.0,-0.30109310150146484
8396,0.0,-0.22080135345458984
8397,0.0,-0.08669662475585938
8398,0.0,0.00238800048828125
8399,0.0,0.062188148498535156
8400,0.0,0.08731842041015625
8401,0.0,0.1505584716796875
8402,0.0,0.12986469268798828
8403,0.0,0.0934906005859375
8404,0.0,-0.04123878479003906
8405,0.0,-0.27321338653564453
8406,0.0,-0.5115633010864258
8407,0.0,-0.5917549133300781
8408,0.0,-0.4991779327392578
8409,0.0,-0.26608753204345703
8410,0.0,-0.12269878387451172
8411,0.0,-0.039015769958496094
8412,0.0,0.006628990173339844
8413,0.0,0.14753055572509766
8414,0.0,0.4500694274902344
8415,0.0,1.225337028503418
8416,0.0,2.641132354736328
8417,0.0,5.2242608070373535
8418,3.0,8.330385208129883
8419,6.0,12.505340576171875
8420,19.0,19.17509651184082
8421,48.0,27.139225006103516
8422,69.0,35.66404724121094
8423,93.0,44.74815368652344
8424,118.0,55.05127716064453
8425,128.0,69.97086334228516
8426,134.0,91.70263671875
8427,140.0,107.1117172241211
8428,120.0,116.02172088623047
8429,114.0,122.71672058105469
8430,119.0,124.26205444335938
8431,132.0,123.73999786376953
8432,133.0,121.96881103515625
8433,147.0,121.08096313476562
8434,169.0,120.5692367553711
8435,168.0,120.22380065917969
8436,179.0,119.32523345947266
8437,170.0,120.03498840332031
8438,119.0,118.48921966552734
8439,128.0,114.53182220458984
8440,158.0,107.0916748046875
8441,184.0,97.5775146484375
8442,154.0,86.12891387939453
8443,103.0,74.1589584350586
8444,86.0,62.115577697753906
8445,61.0,52.023902893066406
8446,39.0,39.64942932128906
8447,27.0,29.664274215698242
8448,19.0,17.896060943603516
8449,9.0,4.125365734100342
8450,2.0,0.432464599609375
8451,1.0,-0.295654296875
8452,0.0,-0.4569892883300781
8453,0.0,-0.43575000762939453
8454,0.0,-0.4798116683959961
8455,0.0,-0.4890604019165039
8456,0.0,-0.4973106384277344
8457,0.0,-0.45452404022216797
8458,0.0,-0.3650178909301758
8459,0.0,-0.27807044982910156
8460,0.0,-0.16900157928466797
8461,0.0,0.007760047912597656
8462,0.0,-0.10393810272216797
8463,0.0,-0.1188955307006836
8464,0.0,-0.13608455657958984
8465,0.0,-0.11997509002685547
8466,0.0,-0.16425609588623047
8467,0.0,-0.20313453674316406
8468,0.0,-0.2668190002441406
8469,0.0,-0.28710079193115234
8470,0.0,-0.2684669494628906
8471,0.0,-0.2480297088623047
8472,0.0,-0.2006845474243164
8473,0.0,-0.1336517333984375
8474,0.0,-0.09759330749511719
8475,0.0,-0.0744924545288086
8476,0.0,-0.06204700469970703
8477,0.0,0.2399311065673828
8478,0.0,0.16000747680664062
8479,0.0,0.16067981719970703
8480,0.0,0.1412811279296875
8481,0.0,0.14031982421875
8482,0.0,0.17037582397460938
8483,0.0,0.1976308822631836
8484,0.0,0.21947288513183594
8485,0.0,0.2464609146118164
8486,0.0,0.24930477142333984
8487,0.0,0.25194358825683594
8488,0.0,0.2542276382446289
8489,0.0,0.2614307403564453
8490,0.0,0.2706127166748047
8491,0.0,0.27539730072021484
8492,0.0,0.27770423889160156
8493,0.0,0.28084278106689453
8494,0.0,0.3054027557373047
8495,0.0,0.32633495330810547
8496,0.0,0.34322071075439453
8497,0.0,0.3611898422241211
8498,0.0,0.3839302062988281
8499,0.0,0.3995218276977539
8500,0.0,0.41344261169433594
8501,0.0,0.4287099838256836
8502,0.0,0.3677968978881836
8503,0.0,0.27171897888183594
8504,0.0,0.237274169921875
8505,0.0,0.2784433364868164
8506,0.0,0.33133602142333984
8507,0.0,0.3721303939819336
8508,0.0,0.4049072265625
8509,0.0,0.40775108337402344
8510,0.0,0.41358184814453125
8511,0.0,0.4005928039550781
8512,0.0,0.3913869857788086
8513,0.0,0.3617715835571289
8514,0.0,0.502110481262207
8515,0.0,0.9113302230834961
8516,5.0,2.0342063903808594
8517,7.0,4.492243766784668
8518,18.0,9.349270820617676
8519,37.0,16.09008026123047
8520,42.0,21.72655487060547
8521,51.0,24.618907928466797
8522,63.0,27.33116912841797
8523,77.0,31.139659881591797
8524,79.0,36.70820617675781
8525,78.0,45.302757263183594
8526,93.0,54.10344696044922
8527,112.0,60.719276428222656
8528,159.0,64.84251403808594
8529,175.0,67.45654296875
8530,122.0,65.3522720336914
8531,97.0,58.93311309814453
8532,96.0,49.50109100341797
8533,99.0,39.608943939208984
8534,69.0,32.360801696777344
8535,59.0,26.793315887451172
8536,49.0,21.23362159729004
8537,47.0,18.487279891967773
8538,51.0,16.451168060302734
8539,65.0,10.377388000488281
8540,54.0,3.095463752746582
8541,37.0,0.8016071319580078
8542,8.0,0.1806640625
8543,5.0,-0.03122997283935547
8544,1.0,-0.11130332946777344
8545,0.0,-0.09264469146728516
8546,0.0,-0.0783853530883789
8547,0.0,-0.05198860168457031
8548,0.0,-0.03638172149658203
8549,0.0,0.012617111206054688
8550,0.0,0.1669321060180664
8551,0.0,0.2720212936401367
8552,0.0,0.3566150665283203
8553,0.0,0.4341583251953125
8554,0.0,0.37479209899902344
8555,0.0,0.3596792221069336
8556,0.0,0.33990001678466797
8557,0.0,0.3590965270996094
8558,0.0,0.2546367645263672
8559,0.0,0.2008819580078125
8560,0.0,0.12703227996826172
8561,0.0,0.0761575698852539
8562,0.0,0.12778949737548828
8563,0.0,0.12769317626953125
8564,0.0,0.1371603012084961
8565,0.0,0.14717578887939453
8566,0.0,0.1503124237060547
8567,0.0,0.1284646987915039
8568,0.0,0.11409282684326172
8569,0.0,0.10436248779296875
8570,0.0,0.09987640380859375
8571,0.0,0.07803916931152344
8572,0.0,0.06674003601074219
8573,0.0,0.3112640380859375
8574,0.0,0.46237850189208984
8575,0.0,0.4333639144897461
8576,0.0,0.42752742767333984
8577,0.0,0.43981456756591797
8578,0.0,0.45378684997558594
8579,0.0,0.4694843292236328
8580,0.0,0.48256778717041016
8581,0.0,0.5142240524291992
8582,0.0,0.5036678314208984
8583,0.0,0.4976015090942383
8584,0.0,0.49112987518310547
8585,0.0,0.4987668991088867
8586,0.0,0.48119258880615234
8587,0.0,0.47075366973876953
8588,0.0,0.4591484069824219
8589,0.0,0.4519844055175781
8590,0.0,0.45075511932373047
8591,0.0,0.45476341247558594
8592,0.0,0.45490264892578125
8593,0.0,0.45099735260009766
8594,0.0,0.46120643615722656
8595,0.0,0.4730348587036133
8596,0.0,0.4811258316040039
8597,0.0,0.4753856658935547
8598,0.0,0.49288368225097656
8599,0.0,0.5063505172729492
8600,0.0,0.5150747299194336
8601,0.0,0.5078201293945312
8602,0.0,0.5197219848632812
8603,0.0,0.5182533264160156
8604,0.0,0.5122823715209961
8605,0.0,0.49278926849365234
8606,0.0,0.5237674713134766
8607,0.0,0.5893735885620117
8608,0.0,0.7027702331542969
8609,0.0,0.8924369812011719
8610,0.0,1.163736343383789
8611,0.0,1.5770645141601562
8612,2.0,2.2761850357055664
8613,8.0,3.628171920776367
8614,23.0,6.418199062347412
8615,36.0,13.104751586914062
8616,45.0,25.521961212158203
8617,50.0,37.568626403808594
8618,55.0,44.191612243652344
8619,62.0,47.60865783691406
8620,65.0,49.650428771972656
8621,61.0,51.3323974609375
8622,57.0,52.637596130371094
8623,61.0,53.26582336425781
8624,64.0,53.242454528808594
8625,58.0,53.02861785888672
8626,53.0,53.698387145996094
8627,54.0,54.933502197265625
8628,56.0,56.46763610839844
8629,55.0,58.37041473388672
8630,56.0,59.90369415283203
8631,56.0,60.71272277832031
8632,52.0,60.410133361816406
8633,43.0,59.89811706542969
8634,40.0,56.571434020996094
8635,33.0,48.79078674316406
8636,25.0,40.148372650146484
8637,19.0,32.327003479003906
8638,10.0,24.273662567138672
8639,3.0,12.26894474029541
8640,1.0,3.6212501525878906
8641,0.0,1.5981731414794922
8642,0.0,0.8013572692871094
8643,0.0,0.4693450927734375
8644,0.0,0.33339595794677734
8645,0.0,0.38968849182128906
8646,0.0,0.3929615020751953
8647,0.0,0.4120512008666992
8648,0.0,0.4223499298095703
8649,0.0,0.4627695083618164
8650,0.0,0.46363067626953125
8651,0.0,0.47098445892333984
8652,0.0,0.47133350372314453
8653,0.0,0.49098777770996094
8654,0.0,0.4938850402832031
8655,0.0,0.49016571044921875
8656,0.0,0.47719669342041016
8657,0.0,0.4588298797607422
8658,0.0,0.4397144317626953
8659,0.0,0.41377830505371094
8660,0.0,0.3876619338989258
8661,0.0,0.3417234420776367
8662,0.0,0.31944942474365234
8663,0.0,0.2912130355834961
8664,0.0,0.2708740234375
8665,0.0,0.21579933166503906
8666,0.0,0.19651222229003906
8667,0.0,0.16522693634033203
8668,0.0,0.14635372161865234
8669,0.0,-0.05467414855957031
8670,0.0,-0.12356376647949219
8671,0.0,-0.13316631317138672
8672,0.0,-0.11974716186523438
8673,0.0,-0.09909725189208984
8674,0.0,-0.10132122039794922
8675,0.0,-0.10062122344970703
8676,0.0,-0.10137081146240234
8677,0.0,-0.09637451171875
8678,0.0,-0.09454154968261719
8679,0.0,-0.08907318115234375
8680,0.0,-0.08059215545654297
8681,0.0,-0.07693099975585938
8682,0.0,-0.08528423309326172
8683,0.0,-0.08986091613769531
8684,0.0,-0.09991931915283203
8685,0.0,-0.10309505462646484
8686,0.0,-0.11417293548583984
8687,0.0,-0.12227821350097656
8688,0.0,-0.13828468322753906
8689,0.0,-0.14654541015625
8690,0.0,-0.1604137420654297
8691,0.0,-0.17397499084472656
8692,0.0,-0.1977396011352539
8693,0.0,-0.21535778045654297
8694,0.0,-0.22783946990966797
8695,0.0,-0.24520301818847656
8696,0.0,-0.2735433578491211
8697,0.0,-0.30179309844970703
8698,0.0,-0.3155069351196289
8699,0.0,-0.34014892578125
8700,0.0,-0.3774280548095703
8701,0.0,-0.42549991607666016
8702,0.0,-0.44938182830810547
8703,0.0,-0.17757511138916016
8704,0.0,0.42589473724365234
8705,0.0,2.3892974853515625
8706,2.0,6.658496856689453
8707,5.0,14.13638687133789
8708,16.0,24.16343879699707
8709,34.0,34.46411895751953
8710,49.0,41.55954360961914
8711,57.0,45.94922637939453
8712,51.0,48.89863586425781
8713,49.0,51.5321044921875
8714,52.0,52.680992126464844
8715,76.0,52.891197204589844
8716,105.0,52.123634338378906
8717,118.0,49.94091796875
8718,112.0,47.42027282714844
8719,116.0,46.92619323730469
8720,105.0,48.063140869140625
8721,89.0,49.60859680175781
8722,101.0,51.35841369628906
8723,140.0,53.36155700683594
8724,162.0,54.41889953613281
8725,158.0,54.91374206542969
8726,144.0,54.57780456542969
8727,131.0,53.702545166015625
8728,118.0,51.58910369873047
8729,107.0,49.524017333984375
8730,96.0,46.750267028808594
8731,87.0,43.80994415283203
8732,72.0,40.222259521484375
8733,58.0,36.555198669433594
8734,45.0,32.02635192871094
8735,31.0,26.432035446166992
8736,18.0,14.825041770935059
8737,5.0,5.621824264526367
8738,1.0,2.1375513076782227
8739,0.0,0.9422607421875
8740,0.0,0.48024749755859375
8741,0.0,0.43122196197509766
8742,0.0,0.3926124572753906
8743,0.0,0.4022359848022461
8744,0.0,0.4144096374511719
8745,0.0,0.47864532470703125
8746,0.0,0.49149417877197266
8747,0.0,0.5043449401855469
8748,0.0,0.5024213790893555
8749,0.0,0.5157461166381836
8750,0.0,0.5079746246337891
8751,0.0,0.49562835693359375
8752,0.0,0.47811031341552734
8753,0.0,0.458038330078125
8754,0.0,0.4338712692260742
8755,0.0,0.4035978317260742
8756,0.0,0.37778377532958984
8757,0.0,0.33206939697265625
8758,0.0,0.30271148681640625
8759,0.0,0.26756858825683594
8760,0.0,0.24321651458740234
8761,0.0,0.18503093719482422
8762,0.0,0.1602334976196289
8763,0.0,0.12234306335449219
8764,0.0,0.0931386947631836
8765,0.0,-0.06533241271972656
8766,0.0,-0.043712615966796875
8767,0.0,-0.03925609588623047
8768,0.0,-0.020293235778808594
8769,0.0,0.010034561157226562
8770,0.0,-0.05050468444824219
8771,0.0,-0.10031318664550781
8772,0.0,-0.13029003143310547
8773,0.0,-0.1401386260986328
8774,0.0,-0.11317062377929688
8775,0.0,-0.08688926696777344
8776,0.0,-0.060341835021972656
8777,0.0,-0.03685474395751953
8778,0.0,-0.06613349914550781
8779,0.0,-0.07818031311035156
8780,0.0,-0.09433460235595703
8781,0.0,-0.10036182403564453
8782,0.0,-0.10022449493408203
8783,0.0,-0.1047677993774414
8784,0.0,-0.11403656005859375
8785,0.0,-0.11176109313964844
8786,0.0,-0.12280941009521484
8787,0.0,-0.1284961700439453
8788,0.0,-0.13797378540039062
8789,0.0,-0.1672515869140625
8790,0.0,-0.1870594024658203
8791,0.0,-0.19635295867919922
8792,0.0,-0.20024490356445312
8793,0.0,-0.23503684997558594
8794,0.0,-0.2910642623901367
8795,0.0,-0.3302803039550781
8796,0.0,-0.3556537628173828
8797,0.0,-0.41228771209716797
8798,0.0,-0.41750431060791016
8799,0.0,-0.00749969482421875
8800,0.0,1.5089998245239258
8801,0.0,7.534648895263672
8802,4.0,19.269622802734375
8803,9.0,34.10334014892578
8804,25.0,47.634544372558594
8805,36.0,58.632057189941406
8806,41.0,66.09040832519531
8807,46.0,70.9626693725586
8808,49.0,74.26834869384766
8809,54.0,77.06327819824219
8810,56.0,78.5380859375
8811,58.0,79.62808990478516
8812,59.0,80.90849304199219
8813,60.0,84.06470489501953
8814,62.0,88.46990966796875
8815,62.0,93.1522216796875
8816,63.0,96.29576873779297
8817,64.0,98.4212875366211
8818,65.0,100.11943054199219
8819,66.0,101.57978057861328
8820,65.0,102.03914642333984
8821,64.0,100.71796417236328
8822,61.0,96.62743377685547
8823,60.0,91.88593292236328
8824,57.0,85.05584716796875
8825,54.0,78.35356140136719
8826,51.0,70.80175018310547
8827,46.0,62.26819610595703
8828,42.0,53.132102966308594
8829,37.0,46.825897216796875
8830,30.0,40.779361724853516
8831,24.0,33.26764678955078
8832,16.0,24.814010620117188
8833,4.0,11.46664810180664
8834,1.0,3.7669620513916016
8835,0.0,1.3203153610229492
8836,0.0,0.4850788116455078
8837,0.0,0.3335580825805664
8838,0.0,0.2438335418701172
8839,0.0,0.23163414001464844
8840,0.0,0.232757568359375
8841,0.0,0.2841043472290039
8842,0.0,0.2909097671508789
8843,0.0,0.3067483901977539
8844,0.0,0.3129148483276367
8845,0.0,0.3356513977050781
8846,0.0,0.31860828399658203
8847,0.0,0.2997093200683594
8848,0.0,0.27069854736328125
8849,0.0,0.22936630249023438
8850,0.0,0.19510650634765625
8851,0.0,0.16675758361816406
8852,0.0,0.14195728302001953
8853,0.0,0.0896158218383789
8854,0.0,0.059073448181152344
8855,0.0,0.02698040008544922
8856,0.0,0.00208282470703125
8857,0.0,-0.06899833679199219
8858,0.0,-0.09159469604492188
8859,0.0,-0.120880126953125
8860,0.0,-0.1381216049194336
8861,0.0,-0.3689727783203125
8862,0.0,-0.3814067840576172
8863,0.0,-0.3452901840209961
8864,0.0,-0.3091850280761719
8865,0.0,-0.2739887237548828
8866,0.0,-0.25214385986328125
8867,0.0,-0.2301349639892578
8868,0.0,-0.21456050872802734
8869,0.0,-0.18080520629882812
8870,0.0,-0.15610694885253906
8871,0.0,-0.13511371612548828
8872,0.0,-0.1146697998046875
8873,0.0,-0.08028602600097656
8874,0.0,-0.07654285430908203
8875,0.0,-0.0744161605834961
8876,0.0,-0.08349037170410156
8877,0.0,-0.04707050323486328
8878,0.0,-0.04028797149658203
8879,0.0,-0.04029369354248047
8880,0.0,-0.05719947814941406
8881,0.0,-0.01758575439453125
8882,0.0,-0.015572547912597656
8883,0.0,-0.02767658233642578
8884,0.0,-0.06425857543945312
8885,0.0,-0.027838706970214844
8886,0.0,-0.02351856231689453
8887,0.0,-0.05427742004394531
8888,0.0,-0.12697124481201172
8889,0.0,-0.10779285430908203
8890,0.0,-0.10577392578125
8891,0.0,-0.18206405639648438
8892,0.0,-0.34203338623046875
8893,0.0,-0.28340816497802734
8894,0.0,0.22431659698486328
8895,0.0,1.9154224395751953
8896,0.0,4.891819477081299
8897,0.0,9.46548080444336
8898,8.0,15.220212936401367
8899,22.0,24.810482025146484
8900,38.0,36.633636474609375
8901,45.0,45.416473388671875
8902,50.0,50.842430114746094
8903,55.0,54.41883850097656
8904,60.0,56.989532470703125
8905,63.0,59.581398010253906
8906,66.0,62.15209197998047
8907,68.0,64.54772186279297
8908,69.0,66.98876190185547
8909,71.0,68.77399444580078
8910,71.0,69.849853515625
8911,71.0,70.40648651123047
8912,71.0,70.4996566772461
8913,70.0,70.11485290527344
8914,69.0,69.45350646972656
8915,69.0,68.6707992553711
8916,69.0,67.71346282958984
8917,68.0,66.17345428466797
8918,66.0,64.29891204833984
8919,65.0,62.340919494628906
8920,62.0,60.437225341796875
8921,60.0,57.81944274902344
8922,56.0,54.916526794433594
8923,52.0,51.82774353027344
8924,48.0,48.845298767089844
8925,43.0,45.39649200439453
8926,37.0,40.24934005737305
8927,30.0,31.83445930480957
8928,24.0,25.111740112304688
8929,14.0,11.373641014099121
8930,3.0,2.9592504501342773
8931,0.0,0.7344646453857422
8932,0.0,0.059166908264160156
8933,0.0,-0.06679058074951172
8934,0.0,-0.18801403045654297
8935,0.0,-0.2020730972290039
8936,0.0,-0.21539306640625
8937,0.0,-0.1742696762084961
8938,0.0,-0.20323562622070312
8939,0.0,-0.1791515350341797
8940,0.0,-0.17569446563720703
8941,0.0,-0.1720123291015625
8942,0.0,-0.18293380737304688
8943,0.0,-0.1616811752319336
8944,0.0,-0.15709304809570312
8945,0.0,-0.17310047149658203
8946,0.0,-0.1695232391357422
8947,0.0,-0.16093063354492188
8948,0.0,-0.16006946563720703
8949,0.0,-0.19443988800048828
8950,0.0,-0.18448734283447266
8951,0.0,-0.18902111053466797
8952,0.0,-0.19190216064453125
8953,0.0,-0.23877239227294922
8954,0.0,-0.21158885955810547
8955,0.0,-0.2214212417602539
8956,0.0,-0.2227497100830078
8957,0.0,-0.29561519622802734
8958,0.0,-0.3555488586425781
8959,0.0,-0.3740043640136719
8960,0.0,-0.34908580780029297
8961,0.0,-0.3225975036621094
8962,0.0,-0.30382728576660156
8963,0.0,-0.30402565002441406
8964,0.0,-0.30521106719970703
8965,0.0,-0.2979393005371094
8966,0.0,-0.2867546081542969
8967,0.0,-0.28591442108154297
8968,0.0,-0.2770195007324219
8969,0.0,-0.2776203155517578
8970,0.0,-0.26682186126708984
8971,0.0,-0.2642097473144531
8972,0.0,-0.2597179412841797
8973,0.0,-0.2526092529296875
8974,0.0,-0.22910308837890625
8975,0.0,-0.21068859100341797
8976,0.0,-0.19725704193115234
8977,0.0,-0.1546182632446289
8978,0.0,-0.06515789031982422
8979,0.0,-0.0018720626831054688
8980,0.0,0.0067882537841796875
8981,0.0,0.12688541412353516
8982,0.0,0.07909965515136719
8983,0.0,-0.1788349151611328
8984,0.0,-0.6227293014526367
8985,0.0,-0.9348363876342773
8986,0.0,-1.1691761016845703
8987,0.0,-1.4573287963867188
8988,0.0,-1.803236961364746
8989,0.0,-2.085254669189453
8990,0.0,-2.303297996520996
8991,0.0,-1.8874149322509766
8992,0.0,-0.43512916564941406
8993,4.0,5.655032634735107
8994,16.0,19.787513732910156
8995,35.0,42.34375762939453
8996,55.0,62.51781463623047
8997,70.0,75.38916778564453
8998,84.0,82.1812973022461
8999,89.0,85.78382873535156
9000,93.0,87.36134338378906
9001,93.0,88.39378356933594
9002,92.0,89.68291473388672
9003,100.0,91.56472778320312
9004,144.0,94.80215454101562
9005,137.0,97.56267547607422
9006,126.0,99.56549835205078
9007,124.0,100.88734436035156
9008,103.0,101.61830139160156
9009,106.0,102.24485778808594
9010,98.0,101.99046325683594
9011,101.0,101.11482238769531
9012,118.0,99.04299926757812
9013,113.0,96.25164794921875
9014,130.0,91.94174194335938
9015,145.0,87.0271987915039
9016,133.0,81.99972534179688
9017,107.0,77.83676147460938
9018,82.0,73.39244079589844
9019,78.0,67.7879638671875
9020,69.0,59.21416473388672
9021,64.0,49.69481658935547
9022,55.0,37.25612258911133
9023,49.0,28.264263153076172
9024,34.0,14.871768951416016
9025,17.0,5.509524345397949
9026,1.0,1.8563833236694336
9027,0.0,0.6538581848144531
9028,0.0,0.2373523712158203
9029,0.0,0.27942657470703125
9030,0.0,0.23493385314941406
9031,0.0,0.2940521240234375
9032,0.0,0.3216390609741211
9033,0.0,0.3994722366333008
9034,0.0,0.4082908630371094
9035,0.0,0.4504432678222656
9036,0.0,0.4716768264770508
9037,0.0,0.5217304229736328
9038,0.0,0.5280342102050781
9039,0.0,0.5535707473754883
9040,0.0,0.5561771392822266
9041,0.0,0.5392589569091797
9042,0.0,0.5439682006835938
9043,0.0,0.5518207550048828
9044,0.0,0.5537576675415039
9045,0.0,0.5126476287841797
9046,0.0,0.5143203735351562
9047,0.0,0.5103311538696289
9048,0.0,0.5062494277954102
9049,0.0,0.4301929473876953
9050,0.0,0.4120454788208008
9051,0.0,0.3492851257324219
9052,0.0,0.3081645965576172
9053,0.0,0.013234138488769531
9054,0.0,0.1154775619506836
9055,0.0,0.01758289337158203
9056,0.0,0.01990032196044922
9057,0.0,-0.001392364501953125
9058,0.0,-0.03983497619628906
9059,0.0,-0.07340717315673828
9060,0.0,-0.08492851257324219
9061,0.0,-0.13253402709960938
9062,0.0,-0.1620922088623047
9063,0.0,-0.18764972686767578
9064,0.0,-0.18305301666259766
9065,0.0,-0.23141098022460938
9066,0.0,-0.25260162353515625
9067,0.0,-0.27715301513671875
9068,0.0,-0.2929086685180664
9069,0.0,-0.38297080993652344
9070,0.0,-0.44507789611816406
9071,0.0,-0.5044574737548828
9072,0.0,-0.5632209777832031
9073,0.0,-0.7444791793823242
9074,0.0,-0.8727626800537109
9075,0.0,-0.990199089050293
9076,0.0,-1.1066780090332031
9077,0.0,-1.3598699569702148
9078,0.0,-1.4954805374145508
9079,0.0,-1.612227439880371
9080,0.0,-1.7304096221923828
9081,0.0,-1.9640493392944336
9082,0.0,-2.005690574645996
9083,0.0,-2.0442075729370117
9084,0.0,-2.0351333618164062
9085,0.0,-2.043027877807617
9086,0.0,-1.8063373565673828
9087,0.0,-1.2019481658935547
9088,0.0,-0.2450723648071289
9089,1.0,1.323521614074707
9090,4.0,4.023801326751709
9091,17.0,9.251108169555664
9092,45.0,20.9942626953125
9093,61.0,39.486289978027344
9094,76.0,57.48778533935547
9095,94.0,71.21981811523438
9096,114.0,80.66069030761719
9097,126.0,85.71671295166016
9098,133.0,87.66682434082031
9099,144.0,91.99177551269531
9100,147.0,96.23468017578125
9101,152.0,99.130126953125
9102,163.0,99.87210845947266
9103,171.0,100.93599700927734
9104,164.0,100.75028228759766
9105,160.0,98.70633697509766
9106,164.0,95.08059692382812
9107,166.0,91.70049285888672
9108,159.0,88.59107971191406
9109,158.0,87.39189910888672
9110,152.0,85.91083526611328
9111,143.0,83.9690933227539
9112,132.0,80.74674224853516
9113,124.0,76.87220001220703
9114,112.0,70.36609649658203
9115,98.0,63.392555236816406
9116,87.0,54.93170166015625
9117,81.0,47.038185119628906
9118,69.0,38.03343200683594
9119,55.0,28.492341995239258
9120,39.0,11.741722106933594
9121,22.0,4.2606611251831055
9122,4.0,1.5258846282958984
9123,1.0,0.5142374038696289
9124,0.0,0.11123180389404297
9125,0.0,0.1125030517578125
9126,0.0,0.0740346908569336
9127,0.0,0.1035470962524414
9128,0.0,0.12990283966064453
9129,0.0,0.22095108032226562
9130,0.0,0.243560791015625
9131,0.0,0.29614925384521484
9132,0.0,0.3225870132446289
9133,0.0,0.361602783203125
9134,0.0,0.37540531158447266
9135,0.0,0.40302562713623047
9136,0.0,0.4181699752807617
9137,0.0,0.42252159118652344
9138,0.0,0.43072509765625
9139,0.0,0.4299163818359375
9140,0.0,0.42667388916015625
9141,0.0,0.37589454650878906
9142,0.0,0.3819446563720703
9143,0.0,0.36251258850097656
9144,0.0,0.3581047058105469
9145,0.0,0.2816429138183594
9146,0.0,0.31003665924072266
9147,0.0,0.3017463684082031
9148,0.0,0.32402706146240234
9149,0.0,-0.1757354736328125
9150,0.0,-0.23595237731933594
9151,0.0,-0.32175159454345703
9152,0.0,-0.3206672668457031
9153,0.0,-0.3392601013183594
9154,0.0,-0.34569644927978516
9155,0.0,-0.35437965393066406
9156,0.0,-0.3587188720703125
9157,0.0,-0.37688732147216797
9158,0.0,-0.37707042694091797
9159,0.0,-0.3894472122192383
9160,0.0,-0.38547611236572266
9161,0.0,-0.41692066192626953
9162,0.0,-0.44298267364501953
9163,0.0,-0.4700965881347656
9164,0.0,-0.5022153854370117
9165,0.0,-0.5552749633789062
9166,0.0,-0.6416196823120117
9167,0.0,-0.840968132019043
9168,0.0,-1.0823163986206055
9169,0.0,-1.4980287551879883
9170,0.0,-1.740910530090332
9171,0.0,-1.9770746231079102
9172,0.0,-2.19854736328125
9173,0.0,-2.6199254989624023
9174,0.0,-2.685728073120117
9175,0.0,-2.6893720626831055
9176,0.0,-2.5745277404785156
9177,0.0,-2.5280628204345703
9178,0.0,-2.333014488220215
9179,0.0,-2.2834129333496094
9180,0.0,-2.299234390258789
9181,0.0,-2.495476722717285
9182,0.0,-2.5008459091186523
9183,0.0,-1.441823959350586
9184,5.0,0.3364906311035156
9185,9.0,4.249271392822266
9186,38.0,11.886295318603516
9187,55.0,25.952709197998047
9188,75.0,43.09347152709961
9189,88.0,60.300498962402344
9190,99.0,76.72401428222656
9191,111.0,90.02208709716797
9192,116.0,100.16233825683594
9193,116.0,106.97628784179688
9194,113.0,110.2607192993164
9195,111.0,109.54237365722656
9196,108.0,109.06137084960938
9197,104.0,108.98851013183594
9198,106.0,109.70247650146484
9199,108.0,110.64741516113281
9200,111.0,109.39282989501953
9201,116.0,105.90325164794922
9202,125.0,98.95840454101562
9203,142.0,88.9025650024414
9204,157.0,77.71488952636719
9205,155.0,64.84861755371094
9206,162.0,55.34162902832031
9207,164.0,52.529754638671875
9208,156.0,50.62872314453125
9209,143.0,49.00306701660156
9210,139.0,47.17359924316406
9211,127.0,45.30231475830078
9212,123.0,42.49702453613281
9213,103.0,39.198238372802734
9214,80.0,33.33354187011719
9215,60.0,27.21719741821289
9216,37.0,13.17119312286377
9217,28.0,5.408378601074219
9218,10.0,1.8124418258666992
9219,2.0,0.5576820373535156
9220,0.0,0.19001007080078125
9221,0.0,0.19890975952148438
9222,0.0,0.14622783660888672
9223,0.0,0.16269683837890625
9224,0.0,0.1578378677368164
9225,0.0,0.23335933685302734
9226,0.0,0.25086212158203125
9227,0.0,0.26499271392822266
9228,0.0,0.2584514617919922
9229,0.0,0.3051109313964844
9230,0.0,0.4313020706176758
9231,0.0,0.5755586624145508
9232,0.0,0.6750011444091797
9233,0.0,0.7769870758056641
9234,0.0,0.7830696105957031
9235,0.0,0.7690038681030273
9236,0.0,0.7385625839233398
9237,0.0,0.7191534042358398
9238,0.0,0.7746286392211914
9239,0.0,0.7942867279052734
9240,0.0,0.7578601837158203
9241,0.0,0.6734733581542969
9242,0.0,0.5164108276367188
9243,0.0,0.31575775146484375
9244,0.0,0.10938835144042969
9245,0.0,-0.2056446075439453
9246,0.0,-0.2947120666503906
9247,0.0,-0.3708000183105469
9248,0.0,-0.4425315856933594
9249,0.0,-0.5420923233032227
9250,0.0,-0.5883464813232422
9251,0.0,-0.6027622222900391
9252,0.0,-0.5806179046630859
9253,0.0,-0.5356340408325195
9254,0.0,-0.5000085830688477
9255,0.0,-0.4960498809814453
9256,0.0,-0.4889822006225586
9257,0.0,-0.43917083740234375
9258,0.0,-0.4265565872192383
9259,0.0,-0.4470701217651367
9260,0.0,-0.4816446304321289
9261,0.0,-0.46518707275390625
9262,0.0,-0.4007558822631836
9263,0.0,-0.36060619354248047
9264,0.0,-0.3158559799194336
9265,0.0,-0.2210693359375
9266,0.0,-0.10480022430419922
9267,0.0,-0.03547859191894531
9268,0.0,0.015599250793457031
9269,0.0,0.08054447174072266
9270,0.0,0.15392494201660156
9271,0.0,0.2155303955078125
9272,0.0,0.266357421875
9273,0.0,0.32834529876708984
9274,0.0,0.4338197708129883
9275,0.0,0.5103425979614258
9276,0.0,0.40622806549072266
9277,0.0,0.37838172912597656
9278,0.0,0.5594320297241211
9279,0.0,1.1158342361450195
9280,2.0,1.9948196411132812
9281,2.0,3.246551513671875
9282,9.0,4.389684200286865
9283,9.0,5.47987699508667
9284,8.0,15.147808074951172
9285,18.0,29.17476463317871
9286,22.0,38.33698654174805
9287,35.0,43.93017578125
9288,41.0,49.33374786376953
9289,35.0,56.326881408691406
9290,28.0,61.075225830078125
9291,11.0,65.42505645751953
9292,56.0,69.43563079833984
9293,43.0,71.21747589111328
9294,43.0,72.21284484863281
9295,46.0,68.67809295654297
9296,58.0,58.17066192626953
9297,61.0,47.27494812011719
9298,55.0,43.232139587402344
9299,51.0,38.89122772216797
9300,61.0,44.09050750732422
9301,67.0,44.75410461425781
9302,34.0,45.468910217285156
9303,43.0,47.17430114746094
9304,69.0,47.00398254394531
9305,81.0,45.80622100830078
9306,69.0,41.21418762207031
9307,62.0,37.8831787109375
9308,102.0,31.12240219116211
9309,49.0,25.891700744628906
9310,16.0,20.853181838989258
9311,21.0,16.268587112426758
9312,2.0,11.297335624694824
9313,2.0,9.121095657348633
9314,3.0,6.024332046508789
9315,1.0,3.7295498847961426
9316,0.0,2.29135799407959
9317,0.0,1.8250246047973633
9318,0.0,1.636728286743164
9319,0.0,1.5608549118041992
9320,0.0,1.4035606384277344
9321,0.0,1.0915145874023438
9322,0.0,0.6498870849609375
9323,0.0,0.5005283355712891
9324,0.0,0.4136085510253906
9325,0.0,0.43906593322753906
9326,0.0,0.4328441619873047
9327,0.0,0.505244255065918
9328,0.0,0.6011257171630859
9329,0.0,0.7445268630981445
9330,0.0,0.9616174697875977
9331,0.0,1.3291902542114258
9332,0.0,1.6395235061645508
9333,0.0,1.8643207550048828
9334,0.0,1.9049272537231445
9335,0.0,1.780777931213379
9336,0.0,1.5425920486450195
9337,0.0,1.2167682647705078
9338,0.0,0.9576787948608398
9339,0.0,0.7293281555175781
9340,0.0,0.5658340454101562
9341,0.0,0.09009647369384766
9342,0.0,0.007401466369628906
9343,0.0,-0.2684497833251953
9344,0.0,-0.34697723388671875
9345,0.0,-0.4205141067504883
9346,0.0,-0.4786844253540039
9347,0.0,-0.4554014205932617
9348,0.0,-0.3133697509765625
9349,0.0,-0.2146148681640625
9350,0.0,-0.17964649200439453
9351,0.0,-0.21211528778076172
9352,0.0,-0.24039459228515625
9353,0.0,-0.3004140853881836
9354,0.0,-0.31635570526123047
9355,0.0,-0.27673912048339844
9356,0.0,-0.22866439819335938
9357,0.0,-0.15247249603271484
9358,0.0,-0.05807781219482422
9359,0.0,0.03314781188964844
9360,0.0,0.11705970764160156
9361,0.0,0.21688079833984375
9362,0.0,0.18709564208984375
9363,0.0,0.06001472473144531
9364,0.0,-0.05807971954345703
9365,0.0,-0.16678524017333984
9366,0.0,-0.27991485595703125
9367,0.0,-0.30013465881347656
9368,0.0,-0.29846954345703125
9369,0.0,-0.33514976501464844
9370,0.0,-0.3670482635498047
9371,0.0,-0.44045543670654297
9372,0.0,-0.5221538543701172
9373,0.0,-0.5422506332397461
9374,0.0,-0.1381673812866211
9375,0.0,1.0328989028930664
9376,0.0,3.2616729736328125
9377,0.0,9.33863639831543
9378,4.0,18.46202278137207
9379,9.0,26.903717041015625
9380,32.0,35.139686584472656
9381,41.0,44.912811279296875
9382,45.0,55.04719543457031
9383,50.0,66.21053314208984
9384,54.0,77.68313598632812
9385,57.0,89.15847778320312
9386,52.0,99.08653259277344
9387,65.0,108.40787506103516
9388,75.0,112.71173095703125
9389,86.0,112.0313720703125
9390,154.0,111.1490249633789
9391,186.0,111.12252044677734
9392,173.0,112.38065338134766
9393,169.0,116.65494537353516
9394,157.0,119.04956817626953
9395,167.0,118.2021484375
9396,166.0,114.30621337890625
9397,151.0,109.47148132324219
9398,126.0,103.14983367919922
9399,153.0,96.55549621582031
9400,136.0,90.10697937011719
9401,150.0,85.35086059570312
9402,141.0,79.2967300415039
9403,104.0,71.03695678710938
9404,89.0,60.752105712890625
9405,68.0,47.84727478027344
9406,59.0,34.30547332763672
9407,42.0,26.367517471313477
9408,10.0,19.01951026916504
9409,1.0,7.132818222045898
9410,0.0,1.5700340270996094
9411,0.0,0.3523740768432617
9412,0.0,0.04576396942138672
9413,0.0,0.00705718994140625
9414,0.0,-0.02532958984375
9415,0.0,-0.04361248016357422
9416,0.0,-0.057643890380859375
9417,0.0,-0.05879402160644531
9418,0.0,-0.06448173522949219
9419,0.0,-0.06529521942138672
9420,0.0,-0.066925048828125
9421,0.0,-0.07245254516601562
9422,0.0,-0.08114910125732422
9423,0.0,-0.07798004150390625
9424,0.0,-0.07235527038574219
9425,0.0,-0.07412528991699219
9426,0.0,-0.06939029693603516
9427,0.0,-0.05819129943847656
9428,0.0,-0.05512523651123047
9429,0.0,-0.0714559555053711
9430,0.0,-0.06506824493408203
9431,0.0,-0.058974266052246094
9432,0.0,-0.034865379333496094
9433,0.0,-0.02759075164794922
9434,0.0,-0.041878700256347656
9435,0.0,-0.03493309020996094
9436,0.0,-0.04294395446777344
9437,0.0,-0.18166637420654297
9438,0.0,-0.22517967224121094
9439,0.0,-0.22689247131347656
9440,0.0,-0.23904800415039062
9441,0.0,-0.25356197357177734
9442,0.0,-0.2721090316772461
9443,0.0,-0.26500797271728516
9444,0.0,-0.2812833786010742
9445,0.0,-0.30124568939208984
9446,0.0,-0.2933483123779297
9447,0.0,-0.3046846389770508
9448,0.0,-0.30004215240478516
9449,0.0,-0.3251523971557617
9450,0.0,-0.3282155990600586
9451,0.0,-0.3568849563598633
9452,0.0,-0.3622159957885742
9453,0.0,-0.3820619583129883
9454,0.0,-0.36240386962890625
9455,0.0,-0.34707164764404297
9456,0.0,-0.33269691467285156
9457,0.0,-0.31573963165283203
9458,0.0,-0.30625152587890625
9459,0.0,-0.3070487976074219
9460,0.0,-0.2998208999633789
9461,0.0,-0.2378864288330078
9462,0.0,-0.18021011352539062
9463,0.0,-0.14042091369628906
9464,0.0,-0.10385990142822266
9465,0.0,-0.03352546691894531
9466,0.0,-0.0017385482788085938
9467,0.0,0.01983356475830078
9468,0.0,0.029709815979003906
9469,0.0,0.19774246215820312
9470,0.0,0.6272611618041992
9471,0.0,1.3014335632324219
9472,0.0,2.176539421081543
9473,0.0,3.2638463973999023
9474,0.0,4.873091220855713
9475,1.0,8.14681625366211
9476,3.0,13.945606231689453
9477,4.0,23.96172332763672
9478,4.0,47.634986877441406
9479,3.0,62.7122802734375
9480,3.0,66.45787048339844
9481,10.0,70.14004516601562
9482,23.0,75.99128723144531
9483,21.0,83.89937591552734
9484,45.0,93.33318328857422
9485,42.0,103.25836181640625
9486,65.0,111.64176177978516
9487,68.0,118.49661254882812
9488,73.0,124.24742126464844
9489,97.0,130.2264404296875
9490,135.0,134.82366943359375
9491,95.0,137.5130615234375
9492,82.0,137.83956909179688
9493,130.0,137.27606201171875
9494,63.0,133.78688049316406
9495,48.0,128.07701110839844
9496,40.0,119.4911880493164
9497,43.0,108.20806121826172
9498,48.0,97.46867370605469
9499,37.0,89.43175506591797
9500,33.0,82.34027099609375
9501,28.0,73.3028793334961
9502,24.0,55.11643981933594
9503,23.0,39.265296936035156
9504,18.0,31.254568099975586
9505,18.0,19.792980194091797
9506,3.0,4.640614986419678
9507,1.0,1.030686378479004
9508,0.0,0.28930091857910156
9509,0.0,0.12772846221923828
9510,0.0,0.06261730194091797
9511,0.0,0.046042442321777344
9512,0.0,0.043369293212890625
9513,0.0,0.03147315979003906
9514,0.0,0.014841079711914062
9515,0.0,0.004052162170410156
9516,0.0,0.0007801055908203125
9517,0.0,-0.009469985961914062
9518,0.0,-0.017907142639160156
9519,0.0,-0.04378700256347656
9520,0.0,-0.09468269348144531
9521,0.0,-0.15013694763183594
9522,0.0,-0.15755653381347656
9523,0.0,-0.1623382568359375
9524,0.0,-0.1683483123779297
9525,0.0,-0.1850299835205078
9526,0.0,-0.19410228729248047
9527,0.0,-0.19765281677246094
9528,0.0,-0.2000885009765625
9529,0.0,-0.21792888641357422
9530,0.0,-0.2138833999633789
9531,0.0,-0.19758224487304688
9532,0.0,-0.17519474029541016
9533,0.0,-0.23543643951416016
9534,0.0,-0.23758506774902344
9535,0.0,-0.24912166595458984
9536,0.0,-0.23569011688232422
9537,0.0,-0.25273895263671875
9538,0.0,-0.22000598907470703
9539,0.0,-0.1980886459350586
9540,0.0,-0.16280460357666016
9541,0.0,-0.1779766082763672
9542,0.0,-0.210540771484375
9543,0.0,-0.26883792877197266
9544,0.0,-0.28643035888671875
9545,0.0,-0.30425357818603516
9546,0.0,-0.28926563262939453
9547,0.0,-0.28151416778564453
9548,0.0,-0.2818899154663086
9549,0.0,-0.2851381301879883
9550,0.0,-0.2839336395263672
9551,0.0,-0.28226375579833984
9552,0.0,-0.22280216217041016
9553,0.0,-0.10751724243164062
9554,0.0,-0.07153987884521484
9555,0.0,-0.043720245361328125
9556,0.0,-0.0211181640625
9557,0.0,0.0786142349243164
9558,0.0,0.17089080810546875
9559,0.0,0.2532920837402344
9560,0.0,0.31165599822998047
9561,0.0,0.4381141662597656
9562,0.0,0.5262537002563477
9563,0.0,0.6003427505493164
9564,0.0,0.6553516387939453
9565,0.0,0.9937467575073242
9566,0.0,1.6742916107177734
9567,0.0,2.8040895462036133
9568,0.0,4.21570348739624
9569,0.0,5.8545918464660645
9570,0.0,8.298002243041992
9571,1.0,15.375903129577637
9572,18.0,28.465688705444336
9573,28.0,39.28014373779297
9574,45.0,49.80162811279297
9575,47.0,61.72203063964844
9576,84.0,76.10977172851562
9577,93.0,88.38859558105469
9578,84.0,101.47087097167969
9579,106.0,113.99712371826172
9580,126.0,121.28622436523438
9581,157.0,124.70198822021484
9582,171.0,125.65335083007812
9583,160.0,127.56275177001953
9584,171.0,129.4625244140625
9585,149.0,127.70870971679688
9586,146.0,127.55706024169922
9587,100.0,131.03562927246094
9588,78.0,137.43165588378906
9589,82.0,144.47421264648438
9590,113.0,149.1893768310547
9591,116.0,146.70323181152344
9592,62.0,132.81011962890625
9593,34.0,117.54765319824219
9594,47.0,104.79835510253906
9595,49.0,93.40357208251953
9596,60.0,84.37922668457031
9597,35.0,77.93045806884766
9598,50.0,67.1236801147461
9599,83.0,47.817726135253906
9600,36.0,31.848323822021484
9601,5.0,23.264057159423828
9602,1.0,7.137328624725342
9603,0.0,0.9241065979003906
9604,0.0,-0.11537361145019531
9605,0.0,-0.11144256591796875
9606,0.0,-0.0784749984741211
9607,0.0,0.047855377197265625
9608,0.0,0.11977195739746094
9609,0.0,0.25319480895996094
9610,0.0,0.24585723876953125
9611,0.0,0.31976890563964844
9612,0.0,0.3381824493408203
9613,0.0,0.37267112731933594
9614,0.0,0.39697837829589844
9615,0.0,0.4291706085205078
9616,0.0,0.43357372283935547
9617,0.0,0.4480619430541992
9618,0.0,0.3820486068725586
9619,0.0,0.29268646240234375
9620,0.0,0.1619873046875
9621,0.0,0.017457008361816406
9622,0.0,-0.07630443572998047
9623,0.0,-0.14866352081298828
9624,0.0,-0.20494842529296875
9625,0.0,-0.27164363861083984
9626,0.0,-0.30542755126953125
9627,0.0,-0.3157510757446289
9628,0.0,-0.3174018859863281
9629,0.0,-0.27141857147216797
9630,0.0,-0.2923851013183594
9631,0.0,-0.34185028076171875
9632,0.0,-0.4002857208251953
9633,0.0,-0.45018863677978516
9634,0.0,-0.4520711898803711
9635,0.0,-0.4479246139526367
9636,0.0,-0.44581031799316406
9637,0.0,-0.45110416412353516
9638,0.0,-0.44708824157714844
9639,0.0,-0.45109081268310547
9640,0.0,-0.4529275894165039
9641,0.0,-0.4514636993408203
9642,0.0,-0.4678993225097656
9643,0.0,-0.5009355545043945
9644,0.0,-0.5389919281005859
9645,0.0,-0.5392999649047852
9646,0.0,-0.46071434020996094
9647,0.0,-0.4082765579223633
9648,0.0,-0.35416126251220703
9649,0.0,-0.27638912200927734
9650,0.0,-0.23042774200439453
9651,0.0,-0.18761062622070312
9652,0.0,-0.1314249038696289
9653,0.0,0.010442733764648438
9654,0.0,0.0645742416381836
9655,0.0,0.07558917999267578
9656,0.0,0.07395267486572266
9657,0.0,0.10883045196533203
9658,0.0,0.09315776824951172
9659,0.0,0.07686424255371094
9660,0.0,0.054351806640625
9661,0.0,0.1741790771484375
9662,0.0,0.5155248641967773
9663,0.0,1.0164623260498047
9664,0.0,1.610696792602539
9665,0.0,2.4003515243530273
9666,0.0,3.8465757369995117
9667,3.0,6.735342979431152
9668,5.0,9.938969612121582
9669,15.0,15.227102279663086
9670,20.0,28.273784637451172
9671,25.0,43.675254821777344
9672,47.0,49.03601837158203
9673,87.0,55.87599182128906
9674,99.0,62.56123352050781
9675,103.0,65.70801544189453
9676,135.0,68.04296875
9677,116.0,69.5997085571289
9678,111.0,75.32221984863281
9679,110.0,92.37108612060547
9680,92.0,118.84618377685547
9681,66.0,140.82638549804688
9682,44.0,150.2644805908203
9683,59.0,151.71676635742188
9684,68.0,148.346435546875
9685,63.0,143.78485107421875
9686,36.0,130.4161834716797
9687,57.0,115.52864837646484
9688,85.0,100.56266784667969
9689,67.0,87.89703369140625
9690,41.0,78.31965637207031
9691,51.0,68.95938873291016
9692,121.0,59.07063293457031
9693,79.0,48.866241455078125
9694,83.0,38.29490661621094
9695,52.0,28.77225685119629
9696,25.0,20.62641143798828
9697,13.0,7.841263771057129
9698,3.0,2.1996116638183594
9699,0.0,0.6597957611083984
9700,0.0,0.09175586700439453
9701,0.0,-0.05261516571044922
9702,0.0,-0.1372661590576172
9703,0.0,-0.17924976348876953
9704,0.0,-0.20488739013671875
9705,0.0,-0.21566104888916016
9706,0.0,-0.21540164947509766
9707,0.0,-0.23373794555664062
9708,0.0,-0.24085712432861328
9709,0.0,-0.2349224090576172
9710,0.0,-0.24660396575927734
9711,0.0,-0.2385883331298828
9712,0.0,-0.238861083984375
9713,0.0,-0.23290538787841797
9714,0.0,-0.2329854965209961
9715,0.0,-0.23183536529541016
9716,0.0,-0.22826576232910156
9717,0.0,-0.22793292999267578
9718,0.0,-0.22876930236816406
9719,0.0,-0.21357250213623047
9720,0.0,-0.20429611206054688
9721,0.0,-0.20262622833251953
9722,0.0,-0.16714096069335938
9723,0.0,-0.14214420318603516
9724,0.0,-0.12024879455566406
9725,0.0,-0.22964954376220703
9726,0.0,-0.24143505096435547
9727,0.0,-0.30921363830566406
9728,0.0,-0.33092403411865234
9729,0.0,-0.37610816955566406
9730,0.0,-0.38671875
9731,0.0,-0.4192237854003906
9732,0.0,-0.4538602828979492
9733,0.0,-0.5285425186157227
9734,0.0,-0.6139259338378906
9735,0.0,-0.7341070175170898
9736,0.0,-0.8290271759033203
9737,0.0,-0.8201866149902344
9738,0.0,-0.7263107299804688
9739,0.0,-0.6332683563232422
9740,0.0,-0.5534372329711914
9741,0.0,-0.4058523178100586
9742,0.0,-0.24451541900634766
9743,0.0,-0.11792850494384766
9744,0.0,-0.016615867614746094
9745,0.0,0.18570899963378906
9746,0.0,0.34911537170410156
9747,0.0,0.45813465118408203
9748,0.0,0.5053091049194336
9749,0.0,0.6458015441894531
9750,0.0,0.6492147445678711
9751,0.0,0.5718221664428711
9752,0.0,0.4480400085449219
9753,0.0,0.42394161224365234
9754,0.0,0.41392993927001953
9755,0.0,0.4219799041748047
9756,0.0,0.4553108215332031
9757,0.0,0.7669668197631836
9758,0.0,1.2456274032592773
9759,0.0,2.0413684844970703
9760,0.0,3.234434127807617
9761,0.0,4.704831123352051
9762,0.0,5.941115856170654
9763,19.0,7.7278151512146
9764,63.0,12.871617317199707
9765,58.0,26.372406005859375
9766,45.0,37.653785705566406
9767,45.0,43.621788024902344
9768,66.0,49.467979431152344
9769,57.0,55.38197326660156
9770,38.0,60.950775146484375
9771,41.0,65.54364013671875
9772,28.0,62.71263122558594
9773,29.0,57.76111602783203
9774,29.0,54.5867919921875
9775,21.0,54.050987243652344
9776,9.0,55.42961120605469
9777,38.0,57.71728515625
9778,43.0,57.667152404785156
9779,23.0,55.99427032470703
9780,35.0,55.04913330078125
9781,47.0,55.240379333496094
9782,49.0,54.446746826171875
9783,57.0,51.890785217285156
9784,98.0,46.698570251464844
9785,75.0,39.873565673828125
9786,58.0,34.3333854675293
9787,51.0,29.858606338500977
9788,93.0,26.036640167236328
9789,23.0,23.32848358154297
9790,53.0,21.521827697753906
9791,23.0,20.65047836303711
9792,33.0,20.04991912841797
9793,0.0,9.956490516662598
9794,0.0,1.7291555404663086
9795,0.0,0.7130155563354492
9796,0.0,0.5010986328125
9797,0.0,0.5075807571411133
9798,0.0,0.5200290679931641
9799,0.0,0.6144266128540039
9800,0.0,0.7406740188598633
9801,0.0,0.8796882629394531
9802,0.0,0.816533088684082
9803,0.0,0.7734041213989258
9804,0.0,0.6776676177978516
9805,0.0,0.5788984298706055
9806,0.0,0.5027675628662109
9807,0.0,0.43329429626464844
9808,0.0,0.3694124221801758
9809,0.0,0.3141765594482422
9810,0.0,0.27868175506591797
9811,0.0,0.25354766845703125
9812,0.0,0.22417545318603516
9813,0.0,0.18267536163330078
9814,0.0,0.14556598663330078
9815,0.0,0.11478900909423828
9816,0.0,0.09095478057861328
9817,0.0,0.06500434875488281
9818,0.0,0.047336578369140625
9819,0.0,0.028923988342285156
9820,0.0,0.007935523986816406
9821,0.0,-0.1403970718383789
9822,0.0,-0.24909114837646484
9823,0.0,-0.3710803985595703
9824,0.0,-0.47017478942871094
9825,0.0,-0.5899419784545898
9826,0.0,-0.5858058929443359
9827,0.0,-0.5851860046386719
9828,0.0,-0.5686025619506836
9829,0.0,-0.5504999160766602
9830,0.0,-0.4431619644165039
9831,0.0,-0.35396575927734375
9832,0.0,-0.30609893798828125
9833,0.0,-0.2679433822631836
9834,0.0,-0.2703390121459961
9835,0.0,-0.29844093322753906
9836,0.0,-0.3088531494140625
9837,0.0,-0.32897377014160156
9838,0.0,-0.37519264221191406
9839,0.0,-0.4400186538696289
9840,0.0,-0.4611225128173828
9841,0.0,-0.4374685287475586
9842,0.0,-0.29973697662353516
9843,0.0,-0.2085399627685547
9844,0.0,-0.15699100494384766
9845,0.0,-0.10464096069335938
9846,0.0,-0.1119527816772461
9847,0.0,-0.13915729522705078
9848,0.0,-0.1637258529663086
9849,0.0,-0.19821548461914062
9850,0.0,-0.28278446197509766
9851,0.0,-0.41034889221191406
9852,0.0,-0.375396728515625
9853,0.0,0.48416996002197266
9854,0.0,2.734018325805664
9855,0.0,5.763561725616455
9856,0.0,9.64120864868164
9857,4.0,15.65210247039795
9858,17.0,26.814571380615234
9859,39.0,42.06122589111328
9860,42.0,54.93995666503906
9861,50.0,64.32670593261719
9862,54.0,71.71200561523438
9863,105.0,79.0948486328125
9864,81.0,94.88453674316406
9865,129.0,121.65010833740234
9866,101.0,136.32247924804688
9867,127.0,138.30718994140625
9868,182.0,137.2106475830078
9869,185.0,134.69544982910156
9870,134.0,132.5070037841797
9871,135.0,131.63621520996094
9872,145.0,132.3386688232422
9873,162.0,134.63818359375
9874,151.0,136.7059326171875
9875,174.0,138.78091430664062
9876,177.0,140.67506408691406
9877,183.0,143.21871948242188
9878,183.0,141.44546508789062
9879,166.0,133.01194763183594
9880,151.0,121.56734466552734
9881,133.0,111.2464599609375
9882,109.0,101.5528335571289
9883,69.0,94.89260864257812
9884,53.0,89.70387268066406
9885,49.0,84.21006774902344
9886,51.0,76.3313980102539
9887,42.0,63.52801513671875
9888,35.0,44.66173553466797
9889,33.0,29.643688201904297
9890,17.0,13.581677436828613
9891,1.0,2.3366994857788086
9892,0.0,0.37088966369628906
9893,0.0,0.17542457580566406
9894,0.0,0.0045070648193359375
9895,0.0,-0.02706146240234375
9896,0.0,-0.040511131286621094
9897,0.0,0.039257049560546875
9898,0.0,0.038680076599121094
9899,0.0,0.06469058990478516
9900,0.0,0.0751953125
9901,0.0,0.10471725463867188
9902,0.0,0.099761962890625
9903,0.0,0.13093948364257812
9904,0.0,0.14725971221923828
9905,0.0,0.15501022338867188
9906,0.0,0.22472381591796875
9907,0.0,0.5142087936401367
9908,0.0,0.7862129211425781
9909,0.0,0.9947032928466797
9910,0.0,0.9926013946533203
9911,0.0,0.9015665054321289
9912,0.0,0.7533998489379883
9913,0.0,0.5743923187255859
9914,0.0,0.4108543395996094
9915,0.0,0.25397777557373047
9916,0.0,0.1286630630493164
9917,0.0,-0.08385562896728516
9918,0.0,-0.1195077896118164
9919,0.0,-0.22990703582763672
9920,0.0,-0.2413949966430664
9921,0.0,-0.26706886291503906
9922,0.0,-0.2795219421386719
9923,0.0,-0.3083076477050781
9924,0.0,-0.32188892364501953
9925,0.0,-0.32215023040771484
9926,0.0,-0.2646007537841797
9927,0.0,-0.2408313751220703
9928,0.0,-0.2586088180541992
9929,0.0,-0.30161285400390625
9930,0.0,-0.3205127716064453
9931,0.0,-0.3407459259033203
9932,0.0,-0.3512411117553711
9933,0.0,-0.31349945068359375
9934,0.0,-0.28531742095947266
9935,0.0,-0.2808847427368164
9936,0.0,-0.2963390350341797
9937,0.0,-0.2769508361816406
9938,0.0,-0.19641685485839844
9939,0.0,-0.10521602630615234
9940,0.0,0.009957313537597656
9941,0.0,0.24496173858642578
9942,0.0,0.42592811584472656
9943,0.0,0.5709667205810547
9944,0.0,0.6848897933959961
9945,0.0,0.9148969650268555
9946,0.0,1.024216651916504
9947,0.0,1.0716514587402344
9948,0.0,1.1017627716064453
9949,0.0,1.4793434143066406
9950,0.0,2.3447093963623047
9951,0.0,3.916604995727539
9952,0.0,6.416881561279297
9953,0.0,12.433415412902832
9954,5.0,25.963294982910156
9955,11.0,47.93043518066406
9956,41.0,66.19692993164062
9957,76.0,77.91492462158203
9958,100.0,85.3580322265625
9959,97.0,91.01020812988281
9960,125.0,96.11461639404297
9961,123.0,102.76205444335938
9962,119.0,108.65294647216797
9963,102.0,112.95457458496094
9964,86.0,114.21709442138672
9965,128.0,113.29940795898438
9966,208.0,112.29588317871094
9967,172.0,111.59544372558594
9968,194.0,111.40632629394531
9969,171.0,112.2426986694336
9970,145.0,113.03032684326172
9971,157.0,113.34758758544922
9972,140.0,112.5770492553711
9973,137.0,111.13811492919922
9974,181.0,108.87039184570312
9975,203.0,106.26287078857422
9976,160.0,103.00726318359375
9977,155.0,99.68936920166016
9978,147.0,96.33504486083984
9979,112.0,93.17267608642578
9980,93.0,89.01811981201172
9981,95.0,82.26573944091797
9982,72.0,68.37918090820312
9983,57.0,50.57769012451172
9984,42.0,34.50497817993164
9985,24.0,25.909679412841797
9986,2.0,13.28597640991211
9987,0.0,2.9688663482666016
9988,0.0,0.6349601745605469
9989,0.0,0.2811412811279297
9990,0.0,0.13862991333007812
9991,0.0,0.07911491394042969
9992,0.0,0.048308372497558594
9993,0.0,0.06514739990234375
9994,0.0,0.0712900161743164
9995,0.0,0.08489513397216797
9996,0.0,0.08560466766357422
9997,0.0,0.08983516693115234
9998,0.0,0.057804107666015625
9999,0.0,0.0123748779296875
10000,0.0,-0.05137825012207031
10001,0.0,-0.12189960479736328
10002,0.0,-0.17081356048583984
10003,0.0,-0.19584083557128906
10004,0.0,-0.21902847290039062
10005,0.0,-0.2472391128540039
10006,0.0,-0.27487754821777344
10007,0.0,-0.2684488296508789
10008,0.0,-0.26092529296875
10009,0.0,-0.23246097564697266
10010,0.0,-0.1746082305908203
10011,0.0,-0.16532230377197266
10012,0.0,-0.1388683319091797
10013,0.0,-0.007592201232910156
10014,0.0,-0.11261749267578125
10015,0.0,-0.106231689453125
10016,0.0,-0.0967111587524414
10017,0.0,-0.07889556884765625
10018,0.0,-0.00051116943359375
10019,0.0,0.08088397979736328
10020,0.0,0.1731586456298828
10021,0.0,0.3297147750854492
10022,0.0,0.3288593292236328
10023,0.0,0.33434009552001953
10024,0.0,0.3508615493774414
10025,0.0,0.3536825180053711
10026,0.0,0.3513202667236328
10027,0.0,0.35265159606933594
10028,0.0,0.35318660736083984
10029,0.0,0.347015380859375
10030,0.0,0.35393524169921875
10031,0.0,0.36702728271484375
10032,0.0,0.38174915313720703
10033,0.0,0.38205718994140625
10034,0.0,0.4048652648925781
10035,0.0,0.42928218841552734
10036,0.0,0.45319175720214844
10037,0.0,0.45914268493652344
10038,0.0,0.4802989959716797
10039,0.0,0.4945564270019531
10040,0.0,0.507777214050293
10041,0.0,0.5058326721191406
10042,0.0,0.5222043991088867
10043,0.0,0.528533935546875
10044,0.0,0.5607004165649414
10045,0.0,0.6738815307617188
10046,0.0,0.9011926651000977
10047,0.0,1.2697334289550781
10048,0.0,1.8630952835083008
10049,0.0,3.005147933959961
10050,6.0,4.330537796020508
10051,19.0,5.904544353485107
10052,31.0,8.493841171264648
10053,47.0,14.235629081726074
10054,57.0,25.800275802612305
10055,62.0,38.997039794921875
10056,82.0,44.81371307373047
10057,82.0,41.2747802734375
10058,106.0,34.68818664550781
10059,99.0,27.569305419921875
10060,108.0,21.75698471069336
10061,121.0,17.1473388671875
10062,134.0,14.857661247253418
10063,157.0,14.684456825256348
10064,189.0,15.499542236328125
10065,190.0,16.119354248046875
10066,186.0,18.06256675720215
10067,181.0,20.54682159423828
10068,170.0,22.71302032470703
10069,141.0,26.32077407836914
10070,144.0,29.831453323364258
10071,128.0,32.42632293701172
10072,109.0,33.457481384277344
10073,98.0,35.43925476074219
10074,87.0,36.85239791870117
10075,69.0,37.02571487426758
10076,54.0,35.881858825683594
10077,50.0,36.81249237060547
10078,37.0,34.628517150878906
10079,26.0,28.89842414855957
10080,19.0,21.161773681640625
10081,5.0,9.686088562011719
10082,2.0,1.366948127746582
10083,0.0,-0.22253894805908203
10084,0.0,-0.4689750671386719
10085,0.0,-0.4110565185546875
10086,0.0,-0.39127540588378906
10087,0.0,-0.3844728469848633
10088,0.0,-0.38459300994873047
10089,0.0,-0.3561687469482422
10090,0.0,-0.2993612289428711
10091,0.0,-0.28551673889160156
10092,0.0,-0.2572898864746094
10093,0.0,-0.20694732666015625
10094,0.0,-0.1511402130126953
10095,0.0,-0.0974435806274414
10096,0.0,-0.03606891632080078
10097,0.0,0.03210926055908203
10098,0.0,0.027587890625
10099,0.0,0.021930694580078125
10100,0.0,0.019870758056640625
10101,0.0,0.030707359313964844
10102,0.0,0.029453277587890625
10103,0.0,-0.0036182403564453125
10104,0.0,-0.019827842712402344
10105,0.0,-0.034722328186035156
10106,0.0,-0.03901958465576172
10107,0.0,-0.0725259780883789
10108,0.0,-0.08366870880126953
10109,0.0,0.23433971405029297
10110,0.0,0.4731740951538086
10111,0.0,0.4564857482910156
10112,0.0,0.4770355224609375
10113,0.0,0.5215435028076172
10114,0.0,0.5286226272583008
10115,0.0,0.5177955627441406
10116,0.0,0.4995155334472656
10117,0.0,0.5162754058837891
10118,0.0,0.512908935546875
10119,0.0,0.5168542861938477
10120,0.0,0.5214872360229492
10121,0.0,0.5675182342529297
10122,0.0,0.5650672912597656
10123,0.0,0.5644693374633789
10124,0.0,0.5642614364624023
10125,0.0,0.5873851776123047
10126,0.0,0.573908805847168
10127,0.0,0.5614528656005859
10128,0.0,0.5482883453369141
10129,0.0,0.5262031555175781
10130,0.0,0.5392055511474609
10131,0.0,0.5491428375244141
10132,0.0,0.562255859375
10133,0.0,0.5486793518066406
10134,0.0,0.5602016448974609
10135,0.0,0.5705852508544922
10136,0.0,0.5841035842895508
10137,0.0,0.5585861206054688
10138,0.0,0.5599851608276367
10139,0.0,0.5552806854248047
10140,0.0,0.5745639801025391
10141,0.0,0.5330324172973633
10142,0.0,0.48105716705322266
10143,0.0,0.5172319412231445
10144,0.0,0.7032051086425781
10145,0.0,1.2532587051391602
10146,1.0,2.381840705871582
10147,7.0,4.441157341003418
10148,27.0,9.221821784973145
10149,46.0,16.394641876220703
10150,60.0,22.139324188232422
10151,78.0,25.259769439697266
10152,101.0,26.300617218017578
10153,120.0,26.57701301574707
10154,136.0,25.855892181396484
10155,152.0,25.812841415405273
10156,162.0,27.029935836791992
10157,181.0,29.942211151123047
10158,190.0,33.49923324584961
10159,172.0,36.78718185424805
10160,176.0,39.786293029785156
10161,198.0,46.22071838378906
10162,210.0,53.26013946533203
10163,186.0,63.01087188720703
10164,171.0,80.64990234375
10165,161.0,108.28301239013672
10166,150.0,128.46644592285156
10167,110.0,136.9878387451172
10168,85.0,135.60670471191406
10169,81.0,131.8618927001953
10170,71.0,125.16964721679688
10171,75.0,115.53076934814453
10172,98.0,103.74764251708984
10173,119.0,94.65402221679688
10174,108.0,83.4262466430664
10175,97.0,69.10950469970703
10176,42.0,52.17261505126953
10177,35.0,36.68388366699219
10178,41.0,22.762981414794922
10179,10.0,6.896221160888672
10180,0.0,1.5650615692138672
10181,0.0,0.5576725006103516
10182,0.0,0.12827301025390625
10183,0.0,-0.040602684020996094
10184,0.0,-0.1345081329345703
10185,0.0,-0.13895416259765625
10186,0.0,-0.0655965805053711
10187,0.0,0.056845664978027344
10188,0.0,0.14461994171142578
10189,0.0,0.23897457122802734
10190,0.0,0.24562549591064453
10191,0.0,0.27095890045166016
10192,0.0,0.2568683624267578
10193,0.0,0.2246990203857422
10194,0.0,0.12869644165039062
10195,0.0,-0.024878501892089844
10196,0.0,-0.2354269027709961
10197,0.0,-0.5094718933105469
10198,0.0,-0.53692626953125
10199,0.0,-0.5576105117797852
10200,0.0,-0.5115232467651367
10201,0.0,-0.5140762329101562
10202,0.0,-0.46016407012939453
10203,0.0,-0.4807720184326172
10204,0.0,-0.5436220169067383
10205,0.0,-0.827235221862793
10206,0.0,-0.8676338195800781
10207,0.0,-0.9517698287963867
10208,0.0,-0.9574136734008789
10209,0.0,-0.9680318832397461
10210,0.0,-0.9417285919189453
10211,0.0,-0.8863554000854492
10212,0.0,-0.8517637252807617
10213,0.0,-0.8832387924194336
10214,0.0,-1.0358591079711914
10215,0.0,-0.9762735366821289
10216,0.0,-0.6879606246948242
10217,0.0,-0.3856525421142578
10218,0.0,-0.2506294250488281
10219,0.0,-0.1790008544921875
10220,0.0,-0.15322399139404297
10221,0.0,-0.1291341781616211
10222,0.0,-0.13020610809326172
10223,0.0,-0.14124011993408203
10224,0.0,-0.1731576919555664
10225,0.0,-0.2136859893798828
10226,0.0,-0.2881135940551758
10227,0.0,-0.46839237213134766
10228,0.0,-0.9206562042236328
10229,0.0,-1.169947624206543
10230,0.0,-1.2110099792480469
10231,0.0,-1.3146677017211914
10232,0.0,-1.3964958190917969
10233,0.0,-1.561711311340332
10234,0.0,-1.6017656326293945
10235,0.0,-1.6275300979614258
10236,0.0,-1.8326492309570312
10237,0.0,-1.8577699661254883
10238,0.0,-0.40617942810058594
10239,0.0,3.0431690216064453
10240,3.0,10.005765914916992
10241,25.0,21.969545364379883
10242,39.0,33.57624816894531
10243,41.0,41.299560546875
10244,52.0,45.10840606689453
10245,60.0,46.242095947265625
10246,66.0,46.18065643310547
10247,70.0,46.811744689941406
10248,75.0,47.887672424316406
10249,79.0,50.34016418457031
10250,81.0,54.936012268066406
10251,88.0,62.340362548828125
10252,96.0,74.33343505859375
10253,84.0,87.9378433227539
10254,85.0,97.81702423095703
10255,85.0,105.30398559570312
10256,85.0,112.39440155029297
10257,86.0,121.84105682373047
10258,86.0,128.66738891601562
10259,86.0,129.52369689941406
10260,86.0,117.61044311523438
10261,82.0,96.17794799804688
10262,80.0,86.77617645263672
10263,77.0,83.44274139404297
10264,74.0,81.01887512207031
10265,73.0,79.73445129394531
10266,71.0,78.08483123779297
10267,68.0,75.81315612792969
10268,68.0,71.69865417480469
10269,60.0,65.20670318603516
10270,49.0,59.443397521972656
10271,42.0,55.05061340332031
10272,34.0,50.31913757324219
10273,26.0,41.546348571777344
10274,17.0,32.30662536621094
10275,3.0,20.174697875976562
10276,0.0,6.313366413116455
10277,0.0,2.072537422180176
10278,0.0,0.7346534729003906
10279,0.0,0.3199892044067383
10280,0.0,0.224945068359375
10281,0.0,0.2986335754394531
10282,0.0,0.31542396545410156
10283,0.0,0.3846912384033203
10284,0.0,0.4324226379394531
10285,0.0,0.5013284683227539
10286,0.0,0.5361232757568359
10287,0.0,0.5647010803222656
10288,0.0,0.5686149597167969
10289,0.0,0.559687614440918
10290,0.0,0.5420570373535156
10291,0.0,0.51055908203125
10292,0.0,0.4662485122680664
10293,0.0,0.3841123580932617
10294,0.0,0.3539390563964844
10295,0.0,0.31420040130615234
10296,0.0,0.2828998565673828
10297,0.0,0.2056894302368164
10298,0.0,0.19854259490966797
10299,0.0,0.15343093872070312
10300,0.0,0.12926101684570312
10301,0.0,-0.10467910766601562
10302,0.0,-0.20084571838378906
10303,0.0,-0.21140480041503906
10304,0.0,-0.19750404357910156
10305,0.0,-0.177825927734375
10306,0.0,-0.16085147857666016
10307,0.0,-0.14803791046142578
10308,0.0,-0.14145946502685547
10309,0.0,-0.12032413482666016
10310,0.0,-0.11376953125
10311,0.0,-0.1022796630859375
10312,0.0,-0.08867835998535156
10313,0.0,-0.07679462432861328
10314,0.0,-0.08443450927734375
10315,0.0,-0.09470844268798828
10316,0.0,-0.11965274810791016
10317,0.0,-0.11632251739501953
10318,0.0,-0.13653850555419922
10319,0.0,-0.17540550231933594
10320,0.0,-0.25525856018066406
10321,0.0,-0.30526256561279297
10322,0.0,-0.3793067932128906
10323,0.0,-0.5104303359985352
10324,0.0,-0.7365970611572266
10325,0.0,-0.9096078872680664
10326,0.0,-1.0101709365844727
10327,0.0,-1.1703548431396484
10328,0.0,-1.3453073501586914
10329,0.0,-1.4728517532348633
10330,0.0,-1.4807777404785156
10331,0.0,-1.5239858627319336
10332,0.0,-1.725783348083496
10333,0.0,-1.5396451950073242
10334,0.0,-0.059909820556640625
10335,0.0,3.9916634559631348
10336,4.0,12.15623950958252
10337,13.0,24.239532470703125
10338,31.0,35.10655975341797
10339,38.0,41.70032501220703
10340,47.0,45.34539794921875
10341,52.0,48.00122833251953
10342,57.0,50.261688232421875
10343,60.0,52.43952941894531
10344,62.0,54.63352966308594
10345,65.0,57.20027160644531
10346,67.0,60.245582580566406
10347,69.0,63.80220031738281
10348,70.0,68.31526184082031
10349,71.0,71.53108215332031
10350,72.0,73.57676696777344
10351,73.0,74.7903060913086
10352,74.0,75.63184356689453
10353,74.0,76.04126739501953
10354,75.0,76.13719177246094
10355,75.0,76.00959014892578
10356,74.0,75.69434356689453
10357,75.0,75.20845794677734
10358,73.0,74.53594970703125
10359,72.0,73.77009582519531
10360,70.0,72.98573303222656
10361,67.0,71.78034210205078
10362,63.0,69.93017578125
10363,61.0,67.67084503173828
10364,57.0,65.16246795654297
10365,53.0,61.92591857910156
10366,47.0,58.62617492675781
10367,42.0,56.02196502685547
10368,35.0,53.180259704589844
10369,26.0,45.748680114746094
10370,19.0,34.82231140136719
10371,5.0,23.73684310913086
10372,0.0,8.056517601013184
10373,0.0,2.4849472045898438
10374,0.0,0.8066501617431641
10375,0.0,0.26461219787597656
10376,0.0,0.10401248931884766
10377,0.0,0.12679195404052734
10378,0.0,0.13083457946777344
10379,0.0,0.1904582977294922
10380,0.0,0.2412700653076172
10381,0.0,0.3187370300292969
10382,0.0,0.3634490966796875
10383,0.0,0.3993349075317383
10384,0.0,0.4143028259277344
10385,0.0,0.42125701904296875
10386,0.0,0.4136619567871094
10387,0.0,0.38663578033447266
10388,0.0,0.3567676544189453
10389,0.0,0.3001546859741211
10390,0.0,0.27762699127197266
10391,0.0,0.24003219604492188
10392,0.0,0.2131633758544922
10393,0.0,0.14481067657470703
10394,0.0,0.12684154510498047
10395,0.0,0.08017539978027344
10396,0.0,0.04984855651855469
10397,0.0,-0.20946025848388672
10398,0.0,-0.25303077697753906
10399,0.0,-0.23454570770263672
10400,0.0,-0.20361900329589844
10401,0.0,-0.16447830200195312
10402,0.0,-0.1464862823486328
10403,0.0,-0.1283397674560547
10404,0.0,-0.11989021301269531
10405,0.0,-0.08361148834228516
10406,0.0,-0.06920337677001953
10407,0.0,-0.043427467346191406
10408,0.0,-0.01784515380859375
10409,0.0,0.032787322998046875
10410,0.0,0.03171539306640625
10411,0.0,0.039772987365722656
10412,0.0,0.025957107543945312
10413,0.0,0.10199642181396484
10414,0.0,0.09568214416503906
10415,0.0,0.07484722137451172
10416,0.0,0.021442413330078125
10417,0.0,0.084686279296875
10418,0.0,0.05433940887451172
10419,0.0,0.011903762817382812
10420,0.0,-0.050368309020996094
10421,0.0,-0.03319740295410156
10422,0.0,-0.056862831115722656
10423,0.0,-0.06083106994628906
10424,0.0,-0.07654571533203125
10425,0.0,-0.04228019714355469
10426,0.0,-0.018735885620117188
10427,0.0,-0.02066326141357422
10428,0.0,0.0716409683227539
10429,0.0,0.7487192153930664
10430,0.0,2.1777782440185547
10431,1.0,4.9746809005737305
10432,4.0,11.931022644042969
10433,16.0,26.186508178710938
10434,40.0,41.42094421386719
10435,53.0,53.58848571777344
10436,60.0,61.20783996582031
10437,65.0,66.72062683105469
10438,72.0,70.60970306396484
10439,76.0,76.25333404541016
10440,78.0,87.81979370117188
10441,82.0,99.57393646240234
10442,82.0,113.06973266601562
10443,87.0,131.87030029296875
10444,99.0,152.19876098632812
10445,104.0,165.13525390625
10446,211.0,171.17135620117188
10447,177.0,173.7922821044922
10448,179.0,174.80836486816406
10449,147.0,171.77992248535156
10450,158.0,169.89317321777344
10451,152.0,168.14125061035156
10452,155.0,165.4713134765625
10453,147.0,164.10255432128906
10454,94.0,157.50497436523438
10455,76.0,144.5939483642578
10456,59.0,129.09976196289062
10457,46.0,119.10736846923828
10458,52.0,106.59138488769531
10459,55.0,92.05111694335938
10460,49.0,75.23580169677734
10461,41.0,55.74217224121094
10462,24.0,28.743885040283203
10463,21.0,15.255362510681152
10464,12.0,0.9887409210205078
10465,5.0,0.08377361297607422
10466,2.0,-0.1355762481689453
10467,0.0,-0.20994853973388672
10468,0.0,-0.22222614288330078
10469,0.0,-0.16196727752685547
10470,0.0,-0.07786273956298828
10471,0.0,-0.00957489013671875
10472,0.0,0.05130577087402344
10473,0.0,0.11808013916015625
10474,0.0,0.18750953674316406
10475,0.0,0.23812198638916016
10476,0.0,0.28304386138916016
10477,0.0,0.3116273880004883
10478,0.0,0.38599395751953125
10479,0.0,0.40842247009277344
10480,0.0,0.40603065490722656
10481,0.0,0.36783504486083984
10482,0.0,0.3402690887451172
10483,0.0,0.27306175231933594
10484,0.0,0.21120643615722656
10485,0.0,0.15470123291015625
10486,0.0,0.14753055572509766
10487,0.0,0.12614059448242188
10488,0.0,0.12750816345214844
10489,0.0,0.11987018585205078
10490,0.0,0.18323898315429688
10491,0.0,0.196197509765625
10492,0.0,0.15699291229248047
10493,0.0,0.3281517028808594
10494,0.0,0.561579704284668
10495,0.0,0.5361137390136719
10496,0.0,0.554316520690918
10497,0.0,0.5854129791259766
10498,0.0,0.571101188659668
10499,0.0,0.5765066146850586
10500,0.0,0.581110954284668
10501,0.0,0.6129236221313477
10502,0.0,0.6108102798461914
10503,0.0,0.5941200256347656
10504,0.0,0.5726823806762695
10505,0.0,0.5611505508422852
10506,0.0,0.5348300933837891
10507,0.0,0.5183725357055664
10508,0.0,0.48482799530029297
10509,0.0,0.4185447692871094
10510,0.0,0.3912649154663086
10511,0.0,0.381866455078125
10512,0.0,0.3791952133178711
10513,0.0,0.34461212158203125
10514,0.0,0.32468700408935547
10515,0.0,0.3246641159057617
10516,0.0,0.31052207946777344
10517,0.0,0.2556447982788086
10518,0.0,0.49682140350341797
10519,0.0,0.6451206207275391
10520,0.0,0.7521390914916992
10521,0.0,0.7519044876098633
10522,0.0,0.7284688949584961
10523,0.0,0.7146310806274414
10524,0.0,0.6335020065307617
10525,0.0,0.4733390808105469
10526,0.0,0.5814428329467773
10527,0.0,0.8292179107666016
10528,0.0,1.2587966918945312
10529,1.0,1.8323936462402344
10530,3.0,2.706814765930176
10531,10.0,3.672966957092285
10532,54.0,4.853029251098633
10533,79.0,6.7003583908081055
10534,78.0,9.462174415588379
10535,72.0,13.850500106811523
10536,70.0,22.294641494750977
10537,62.0,26.959362030029297
10538,55.0,28.036739349365234
10539,59.0,29.03171730041504
10540,56.0,30.474454879760742
10541,53.0,33.30657196044922
10542,74.0,38.08168411254883
10543,103.0,44.27960968017578
10544,78.0,51.52015686035156
10545,89.0,59.480995178222656
10546,97.0,63.98455810546875
10547,111.0,66.44383239746094
10548,97.0,67.49376678466797
10549,66.0,68.64278411865234
10550,75.0,69.22877502441406
10551,65.0,70.55923461914062
10552,75.0,71.13327026367188
10553,66.0,70.42290496826172
10554,56.0,58.52294158935547
10555,60.0,42.92078399658203
10556,35.0,32.4766960144043
10557,38.0,26.5097599029541
10558,23.0,21.73067855834961
10559,8.0,10.785285949707031
10560,4.0,1.847315788269043
10561,1.0,0.23844432830810547
10562,1.0,-0.10818290710449219
10563,0.0,-0.19048118591308594
10564,0.0,-0.18488407135009766
10565,0.0,-0.13176345825195312
10566,0.0,-0.05594921112060547
10567,0.0,-0.018177032470703125
10568,0.0,0.0015172958374023438
10569,0.0,0.02257251739501953
10570,0.0,0.07746028900146484
10571,0.0,0.09400653839111328
10572,0.0,0.10845279693603516
10573,0.0,0.14209365844726562
10574,0.0,0.09363079071044922
10575,0.0,0.0675506591796875
10576,0.0,0.0426025390625
10577,0.0,0.04492950439453125
10578,0.0,0.0039577484130859375
10579,0.0,0.018484115600585938
10580,0.0,0.049457550048828125
10581,0.0,0.11344623565673828
10582,0.0,0.16709327697753906
10583,0.0,0.18807601928710938
10584,0.0,0.20095539093017578
10585,0.0,0.20746421813964844
10586,0.0,0.2173137664794922
10587,0.0,0.20650482177734375
10588,0.0,0.20256519317626953
10589,0.0,0.30358123779296875
10590,0.0,0.36960697174072266
10591,0.0,0.3672523498535156
10592,0.0,0.3909635543823242
10593,0.0,0.4268836975097656
10594,0.0,0.45555877685546875
10595,0.0,0.4940061569213867
10596,0.0,0.5335884094238281
10597,0.0,0.5930490493774414
10598,0.0,0.5570907592773438
10599,0.0,0.5217771530151367
10600,0.0,0.49335765838623047
10601,0.0,0.4651193618774414
10602,0.0,0.4464282989501953
10603,0.0,0.44042301177978516
10604,0.0,0.43960094451904297
10605,0.0,0.43694210052490234
10606,0.0,0.4271574020385742
10607,0.0,0.4303770065307617
10608,0.0,0.43210792541503906
10609,0.0,0.4312143325805664
10610,0.0,0.4201374053955078
10611,0.0,0.4144458770751953
10612,0.0,0.40813350677490234
10613,0.0,0.4007606506347656
10614,0.0,0.32415008544921875
10615,0.0,0.22336578369140625
10616,0.0,0.16015625
10617,0.0,0.17227935791015625
10618,0.0,0.21035194396972656
10619,0.0,0.2544717788696289
10620,0.0,0.34041595458984375
10621,0.0,0.6745920181274414
10622,0.0,1.4461650848388672
10623,0.0,2.8611087799072266
10624,2.0,5.5914225578308105
10625,6.0,11.74511432647705
10626,52.0,22.999664306640625
10627,69.0,41.19480895996094
10628,81.0,56.83924865722656
10629,122.0,65.0595932006836
10630,105.0,72.99756622314453
10631,135.0,80.91400146484375
10632,176.0,88.3435287475586
10633,202.0,95.94248962402344
10634,181.0,105.91268157958984
10635,141.0,116.42752838134766
10636,129.0,125.70855712890625
10637,135.0,135.90638732910156
10638,198.0,146.01661682128906
10639,147.0,156.0418701171875
10640,177.0,165.5328369140625
10641,219.0,175.90049743652344
10642,175.0,175.10580444335938
10643,127.0,170.0401153564453
10644,204.0,164.09640502929688
10645,195.0,157.24114990234375
10646,162.0,147.88723754882812
10647,179.0,137.70278930664062
10648,151.0,129.7002716064453
10649,105.0,124.19720458984375
10650,104.0,120.31449890136719
10651,51.0,117.38297271728516
10652,23.0,113.98387145996094
10653,21.0,112.05003356933594
10654,12.0,109.14107513427734
10655,5.0,100.32718658447266
10656,4.0,84.42930603027344
10657,2.0,62.172088623046875
10658,0.0,42.83502197265625
10659,0.0,29.284475326538086
10660,0.0,10.141829490661621
10661,0.0,1.388803482055664
10662,0.0,0.059279441833496094
10663,0.0,-0.17207813262939453
10664,0.0,-0.20461177825927734
10665,0.0,-0.16019630432128906
10666,0.0,-0.1744222640991211
10667,0.0,-0.1561431884765625
10668,0.0,-0.14680004119873047
10669,0.0,-0.10789775848388672
10670,0.0,-0.1047811508178711
10671,0.0,-0.10496139526367188
10672,0.0,-0.11007118225097656
10673,0.0,-0.11177444458007812
10674,0.0,-0.07987213134765625
10675,0.0,-0.07903671264648438
10676,0.0,-0.07211971282958984
10677,0.0,-0.07797527313232422
10678,0.0,-0.09317493438720703
10679,0.0,-0.08550071716308594
10680,0.0,-0.07091426849365234
10681,0.0,-0.04672431945800781
10682,0.0,-0.019286155700683594
10683,0.0,-0.020956039428710938
10684,0.0,-0.010000228881835938
10685,0.0,0.2825145721435547
10686,0.0,0.5352468490600586
10687,0.0,0.3665027618408203
10688,0.0,0.3302135467529297
10689,0.0,0.26258277893066406
10690,0.0,0.2330770492553711
10691,0.0,0.23145771026611328
10692,0.0,0.23887920379638672
10693,0.0,0.2715616226196289
10694,0.0,0.22738933563232422
10695,0.0,0.17063617706298828
10696,0.0,0.12519454956054688
10697,0.0,0.0763711929321289
10698,0.0,0.03943347930908203
10699,0.0,0.0026531219482421875
10700,0.0,-0.03677940368652344
10701,0.0,-0.0833425521850586
10702,0.0,-0.10612964630126953
10703,0.0,-0.11793899536132812
10704,0.0,-0.13193321228027344
10705,0.0,-0.14678096771240234
10706,0.0,-0.12543392181396484
10707,0.0,-0.10168933868408203
10708,0.0,-0.08934497833251953
10709,0.0,-0.08191204071044922
10710,0.0,-0.05817699432373047
10711,0.0,-0.05144023895263672
10712,0.0,-0.0623626708984375
10713,0.0,-0.11808490753173828
10714,0.0,-0.15199756622314453
10715,0.0,-0.26923465728759766
10716,0.0,-0.44588470458984375
10717,0.0,0.15584278106689453
10718,0.0,2.8649797439575195
10719,0.0,10.30596923828125
10720,7.0,28.180557250976562
10721,32.0,53.43858337402344
10722,53.0,74.4500503540039
10723,65.0,88.43524932861328
10724,73.0,98.22984313964844
10725,80.0,107.48214721679688
10726,90.0,116.3368911743164
10727,93.0,124.21781921386719
10728,88.0,129.9639434814453
10729,89.0,135.3748321533203
10730,99.0,139.0843963623047
10731,110.0,140.71942138671875
10732,118.0,140.328369140625
10733,114.0,136.2993621826172
10734,119.0,126.70611572265625
10735,113.0,111.30116271972656
10736,103.0,97.20317840576172
10737,94.0,88.65180206298828
10738,108.0,84.4369125366211
10739,95.0,82.33940124511719
10740,107.0,80.066650390625
10741,107.0,77.76585388183594
10742,101.0,74.94046783447266
10743,98.0,71.92242431640625
10744,95.0,68.42543029785156
10745,90.0,65.66004180908203
10746,88.0,62.2738037109375
10747,82.0,58.98435974121094
10748,72.0,55.679229736328125
10749,68.0,51.586387634277344
10750,61.0,46.558013916015625
10751,53.0,40.745365142822266
10752,47.0,34.306053161621094
10753,41.0,28.055917739868164
10754,26.0,19.392536163330078
10755,17.0,7.430755615234375
10756,4.0,1.8307380676269531
10757,0.0,0.685032844543457
10758,0.0,0.2940530776977539
10759,0.0,0.18236923217773438
10760,0.0,0.1566448211669922
10761,0.0,0.21961593627929688
10762,0.0,0.1943378448486328
10763,0.0,0.21146106719970703
10764,0.0,0.2013540267944336
10765,0.0,0.1973428726196289
10766,0.0,0.17621326446533203
10767,0.0,0.17035198211669922
10768,0.0,0.18986129760742188
10769,0.0,0.26854896545410156
10770,0.0,0.3632326126098633
10771,0.0,0.42701148986816406
10772,0.0,0.4316883087158203
10773,0.0,0.36200523376464844
10774,0.0,0.3217153549194336
10775,0.0,0.2642374038696289
10776,0.0,0.2181854248046875
10777,0.0,0.13106918334960938
10778,0.0,0.09602069854736328
10779,0.0,0.04561042785644531
10780,0.0,0.017438888549804688
10781,0.0,-0.1753530502319336
10782,0.0,-0.22635173797607422
10783,0.0,-0.2220001220703125
10784,0.0,-0.20893001556396484
10785,0.0,-0.19800090789794922
10786,0.0,-0.1883544921875
10787,0.0,-0.18154239654541016
10788,0.0,-0.17847156524658203
10789,0.0,-0.16405200958251953
10790,0.0,-0.15914344787597656
10791,0.0,-0.15173053741455078
10792,0.0,-0.14284801483154297
10793,0.0,-0.14151573181152344
10794,0.0,-0.1586456298828125
10795,0.0,-0.17705917358398438
10796,0.0,-0.2100677490234375
10797,0.0,-0.2294178009033203
10798,0.0,-0.26462364196777344
10799,0.0,-0.31256771087646484
10800,0.0,-0.3986949920654297
10801,0.0,-0.48404502868652344
10802,0.0,-0.5714073181152344
10803,0.0,-0.7262697219848633
10804,0.0,-0.9778718948364258
10805,0.0,-1.223703384399414
10806,0.0,-1.3222885131835938
10807,0.0,-1.4636955261230469
10808,0.0,-1.603114128112793
10809,0.0,-1.7611446380615234
10810,0.0,-1.7523174285888672
10811,0.0,-1.832139015197754
10812,0.0,-1.984914779663086
10813,0.0,-0.7848644256591797
10814,0.0,2.7006959915161133
10815,3.0,10.57254695892334
10816,19.0,23.89167022705078
10817,40.0,38.95888900756836
10818,49.0,47.143943786621094
10819,65.0,48.588165283203125
10820,76.0,47.98304748535156
10821,81.0,47.87443542480469
10822,85.0,48.36457061767578
10823,90.0,49.488128662109375
10824,92.0,51.12883758544922
10825,94.0,53.430824279785156
10826,94.0,56.17827606201172
10827,97.0,59.96403503417969
10828,97.0,65.847412109375
10829,99.0,69.97538757324219
10830,102.0,72.78055572509766
10831,102.0,74.48779296875
10832,98.0,75.17732238769531
10833,96.0,75.59683227539062
10834,95.0,75.78075408935547
10835,94.0,75.949462890625
10836,93.0,75.81957244873047
10837,90.0,75.75287628173828
10838,87.0,75.21292877197266
10839,85.0,74.49059295654297
10840,82.0,73.48715209960938
10841,80.0,72.10425567626953
10842,75.0,69.9454345703125
10843,72.0,67.4849624633789
10844,68.0,64.78343963623047
10845,63.0,61.41461181640625
10846,57.0,57.56376647949219
10847,49.0,53.507835388183594
10848,34.0,48.846839904785156
10849,20.0,40.80431365966797
10850,6.0,30.78539276123047
10851,1.0,20.875732421875
10852,0.0,6.573575496673584
10853,0.0,1.6945791244506836
10854,0.0,0.25465965270996094
10855,0.0,-0.2940244674682617
10856,0.0,-0.5899887084960938
10857,0.0,-0.6059055328369141
10858,0.0,-0.6479377746582031
10859,0.0,-0.6158790588378906
10860,0.0,-0.5747394561767578
10861,0.0,-0.45091915130615234
10862,0.0,-0.4144439697265625
10863,0.0,-0.40726280212402344
10864,0.0,-0.4482583999633789
10865,0.0,-0.4784212112426758
10866,0.0,-0.3948049545288086
10867,0.0,-0.3497962951660156
10868,0.0,-0.2986268997192383
10869,0.0,-0.28694820404052734
10870,0.0,-0.3104877471923828
10871,0.0,-0.3690376281738281
10872,0.0,-0.4161052703857422
10873,0.0,-0.4897298812866211
10874,0.0,-0.5072355270385742
10875,0.0,-0.4824562072753906
10876,0.0,-0.4160652160644531
10877,0.0,-0.6698322296142578
10878,0.0,-0.6480588912963867
10879,0.0,-0.7326574325561523
10880,0.0,-0.7742414474487305
10881,0.0,-0.8345718383789062
10882,0.0,-0.8345947265625
10883,0.0,-0.7823247909545898
10884,0.0,-0.7313928604125977
10885,0.0,-0.7152538299560547
10886,0.0,-0.6815128326416016
10887,0.0,-0.6506271362304688
10888,0.0,-0.6290550231933594
10889,0.0,-0.6673259735107422
10890,0.0,-0.7083778381347656
10891,0.0,-0.7060651779174805
10892,0.0,-0.6994905471801758
10893,0.0,-0.7618980407714844
10894,0.0,-0.8727340698242188
10895,0.0,-0.9906139373779297
10896,0.0,-1.1226768493652344
10897,0.0,-1.323678970336914
10898,0.0,-1.3400020599365234
10899,0.0,-1.3492498397827148
10900,0.0,-1.293600082397461
10901,0.0,-1.274068832397461
10902,0.0,-1.247457504272461
10903,0.0,-1.1885967254638672
10904,0.0,-1.1401147842407227
10905,0.0,-1.1416168212890625
10906,0.0,-1.0763092041015625
10907,0.0,-0.9972972869873047
10908,0.0,-0.7963094711303711
10909,0.0,-0.2179279327392578
10910,0.0,1.3046894073486328
10911,0.0,4.32004451751709
10912,5.0,11.427379608154297
10913,21.0,30.857248306274414
10914,31.0,65.86463165283203
10915,48.0,102.9977035522461
10916,64.0,125.85516357421875
10917,88.0,141.47889709472656
10918,110.0,154.11749267578125
10919,128.0,162.96853637695312
10920,149.0,165.60137939453125
10921,167.0,162.54840087890625
10922,169.0,155.87295532226562
10923,180.0,151.68492126464844
10924,197.0,151.00189208984375
10925,232.0,154.85464477539062
10926,258.0,149.29364013671875
10927,281.0,137.75607299804688
10928,282.0,127.87218475341797
10929,266.0,127.78642272949219
10930,256.0,128.29278564453125
10931,246.0,129.33900451660156
10932,252.0,129.9479522705078
10933,257.0,132.86947631835938
10934,249.0,131.66665649414062
10935,221.0,122.6931381225586
10936,192.0,99.93291473388672
10937,183.0,76.94788360595703
10938,161.0,68.7540512084961
10939,135.0,68.61427307128906
10940,122.0,68.01728057861328
10941,115.0,70.77186584472656
10942,93.0,72.58755493164062
10943,77.0,71.58523559570312
10944,60.0,64.78194427490234
10945,41.0,47.46659851074219
10946,27.0,32.692996978759766
10947,10.0,19.327991485595703
10948,1.0,5.580906867980957
10949,0.0,1.9276628494262695
10950,0.0,0.6636762619018555
10951,0.0,0.2797107696533203
10952,0.0,0.13276386260986328
10953,0.0,0.14558887481689453
10954,0.0,0.0917816162109375
10955,0.0,0.08824634552001953
10956,0.0,0.07262802124023438
10957,0.0,0.09832191467285156
10958,0.0,0.1277904510498047
10959,0.0,0.17676639556884766
10960,0.0,0.2243204116821289
10961,0.0,0.2611360549926758
10962,0.0,0.2487649917602539
10963,0.0,0.2096843719482422
10964,0.0,0.15857982635498047
10965,0.0,0.09702777862548828
10966,0.0,0.06811046600341797
10967,0.0,0.04288291931152344
10968,0.0,0.043529510498046875
10969,0.0,0.04773521423339844
10970,0.0,0.12975692749023438
10971,0.0,0.17156982421875
10972,0.0,0.20142650604248047
10973,0.0,0.05116844177246094
10974,0.0,-0.1165609359741211
10975,0.0,-0.19816017150878906
10976,0.0,-0.22583580017089844
10977,0.0,-0.237457275390625
10978,0.0,-0.2116985321044922
10979,0.0,-0.18758773803710938
10980,0.0,-0.1690816879272461
10981,0.0,-0.1381978988647461
10982,0.0,-0.12888240814208984
10983,0.0,-0.12500381469726562
10984,0.0,-0.11852073669433594
10985,0.0,-0.11188411712646484
10986,0.0,-0.10909843444824219
10987,0.0,-0.11025524139404297
10988,0.0,-0.11985588073730469
10989,0.0,-0.10810279846191406
10990,0.0,-0.11756324768066406
10991,0.0,-0.13925552368164062
10992,0.0,-0.1824951171875
10993,0.0,-0.19337940216064453
10994,0.0,-0.2053070068359375
10995,0.0,-0.2658500671386719
10996,0.0,-0.4089927673339844
10997,0.0,-0.5305385589599609
10998,0.0,-0.5934629440307617
10999,0.0,-0.7482929229736328
11000,0.0,-0.9783773422241211
11001,0.0,-1.199233055114746
11002,0.0,-1.1829032897949219
11003,0.0,-1.3676271438598633
11004,0.0,-1.3459081649780273
11005,0.0,0.3432931900024414
11006,1.0,4.589293956756592
11007,5.0,14.889274597167969
11008,24.0,33.452938079833984
11009,30.0,59.88213348388672
11010,49.0,83.92005920410156
11011,58.0,98.12156677246094
11012,66.0,105.50232696533203
11013,71.0,110.0907974243164
11014,75.0,116.0650634765625
11015,78.0,122.7690658569336
11016,82.0,124.29280853271484
11017,84.0,123.10435485839844
11018,87.0,117.16248321533203
11019,91.0,109.25115203857422
11020,93.0,96.39307403564453
11021,98.0,87.60724639892578
11022,107.0,78.97747039794922
11023,90.0,71.3382339477539
11024,104.0,63.42150115966797
11025,162.0,60.69982147216797
11026,185.0,60.32789611816406
11027,195.0,62.14716339111328
11028,207.0,64.27787017822266
11029,222.0,71.40039825439453
11030,251.0,77.45183563232422
11031,282.0,80.7603988647461
11032,208.0,81.40985107421875
11033,137.0,81.76294708251953
11034,141.0,80.67272186279297
11035,171.0,77.72117614746094
11036,167.0,72.73746490478516
11037,131.0,66.07572937011719
11038,99.0,59.73333740234375
11039,88.0,54.483421325683594
11040,68.0,50.331825256347656
11041,59.0,42.245574951171875
11042,50.0,31.60521125793457
11043,28.0,25.066734313964844
11044,7.0,9.526988983154297
11045,0.0,2.1183338165283203
11046,0.0,0.3043842315673828
11047,0.0,-0.22780227661132812
11048,0.0,-0.4215412139892578
11049,0.0,-0.45609188079833984
11050,0.0,-0.5029888153076172
11051,0.0,-0.5063381195068359
11052,0.0,-0.5014505386352539
11053,0.0,-0.4320793151855469
11054,0.0,-0.32214927673339844
11055,0.0,-0.25308895111083984
11056,0.0,-0.2600889205932617
11057,0.0,-0.27392005920410156
11058,0.0,-0.25310802459716797
11059,0.0,-0.2233743667602539
11060,0.0,-0.22422504425048828
11061,0.0,-0.2494964599609375
11062,0.0,-0.2608022689819336
11063,0.0,-0.26874256134033203
11064,0.0,-0.27630615234375
11065,0.0,-0.29453468322753906
11066,0.0,-0.286285400390625
11067,0.0,-0.2825746536254883
11068,0.0,-0.27741146087646484
11069,0.0,-0.2106485366821289
11070,0.0,-0.18760967254638672
11071,0.0,-0.16016864776611328
11072,0.0,-0.13176727294921875
11073,0.0,-0.09188556671142578
11074,0.0,-0.07879161834716797
11075,0.0,-0.08389854431152344
11076,0.0,-0.10192394256591797
11077,0.0,-0.1110391616821289
11078,0.0,-0.1498270034790039
11079,0.0,-0.1808481216430664
11080,0.0,-0.20030879974365234
11081,0.0,-0.2293100357055664
11082,0.0,-0.22211933135986328
11083,0.0,-0.21527957916259766
11084,0.0,-0.17987442016601562
11085,0.0,-0.09779167175292969
11086,0.0,-0.04115772247314453
11087,0.0,0.0039539337158203125
11088,0.0,0.025136947631835938
11089,0.0,0.06184577941894531
11090,0.0,0.062252044677734375
11091,0.0,0.05912303924560547
11092,0.0,0.04701042175292969
11093,0.0,0.07680416107177734
11094,0.0,0.08999443054199219
11095,0.0,0.08509349822998047
11096,0.0,0.06089210510253906
11097,0.0,0.15792465209960938
11098,0.0,0.10541152954101562
11099,0.0,0.18824291229248047
11100,0.0,0.6280851364135742
11101,0.0,2.0818843841552734
11102,0.0,3.481546401977539
11103,0.0,3.8029356002807617
11104,2.0,5.667567729949951
11105,8.0,14.779581069946289
11106,34.0,33.619163513183594
11107,62.0,53.1129150390625
11108,83.0,68.75431060791016
11109,107.0,78.21001434326172
11110,127.0,86.03792572021484
11111,118.0,93.19461822509766
11112,102.0,99.39228057861328
11113,97.0,104.40788269042969
11114,85.0,106.8905258178711
11115,134.0,108.19110870361328
11116,122.0,108.6721420288086
11117,102.0,111.82569885253906
11118,103.0,116.21525573730469
11119,198.0,119.5506591796875
11120,212.0,118.74696350097656
11121,211.0,120.16722869873047
11122,223.0,124.32832336425781
11123,218.0,135.23681640625
11124,227.0,147.81134033203125
11125,216.0,159.13525390625
11126,223.0,133.82302856445312
11127,229.0,134.09869384765625
11128,224.0,140.9148712158203
11129,143.0,141.665283203125
11130,175.0,133.05120849609375
11131,126.0,120.70665740966797
11132,55.0,107.84039306640625
11133,60.0,98.61698150634766
11134,53.0,87.38380432128906
11135,36.0,71.45917510986328
11136,22.0,54.653167724609375
11137,6.0,42.83539962768555
11138,3.0,30.88150978088379
11139,0.0,22.496259689331055
11140,0.0,7.248389720916748
11141,0.0,1.0716657638549805
11142,0.0,-0.034722328186035156
11143,0.0,-0.24333763122558594
11144,0.0,-0.30812740325927734
11145,0.0,-0.26728057861328125
11146,0.0,-0.27115917205810547
11147,0.0,-0.15386676788330078
11148,0.0,-0.04497528076171875
11149,0.0,0.11746501922607422
11150,0.0,0.18157672882080078
11151,0.0,0.17211055755615234
11152,0.0,0.18064212799072266
11153,0.0,0.18282604217529297
11154,0.0,0.18980789184570312
11155,0.0,0.18286705017089844
11156,0.0,0.17340373992919922
11157,0.0,0.17358875274658203
11158,0.0,0.17083263397216797
11159,0.0,0.1687908172607422
11160,0.0,0.16791915893554688
11161,0.0,0.17575740814208984
11162,0.0,0.18149375915527344
11163,0.0,0.1837329864501953
11164,0.0,0.18657493591308594
11165,0.0,0.3631458282470703
11166,0.0,0.28281497955322266
11167,0.0,0.3305673599243164
11168,0.0,0.34207916259765625
11169,0.0,0.3527488708496094
11170,0.0,0.3758077621459961
11171,0.0,0.3395709991455078
11172,0.0,0.2904071807861328
11173,0.0,0.23208999633789062
11174,0.0,0.2580118179321289
11175,0.0,0.31906986236572266
11176,0.0,0.3440980911254883
11177,0.0,0.3609657287597656
11178,0.0,0.46881961822509766
11179,0.0,0.4899024963378906
11180,0.0,0.4861011505126953
11181,0.0,0.4892616271972656
11182,0.0,0.48865318298339844
11183,0.0,0.5032148361206055
11184,0.0,0.4795999526977539
11185,0.0,0.44293689727783203
11186,0.0,0.5888957977294922
11187,0.0,0.6411581039428711
11188,0.0,0.6476173400878906
11189,0.0,0.6289310455322266
11190,0.0,0.5968255996704102
11191,0.0,0.6003255844116211
11192,0.0,0.6063394546508789
11193,0.0,0.6014223098754883
11194,0.0,0.5539579391479492
11195,0.0,0.5379581451416016
11196,0.0,0.56378173828125
11197,0.0,0.6795892715454102
11198,0.0,1.0526599884033203
11199,0.0,1.6056013107299805
11200,0.0,2.327930450439453
11201,0.0,3.2487611770629883
11202,0.0,4.5721564292907715
11203,0.0,6.712369918823242
11204,0.0,10.62352466583252
11205,0.0,16.401315689086914
11206,3.0,24.784263610839844
11207,4.0,36.079803466796875
11208,4.0,47.09008026123047
11209,6.0,56.498268127441406
11210,8.0,61.24530029296875
11211,6.0,61.03649139404297
11212,10.0,56.087554931640625
11213,10.0,53.381591796875
11214,26.0,50.49851989746094
11215,26.0,47.52197265625
11216,37.0,44.936180114746094
11217,27.0,43.67010498046875
11218,24.0,43.3978157043457
11219,24.0,44.885894775390625
11220,30.0,45.70899963378906
11221,30.0,43.93504333496094
11222,26.0,40.305538177490234
11223,32.0,36.41075134277344
11224,29.0,32.91389846801758
11225,22.0,30.64585304260254
11226,15.0,28.64054298400879
11227,6.0,26.946462631225586
11228,5.0,24.69703483581543
11229,2.0,22.140037536621094
11230,2.0,20.015392303466797
11231,1.0,18.295820236206055
11232,1.0,16.035903930664062
11233,0.0,14.430635452270508
11234,0.0,11.917075157165527
11235,0.0,4.121302604675293
11236,0.0,0.2809429168701172
11237,0.0,0.08760452270507812
11238,0.0,-0.04702949523925781
11239,0.0,0.0069713592529296875
11240,0.0,-0.0186614990234375
11241,0.0,0.027423858642578125
11242,0.0,0.09294414520263672
11243,0.0,0.11162662506103516
11244,0.0,0.12547016143798828
11245,0.0,0.17599201202392578
11246,0.0,0.17954349517822266
11247,0.0,0.1853952407836914
11248,0.0,0.1690225601196289
11249,0.0,0.17661571502685547
11250,0.0,0.11585235595703125
11251,0.0,0.10677146911621094
11252,0.0,0.06732177734375
11253,0.0,0.04857826232910156
11254,0.0,0.050232887268066406
11255,0.0,0.012205123901367188
11256,0.0,0.0023908615112304688
11257,0.0,0.003985404968261719
11258,0.0,0.1022491455078125
11259,0.0,0.08832836151123047
11260,0.0,0.12654972076416016
11261,0.0,0.225830078125
11262,0.0,0.12646865844726562
11263,0.0,0.11064910888671875
11264,0.0,0.08277320861816406
11265,0.0,0.06042289733886719
11266,0.0,0.0778188705444336
11267,0.0,0.21712875366210938
11268,0.0,0.3698148727416992
11269,0.0,0.4367523193359375
11270,0.0,0.3298778533935547
11271,0.0,0.2667255401611328
11272,0.0,0.25231361389160156
11273,0.0,0.2240591049194336
11274,0.0,0.189239501953125
11275,0.0,0.15966510772705078
11276,0.0,0.13312721252441406
11277,0.0,0.09768199920654297
11278,0.0,0.1456928253173828
11279,0.0,0.12572002410888672
11280,0.0,0.10901546478271484
11281,0.0,0.044959068298339844
11282,0.0,-0.0420989990234375
11283,0.0,-0.052496910095214844
11284,0.0,-0.07085418701171875
11285,0.0,-0.1647930145263672
11286,0.0,-0.2160472869873047
11287,0.0,-0.24360370635986328
11288,0.0,-0.24406909942626953
11289,0.0,-0.3525676727294922
11290,0.0,-0.3736286163330078
11291,0.0,-0.40465450286865234
11292,0.0,-0.4175434112548828
11293,0.0,-0.4419746398925781
11294,0.0,-0.32660961151123047
11295,0.0,-0.19484901428222656
11296,0.0,-0.0772714614868164
11297,0.0,0.0753030776977539
11298,0.0,0.5022506713867188
11299,0.0,1.3611984252929688
11300,0.0,3.381744384765625
11301,0.0,9.375144958496094
11302,0.0,20.528945922851562
11303,0.0,30.63106346130371
11304,6.0,38.73268127441406
11305,7.0,47.11640167236328
11306,5.0,55.34642791748047
11307,6.0,62.19739532470703
11308,9.0,67.13304901123047
11309,7.0,72.22520446777344
11310,6.0,77.80976867675781
11311,4.0,86.0224838256836
11312,3.0,95.68359375
11313,2.0,104.94066619873047
11314,4.0,109.68692016601562
11315,5.0,111.66912841796875
11316,5.0,113.70551300048828
11317,5.0,115.32101440429688
11318,6.0,109.14595794677734
11319,6.0,91.29788208007812
11320,7.0,59.54082489013672
11321,4.0,44.54145812988281
11322,2.0,37.65996551513672
11323,4.0,39.37704086303711
11324,7.0,40.049861907958984
11325,7.0,38.41551971435547
11326,2.0,34.76525115966797
11327,2.0,29.58036994934082
11328,2.0,24.055248260498047
11329,2.0,18.9429874420166
11330,3.0,11.516154289245605
11331,0.0,3.157693862915039
11332,0.0,0.24730777740478516
11333,0.0,-0.09561538696289062
11334,0.0,-0.15925121307373047
11335,0.0,-0.159149169921875
11336,0.0,-0.15778732299804688
11337,0.0,-0.12000656127929688
11338,0.0,-0.1096181869506836
11339,0.0,-0.10987091064453125
11340,0.0,-0.1123647689819336
11341,0.0,-0.0979318618774414
11342,0.0,-0.08193683624267578
11343,0.0,-0.08703899383544922
11344,0.0,-0.08717536926269531
11345,0.0,-0.06961345672607422
11346,0.0,-0.04673004150390625
11347,0.0,-0.054327964782714844
11348,0.0,-0.048018455505371094
11349,0.0,-0.024450302124023438
11350,0.0,0.004645347595214844
11351,0.0,0.005702018737792969
11352,0.0,0.011687278747558594
11353,0.0,0.03357124328613281
11354,0.0,0.052947998046875
11355,0.0,0.04485893249511719
11356,0.0,0.044732093811035156
11357,0.0,0.4769744873046875
11358,0.0,0.6567916870117188
11359,0.0,0.6029319763183594
11360,0.0,0.5993843078613281
11361,0.0,0.6177587509155273
11362,0.0,0.5813064575195312
11363,0.0,0.5552453994750977
11364,0.0,0.5420713424682617
11365,0.0,0.5610847473144531
11366,0.0,0.580988883972168
11367,0.0,0.5953750610351562
11368,0.0,0.5945043563842773
11369,0.0,0.6201925277709961
11370,0.0,0.7096710205078125
11371,0.0,0.6733331680297852
11372,0.0,0.6105451583862305
11373,0.0,0.556614875793457
11374,0.0,0.4869546890258789
11375,0.0,0.455474853515625
11376,0.0,0.41408824920654297
11377,0.0,0.3810882568359375
11378,0.0,0.31009674072265625
11379,0.0,0.22787189483642578
11380,0.0,0.13991737365722656
11381,0.0,0.029608726501464844
11382,0.0,0.03216361999511719
11383,0.0,0.09854602813720703
11384,0.0,0.17957496643066406
11385,0.0,0.23770904541015625
11386,0.0,0.32196521759033203
11387,0.0,0.3930978775024414
11388,0.0,0.3685779571533203
11389,0.0,0.2907562255859375
11390,0.0,0.6619901657104492
11391,0.0,1.2526359558105469
11392,0.0,2.09238338470459
11393,0.0,3.5883102416992188
11394,0.0,6.185514450073242
11395,0.0,11.165780067443848
11396,1.0,18.984004974365234
11397,3.0,27.175052642822266
11398,4.0,33.72386169433594
11399,7.0,37.47681427001953
11400,7.0,39.662044525146484
11401,8.0,42.454402923583984
11402,7.0,42.69141387939453
11403,10.0,40.18375778198242
11404,67.0,36.29988098144531
11405,110.0,33.14226531982422
11406,94.0,30.975643157958984
11407,101.0,30.306350708007812
11408,85.0,30.854236602783203
11409,75.0,31.0056209564209
11410,84.0,30.88728904724121
11411,75.0,31.244007110595703
11412,95.0,31.80448341369629
11413,108.0,31.91124153137207
11414,99.0,32.228721618652344
11415,77.0,33.117374420166016
11416,101.0,34.60894012451172
11417,107.0,35.77392578125
11418,114.0,37.817222595214844
11419,101.0,40.667808532714844
11420,106.0,42.846473693847656
11421,114.0,42.488067626953125
11422,74.0,39.90876007080078
11423,61.0,35.03410339355469
11424,37.0,29.036619186401367
11425,29.0,21.371746063232422
11426,22.0,10.42564582824707
11427,14.0,2.402284622192383
11428,5.0,0.26265621185302734
11429,1.0,-0.2122964859008789
11430,0.0,-0.43419361114501953
11431,0.0,-0.5205564498901367
11432,0.0,-0.6332244873046875
11433,0.0,-0.6354074478149414
11434,0.0,-0.6106672286987305
11435,0.0,-0.6187334060668945
11436,0.0,-0.6018524169921875
11437,0.0,-0.5308828353881836
11438,0.0,-0.4938325881958008
11439,0.0,-0.4609546661376953
11440,0.0,-0.4276304244995117
11441,0.0,-0.35573482513427734
11442,0.0,-0.2212667465209961
11443,0.0,-0.10207653045654297
11444,0.0,0.03207588195800781
11445,0.0,0.12469863891601562
11446,0.0,0.16281795501708984
11447,0.0,0.1677837371826172
11448,0.0,0.16697978973388672
11449,0.0,0.17061233520507812
11450,0.0,0.17245960235595703
11451,0.0,0.15012359619140625
11452,0.0,0.13774394989013672
11453,0.0,0.5373430252075195
11454,0.0,0.7611513137817383
11455,0.0,0.6580286026000977
11456,0.0,0.6956386566162109
11457,0.0,0.763768196105957
11458,0.0,0.741973876953125
11459,0.0,0.7203912734985352
11460,0.0,0.674138069152832
11461,0.0,0.6108512878417969
11462,0.0,0.5035552978515625
11463,0.0,0.4156484603881836
11464,0.0,0.32851123809814453
11465,0.0,0.2570934295654297
11466,0.0,0.14127731323242188
11467,0.0,0.11294078826904297
11468,0.0,0.1752777099609375
11469,0.0,0.29997730255126953
11470,0.0,0.23341655731201172
11471,0.0,0.09148406982421875
11472,0.0,-0.1370859146118164
11473,0.0,-0.5501956939697266
11474,0.0,-0.7375583648681641
11475,0.0,-0.9924535751342773
11476,0.0,-1.2695331573486328
11477,0.0,-1.8174772262573242
11478,0.0,-2.3876876831054688
11479,0.0,-2.803032875061035
11480,0.0,-3.2427921295166016
11481,0.0,-3.7787418365478516
11482,0.0,-3.9444236755371094
11483,0.0,-4.002323150634766
11484,0.0,-3.526658058166504
11485,0.0,-2.0131044387817383
11486,0.0,0.5025262832641602
11487,0.0,4.152926445007324
11488,3.0,9.37641716003418
11489,8.0,17.625768661499023
11490,17.0,25.37613296508789
11491,51.0,30.08933448791504
11492,65.0,31.748178482055664
11493,49.0,31.86739730834961
11494,47.0,31.919523239135742
11495,87.0,31.91383934020996
11496,95.0,32.01948547363281
11497,118.0,33.55786895751953
11498,123.0,35.45143127441406
11499,135.0,43.20124053955078
11500,113.0,68.20997619628906
11501,75.0,99.84154510498047
11502,70.0,115.51763153076172
11503,89.0,120.2646713256836
11504,166.0,118.25873565673828
11505,167.0,114.81793212890625
11506,185.0,112.17833709716797
11507,105.0,111.6240005493164
11508,137.0,117.45421600341797
11509,131.0,143.16891479492188
11510,153.0,144.64642333984375
11511,117.0,140.65023803710938
11512,96.0,126.06494140625
11513,87.0,99.53828430175781
11514,89.0,95.6265869140625
11515,105.0,91.72409057617188
11516,53.0,80.8416976928711
11517,75.0,78.63655090332031
11518,109.0,73.3030014038086
11519,53.0,64.16595458984375
11520,33.0,52.786521911621094
11521,31.0,45.0869140625
11522,29.0,34.95701599121094
11523,20.0,23.715097427368164
11524,12.0,7.674224376678467
11525,3.0,2.2688188552856445
11526,0.0,0.8364334106445312
11527,0.0,0.3964223861694336
11528,0.0,0.25022315979003906
11529,0.0,0.2845621109008789
11530,0.0,0.2689533233642578
11531,0.0,0.2613649368286133
11532,0.0,0.23202228546142578
11533,0.0,0.2169961929321289
11534,0.0,0.17299461364746094
11535,0.0,0.13242530822753906
11536,0.0,0.12161636352539062
11537,0.0,0.14244556427001953
11538,0.0,0.17029285430908203
11539,0.0,0.19975566864013672
11540,0.0,0.24901390075683594
11541,0.0,0.30233287811279297
11542,0.0,0.3810606002807617
11543,0.0,0.44875144958496094
11544,0.0,0.5448246002197266
11545,0.0,0.5930709838867188
11546,0.0,0.70037841796875
11547,0.0,0.7558650970458984
11548,0.0,0.8313875198364258
11549,0.0,0.28183650970458984
11550,0.0,0.5162506103515625
11551,0.0,0.3861064910888672
11552,0.0,0.47193431854248047
11553,0.0,0.49200439453125
11554,0.0,0.5554695129394531
11555,0.0,0.6263456344604492
11556,0.0,0.7290763854980469
11557,0.0,0.8686923980712891
11558,0.0,0.8536558151245117
11559,0.0,0.851130485534668
11560,0.0,0.8470125198364258
11561,0.0,0.8746213912963867
11562,0.0,0.8192281723022461
11563,0.0,0.7668313980102539
11564,0.0,0.7077045440673828
11565,0.0,0.6254653930664062
11566,0.0,0.5547552108764648
11567,0.0,0.4963188171386719
11568,0.0,0.44359683990478516
11569,0.0,0.30936527252197266
11570,0.0,-0.11169242858886719
11571,0.0,-0.5157632827758789
11572,0.0,-0.8020305633544922
11573,0.0,-0.929997444152832
11574,0.0,-0.9653768539428711
11575,0.0,-1.095261573791504
11576,0.0,-1.273026466369629
11577,0.0,-1.5058879852294922
11578,0.0,-1.608750343322754
11579,0.0,-1.6528148651123047
11580,0.0,-0.03108501434326172
11581,0.0,5.642098426818848
11582,2.0,13.918631553649902
11583,12.0,22.649351119995117
11584,25.0,32.69261932373047
11585,33.0,42.629981994628906
11586,38.0,47.219383239746094
11587,40.0,47.589691162109375
11588,42.0,45.89631652832031
11589,44.0,44.20484161376953
11590,46.0,43.22673797607422
11591,49.0,43.70027160644531
11592,50.0,45.06050109863281
11593,52.0,47.05401611328125
11594,52.0,49.48041534423828
11595,54.0,52.197113037109375
11596,54.0,55.42682647705078
11597,54.0,58.68262481689453
11598,55.0,62.7301025390625
11599,54.0,66.62567901611328
11600,55.0,69.51400756835938
11601,55.0,71.31685638427734
11602,56.0,72.36703491210938
11603,58.0,73.37931060791016
11604,61.0,79.22312927246094
11605,63.0,96.27731323242188
11606,58.0,115.49142456054688
11607,90.0,127.41223907470703
11608,90.0,131.48809814453125
11609,86.0,133.06207275390625
11610,85.0,132.14715576171875
11611,87.0,127.74254608154297
11612,76.0,106.25975036621094
11613,66.0,63.789642333984375
11614,51.0,54.063697814941406
11615,38.0,47.30530548095703
11616,42.0,32.762535095214844
11617,50.0,28.66478729248047
11618,36.0,23.461894989013672
11619,28.0,15.108301162719727
11620,13.0,2.762640953063965
11621,2.0,0.47789669036865234
11622,0.0,-0.04554462432861328
11623,0.0,-0.12428855895996094
11624,0.0,-0.13376808166503906
11625,0.0,-0.08141231536865234
11626,0.0,-0.05249500274658203
11627,0.0,-0.030081748962402344
11628,0.0,-0.023929595947265625
11629,0.0,0.007859230041503906
11630,0.0,0.02846050262451172
11631,0.0,0.022630691528320312
11632,0.0,0.0196380615234375
11633,0.0,0.031067848205566406
11634,0.0,0.04839134216308594
11635,0.0,0.04244518280029297
11636,0.0,0.04337501525878906
11637,0.0,0.06197166442871094
11638,0.0,0.07152366638183594
11639,0.0,0.05647850036621094
11640,0.0,0.053154945373535156
11641,0.0,0.07059860229492188
11642,0.0,0.08298587799072266
11643,0.0,0.07038211822509766
11644,0.0,0.06779670715332031
11645,0.0,0.5870628356933594
11646,0.0,0.7526187896728516
11647,0.0,0.6975297927856445
11648,0.0,0.6998071670532227
11649,0.0,0.7345552444458008
11650,0.0,0.7286920547485352
11651,0.0,0.7226905822753906
11652,0.0,0.7149553298950195
11653,0.0,0.7433795928955078
11654,0.0,0.6191806793212891
11655,0.0,0.48673248291015625
11656,0.0,0.3238258361816406
11657,0.0,0.12699127197265625
11658,0.0,-0.034628868103027344
11659,0.0,-0.15826034545898438
11660,0.0,-0.23424339294433594
11661,0.0,-0.29086971282958984
11662,0.0,-0.31720829010009766
11663,0.0,-0.3653116226196289
11664,0.0,-0.44069576263427734
11665,0.0,-0.6279850006103516
11666,0.0,-0.8047246932983398
11667,0.0,-1.0210647583007812
11668,0.0,-1.2603769302368164
11669,0.0,-1.6147384643554688
11670,0.0,-1.7231731414794922
11671,0.0,-1.8025970458984375
11672,0.0,-1.8949756622314453
11673,0.0,-2.0689773559570312
11674,0.0,-2.0805959701538086
11675,0.0,-1.697861671447754
11676,0.0,0.8981380462646484
11677,0.0,7.477650165557861
11678,7.0,17.092252731323242
11679,21.0,28.130142211914062
11680,35.0,39.25621795654297
11681,43.0,49.144287109375
11682,44.0,53.08917999267578
11683,41.0,52.67639923095703
11684,40.0,49.577911376953125
11685,41.0,45.13880157470703
11686,41.0,41.05669403076172
11687,43.0,40.508853912353516
11688,44.0,42.74579620361328
11689,46.0,46.02647399902344
11690,49.0,50.022499084472656
11691,49.0,54.27577209472656
11692,50.0,58.416908264160156
11693,51.0,61.27630615234375
11694,52.0,64.06336212158203
11695,53.0,66.59139251708984
11696,52.0,68.92865753173828
11697,51.0,70.74691772460938
11698,52.0,71.79171752929688
11699,50.0,72.01116943359375
11700,51.0,71.2294921875
11701,49.0,70.57740020751953
11702,48.0,69.5927734375
11703,47.0,68.42106628417969
11704,45.0,66.68890380859375
11705,43.0,65.26734924316406
11706,42.0,63.66527557373047
11707,40.0,62.073638916015625
11708,37.0,60.147735595703125
11709,35.0,58.43805694580078
11710,32.0,56.4603271484375
11711,29.0,54.407691955566406
11712,25.0,52.118804931640625
11713,22.0,49.786277770996094
11714,17.0,43.05930709838867
11715,12.0,35.3983154296875
11716,6.0,25.518386840820312
11717,3.0,11.291851043701172
11718,0.0,3.9528064727783203
11719,0.0,1.4644975662231445
11720,0.0,0.5496940612792969
11721,0.0,0.3303499221801758
11722,0.0,0.26774120330810547
11723,0.0,0.30776405334472656
11724,0.0,0.3741903305053711
11725,0.0,0.4671297073364258
11726,0.0,0.5048513412475586
11727,0.0,0.5535812377929688
11728,0.0,0.5924549102783203
11729,0.0,0.6264972686767578
11730,0.0,0.6680240631103516
11731,0.0,0.6917943954467773
11732,0.0,0.7144050598144531
11733,0.0,0.6992092132568359
11734,0.0,0.7328042984008789
11735,0.0,0.7190237045288086
11736,0.0,0.7144660949707031
11737,0.0,0.6399402618408203
11738,0.0,0.6661062240600586
11739,0.0,0.635772705078125
11740,0.0,0.6399307250976562
11741,0.0,0.1689319610595703
11742,0.0,0.2087879180908203
11743,0.0,0.050567626953125
11744,0.0,0.02428722381591797
11745,0.0,-0.04939746856689453
11746,0.0,-0.06422138214111328
11747,0.0,-0.0936594009399414
11748,0.0,-0.11434459686279297
11749,0.0,-0.16581249237060547
11750,0.0,-0.16925907135009766
11751,0.0,-0.16872406005859375
11752,0.0,-0.1907367706298828
11753,0.0,-0.29616546630859375
11754,0.0,-0.3547344207763672
11755,0.0,-0.45060062408447266
11756,0.0,-0.5719203948974609
11757,0.0,-0.8123064041137695
11758,0.0,-0.911890983581543
11759,0.0,-1.0101251602172852
11760,0.0,-1.1250371932983398
11761,0.0,-1.393202781677246
11762,0.0,-1.4742202758789062
11763,0.0,-1.5668220520019531
11764,0.0,-1.7334365844726562
11765,0.0,-2.035886764526367
11766,0.0,-2.0439634323120117
11767,0.0,-2.1163721084594727
11768,0.0,-2.305025100708008
11769,0.0,-2.4865665435791016
11770,0.0,-2.4391860961914062
11771,0.0,-1.8426904678344727
11772,0.0,0.028142929077148438
11773,0.0,4.97764778137207
11774,10.0,13.29580307006836
11775,26.0,25.382173538208008
11776,40.0,40.40934753417969
11777,46.0,54.813995361328125
11778,48.0,62.92576599121094
11779,46.0,65.77108001708984
11780,42.0,66.90170288085938
11781,40.0,67.124755859375
11782,41.0,64.89242553710938
11783,42.0,60.68877410888672
11784,45.0,56.899932861328125
11785,46.0,56.11170196533203
11786,48.0,57.421783447265625
11787,49.0,60.817726135253906
11788,50.0,66.1794204711914
11789,51.0,70.09580993652344
11790,52.0,72.0627212524414
11791,51.0,72.78203582763672
11792,50.0,72.67178344726562
11793,49.0,72.82978057861328
11794,50.0,72.6673583984375
11795,49.0,72.2520523071289
11796,49.0,71.07074737548828
11797,49.0,70.54866027832031
11798,48.0,69.74958801269531
11799,48.0,68.7871322631836
11800,46.0,67.12980651855469
11801,44.0,65.48309326171875
11802,43.0,63.39300537109375
11803,40.0,61.24507141113281
11804,39.0,58.77385711669922
11805,37.0,55.96624755859375
11806,34.0,52.892127990722656
11807,30.0,49.91423797607422
11808,27.0,46.80036163330078
11809,23.0,43.59455871582031
11810,19.0,37.52732849121094
11811,14.0,30.22547149658203
11812,8.0,19.667591094970703
11813,4.0,7.6667962074279785
11814,0.0,2.6053524017333984
11815,0.0,1.0578622817993164
11816,0.0,0.5016031265258789
11817,0.0,0.47173309326171875
11818,0.0,0.4611797332763672
11819,0.0,0.5187549591064453
11820,0.0,0.5554800033569336
11821,0.0,0.5928878784179688
11822,0.0,0.5763607025146484
11823,0.0,0.5711221694946289
11824,0.0,0.5447216033935547
11825,0.0,0.5018529891967773
11826,0.0,0.45497894287109375
11827,0.0,0.4035959243774414
11828,0.0,0.35082340240478516
11829,0.0,0.25660228729248047
11830,0.0,0.2462482452392578
11831,0.0,0.22187232971191406
11832,0.0,0.21152305603027344
11833,0.0,0.14688873291015625
11834,0.0,0.17171669006347656
11835,0.0,0.1473855972290039
11836,0.0,0.15094661712646484
11837,0.0,0.2068195343017578
11838,0.0,0.1414194107055664
11839,0.0,0.04384899139404297
11840,0.0,0.029448509216308594
11841,0.0,0.019624710083007812
11842,0.0,0.008975028991699219
11843,0.0,0.0010328292846679688
11844,0.0,-0.004565238952636719
11845,0.0,0.014365196228027344
11846,0.0,0.022500991821289062
11847,0.0,0.04636383056640625
11848,0.0,0.04537391662597656
11849,0.0,0.0426177978515625
11850,0.0,0.0022287368774414062
11851,0.0,-0.038954734802246094
11852,0.0,-0.1110076904296875
11853,0.0,-0.15005016326904297
11854,0.0,-0.24381446838378906
11855,0.0,-0.4583244323730469
11856,0.0,-0.8244380950927734
11857,0.0,-1.1789569854736328
11858,0.0,-1.3489923477172852
11859,0.0,-1.5511112213134766
11860,0.0,-1.7836580276489258
11861,0.0,-2.0560989379882812
11862,0.0,-2.1270647048950195
11863,0.0,-2.2821340560913086
11864,0.0,-2.5543365478515625
11865,0.0,-2.766066551208496
11866,0.0,-2.784923553466797
11867,0.0,-2.0291824340820312
11868,0.0,-0.221710205078125
11869,4.0,4.850707530975342
11870,23.0,13.46293830871582
11871,47.0,26.695898056030273
11872,61.0,43.22571563720703
11873,68.0,58.296417236328125
11874,71.0,66.64881896972656
11875,70.0,70.48370361328125
11876,66.0,72.6004638671875
11877,62.0,72.33712005615234
11878,60.0,69.04459381103516
11879,61.0,65.976318359375
11880,62.0,65.68158721923828
11881,63.0,67.21218872070312
11882,65.0,69.06407928466797
11883,66.0,70.9426498413086
11884,66.0,73.1553726196289
11885,67.0,74.90231323242188
11886,68.0,76.15129089355469
11887,67.0,76.94474029541016
11888,68.0,77.2037353515625
11889,69.0,77.4799575805664
11890,70.0,77.30561065673828
11891,72.0,76.79072570800781
11892,74.0,75.65870666503906
11893,76.0,74.79271697998047
11894,79.0,73.50212860107422
11895,83.0,72.1406478881836
11896,82.0,70.59664154052734
11897,80.0,69.49149322509766
11898,78.0,68.04700469970703
11899,77.0,66.67564392089844
11900,69.0,64.74798583984375
11901,64.0,62.755859375
11902,59.0,60.23075866699219
11903,53.0,57.33318328857422
11904,46.0,53.11933135986328
11905,48.0,48.61736297607422
11906,41.0,41.01476287841797
11907,26.0,32.025367736816406
11908,11.0,22.67239761352539
11909,4.0,10.131909370422363
11910,2.0,3.4272756576538086
11911,0.0,1.3217449188232422
11912,0.0,0.5500545501708984
11913,0.0,0.39819908142089844
11914,0.0,0.29429149627685547
11915,0.0,0.25334739685058594
11916,0.0,0.19173240661621094
11917,0.0,0.17119789123535156
11918,0.0,0.12541866302490234
11919,0.0,0.12033271789550781
11920,0.0,0.10685443878173828
11921,0.0,0.11113357543945312
11922,0.0,0.0869741439819336
11923,0.0,0.0026903152465820312
11924,0.0,-0.041919708251953125
11925,0.0,-0.08590412139892578
11926,0.0,-0.10259056091308594
11927,0.0,-0.1455698013305664
11928,0.0,-0.18379783630371094
11929,0.0,-0.2253570556640625
11930,0.0,-0.2198801040649414
11931,0.0,-0.2754993438720703
11932,0.0,-0.28747081756591797
11933,0.0,-0.22259902954101562
11934,0.0,-0.1259937286376953
11935,0.0,-0.17458820343017578
11936,0.0,-0.2110586166381836
11937,0.0,-0.28996753692626953
11938,0.0,-0.30777454376220703
11939,0.0,-0.2922067642211914
11940,0.0,-0.23108863830566406
11941,0.0,-0.1601114273071289
11942,0.0,-0.15109634399414062
11943,0.0,-0.15315532684326172
11944,0.0,-0.16069316864013672
11945,0.0,-0.19063949584960938
11946,0.0,-0.188568115234375
11947,0.0,-0.17587661743164062
11948,0.0,-0.1193704605102539
11949,0.0,-0.07116127014160156
11950,0.0,-0.08112525939941406
11951,0.0,-0.0901651382446289
11952,0.0,-0.10123443603515625
11953,0.0,-0.12412071228027344
11954,0.0,-0.1915445327758789
11955,0.0,-0.2852134704589844
11956,0.0,-0.33831119537353516
11957,0.0,-0.3003215789794922
11958,0.0,-0.2588186264038086
11959,0.0,-0.2485055923461914
11960,0.0,-0.2530097961425781
11961,0.0,-0.26589298248291016
11962,0.0,-0.24526596069335938
11963,0.0,0.045823097229003906
11964,0.0,1.1831722259521484
11965,0.0,4.998851776123047
11966,1.0,12.90053939819336
11967,6.0,30.101167678833008
11968,8.0,52.11400604248047
11969,22.0,69.65538787841797
11970,68.0,83.58840942382812
11971,95.0,94.55502319335938
11972,100.0,103.8742904663086
11973,101.0,112.04447174072266
11974,110.0,119.73950958251953
11975,124.0,127.26461791992188
11976,115.0,136.51473999023438
11977,158.0,148.23779296875
11978,161.0,161.92527770996094
11979,188.0,178.20266723632812
11980,198.0,196.04345703125
11981,172.0,209.92454528808594
11982,151.0,218.91148376464844
11983,144.0,223.71792602539062
11984,174.0,224.95053100585938
11985,178.0,219.7953643798828
11986,215.0,210.8588104248047
11987,255.0,203.4405517578125
11988,251.0,198.65357971191406
11989,215.0,195.9037628173828
11990,178.0,194.63198852539062
11991,178.0,193.16773986816406
11992,205.0,190.61766052246094
11993,199.0,185.22564697265625
11994,179.0,176.52835083007812
11995,180.0,167.11541748046875
11996,180.0,156.78677368164062
11997,140.0,146.1829376220703
11998,80.0,129.54522705078125
11999,71.0,108.37859344482422
12000,61.0,87.85079956054688
12001,56.0,72.41776275634766
12002,45.0,58.22611999511719
12003,32.0,42.28871154785156
12004,21.0,29.075788497924805
12005,9.0,18.933040618896484
12006,3.0,6.4500603675842285
12007,0.0,2.136524200439453
12008,0.0,0.8870964050292969
12009,0.0,0.602879524230957
12010,0.0,0.47651004791259766
12011,0.0,0.4028453826904297
12012,0.0,0.31827640533447266
12013,0.0,0.29188060760498047
12014,0.0,0.2613792419433594
12015,0.0,0.2389984130859375
12016,0.0,0.21663188934326172
12017,0.0,0.19802570343017578
12018,0.0,0.17011260986328125
12019,0.0,0.1513662338256836
12020,0.0,0.1343069076538086
12021,0.0,0.11209869384765625
12022,0.0,0.08909130096435547
12023,0.0,0.056954383850097656
12024,0.0,0.024648666381835938
12025,0.0,-0.03013324737548828
12026,0.0,-0.053478240966796875
12027,0.0,-0.0790548324584961
12028,0.0,-0.09710884094238281
12029,0.0,-0.09722328186035156
12030,0.0,-0.058798789978027344
12031,0.0,-0.05150890350341797
12032,0.0,-0.014794349670410156
12033,0.0,0.014801979064941406
12034,0.0,0.005913734436035156
12035,0.0,-0.010645866394042969
12036,0.0,-0.022986412048339844
12037,0.0,-0.05471992492675781
12038,0.0,-0.08297538757324219
12039,0.0,-0.11645030975341797
12040,0.0,-0.10403156280517578
12041,0.0,-0.09339141845703125
12042,0.0,-0.0643777847290039
12043,0.0,-0.048621177673339844
12044,0.0,-0.04323577880859375
12045,0.0,-0.028125762939453125
12046,0.0,-0.025872230529785156
12047,0.0,-0.027853012084960938
12048,0.0,-0.036830902099609375
12049,0.0,-0.018975257873535156
12050,0.0,-0.025320053100585938
12051,0.0,-0.04431629180908203
12052,0.0,-0.0770721435546875
12053,0.0,-0.07882881164550781
12054,0.0,-0.09412860870361328
12055,0.0,-0.17405223846435547
12056,0.0,-0.4734954833984375
12057,0.0,-1.180776596069336
12058,0.0,-1.6098108291625977
12059,0.0,-0.505732536315918
12060,1.0,4.143932342529297
12061,3.0,19.87958335876465
12062,33.0,49.00199890136719
12063,62.0,85.67642211914062
12064,76.0,113.02730560302734
12065,84.0,122.9268569946289
12066,88.0,123.01693725585938
12067,86.0,119.240234375
12068,85.0,115.00408172607422
12069,83.0,107.71113586425781
12070,82.0,100.65753936767578
12071,83.0,96.06944274902344
12072,85.0,93.8336181640625
12073,86.0,92.01947784423828
12074,89.0,90.9537582397461
12075,90.0,90.67254638671875
12076,91.0,90.35418701171875
12077,93.0,90.2798080444336
12078,93.0,89.32127380371094
12079,94.0,88.19902038574219
12080,98.0,87.41927337646484
12081,103.0,86.493896484375
12082,104.0,84.37728118896484
12083,106.0,82.48002624511719
12084,115.0,79.62337493896484
12085,118.0,77.27457427978516
12086,116.0,77.88639068603516
12087,120.0,81.55831146240234
12088,110.0,83.67070770263672
12089,129.0,82.85906219482422
12090,131.0,81.85099029541016
12091,119.0,80.7898941040039
12092,96.0,78.29190063476562
12093,80.0,76.24219512939453
12094,78.0,74.4117660522461
12095,74.0,72.90530395507812
12096,69.0,70.02296447753906
12097,66.0,64.4096450805664
12098,62.0,49.85676574707031
12099,61.0,35.57757568359375
12100,38.0,26.087570190429688
12101,24.0,11.840822219848633
12102,8.0,2.7586231231689453
12103,0.0,0.5677223205566406
12104,0.0,0.09448909759521484
12105,0.0,0.052303314208984375
12106,0.0,0.008214950561523438
12107,0.0,-0.0061740875244140625
12108,0.0,-0.022871971130371094
12109,0.0,-0.016534805297851562
12110,0.0,-0.019931793212890625
12111,0.0,-0.026534080505371094
12112,0.0,-0.043892860412597656
12113,0.0,-0.061882972717285156
12114,0.0,-0.09282875061035156
12115,0.0,-0.12793445587158203
12116,0.0,-0.17093181610107422
12117,0.0,-0.22783184051513672
12118,0.0,-0.21857643127441406
12119,0.0,-0.20689105987548828
12120,0.0,-0.18764972686767578
12121,0.0,-0.1792469024658203
12122,0.0,-0.16376018524169922
12123,0.0,-0.14948749542236328
12124,0.0,-0.1297016143798828
12125,0.0,-0.06708049774169922
12126,0.0,-0.04828834533691406
12127,0.0,-0.09634971618652344
12128,0.0,-0.09974002838134766
12129,0.0,-0.14290523529052734
12130,0.0,-0.13872814178466797
12131,0.0,-0.15116596221923828
12132,0.0,-0.1662769317626953
12133,0.0,-0.20554351806640625
12134,0.0,-0.20024394989013672
12135,0.0,-0.18441009521484375
12136,0.0,-0.16020584106445312
12137,0.0,-0.16071605682373047
12138,0.0,-0.1037454605102539
12139,0.0,-0.036106109619140625
12140,0.0,0.044096946716308594
12141,0.0,0.08377265930175781
12142,0.0,0.06903076171875
12143,0.0,0.03752326965332031
12144,0.0,0.014940261840820312
12145,0.0,-0.0953664779663086
12146,0.0,-0.23212146759033203
12147,0.0,-0.4645366668701172
12148,0.0,-0.6431484222412109
12149,0.0,-0.7904901504516602
12150,0.0,-0.813878059387207
12151,0.0,-0.8703184127807617
12152,0.0,-0.8963108062744141
12153,0.0,-0.9748601913452148
12154,0.0,-0.7760086059570312
12155,0.0,0.3093576431274414
12156,0.0,2.593350410461426
12157,0.0,6.8111419677734375
12158,3.0,13.05128288269043
12159,28.0,25.01726722717285
12160,43.0,46.46345520019531
12161,63.0,66.7026596069336
12162,39.0,81.41854858398438
12163,40.0,89.79188537597656
12164,26.0,93.45075988769531
12165,45.0,93.16387939453125
12166,48.0,92.47482299804688
12167,58.0,93.57846069335938
12168,110.0,97.06122589111328
12169,180.0,101.8707275390625
12170,172.0,109.10265350341797
12171,192.0,122.80470275878906
12172,205.0,140.22482299804688
12173,250.0,157.9630889892578
12174,229.0,174.69900512695312
12175,253.0,174.73980712890625
12176,130.0,177.65777587890625
12177,136.0,196.9258270263672
12178,152.0,213.6761474609375
12179,177.0,230.11264038085938
12180,82.0,241.74749755859375
12181,99.0,241.2994384765625
12182,127.0,232.83743286132812
12183,90.0,221.28086853027344
12184,142.0,212.68165588378906
12185,196.0,207.4902801513672
12186,177.0,199.16363525390625
12187,166.0,187.33364868164062
12188,149.0,174.0994873046875
12189,156.0,153.4739990234375
12190,98.0,132.03298950195312
12191,54.0,114.7848129272461
12192,44.0,98.81163787841797
12193,59.0,81.53681182861328
12194,64.0,61.32612609863281
12195,52.0,37.436248779296875
12196,30.0,17.905780792236328
12197,12.0,7.051153182983398
12198,0.0,2.240468978881836
12199,0.0,0.8220071792602539
12200,0.0,0.3826446533203125
12201,0.0,0.3951148986816406
12202,0.0,0.38959503173828125
12203,0.0,0.39598751068115234
12204,0.0,0.3878812789916992
12205,0.0,0.3950796127319336
12206,0.0,0.34563446044921875
12207,0.0,0.3267803192138672
12208,0.0,0.3257627487182617
12209,0.0,0.3375387191772461
12210,0.0,0.37155914306640625
12211,0.0,0.43779850006103516
12212,0.0,0.5202398300170898
12213,0.0,0.601597785949707
12214,0.0,0.7132778167724609
12215,0.0,0.759974479675293
12216,0.0,0.7651643753051758
12217,0.0,0.6770219802856445
12218,0.0,0.6668548583984375
12219,0.0,0.6042251586914062
12220,0.0,0.5595417022705078
12221,0.0,0.06798171997070312
12222,0.0,-0.05231189727783203
12223,0.0,-0.10721969604492188
12224,0.0,-0.1271038055419922
12225,0.0,-0.14849472045898438
12226,0.0,-0.15227890014648438
12227,0.0,-0.1588277816772461
12228,0.0,-0.16353416442871094
12229,0.0,-0.17151355743408203
12230,0.0,-0.16424274444580078
12231,0.0,-0.15630245208740234
12232,0.0,-0.1430368423461914
12233,0.0,-0.1500234603881836
12234,0.0,-0.16154861450195312
12235,0.0,-0.17632770538330078
12236,0.0,-0.19861984252929688
12237,0.0,-0.2228097915649414
12238,0.0,-0.18429088592529297
12239,0.0,-0.17870140075683594
12240,0.0,-0.19903087615966797
12241,0.0,-0.2795858383178711
12242,0.0,-0.4141387939453125
12243,0.0,-0.46581363677978516
12244,0.0,-0.539088249206543
12245,0.0,-0.5965738296508789
12246,0.0,-0.5265970230102539
12247,0.0,-0.6070966720581055
12248,0.0,-0.781982421875
12249,0.0,-1.2076025009155273
12250,0.0,-1.8654308319091797
12251,0.0,-1.7996101379394531
12252,0.0,-0.2264881134033203
12253,13.0,7.814420223236084
12254,66.0,30.529743194580078
12255,113.0,61.966163635253906
12256,113.0,88.35415649414062
12257,104.0,107.31756591796875
12258,93.0,118.50869750976562
12259,89.0,123.20674133300781
12260,85.0,122.58869171142578
12261,91.0,121.78410339355469
12262,86.0,122.95613098144531
12263,81.0,129.02723693847656
12264,78.0,139.5989532470703
12265,82.0,144.8956756591797
12266,88.0,133.05325317382812
12267,96.0,109.87852478027344
12268,100.0,104.47379302978516
12269,95.0,103.19649505615234
12270,95.0,102.6524658203125
12271,97.0,102.31321716308594
12272,88.0,102.3780517578125
12273,90.0,103.4939956665039
12274,89.0,104.16341400146484
12275,89.0,105.3136978149414
12276,86.0,109.82255554199219
12277,83.0,121.6834487915039
12278,80.0,128.2371368408203
12279,78.0,130.01739501953125
12280,78.0,128.11904907226562
12281,85.0,122.96507263183594
12282,94.0,119.55455017089844
12283,69.0,119.81716918945312
12284,75.0,119.37145233154297
12285,78.0,109.86681365966797
12286,75.0,99.7485580444336
12287,66.0,89.95732879638672
12288,52.0,75.13059997558594
12289,53.0,53.32190704345703
12290,47.0,35.09033966064453
12291,20.0,26.31879425048828
12292,2.0,14.922871589660645
12293,0.0,3.7929654121398926
12294,0.0,0.8361377716064453
12295,0.0,0.14437198638916016
12296,0.0,-0.08016109466552734
12297,0.0,-0.1131296157836914
12298,0.0,-0.14461517333984375
12299,0.0,-0.15785789489746094
12300,0.0,-0.17347431182861328
12301,0.0,-0.16798114776611328
12302,0.0,-0.16405773162841797
12303,0.0,-0.1521615982055664
12304,0.0,-0.14446735382080078
12305,0.0,-0.13729476928710938
12306,0.0,-0.13927650451660156
12307,0.0,-0.13678836822509766
12308,0.0,-0.13696765899658203
12309,0.0,-0.14692115783691406
12310,0.0,-0.14736366271972656
12311,0.0,-0.1461782455444336
12312,0.0,-0.1434030532836914
12313,0.0,-0.1593761444091797
12314,0.0,-0.1689615249633789
12315,0.0,-0.17705917358398438
12316,0.0,-0.18372249603271484
12317,0.0,-0.2514686584472656
12318,0.0,-0.2689237594604492
12319,0.0,-0.26936912536621094
12320,0.0,-0.2654914855957031
12321,0.0,-0.28137969970703125
12322,0.0,-0.27060508728027344
12323,0.0,-0.26791954040527344
12324,0.0,-0.26002979278564453
12325,0.0,-0.27422046661376953
12326,0.0,-0.2627716064453125
12327,0.0,-0.2590465545654297
12328,0.0,-0.25257301330566406
12329,0.0,-0.27349281311035156
12330,0.0,-0.2667732238769531
12331,0.0,-0.26668262481689453
12332,0.0,-0.25970935821533203
12333,0.0,-0.27330589294433594
12334,0.0,-0.2632465362548828
12335,0.0,-0.2649879455566406
12336,0.0,-0.2636146545410156
12337,0.0,-0.27980995178222656
12338,0.0,-0.27130985260009766
12339,0.0,-0.22391796112060547
12340,0.0,-0.07027721405029297
12341,0.0,0.2881460189819336
12342,0.0,0.35160064697265625
12343,0.0,0.26941680908203125
12344,0.0,0.12708091735839844
12345,0.0,0.22165489196777344
12346,0.0,0.8718852996826172
12347,0.0,2.217550277709961
12348,0.0,3.970879077911377
12349,0.0,5.821390628814697
12350,1.0,7.909185409545898
12351,6.0,10.837944984436035
12352,22.0,17.261280059814453
12353,44.0,34.97113800048828
12354,42.0,54.425392150878906
12355,50.0,67.99874877929688
12356,39.0,75.67936706542969
12357,88.0,78.54942321777344
12358,97.0,81.84749603271484
12359,99.0,89.92466735839844
12360,129.0,105.43325805664062
12361,237.0,127.80174255371094
12362,153.0,149.7117919921875
12363,74.0,171.97113037109375
12364,103.0,208.12001037597656
12365,192.0,243.8804168701172
12366,202.0,268.408935546875
12367,173.0,289.4753112792969
12368,291.0,307.11883544921875
12369,319.0,316.6047668457031
12370,208.0,318.9378967285156
12371,209.0,318.5176696777344
12372,257.0,314.5256652832031
12373,250.0,305.7160339355469
12374,232.0,294.5244140625
12375,74.0,282.42327880859375
12376,255.0,268.0521545410156
12377,270.0,251.65647888183594
12378,230.0,214.4682159423828
12379,160.0,179.72720336914062
12380,117.0,157.57798767089844
12381,143.0,131.442626953125
12382,142.0,116.17037963867188
12383,151.0,105.9827651977539
12384,106.0,94.39273071289062
12385,80.0,77.41053771972656
12386,48.0,58.027748107910156
12387,40.0,38.893978118896484
12388,25.0,24.696529388427734
12389,10.0,11.987229347229004
12390,2.0,3.191361427307129
12391,0.0,0.9318437576293945
12392,0.0,0.36136436462402344
12393,0.0,0.32926273345947266
12394,0.0,0.2817068099975586
12395,0.0,0.21479511260986328
12396,0.0,0.15650463104248047
12397,0.0,0.09799575805664062
12398,0.0,0.048783302307128906
12399,0.0,0.042751312255859375
12400,0.0,0.023351669311523438
12401,0.0,0.032629966735839844
12402,0.0,0.032034873962402344
12403,0.0,0.027413368225097656
12404,0.0,0.024562835693359375
12405,0.0,0.02189350128173828
12406,0.0,0.035511016845703125
12407,0.0,0.0649423599243164
12408,0.0,0.09116554260253906
12409,0.0,0.12317943572998047
12410,0.0,0.19217681884765625
12411,0.0,0.13809585571289062
12412,0.0,0.10258197784423828
12413,0.0,0.03020954132080078
12414,0.0,0.012553215026855469
12415,0.0,-0.010962486267089844
12416,0.0,-0.042301177978515625
12417,0.0,-0.07059764862060547
12418,0.0,-0.13564109802246094
12419,0.0,-0.19329071044921875
12420,0.0,-0.2307443618774414
12421,0.0,-0.23664569854736328
12422,0.0,-0.1971912384033203
12423,0.0,-0.15598201751708984
12424,0.0,-0.1424245834350586
12425,0.0,-0.08865165710449219
12426,0.0,-0.06664085388183594
12427,0.0,-0.04616069793701172
12428,0.0,0.000270843505859375
12429,0.0,0.07867908477783203
12430,0.0,0.11246681213378906
12431,0.0,0.1372518539428711
12432,0.0,0.1363229751586914
12433,0.0,0.11592960357666016
12434,0.0,0.08335018157958984
12435,0.0,0.01692676544189453
12436,0.0,-0.03638267517089844
12437,0.0,-0.12524032592773438
12438,0.0,-0.1972808837890625
12439,0.0,-0.2889108657836914
12440,0.0,-0.33550548553466797
12441,0.0,-0.03573131561279297
12442,0.0,0.9553384780883789
12443,0.0,2.8651952743530273
12444,0.0,5.790122032165527
12445,0.0,10.871461868286133
12446,2.0,20.604888916015625
12447,4.0,36.878665924072266
12448,21.0,54.48523712158203
12449,126.0,69.43548583984375
12450,134.0,83.72276306152344
12451,188.0,97.23954772949219
12452,144.0,109.59562683105469
12453,100.0,119.63060760498047
12454,135.0,126.54576873779297
12455,197.0,132.07643127441406
12456,214.0,138.92950439453125
12457,239.0,149.23338317871094
12458,207.0,164.32736206054688
12459,172.0,174.0167236328125
12460,204.0,176.66952514648438
12461,234.0,173.33786010742188
12462,157.0,168.6810760498047
12463,117.0,167.2967529296875
12464,177.0,175.74456787109375
12465,188.0,214.57675170898438
12466,177.0,227.34666442871094
12467,192.0,216.03790283203125
12468,179.0,199.1785888671875
12469,212.0,173.89451599121094
12470,202.0,174.19837951660156
12471,218.0,175.66976928710938
12472,173.0,166.13011169433594
12473,145.0,151.95196533203125
12474,195.0,141.32701110839844
12475,152.0,132.00265502929688
12476,99.0,119.96627807617188
12477,68.0,102.44286346435547
12478,59.0,85.11156463623047
12479,92.0,73.33514404296875
12480,81.0,63.55772399902344
12481,74.0,52.70655822753906
12482,53.0,37.578887939453125
12483,33.0,24.11139678955078
12484,24.0,10.798860549926758
12485,19.0,3.7516140937805176
12486,1.0,1.196619987487793
12487,0.0,0.46689414978027344
12488,0.0,0.1821117401123047
12489,0.0,0.23235797882080078
12490,0.0,0.27977466583251953
12491,0.0,0.30942344665527344
12492,0.0,0.3630704879760742
12493,0.0,0.4470033645629883
12494,0.0,0.4951772689819336
12495,0.0,0.5790424346923828
12496,0.0,0.6316795349121094
12497,0.0,0.6935062408447266
12498,0.0,0.7195987701416016
12499,0.0,0.7129364013671875
12500,0.0,0.6799306869506836
12501,0.0,0.6477756500244141
12502,0.0,0.5629138946533203
12503,0.0,0.4953126907348633
12504,0.0,0.41723155975341797
12505,0.0,0.34189891815185547
12506,0.0,0.29503726959228516
12507,0.0,0.24461936950683594
12508,0.0,0.22826862335205078
12509,0.0,0.4084596633911133
12510,0.0,0.5523767471313477
12511,0.0,0.4102048873901367
12512,0.0,0.40106773376464844
12513,0.0,0.33240413665771484
12514,0.0,0.18264484405517578
12515,0.0,0.08663558959960938
12516,0.0,0.0025358200073242188
12517,0.0,-0.10382843017578125
12518,0.0,-0.1410961151123047
12519,0.0,-0.1592540740966797
12520,0.0,-0.16793537139892578
12521,0.0,-0.1845388412475586
12522,0.0,-0.20202064514160156
12523,0.0,-0.231781005859375
12524,0.0,-0.261566162109375
12525,0.0,-0.317596435546875
12526,0.0,-0.36418724060058594
12527,0.0,-0.41434669494628906
12528,0.0,-0.4781761169433594
12529,0.0,-0.5905666351318359
12530,0.0,-0.6766395568847656
12531,0.0,-0.8209686279296875
12532,0.0,-0.9871692657470703
12533,0.0,-1.184788703918457
12534,0.0,-1.1686067581176758
12535,0.0,-0.8932676315307617
12536,0.0,-0.44161128997802734
12537,0.0,0.09715652465820312
12538,0.0,0.5287351608276367
12539,0.0,2.136654853820801
12540,0.0,6.118245601654053
12541,1.0,18.13762092590332
12542,10.0,39.14109802246094
12543,57.0,59.510040283203125
12544,72.0,75.40723419189453
12545,84.0,88.15479278564453
12546,139.0,97.04742431640625
12547,151.0,103.5962905883789
12548,178.0,109.97376251220703
12549,192.0,119.0304183959961
12550,149.0,132.58932495117188
12551,110.0,143.88327026367188
12552,110.0,140.13674926757812
12553,101.0,125.14906311035156
12554,107.0,112.28111267089844
12555,110.0,105.14773559570312
12556,94.0,100.8070297241211
12557,90.0,97.51557159423828
12558,90.0,95.01654052734375
12559,97.0,94.95235443115234
12560,124.0,99.42979431152344
12561,135.0,112.64491271972656
12562,159.0,125.60183715820312
12563,134.0,133.30780029296875
12564,136.0,136.34841918945312
12565,186.0,134.95887756347656
12566,242.0,131.2880859375
12567,240.0,127.75314331054688
12568,198.0,123.88752746582031
12569,178.0,120.9353256225586
12570,209.0,121.6873779296875
12571,131.0,119.3176040649414
12572,103.0,112.95874786376953
12573,72.0,108.03471374511719
12574,52.0,101.69676208496094
12575,39.0,93.62207794189453
12576,51.0,84.20132446289062
12577,75.0,70.65108489990234
12578,33.0,53.26873779296875
12579,19.0,37.649932861328125
12580,7.0,26.14768409729004
12581,4.0,20.177183151245117
12582,0.0,4.935191631317139
12583,0.0,0.33817386627197266
12584,0.0,-0.1299266815185547
12585,0.0,-0.14084815979003906
12586,0.0,-0.17802143096923828
12587,0.0,-0.19635581970214844
12588,0.0,-0.21300315856933594
12589,0.0,-0.18103885650634766
12590,0.0,-0.2053995132446289
12591,0.0,-0.17661762237548828
12592,0.0,-0.13022899627685547
12593,0.0,-0.05513954162597656
12594,0.0,-0.10011672973632812
12595,0.0,-0.0220794677734375
12596,0.0,0.0206146240234375
12597,0.0,0.06816959381103516
12598,0.0,0.0982370376586914
12599,0.0,0.10322093963623047
12600,0.0,0.11608314514160156
12601,0.0,0.11332321166992188
12602,0.0,0.16507244110107422
12603,0.0,0.21599388122558594
12604,0.0,0.352630615234375
12605,0.0,0.20653629302978516
12606,0.0,0.37232112884521484
12607,0.0,0.3400554656982422
12608,0.0,0.30123138427734375
12609,0.0,0.1760082244873047
12610,0.0,0.0812673568725586
12611,0.0,-0.01927661895751953
12612,0.0,-0.08826446533203125
12613,0.0,-0.163787841796875
12614,0.0,-0.1665210723876953
12615,0.0,-0.18239879608154297
12616,0.0,-0.1775684356689453
12617,0.0,-0.20540428161621094
12618,0.0,-0.2118701934814453
12619,0.0,-0.23027706146240234
12620,0.0,-0.30111217498779297
12621,0.0,-0.6823463439941406
12622,0.0,-0.7206010818481445
12623,0.0,-0.8691511154174805
12624,0.0,-0.9922933578491211
12625,0.0,-1.360372543334961
12626,0.0,-1.283146858215332
12627,0.0,-1.398916244506836
12628,0.0,-1.5018815994262695
12629,0.0,-1.966644287109375
12630,0.0,-2.0681943893432617
12631,0.0,-2.1999998092651367
12632,0.0,-2.320140838623047
12633,0.0,-3.305697441101074
12634,0.0,-3.0249271392822266
12635,0.0,0.36197853088378906
12636,0.0,9.707751274108887
12637,24.0,26.397205352783203
12638,31.0,47.107566833496094
12639,97.0,66.51121520996094
12640,161.0,82.34347534179688
12641,129.0,95.57205963134766
12642,181.0,104.54444122314453
12643,211.0,110.34347534179688
12644,180.0,114.77787780761719
12645,170.0,120.13080596923828
12646,189.0,126.83184051513672
12647,245.0,134.38235473632812
12648,200.0,142.8759765625
12649,257.0,152.6869354248047
12650,227.0,161.61917114257812
12651,219.0,172.84927368164062
12652,217.0,184.16127014160156
12653,178.0,192.18124389648438
12654,153.0,194.40451049804688
12655,218.0,189.38340759277344
12656,259.0,178.7023468017578
12657,232.0,174.58921813964844
12658,253.0,176.27835083007812
12659,237.0,185.64076232910156
12660,177.0,195.66598510742188
12661,225.0,205.05650329589844
12662,144.0,208.5045623779297
12663,102.0,214.72293090820312
12664,110.0,227.50082397460938
12665,166.0,238.1446075439453
12666,129.0,241.23635864257812
12667,101.0,238.25
12668,139.0,221.83615112304688
12669,146.0,195.5119171142578
12670,125.0,174.59532165527344
12671,77.0,157.90248107910156
12672,67.0,132.60777282714844
12673,62.0,108.51933288574219
12674,53.0,89.18265533447266
12675,51.0,66.25847625732422
12676,48.0,41.4260368347168
12677,35.0,23.105127334594727
12678,11.0,4.258813858032227
12679,1.0,0.5018739700317383
12680,0.0,0.1374034881591797
12681,0.0,0.10379600524902344
12682,0.0,-0.03287792205810547
12683,0.0,-0.09225177764892578
12684,0.0,-0.15948486328125
12685,0.0,-0.12839412689208984
12686,0.0,-0.1620340347290039
12687,0.0,-0.16701221466064453
12688,0.0,-0.1692657470703125
12689,0.0,-0.13100814819335938
12690,0.0,-0.16882610321044922
12691,0.0,-0.12886905670166016
12692,0.0,-0.1360950469970703
12693,0.0,-0.0631103515625
12694,0.0,0.06765556335449219
12695,0.0,0.03050994873046875
12696,0.0,0.047654151916503906
12697,0.0,0.060730934143066406
12698,0.0,0.022545814514160156
12699,0.0,0.018532752990722656
12700,0.0,-0.004385948181152344
12701,0.0,0.15758132934570312
12702,0.0,0.15194225311279297
12703,0.0,0.1457042694091797
12704,0.0,0.12630462646484375
12705,0.0,0.10613059997558594
12706,0.0,0.1067657470703125
12707,0.0,0.121337890625
12708,0.0,0.13533401489257812
12709,0.0,0.1510171890258789
12710,0.0,0.1657276153564453
12711,0.0,0.17522525787353516
12712,0.0,0.18579959869384766
12713,0.0,0.1937236785888672
12714,0.0,0.1937417984008789
12715,0.0,0.1840353012084961
12716,0.0,0.1778707504272461
12717,0.0,0.1738739013671875
12718,0.0,0.17768096923828125
12719,0.0,0.17893314361572266
12720,0.0,0.1859283447265625
12721,0.0,0.1915111541748047
12722,0.0,0.2238311767578125
12723,0.0,0.23835468292236328
12724,0.0,0.25104331970214844
12725,0.0,0.2686185836791992
12726,0.0,0.30144596099853516
12727,0.0,0.33415699005126953
12728,0.0,0.3852558135986328
12729,0.0,0.47674083709716797
12730,0.0,0.5705528259277344
12731,0.0,0.736689567565918
12732,0.0,1.1421289443969727
12733,0.0,2.135209083557129
12734,0.0,3.4631567001342773
12735,0.0,5.714214324951172
12736,0.0,10.886985778808594
12737,1.0,20.396751403808594
12738,4.0,32.837364196777344
12739,9.0,46.33898162841797
12740,5.0,58.852508544921875
12741,8.0,66.43911743164062
12742,28.0,74.43632507324219
12743,42.0,83.67140197753906
12744,50.0,94.17559051513672
12745,44.0,108.44778442382812
12746,40.0,123.06900787353516
12747,51.0,138.4907684326172
12748,53.0,155.5499725341797
12749,64.0,175.3480987548828
12750,148.0,193.36155700683594
12751,272.0,207.75709533691406
12752,269.0,218.19528198242188
12753,219.0,219.1407012939453
12754,259.0,216.6742706298828
12755,294.0,220.175048828125
12756,183.0,225.3654022216797
12757,178.0,228.3373260498047
12758,268.0,221.73695373535156
12759,235.0,213.19676208496094
12760,144.0,206.00123596191406
12761,61.0,197.9496612548828
12762,131.0,190.45724487304688
12763,131.0,183.92617797851562
12764,134.0,177.8730010986328
12765,107.0,172.62855529785156
12766,108.0,164.41578674316406
12767,86.0,142.536865234375
12768,62.0,113.29698181152344
12769,51.0,89.43355560302734
12770,44.0,63.30335998535156
12771,39.0,32.84931182861328
12772,22.0,9.09687614440918
12773,8.0,1.7038240432739258
12774,1.0,0.19811248779296875
12775,0.0,-0.005097389221191406
12776,0.0,0.014758110046386719
12777,0.0,0.12242412567138672
12778,0.0,0.14841556549072266
12779,0.0,0.19312286376953125
12780,0.0,0.20882892608642578
12781,0.0,0.2390909194946289
12782,0.0,0.23269176483154297
12783,0.0,0.2117919921875
12784,0.0,0.20000839233398438
12785,0.0,0.1978902816772461
12786,0.0,0.19071388244628906
12787,0.0,0.1517353057861328
12788,0.0,0.13599491119384766
12789,0.0,0.12401580810546875
12790,0.0,0.12512969970703125
12791,0.0,0.11381340026855469
12792,0.0,0.12513351440429688
12793,0.0,0.11913013458251953
12794,0.0,0.1007547378540039
12795,0.0,0.0642709732055664
12796,0.0,0.036060333251953125
12797,0.0,0.022060394287109375
12798,0.0,0.02277374267578125
12799,0.0,0.050690650939941406
12800,0.0,0.08076953887939453
12801,0.0,0.10617446899414062
12802,0.0,0.17182445526123047
12803,0.0,0.24472904205322266
12804,0.0,0.33591651916503906
12805,0.0,0.45705604553222656
12806,0.0,0.42531299591064453
12807,0.0,0.411529541015625
12808,0.0,0.3948240280151367
12809,0.0,0.37682056427001953
12810,0.0,0.40962696075439453
12811,0.0,0.4158506393432617
12812,0.0,0.41472625732421875
12813,0.0,0.3638420104980469
12814,0.0,0.28157806396484375
12815,0.0,0.22577190399169922
12816,0.0,0.16884517669677734
12817,0.0,0.06361579895019531
12818,0.0,0.07483386993408203
12819,0.0,0.14090442657470703
12820,0.0,0.21513843536376953
12821,0.0,0.3446674346923828
12822,0.0,0.43822288513183594
12823,0.0,0.49236392974853516
12824,0.0,0.5403738021850586
12825,0.0,0.726959228515625
12826,0.0,1.0746393203735352
12827,0.0,1.468064308166504
12828,0.0,1.875387191772461
12829,0.0,2.45550537109375
12830,0.0,3.1490564346313477
12831,2.0,4.0557146072387695
12832,2.0,5.9226531982421875
12833,8.0,11.04377555847168
12834,38.0,21.148937225341797
12835,79.0,34.71916198730469
12836,136.0,51.49653625488281
12837,120.0,67.18963623046875
12838,180.0,81.58222198486328
12839,223.0,97.42902374267578
12840,253.0,112.466552734375
12841,223.0,128.16827392578125
12842,245.0,147.71981811523438
12843,280.0,162.2210235595703
12844,263.0,169.75331115722656
12845,282.0,174.41232299804688
12846,273.0,176.7892608642578
12847,244.0,180.10482788085938
12848,211.0,183.23561096191406
12849,280.0,183.0592041015625
12850,254.0,179.1842803955078
12851,234.0,174.4622802734375
12852,319.0,172.26112365722656
12853,261.0,173.44256591796875
12854,230.0,175.19589233398438
12855,176.0,175.03053283691406
12856,156.0,171.34471130371094
12857,164.0,164.60867309570312
12858,149.0,154.4396209716797
12859,160.0,141.09164428710938
12860,120.0,125.13368225097656
12861,107.0,111.79901885986328
12862,104.0,100.87571716308594
12863,82.0,91.30966186523438
12864,62.0,81.11038208007812
12865,57.0,71.51409912109375
12866,50.0,61.86973571777344
12867,41.0,49.5379638671875
12868,33.0,31.67314338684082
12869,22.0,21.45920181274414
12870,9.0,8.53146743774414
12871,1.0,2.0855159759521484
12872,0.0,0.6247501373291016
12873,0.0,0.5198144912719727
12874,0.0,0.5124397277832031
12875,0.0,0.5336942672729492
12876,0.0,0.5309829711914062
12877,0.0,0.5373363494873047
12878,0.0,0.46720027923583984
12879,0.0,0.4284210205078125
12880,0.0,0.4055614471435547
12881,0.0,0.41927242279052734
12882,0.0,0.4598102569580078
12883,0.0,0.5110435485839844
12884,0.0,0.5752763748168945
12885,0.0,0.6320333480834961
12886,0.0,0.7191934585571289
12887,0.0,0.7363481521606445
12888,0.0,0.735112190246582
12889,0.0,0.6597805023193359
12890,0.0,0.676081657409668
12891,0.0,0.6330604553222656
12892,0.0,0.6104726791381836
12893,0.0,0.23402690887451172
12894,0.0,0.10887813568115234
12895,0.0,0.01825714111328125
12896,0.0,-0.03467082977294922
12897,0.0,-0.08696269989013672
12898,0.0,-0.101318359375
12899,0.0,-0.11183357238769531
12900,0.0,-0.11800765991210938
12901,0.0,-0.12279415130615234
12902,0.0,-0.1185445785522461
12903,0.0,-0.11323070526123047
12904,0.0,-0.10108566284179688
12905,0.0,-0.10810089111328125
12906,0.0,-0.12105274200439453
12907,0.0,-0.13811969757080078
12908,0.0,-0.1696605682373047
12909,0.0,-0.19798660278320312
12910,0.0,-0.21936607360839844
12911,0.0,-0.26538753509521484
12912,0.0,-0.3996562957763672
12913,0.0,-0.6210422515869141
12914,0.0,-0.744654655456543
12915,0.0,-0.910517692565918
12916,0.0,-1.0994653701782227
12917,0.0,-1.3620023727416992
12918,0.0,-1.368337631225586
12919,0.0,-1.4618234634399414
12920,0.0,-1.7050504684448242
12921,0.0,-2.2669992446899414
12922,0.0,-1.2245664596557617
12923,0.0,3.67769718170166
12924,1.0,16.24927520751953
12925,14.0,37.86798095703125
12926,49.0,63.946319580078125
12927,82.0,90.17156982421875
12928,123.0,117.56733703613281
12929,169.0,141.25758361816406
12930,200.0,155.94671630859375
12931,168.0,164.9499053955078
12932,171.0,167.01889038085938
12933,176.0,162.39657592773438
12934,163.0,153.31332397460938
12935,133.0,139.1200714111328
12936,125.0,123.71273040771484
12937,117.0,112.9725570678711
12938,106.0,106.5174560546875
12939,99.0,102.47921752929688
12940,98.0,99.3436050415039
12941,104.0,96.44869232177734
12942,112.0,93.42523193359375
12943,101.0,90.6240234375
12944,93.0,87.62438201904297
12945,90.0,86.54154968261719
12946,87.0,85.72266387939453
12947,87.0,85.0148696899414
12948,85.0,84.00659942626953
12949,84.0,83.78697204589844
12950,83.0,83.48695373535156
12951,82.0,83.21916198730469
12952,82.0,82.57302856445312
12953,79.0,81.87837982177734
12954,79.0,80.81234741210938
12955,78.0,79.38536834716797
12956,77.0,77.6266860961914
12957,73.0,75.54647064208984
12958,73.0,72.93463134765625
12959,71.0,70.15255737304688
12960,62.0,67.2256088256836
12961,62.0,64.3224868774414
12962,60.0,60.641990661621094
12963,62.0,52.618255615234375
12964,54.0,36.216251373291016
12965,42.0,26.886009216308594
12966,21.0,13.157648086547852
12967,1.0,3.995528221130371
12968,0.0,1.0677881240844727
12969,0.0,0.5310993194580078
12970,0.0,0.2757892608642578
12971,0.0,0.1546192169189453
12972,0.0,0.0507965087890625
12973,0.0,0.0148162841796875
12974,0.0,-0.013743400573730469
12975,0.0,-0.020421981811523438
12976,0.0,-0.021711349487304688
12977,0.0,-0.019702911376953125
12978,0.0,-0.030645370483398438
12979,0.0,-0.049007415771484375
12980,0.0,-0.06393909454345703
12981,0.0,-0.09282588958740234
12982,0.0,-0.11347675323486328
12983,0.0,-0.13942909240722656
12984,0.0,-0.15706443786621094
12985,0.0,-0.19545459747314453
12986,0.0,-0.18935203552246094
12987,0.0,-0.2078714370727539
12988,0.0,-0.21029376983642578
12989,0.0,-0.1583251953125
12990,0.0,0.045020103454589844
12991,0.0,0.014081954956054688
12992,0.0,0.0362396240234375
12993,0.0,0.0078582763671875
12994,0.0,0.005469322204589844
12995,0.0,-0.013524055480957031
12996,0.0,-0.019002914428710938
12997,0.0,-0.05182170867919922
12998,0.0,-0.051896095275878906
12999,0.0,-0.05550384521484375
13000,0.0,-0.005591392517089844
13001,0.0,-0.057570457458496094
13002,0.0,-0.08211994171142578
13003,0.0,-0.1173410415649414
13004,0.0,-0.13953399658203125
13005,0.0,-0.1967010498046875
13006,0.0,-0.23324012756347656
13007,0.0,-0.27982330322265625
13008,0.0,-0.32241153717041016
13009,0.0,-0.43528270721435547
13010,0.0,-0.5512609481811523
13011,0.0,-0.6802644729614258
13012,0.0,-0.7870216369628906
13013,0.0,-1.0304336547851562
13014,0.0,-1.208235740661621
13015,0.0,-1.3601245880126953
13016,0.0,-1.5671958923339844
13017,0.0,-2.026700019836426
13018,0.0,-2.0940418243408203
13019,1.0,-0.2129383087158203
13020,5.0,6.169025421142578
13021,32.0,26.252832412719727
13022,70.0,66.1792221069336
13023,106.0,105.91853332519531
13024,154.0,130.98092651367188
13025,199.0,154.18304443359375
13026,222.0,175.75454711914062
13027,229.0,191.9632568359375
13028,223.0,210.5980987548828
13029,216.0,238.25685119628906
13030,201.0,253.8560791015625
13031,184.0,246.3993377685547
13032,180.0,223.7528533935547
13033,183.0,212.4874725341797
13034,174.0,203.94094848632812
13035,160.0,196.82958984375
13036,153.0,187.8591766357422
13037,147.0,170.95338439941406
13038,146.0,142.84910583496094
13039,146.0,118.23836517333984
13040,148.0,105.5256576538086
13041,139.0,98.4107894897461
13042,129.0,94.59040069580078
13043,124.0,92.6786880493164
13044,120.0,90.02352142333984
13045,116.0,88.50376892089844
13046,111.0,87.13917541503906
13047,107.0,85.98652648925781
13048,101.0,84.6846694946289
13049,95.0,83.7718505859375
13050,89.0,82.59183502197266
13051,86.0,81.23436737060547
13052,83.0,79.742431640625
13053,83.0,78.034912109375
13054,80.0,76.123046875
13055,76.0,74.03723907470703
13056,73.0,71.82689666748047
13057,67.0,69.2046890258789
13058,63.0,66.33334350585938
13059,56.0,61.743560791015625
13060,47.0,49.280113220214844
13061,37.0,37.875213623046875
13062,25.0,27.827529907226562
13063,14.0,11.043925285339355
13064,3.0,2.8462934494018555
13065,0.0,0.9175090789794922
13066,0.0,0.28552913665771484
13067,0.0,0.05510711669921875
13068,0.0,-0.04217338562011719
13069,0.0,-0.045332908630371094
13070,0.0,-0.1225728988647461
13071,0.0,-0.17298507690429688
13072,0.0,-0.2422199249267578
13073,0.0,-0.32918643951416016
13074,0.0,-0.40116214752197266
13075,0.0,-0.45267772674560547
13076,0.0,-0.5020418167114258
13077,0.0,-0.5724496841430664
13078,0.0,-0.5773439407348633
13079,0.0,-0.5534467697143555
13080,0.0,-0.5300083160400391
13081,0.0,-0.5413885116577148
13082,0.0,-0.48221588134765625
13083,0.0,-0.4439258575439453
13084,0.0,-0.40731334686279297
13085,0.0,-0.40632057189941406
13086,0.0,-0.3408803939819336
13087,0.0,-0.3343477249145508
13088,0.0,-0.2964029312133789
13089,0.0,-0.26107120513916016
13090,0.0,-0.2431507110595703
13091,0.0,-0.23224544525146484
13092,0.0,-0.22941303253173828
13093,0.0,-0.20641803741455078
13094,0.0,-0.2066974639892578
13095,0.0,-0.20104312896728516
13096,0.0,-0.18639373779296875
13097,0.0,-0.1500082015991211
13098,0.0,-0.16735076904296875
13099,0.0,-0.17751216888427734
13100,0.0,-0.20408344268798828
13101,0.0,-0.1467876434326172
13102,0.0,-0.1724529266357422
13103,0.0,-0.1899547576904297
13104,0.0,-0.2301464080810547
13105,0.0,-0.13321781158447266
13106,0.0,-0.12857532501220703
13107,0.0,-0.13721466064453125
13108,0.0,-0.1840381622314453
13109,0.0,-0.045966148376464844
13110,0.0,-0.04687690734863281
13111,0.0,-0.09989452362060547
13112,0.0,0.0189666748046875
13113,0.0,1.8728113174438477
13114,1.0,7.035599231719971
13115,4.0,20.721927642822266
13116,54.0,57.040855407714844
13117,125.0,114.40072631835938
13118,158.0,161.2098846435547
13119,179.0,180.29872131347656
13120,187.0,188.3105010986328
13121,186.0,184.66529846191406
13122,183.0,178.10989379882812
13123,173.0,170.11024475097656
13124,160.0,160.69898986816406
13125,147.0,151.7412109375
13126,132.0,144.03416442871094
13127,118.0,134.75584411621094
13128,107.0,123.39788818359375
13129,98.0,112.42267608642578
13130,93.0,105.01010131835938
13131,92.0,99.79936981201172
13132,92.0,95.2071533203125
13133,93.0,92.36954498291016
13134,94.0,90.184814453125
13135,95.0,88.42440795898438
13136,94.0,86.54947662353516
13137,96.0,86.05197143554688
13138,96.0,85.58403015136719
13139,95.0,85.13853454589844
13140,96.0,84.5749740600586
13141,96.0,84.42875671386719
13142,95.0,84.27025604248047
13143,95.0,84.01031494140625
13144,93.0,83.6668930053711
13145,92.0,83.40499877929688
13146,91.0,82.83224487304688
13147,90.0,82.0539321899414
13148,87.0,81.14814758300781
13149,83.0,79.73408508300781
13150,81.0,77.80365753173828
13151,78.0,75.51693725585938
13152,73.0,72.9659652709961
13153,70.0,69.489013671875
13154,65.0,66.02323150634766
13155,59.0,60.01757049560547
13156,54.0,45.33080291748047
13157,43.0,35.065887451171875
13158,31.0,24.98778533935547
13159,18.0,7.780072212219238
13160,4.0,1.7355995178222656
13161,1.0,0.45710182189941406
13162,0.0,0.04666328430175781
13163,0.0,-0.08822154998779297
13164,0.0,-0.14315319061279297
13165,0.0,-0.12865161895751953
13166,0.0,-0.2049093246459961
13167,0.0,-0.2393341064453125
13168,0.0,-0.27311229705810547
13169,0.0,-0.3135528564453125
13170,0.0,-0.32073116302490234
13171,0.0,-0.2802925109863281
13172,0.0,-0.25708770751953125
13173,0.0,-0.25231075286865234
13174,0.0,-0.23119354248046875
13175,0.0,-0.23358821868896484
13176,0.0,-0.2403554916381836
13177,0.0,-0.282562255859375
13178,0.0,-0.2654075622558594
13179,0.0,-0.2815389633178711
13180,0.0,-0.2852020263671875
13181,0.0,-0.4501028060913086
13182,0.0,-0.44442176818847656
13183,0.0,-0.4323692321777344
13184,0.0,-0.41632652282714844
13185,0.0,-0.4178028106689453
13186,0.0,-0.4051628112792969
13187,0.0,-0.39926815032958984
13188,0.0,-0.3985300064086914
13189,0.0,-0.3914651870727539
13190,0.0,-0.3995685577392578
13191,0.0,-0.40831470489501953
13192,0.0,-0.4104299545288086
13193,0.0,-0.4082975387573242
13194,0.0,-0.4529733657836914
13195,0.0,-0.4886293411254883
13196,0.0,-0.5437192916870117
13197,0.0,-0.5072441101074219
13198,0.0,-0.5610017776489258
13199,0.0,-0.5858154296875
13200,0.0,-0.6350212097167969
13201,0.0,-0.5144062042236328
13202,0.0,-0.5555696487426758
13203,0.0,-0.5583467483520508
13204,0.0,-0.6013898849487305
13205,0.0,-0.4129219055175781
13206,0.0,-0.416534423828125
13207,0.0,-0.44770240783691406
13208,0.0,-0.1182870864868164
13209,0.0,2.1365928649902344
13210,1.0,7.6420207023620605
13211,4.0,25.627056121826172
13212,52.0,75.34246826171875
13213,113.0,132.2289581298828
13214,152.0,168.43516540527344
13215,174.0,181.7411651611328
13216,184.0,185.57899475097656
13217,188.0,181.01792907714844
13218,183.0,174.28099060058594
13219,176.0,166.73590087890625
13220,165.0,158.3059539794922
13221,153.0,148.60069274902344
13222,140.0,139.50067138671875
13223,128.0,129.71719360351562
13224,115.0,120.98772430419922
13225,106.0,113.85511779785156
13226,99.0,109.07543182373047
13227,97.0,105.92304992675781
13228,97.0,103.29833984375
13229,97.0,101.41252136230469
13230,99.0,99.49857330322266
13231,99.0,97.57575225830078
13232,101.0,94.7242431640625
13233,101.0,93.06481170654297
13234,101.0,91.35604095458984
13235,101.0,89.87139892578125
13236,101.0,88.0824966430664
13237,98.0,87.45179748535156
13238,98.0,86.75625610351562
13239,95.0,86.209228515625
13240,95.0,85.5850601196289
13241,92.0,85.16670227050781
13242,91.0,84.45622253417969
13243,88.0,83.5937728881836
13244,86.0,82.59549713134766
13245,82.0,80.9139633178711
13246,80.0,78.64054870605469
13247,76.0,76.00786590576172
13248,75.0,73.01946258544922
13249,72.0,69.08091735839844
13250,68.0,65.22968292236328
13251,60.0,58.10900115966797
13252,52.0,43.137840270996094
13253,41.0,33.415313720703125
13254,29.0,22.785619735717773
13255,15.0,6.244462013244629
13256,4.0,1.361037254333496
13257,0.0,0.3623695373535156
13258,0.0,0.028934478759765625
13259,0.0,-0.07102203369140625
13260,0.0,-0.10756683349609375
13261,0.0,-0.07518863677978516
13262,0.0,-0.10866260528564453
13263,0.0,-0.10532951354980469
13264,0.0,-0.09344673156738281
13265,0.0,-0.060454368591308594
13266,0.0,-0.031554222106933594
13267,0.0,-0.0020170211791992188
13268,0.0,0.00771331787109375
13269,0.0,-0.0024576187133789062
13270,0.0,0.0035343170166015625
13271,0.0,-0.011419296264648438
13272,0.0,-0.03181648254394531
13273,0.0,-0.09117507934570312
13274,0.0,-0.10872650146484375
13275,0.0,-0.1518106460571289
13276,0.0,-0.17994117736816406
13277,0.0,-0.4609565734863281
13278,0.0,-0.46068477630615234
13279,0.0,-0.43294429779052734
13280,0.0,-0.39575767517089844
13281,0.0,-0.38175392150878906
13282,0.0,-0.34894752502441406
13283,0.0,-0.3314380645751953
13284,0.0,-0.3186073303222656
13285,0.0,-0.3081073760986328
13286,0.0,-0.3062305450439453
13287,0.0,-0.31043529510498047
13288,0.0,-0.3099946975708008
13289,0.0,-0.3094463348388672
13290,0.0,-0.34171581268310547
13291,0.0,-0.36431407928466797
13292,0.0,-0.3982048034667969
13293,0.0,-0.3965930938720703
13294,0.0,-0.4553556442260742
13295,0.0,-0.5168609619140625
13296,0.0,-0.6633586883544922
13297,0.0,-0.6920328140258789
13298,0.0,-0.9362916946411133
13299,0.0,-1.1869792938232422
13300,0.0,-1.549224853515625
13301,0.0,-1.5288162231445312
13302,0.0,-1.6506595611572266
13303,0.0,-1.8778724670410156
13304,0.0,-1.9836235046386719
13305,0.0,2.0748043060302734
13306,1.0,12.889914512634277
13307,3.0,42.60603332519531
13308,34.0,96.01837921142578
13309,100.0,140.8419647216797
13310,154.0,165.85073852539062
13311,181.0,174.5409393310547
13312,194.0,176.95065307617188
13313,200.0,171.50924682617188
13314,204.0,164.86297607421875
13315,199.0,157.8197021484375
13316,188.0,151.33908081054688
13317,179.0,144.92344665527344
13318,166.0,138.8104705810547
13319,155.0,131.23353576660156
13320,142.0,123.83268737792969
13321,133.0,116.79368591308594
13322,123.0,111.24024963378906
13323,117.0,107.25906372070312
13324,115.0,104.14262390136719
13325,113.0,102.2705078125
13326,112.0,100.54852294921875
13327,110.0,98.87472534179688
13328,111.0,96.53721618652344
13329,110.0,94.64187622070312
13330,110.0,92.68589782714844
13331,108.0,91.03564453125
13332,108.0,88.96066284179688
13333,108.0,88.18729400634766
13334,108.0,87.43778991699219
13335,107.0,86.91851043701172
13336,106.0,86.18009185791016
13337,107.0,85.7853012084961
13338,105.0,85.13621520996094
13339,102.0,84.40644836425781
13340,99.0,83.51476287841797
13341,96.0,82.21112823486328
13342,92.0,80.34088134765625
13343,89.0,78.17787170410156
13344,84.0,75.70604705810547
13345,80.0,72.43645477294922
13346,73.0,68.95932006835938
13347,65.0,61.9913330078125
13348,56.0,45.595550537109375
13349,44.0,34.82355499267578
13350,31.0,25.855627059936523
13351,18.0,8.353399276733398
13352,3.0,1.7679615020751953
13353,0.0,0.3471670150756836
13354,0.0,-0.10767936706542969
13355,0.0,-0.2621946334838867
13356,0.0,-0.3219013214111328
13357,0.0,-0.30936717987060547
13358,0.0,-0.3336467742919922
13359,0.0,-0.3220701217651367
13360,0.0,-0.3105001449584961
13361,0.0,-0.2981891632080078
13362,0.0,-0.29740333557128906
13363,0.0,-0.2834892272949219
13364,0.0,-0.2760181427001953
13365,0.0,-0.2854738235473633
13366,0.0,-0.2818021774291992
13367,0.0,-0.27867698669433594
13368,0.0,-0.2778587341308594
13369,0.0,-0.3100738525390625
13370,0.0,-0.3076915740966797
13371,0.0,-0.31395816802978516
13372,0.0,-0.3151693344116211
13373,0.0,-0.5950613021850586
13374,0.0,-0.5772361755371094
13375,0.0,-0.5499267578125
13376,0.0,-0.524078369140625
13377,0.0,-0.5366125106811523
13378,0.0,-0.5244989395141602
13379,0.0,-0.5253915786743164
13380,0.0,-0.5243434906005859
13381,0.0,-0.5609846115112305
13382,0.0,-0.5609989166259766
13383,0.0,-0.5740861892700195
13384,0.0,-0.5773134231567383
13385,0.0,-0.6260614395141602
13386,0.0,-0.6691217422485352
13387,0.0,-0.7111959457397461
13388,0.0,-0.7581958770751953
13389,0.0,-0.8086071014404297
13390,0.0,-0.8680295944213867
13391,0.0,-0.8917446136474609
13392,0.0,-0.9239921569824219
13393,0.0,-0.8826789855957031
13394,0.0,-0.9576930999755859
13395,0.0,-0.9807767868041992
13396,0.0,-1.0254449844360352
13397,0.0,-0.8976984024047852
13398,0.0,-0.9702253341674805
13399,0.0,-1.0595016479492188
13400,0.0,-0.854827880859375
13401,0.0,3.2965688705444336
13402,1.0,17.002607345581055
13403,5.0,54.67919158935547
13404,54.0,110.8241195678711
13405,100.0,161.87940979003906
13406,141.0,194.020263671875
13407,180.0,208.5458526611328
13408,206.0,210.58633422851562
13409,218.0,199.3957977294922
13410,222.0,184.0819549560547
13411,216.0,171.01470947265625
13412,204.0,161.0969696044922
13413,190.0,151.77947998046875
13414,176.0,141.94546508789062
13415,161.0,130.1909637451172
13416,148.0,119.07875061035156
13417,137.0,111.27889251708984
13418,129.0,106.50196075439453
13419,122.0,103.36913299560547
13420,118.0,100.64620208740234
13421,115.0,98.72549438476562
13422,114.0,96.7718505859375
13423,112.0,94.68677520751953
13424,110.0,91.45271301269531
13425,108.0,89.84288024902344
13426,108.0,88.53683471679688
13427,107.0,87.58546447753906
13428,106.0,86.29859161376953
13429,105.0,86.12760925292969
13430,105.0,85.87047576904297
13431,102.0,85.58087921142578
13432,103.0,85.05140686035156
13433,102.0,84.79706573486328
13434,102.0,84.30854034423828
13435,100.0,83.69764709472656
13436,97.0,82.91753387451172
13437,93.0,81.85295867919922
13438,90.0,80.29440307617188
13439,87.0,78.31566619873047
13440,81.0,75.91371154785156
13441,77.0,72.67595672607422
13442,69.0,68.8351058959961
13443,63.0,61.189674377441406
13444,54.0,45.164154052734375
13445,43.0,34.56676483154297
13446,29.0,25.78364372253418
13447,16.0,8.523674011230469
13448,2.0,1.8281440734863281
13449,0.0,0.37259387969970703
13450,0.0,-0.03570079803466797
13451,0.0,-0.13855266571044922
13452,0.0,-0.1597309112548828
13453,0.0,-0.14921092987060547
13454,0.0,-0.1881103515625
13455,0.0,-0.189453125
13456,0.0,-0.18302059173583984
13457,0.0,-0.19432830810546875
13458,0.0,-0.19727230072021484
13459,0.0,-0.18370437622070312
13460,0.0,-0.17865371704101562
13461,0.0,-0.20029830932617188
13462,0.0,-0.20293807983398438
13463,0.0,-0.19922637939453125
13464,0.0,-0.19707584381103516
13465,0.0,-0.22321605682373047
13466,0.0,-0.20244979858398438
13467,0.0,-0.15561771392822266
13468,0.0,-0.1056528091430664
13469,0.0,0.060482025146484375
13470,0.0,0.13901901245117188
13471,0.0,0.05062103271484375
13472,0.0,0.009465217590332031
13473,0.0,-0.05589103698730469
13474,0.0,-0.12043571472167969
13475,0.0,-0.17952251434326172
13476,0.0,-0.22367000579833984
13477,0.0,-0.2746772766113281
13478,0.0,-0.35315704345703125
13479,0.0,-0.4342823028564453
13480,0.0,-0.49114036560058594
13481,0.0,-0.6581144332885742
13482,0.0,-0.7220878601074219
13483,0.0,-0.788975715637207
13484,0.0,-0.8574810028076172
13485,0.0,-0.9765987396240234
13486,0.0,-1.0155715942382812
13487,0.0,-1.0582942962646484
13488,0.0,-1.0891408920288086
13489,0.0,-1.1212663650512695
13490,0.0,-1.2961549758911133
13491,0.0,-1.925581932067871
13492,0.0,-1.6910829544067383
13493,0.0,-1.857370376586914
13494,0.0,-1.6657705307006836
13495,0.0,-1.6680240631103516
13496,0.0,-0.8847522735595703
13497,0.0,8.044596672058105
13498,0.0,27.41189193725586
13499,0.0,57.19551086425781
13500,4.0,92.62432861328125
13501,74.0,128.1979522705078
13502,145.0,155.19801330566406
13503,177.0,173.88272094726562
13504,200.0,186.0906219482422
13505,210.0,190.16078186035156
13506,209.0,182.306396484375
13507,205.0,167.932373046875
13508,197.0,159.29934692382812
13509,185.0,152.5985565185547
13510,171.0,145.08673095703125
13511,156.0,130.93585205078125
13512,143.0,115.8818359375
13513,131.0,108.88691711425781
13514,120.0,105.70867156982422
13515,112.0,104.43802642822266
13516,107.0,103.46553039550781
13517,105.0,102.93136596679688
13518,104.0,102.39850616455078
13519,104.0,101.86575317382812
13520,104.0,100.73243713378906
13521,103.0,100.42542266845703
13522,102.0,100.03068542480469
13523,102.0,99.51190948486328
13524,100.0,98.39654541015625
13525,100.0,97.58429718017578
13526,99.0,96.3906021118164
13527,98.0,94.8084716796875
13528,96.0,92.45245361328125
13529,95.0,90.29881286621094
13530,93.0,88.04048919677734
13531,90.0,85.94107055664062
13532,87.0,83.96294403076172
13533,85.0,82.09384155273438
13534,82.0,80.011962890625
13535,80.0,77.75212097167969
13536,74.0,75.20606231689453
13537,67.0,71.10202026367188
13538,63.0,64.4324722290039
13539,57.0,51.23521423339844
13540,45.0,38.636070251464844
13541,31.0,30.788393020629883
13542,19.0,17.07050132751465
13543,7.0,4.673112392425537
13544,1.0,1.4746265411376953
13545,0.0,0.5947284698486328
13546,0.0,0.2284536361694336
13547,0.0,0.08072948455810547
13548,0.0,0.0012159347534179688
13549,0.0,-0.035431861877441406
13550,0.0,-0.07566547393798828
13551,0.0,-0.10583209991455078
13552,0.0,-0.12761402130126953
13553,0.0,-0.1434307098388672
13554,0.0,-0.13764190673828125
13555,0.0,-0.14203929901123047
13556,0.0,-0.14569091796875
13557,0.0,-0.1630868911743164
13558,0.0,-0.17667675018310547
13559,0.0,-0.19191837310791016
13560,0.0,-0.19759368896484375
13561,0.0,-0.21680450439453125
13562,0.0,-0.2263021469116211
13563,0.0,-0.20638656616210938
13564,0.0,-0.17163467407226562
13565,0.0,-0.11715030670166016
13566,0.0,-0.17496395111083984
13567,0.0,-0.3212251663208008
13568,0.0,-0.40461063385009766
13569,0.0,-0.4866619110107422
13570,0.0,-0.4671363830566406
13571,0.0,-0.4478464126586914
13572,0.0,-0.43851661682128906
13573,0.0,-0.4166116714477539
13574,0.0,-0.4088735580444336
13575,0.0,-0.4363727569580078
13576,0.0,-0.520298957824707
13577,0.0,-0.8783464431762695
13578,0.0,-0.935114860534668
13579,0.0,-1.050424575805664
13580,0.0,-1.1964797973632812
13581,0.0,-1.2017278671264648
13582,0.0,-1.1645030975341797
13583,0.0,-1.216303825378418
13584,0.0,-1.431610107421875
13585,0.0,-2.1483049392700195
13586,0.0,-2.264606475830078
13587,0.0,-2.3354721069335938
13588,0.0,-2.4071884155273438
13589,0.0,-3.0485477447509766
13590,0.0,-2.8777341842651367
13591,0.0,-3.1413002014160156
13592,0.0,-3.7011451721191406
13593,0.0,-0.7007465362548828
13594,0.0,8.489341735839844
13595,3.0,25.630996704101562
13596,32.0,51.51017761230469
13597,77.0,76.51798248291016
13598,133.0,89.21148681640625
13599,166.0,94.3938980102539
13600,193.0,98.05463409423828
13601,205.0,99.11015319824219
13602,208.0,99.12396240234375
13603,207.0,99.26532745361328
13604,199.0,101.33081817626953
13605,190.0,101.33979034423828
13606,177.0,103.40266418457031
13607,164.0,108.29776763916016
13608,151.0,116.12950134277344
13609,134.0,124.6236572265625
13610,106.0,130.36581420898438
13611,139.0,132.34214782714844
13612,136.0,129.73788452148438
13613,115.0,131.0130615234375
13614,118.0,131.07302856445312
13615,112.0,129.88299560546875
13616,147.0,126.57152557373047
13617,169.0,128.35787963867188
13618,160.0,130.17185974121094
13619,125.0,132.20269775390625
13620,116.0,131.9296112060547
13621,115.0,134.00775146484375
13622,113.0,134.93128967285156
13623,112.0,134.3465118408203
13624,109.0,131.2587127685547
13625,109.0,128.0203094482422
13626,105.0,123.56607055664062
13627,100.0,119.20459747314453
13628,104.0,114.45093536376953
13629,112.0,110.07746124267578
13630,106.0,104.60324096679688
13631,89.0,98.06108093261719
13632,93.0,90.49967956542969
13633,100.0,79.32769012451172
13634,96.0,66.53713989257812
13635,69.0,51.631919860839844
13636,52.0,36.22309875488281
13637,34.0,26.882617950439453
13638,22.0,13.465465545654297
13639,7.0,2.9411773681640625
13640,3.0,0.5401697158813477
13641,1.0,0.07377815246582031
13642,0.0,-0.09144878387451172
13643,0.0,-0.15526866912841797
13644,0.0,-0.17990875244140625
13645,0.0,-0.17017555236816406
13646,0.0,-0.15627384185791016
13647,0.0,-0.1441659927368164
13648,0.0,-0.13373661041259766
13649,0.0,-0.11904430389404297
13650,0.0,-0.10386180877685547
13651,0.0,-0.0974884033203125
13652,0.0,-0.09779644012451172
13653,0.0,-0.11133861541748047
13654,0.0,-0.12372493743896484
13655,0.0,-0.13698101043701172
13656,0.0,-0.15232086181640625
13657,0.0,-0.18685531616210938
13658,0.0,-0.21234607696533203
13659,0.0,-0.2325582504272461
13660,0.0,-0.2510967254638672
13661,0.0,-0.22559070587158203
13662,0.0,-0.2248830795288086
13663,0.0,-0.22658348083496094
13664,0.0,-0.23231887817382812
13665,0.0,-0.24525928497314453
13666,0.0,-0.25403404235839844
13667,0.0,-0.2505226135253906
13668,0.0,-0.24412155151367188
13669,0.0,-0.24025535583496094
13670,0.0,-0.24337005615234375
13671,0.0,-0.25379276275634766
13672,0.0,-0.2665824890136719
13673,0.0,-0.28836917877197266
13674,0.0,-0.2985200881958008
13675,0.0,-0.31353282928466797
13676,0.0,-0.33115196228027344
13677,0.0,-0.3671607971191406
13678,0.0,-0.3719167709350586
13679,0.0,-0.37714481353759766
13680,0.0,-0.3776397705078125
13681,0.0,-0.37163734436035156
13682,0.0,-0.3331432342529297
13683,0.0,-0.3050117492675781
13684,0.0,-0.278778076171875
13685,0.0,-0.19029521942138672
13686,0.0,-0.09791278839111328
13687,0.0,0.0662698745727539
13688,0.0,0.6447105407714844
13689,0.0,2.172844886779785
13690,1.0,4.260006427764893
13691,6.0,6.795722007751465
13692,39.0,9.624273300170898
13693,94.0,15.568496704101562
13694,145.0,30.73526954650879
13695,170.0,45.31407928466797
13696,189.0,56.419273376464844
13697,200.0,67.67947387695312
13698,210.0,81.12163543701172
13699,223.0,102.82950592041016
13700,231.0,134.75686645507812
13701,254.0,153.01510620117188
13702,263.0,170.4442596435547
13703,276.0,190.21861267089844
13704,304.0,207.93475341796875
13705,320.0,227.80953979492188
13706,317.0,245.7123260498047
13707,332.0,257.5219421386719
13708,350.0,266.0627136230469
13709,339.0,272.45281982421875
13710,327.0,277.5160217285156
13711,322.0,280.9898376464844
13712,290.0,281.7120056152344
13713,245.0,282.1896667480469
13714,266.0,283.7754821777344
13715,269.0,285.2783203125
13716,267.0,281.7166748046875
13717,267.0,275.5332336425781
13718,288.0,263.3194580078125
13719,291.0,250.9935302734375
13720,259.0,238.7423858642578
13721,249.0,228.35047912597656
13722,253.0,211.42642211914062
13723,254.0,193.1588897705078
13724,226.0,176.8279571533203
13725,216.0,157.7051239013672
13726,212.0,134.74842834472656
13727,194.0,113.16079711914062
13728,169.0,95.41114807128906
13729,150.0,78.49048614501953
13730,135.0,65.83281707763672
13731,119.0,56.21240997314453
13732,100.0,45.51294708251953
13733,71.0,35.372650146484375
13734,45.0,19.322607040405273
13735,25.0,4.4463419914245605
13736,9.0,0.7529611587524414
13737,1.0,0.04046058654785156
13738,0.0,-0.21293258666992188
13739,0.0,-0.29395580291748047
13740,0.0,-0.29247093200683594
13741,0.0,-0.269439697265625
13742,0.0,-0.2580070495605469
13743,0.0,-0.2608146667480469
13744,0.0,-0.2726106643676758
13745,0.0,-0.3333415985107422
13746,0.0,-0.3672208786010742
13747,0.0,-0.36637401580810547
13748,0.0,-0.3484210968017578
13749,0.0,-0.3392829895019531
13750,0.0,-0.2095355987548828
13751,0.0,0.2820281982421875
13752,0.0,0.6494989395141602
13753,0.0,0.7076206207275391
13754,0.0,0.8993291854858398
13755,0.0,0.9942913055419922
13756,0.0,1.1142301559448242
13757,0.0,0.2648439407348633
13758,0.0,-0.15038585662841797
13759,0.0,-0.43564605712890625
13760,0.0,-0.44359302520751953
13761,0.0,-0.44466209411621094
13762,0.0,-0.48274898529052734
13763,0.0,-0.4529399871826172
13764,0.0,-0.4121513366699219
13765,0.0,-0.36233997344970703
13766,0.0,-0.34983158111572266
13767,0.0,-0.38468456268310547
13768,0.0,-0.48924827575683594
13769,0.0,-0.6839475631713867
13770,0.0,-0.7944936752319336
13771,0.0,-0.8847541809082031
13772,0.0,-0.9184989929199219
13773,0.0,-1.0180606842041016
13774,0.0,-1.0747880935668945
13775,0.0,-1.240875244140625
13776,0.0,-1.5301885604858398
13777,0.0,-2.023527145385742
13778,0.0,-2.248528480529785
13779,0.0,-1.818699836730957
13780,0.0,-0.7180461883544922
13781,0.0,-0.38037681579589844
13782,0.0,0.8562822341918945
13783,0.0,2.0705909729003906
13784,0.0,3.980937957763672
13785,0.0,7.274103164672852
13786,0.0,11.903910636901855
13787,2.0,16.770050048828125
13788,5.0,21.654621124267578
13789,5.0,25.83698081970215
13790,20.0,28.87737464904785
13791,11.0,31.55712127685547
13792,10.0,34.358497619628906
13793,80.0,37.130348205566406
13794,71.0,40.38542175292969
13795,72.0,46.04573059082031
13796,82.0,56.03605651855469
13797,100.0,65.62200164794922
13798,164.0,75.36588287353516
13799,128.0,83.1258544921875
13800,161.0,89.21038818359375
13801,111.0,97.28057098388672
13802,118.0,105.91320037841797
13803,107.0,113.3458251953125
13804,101.0,115.76326751708984
13805,101.0,115.80651092529297
13806,112.0,117.2930908203125
13807,129.0,119.64179992675781
13808,98.0,122.4166030883789
13809,74.0,125.02165222167969
13810,70.0,122.39486694335938
13811,76.0,121.15852355957031
13812,76.0,126.09941101074219
13813,66.0,136.66468811035156
13814,69.0,145.1515655517578
13815,53.0,150.61033630371094
13816,52.0,153.9546661376953
13817,53.0,155.1037139892578
13818,48.0,152.60049438476562
13819,39.0,147.30923461914062
13820,46.0,138.44630432128906
13821,39.0,124.99042510986328
13822,35.0,104.93597412109375
13823,39.0,80.0739974975586
13824,38.0,54.904632568359375
13825,25.0,40.51742172241211
13826,12.0,31.14690589904785
13827,4.0,24.248573303222656
13828,4.0,17.9495792388916
13829,6.0,7.401615142822266
13830,6.0,2.3230361938476562
13831,1.0,0.9307641983032227
13832,0.0,0.49013233184814453
13833,0.0,0.3617086410522461
13834,0.0,0.35517406463623047
13835,0.0,0.4427509307861328
13836,0.0,0.5976991653442383
13837,0.0,0.8181362152099609
13838,0.0,1.031412124633789
13839,0.0,1.1485929489135742
13840,0.0,1.2172613143920898
13841,0.0,1.2252187728881836
13842,0.0,1.2311811447143555
13843,0.0,1.2130022048950195
13844,0.0,1.2080326080322266
13845,0.0,1.1545982360839844
13846,0.0,1.1835145950317383
13847,0.0,1.0783662796020508
13848,0.0,0.9594287872314453
13849,0.0,0.8503961563110352
13850,0.0,0.7740631103515625
13851,0.0,0.7481231689453125
13852,0.0,0.7518930435180664
13853,0.0,0.47836780548095703
13854,0.0,0.23934555053710938
13855,0.0,0.09733295440673828
13856,0.0,-0.006964683532714844
13857,0.0,-0.1404714584350586
13858,0.0,-0.1810750961303711
13859,0.0,-0.1284341812133789
13860,0.0,-0.051529884338378906
13861,0.0,0.02525043487548828
13862,0.0,-0.00116729736328125
13863,0.0,-0.0070858001708984375
13864,0.0,-0.0213775634765625
13865,0.0,-0.031752586364746094
13866,0.0,-0.043334007263183594
13867,0.0,-0.03657054901123047
13868,0.0,-0.017500877380371094
13869,0.0,0.035368919372558594
13870,0.0,0.04630851745605469
13871,0.0,0.050525665283203125
13872,0.0,0.04787445068359375
13873,0.0,0.07102394104003906
13874,0.0,0.07255077362060547
13875,0.0,0.07189273834228516
13876,0.0,0.07694435119628906
13877,0.0,0.13136577606201172
13878,0.0,0.16795635223388672
13879,0.0,0.2466888427734375
13880,0.0,0.4259204864501953
13881,0.0,0.8922634124755859
13882,0.0,1.9245223999023438
13883,0.0,4.822394847869873
13884,2.0,12.316032409667969
13885,2.0,23.785812377929688
13886,4.0,34.7823486328125
13887,5.0,43.2082405090332
13888,6.0,50.05695343017578
13889,7.0,55.424964904785156
13890,15.0,59.959197998046875
13891,26.0,63.370094299316406
13892,35.0,65.71928405761719
13893,40.0,66.9958724975586
13894,49.0,68.36727905273438
13895,53.0,70.3866195678711
13896,70.0,73.62474822998047
13897,90.0,78.93168640136719
13898,99.0,84.8123779296875
13899,118.0,91.34529113769531
13900,127.0,100.6318359375
13901,181.0,113.4088134765625
13902,203.0,129.9902801513672
13903,196.0,151.95883178710938
13904,197.0,172.66455078125
13905,212.0,186.7621612548828
13906,236.0,192.7351837158203
13907,127.0,193.31092834472656
13908,170.0,191.2491912841797
13909,137.0,188.4714813232422
13910,179.0,184.20912170410156
13911,101.0,179.40838623046875
13912,69.0,174.2107696533203
13913,83.0,169.03921508789062
13914,80.0,160.77989196777344
13915,82.0,150.47767639160156
13916,100.0,137.01754760742188
13917,101.0,121.40663146972656
13918,73.0,102.39976501464844
13919,129.0,81.08685302734375
13920,150.0,64.16767120361328
13921,84.0,53.2333984375
13922,32.0,43.55656433105469
13923,32.0,34.71904373168945
13924,47.0,26.315786361694336
13925,39.0,20.345457077026367
13926,40.0,13.480520248413086
13927,38.0,5.641581058502197
13928,13.0,1.5030946731567383
13929,2.0,0.4627876281738281
13930,0.0,-0.02447795867919922
13931,0.0,-0.20448684692382812
13932,0.0,-0.2321758270263672
13933,0.0,-0.1447429656982422
13934,0.0,-0.07500362396240234
13935,0.0,-0.02185535430908203
13936,0.0,0.047308921813964844
13937,0.0,0.14592456817626953
13938,0.0,0.2765989303588867
13939,0.0,0.37926387786865234
13940,0.0,0.483673095703125
13941,0.0,0.5695371627807617
13942,0.0,0.5059652328491211
13943,0.0,0.4331960678100586
13944,0.0,0.31060123443603516
13945,0.0,0.19231128692626953
13946,0.0,0.0060405731201171875
13947,0.0,-0.1698160171508789
13948,0.0,-0.21015357971191406
13949,0.0,-0.1987438201904297
13950,0.0,-0.22262859344482422
13951,0.0,-0.26047515869140625
13952,0.0,-0.27504730224609375
13953,0.0,-0.29413414001464844
13954,0.0,-0.3354978561401367
13955,0.0,-0.3389415740966797
13956,0.0,-0.3327617645263672
13957,0.0,-0.34441280364990234
13958,0.0,-0.3629322052001953
13959,0.0,-0.39389991760253906
13960,0.0,-0.40257740020751953
13961,0.0,-0.4251079559326172
13962,0.0,-0.5714931488037109
13963,0.0,-0.7964096069335938
13964,0.0,-1.0647659301757812
13965,0.0,-1.4160079956054688
13966,0.0,-1.1706914901733398
13967,0.0,-0.8231410980224609
13968,0.0,-0.4416933059692383
13969,0.0,-0.07602405548095703
13970,0.0,0.08887195587158203
13971,0.0,0.25533294677734375
13972,0.0,0.36600208282470703
13973,0.0,0.686671257019043
13974,0.0,0.8056144714355469
13975,0.0,1.187093734741211
13976,0.0,1.9150762557983398
13977,0.0,3.5583667755126953
13978,0.0,4.998525142669678
13979,0.0,6.961184501647949
13980,1.0,11.15226936340332
13981,8.0,22.22151756286621
13982,42.0,34.174530029296875
13983,73.0,44.242225646972656
13984,71.0,55.61365509033203
13985,58.0,66.43144989013672
13986,88.0,76.24002075195312
13987,150.0,90.20694732666016
13988,106.0,109.23587799072266
13989,139.0,128.41038513183594
13990,183.0,144.29737854003906
13991,191.0,158.4193572998047
13992,161.0,167.15896606445312
13993,113.0,169.2900848388672
13994,86.0,159.99703979492188
13995,75.0,145.1724395751953
13996,45.0,128.69891357421875
13997,50.0,115.89816284179688
13998,32.0,102.29821014404297
13999,36.0,86.6536865234375
14000,50.0,68.44871520996094
14001,61.0,58.43171691894531
14002,76.0,54.28321075439453
14003,111.0,54.29115295410156
14004,105.0,62.787391662597656
14005,94.0,80.01826477050781
14006,104.0,87.70137023925781
14007,115.0,88.7327651977539
14008,112.0,86.44834899902344
14009,71.0,83.93383026123047
14010,68.0,79.85875701904297
14011,79.0,73.90274810791016
14012,64.0,66.17388153076172
14013,67.0,56.0211181640625
14014,45.0,45.92707824707031
14015,27.0,34.50804901123047
14016,24.0,26.201507568359375
14017,22.0,20.741962432861328
14018,19.0,15.721363067626953
14019,18.0,9.356091499328613
14020,6.0,3.487114906311035
14021,1.0,1.7412166595458984
14022,1.0,1.0296440124511719
14023,0.0,0.7398204803466797
14024,0.0,0.6347846984863281
14025,0.0,0.6316289901733398
14026,0.0,0.5657272338867188
14027,0.0,0.541071891784668
14028,0.0,0.5115833282470703
14029,0.0,0.4960041046142578
14030,0.0,0.4180641174316406
14031,0.0,0.3388681411743164
14032,0.0,0.25725364685058594
14033,0.0,0.1853771209716797
14034,0.0,0.13561439514160156
14035,0.0,0.0939798355102539
14036,0.0,0.06361579895019531
14037,0.0,0.03155040740966797
14038,0.0,0.026085853576660156
14039,0.0,0.013058662414550781
14040,0.0,0.006125450134277344
14041,0.0,-0.0063915252685546875
14042,0.0,0.010899543762207031
14043,0.0,0.05438232421875
14044,0.0,0.0778512954711914
14045,0.0,0.25797367095947266
14046,0.0,0.40381431579589844
14047,0.0,0.5025949478149414
14048,0.0,0.6084384918212891
14049,0.0,0.7434568405151367
14050,0.0,0.7538070678710938
14051,0.0,0.7244138717651367
14052,0.0,0.6797561645507812
14053,0.0,0.6305360794067383
14054,0.0,0.4682941436767578
14055,0.0,0.27684783935546875
14056,0.0,0.06589412689208984
14057,0.0,-0.1525115966796875
14058,0.0,-0.3411531448364258
14059,0.0,-0.43016624450683594
14060,0.0,-0.4347496032714844
14061,0.0,-0.4117708206176758
14062,0.0,-0.41602039337158203
14063,0.0,-0.41570091247558594
14064,0.0,-0.4139089584350586
14065,0.0,-0.36620140075683594
14066,0.0,-0.4563169479370117
14067,0.0,-0.6398830413818359
14068,0.0,-1.0208454132080078
14069,0.0,-1.666539192199707
14070,0.0,-1.9358320236206055
14071,0.0,-1.9558143615722656
14072,0.0,0.18488025665283203
14073,0.0,9.136012077331543
14074,0.0,23.329559326171875
14075,0.0,42.51127243041992
14076,7.0,77.00171661376953
14077,32.0,148.37411499023438
14078,47.0,217.2726287841797
14079,118.0,263.66009521484375
14080,170.0,293.16253662109375
14081,206.0,305.5463562011719
14082,235.0,309.8446960449219
14083,275.0,300.73193359375
14084,279.0,269.58154296875
14085,285.0,231.99481201171875
14086,304.0,196.10223388671875
14087,293.0,163.9600372314453
14088,275.0,147.03370666503906
14089,195.0,138.55955505371094
14090,176.0,131.93165588378906
14091,160.0,126.23514556884766
14092,143.0,123.39134216308594
14093,141.0,121.80833435058594
14094,153.0,118.73223876953125
14095,148.0,115.91937255859375
14096,142.0,114.30512237548828
14097,190.0,114.01504516601562
14098,173.0,114.57785034179688
14099,158.0,115.68212127685547
14100,148.0,116.38554382324219
14101,147.0,118.08085632324219
14102,161.0,118.6484375
14103,144.0,118.75260162353516
14104,124.0,117.43384552001953
14105,125.0,117.18634033203125
14106,117.0,116.16783142089844
14107,110.0,114.71712493896484
14108,110.0,111.9433822631836
14109,99.0,110.8795166015625
14110,120.0,111.25225830078125
14111,117.0,111.79248809814453
14112,108.0,109.2702865600586
14113,96.0,103.44560241699219
14114,83.0,93.98612976074219
14115,77.0,80.46441650390625
14116,51.0,60.932640075683594
14117,39.0,40.831382751464844
14118,33.0,29.520305633544922
14119,20.0,16.3780574798584
14120,3.0,2.758406639099121
14121,0.0,0.6910228729248047
14122,0.0,0.14898300170898438
14123,0.0,0.06776714324951172
14124,0.0,0.04346942901611328
14125,0.0,0.1265554428100586
14126,0.0,0.1361217498779297
14127,0.0,0.17006587982177734
14128,0.0,0.2510061264038086
14129,0.0,0.47409629821777344
14130,0.0,0.6204156875610352
14131,0.0,0.6808910369873047
14132,0.0,0.6929512023925781
14133,0.0,0.6740560531616211
14134,0.0,0.6655817031860352
14135,0.0,0.6085739135742188
14136,0.0,0.5686159133911133
14137,0.0,0.4784822463989258
14138,0.0,0.4977531433105469
14139,0.0,0.4703254699707031
14140,0.0,0.48767757415771484
14141,0.0,-0.03173255920410156
14142,0.0,-0.003566741943359375
14143,0.0,-0.16751956939697266
14144,0.0,-0.20965099334716797
14145,0.0,-0.3514995574951172
14146,0.0,-0.34990596771240234
14147,0.0,-0.37291908264160156
14148,0.0,-0.36632728576660156
14149,0.0,-0.3860139846801758
14150,0.0,-0.38141441345214844
14151,0.0,-0.40387630462646484
14152,0.0,-0.4129323959350586
14153,0.0,-0.4717855453491211
14154,0.0,-0.5197858810424805
14155,0.0,-0.5825290679931641
14156,0.0,-0.6558322906494141
14157,0.0,-1.000016212463379
14158,0.0,-1.2711153030395508
14159,0.0,-1.5229949951171875
14160,0.0,-1.7658653259277344
14161,0.0,-2.346860885620117
14162,0.0,-2.490863800048828
14163,0.0,-2.694713592529297
14164,0.0,-2.9467105865478516
14165,0.0,-3.4166297912597656
14166,0.0,-3.604372024536133
14167,0.0,-3.5703563690185547
14168,0.0,2.514113426208496
14169,2.0,28.759906768798828
14170,24.0,80.64324951171875
14171,114.0,144.201171875
14172,196.0,196.0342254638672
14173,260.0,240.27127075195312
14174,300.0,267.27923583984375
14175,299.0,280.49847412109375
14176,303.0,285.8988342285156
14177,306.0,289.4195251464844
14178,301.0,289.1248474121094
14179,290.0,283.3517761230469
14180,274.0,269.1756286621094
14181,257.0,239.46824645996094
14182,238.0,208.71197509765625
14183,218.0,190.20716857910156
14184,196.0,177.34539794921875
14185,175.0,163.31105041503906
14186,158.0,147.00759887695312
14187,144.0,129.3199920654297
14188,134.0,116.02959442138672
14189,127.0,107.336181640625
14190,129.0,103.12561798095703
14191,115.0,101.5315933227539
14192,114.0,100.9394760131836
14193,116.0,102.17754364013672
14194,114.0,101.44107055664062
14195,112.0,99.70846557617188
14196,126.0,96.35374450683594
14197,149.0,94.26551818847656
14198,131.0,92.72489166259766
14199,149.0,91.814453125
14200,150.0,90.96730041503906
14201,120.0,92.1264419555664
14202,117.0,93.00489044189453
14203,159.0,92.42472076416016
14204,171.0,89.92072296142578
14205,167.0,85.53695678710938
14206,176.0,81.14727020263672
14207,100.0,77.21031951904297
14208,153.0,74.27163696289062
14209,128.0,72.80935668945312
14210,86.0,70.0961685180664
14211,91.0,65.68778991699219
14212,78.0,58.09617614746094
14213,51.0,44.5533447265625
14214,54.0,32.627647399902344
14215,47.0,20.203977584838867
14216,22.0,5.8509135246276855
14217,3.0,1.8302288055419922
14218,1.0,0.8028202056884766
14219,0.0,0.38731956481933594
14220,0.0,0.2166757583618164
14221,0.0,0.18715286254882812
14222,0.0,0.1584606170654297
14223,0.0,0.16034984588623047
14224,0.0,0.16862773895263672
14225,0.0,0.16949748992919922
14226,0.0,0.03774261474609375
14227,0.0,0.10806560516357422
14228,0.0,0.1882801055908203
14229,0.0,0.36501598358154297
14230,0.0,0.5329303741455078
14231,0.0,0.6005048751831055
14232,0.0,0.6053981781005859
14233,0.0,0.5569477081298828
14234,0.0,0.4249448776245117
14235,0.0,0.27852344512939453
14236,0.0,0.19173526763916016
14237,0.0,0.4007835388183594
14238,0.0,0.5492439270019531
14239,0.0,0.3830547332763672
14240,0.0,0.33701515197753906
14241,0.0,0.3166160583496094
14242,0.0,0.2209339141845703
14243,0.0,0.08619403839111328
14244,0.0,0.04179668426513672
14245,0.0,0.0028781890869140625
14246,0.0,0.008145332336425781
14247,0.0,0.005887031555175781
14248,0.0,0.017574310302734375
14249,0.0,0.01906585693359375
14250,0.0,0.03975105285644531
14251,0.0,0.04680156707763672
14252,0.0,0.04918193817138672
14253,0.0,0.025897979736328125
14254,0.0,-0.010677337646484375
14255,0.0,-0.0635223388671875
14256,0.0,-0.08278369903564453
14257,0.0,-0.14083290100097656
14258,0.0,-0.14052677154541016
14259,0.0,-0.1502218246459961
14260,0.0,-0.20636844635009766
14261,0.0,-0.46141719818115234
14262,0.0,-0.8294677734375
14263,0.0,-1.2505664825439453
14264,0.0,-0.8464765548706055
14265,0.0,0.7278575897216797
14266,4.0,7.293241024017334
14267,18.0,22.620704650878906
14268,48.0,43.01050567626953
14269,98.0,62.37256622314453
14270,232.0,77.8292007446289
14271,253.0,92.65718841552734
14272,263.0,110.41542053222656
14273,275.0,131.53318786621094
14274,215.0,151.140380859375
14275,294.0,172.05953979492188
14276,270.0,192.30868530273438
14277,256.0,204.9172821044922
14278,249.0,205.8029327392578
14279,244.0,197.0626983642578
14280,222.0,189.4924774169922
14281,268.0,193.6735076904297
14282,259.0,195.0804901123047
14283,230.0,191.02052307128906
14284,257.0,181.4751434326172
14285,171.0,171.69456481933594
14286,167.0,156.6829071044922
14287,207.0,141.05543518066406
14288,187.0,131.1819305419922
14289,141.0,127.50868225097656
14290,123.0,129.59945678710938
14291,126.0,132.94129943847656
14292,141.0,133.6983642578125
14293,171.0,132.34376525878906
14294,129.0,129.54696655273438
14295,141.0,126.69577026367188
14296,143.0,123.29129028320312
14297,118.0,120.68348693847656
14298,175.0,116.6202163696289
14299,176.0,112.6210708618164
14300,115.0,109.06041717529297
14301,108.0,106.1764144897461
14302,101.0,103.31319427490234
14303,93.0,100.53028869628906
14304,99.0,96.24853515625
14305,82.0,90.81795501708984
14306,94.0,86.06625366210938
14307,75.0,81.17779541015625
14308,68.0,71.55743408203125
14309,65.0,52.595298767089844
14310,44.0,36.14049530029297
14311,33.0,24.42909812927246
14312,22.0,6.567934513092041
14313,7.0,1.5030975341796875
14314,1.0,0.2802238464355469
14315,0.0,-0.07532596588134766
14316,0.0,-0.17092514038085938
14317,0.0,-0.1850719451904297
14318,0.0,-0.21638965606689453
14319,0.0,-0.23284339904785156
14320,0.0,-0.23544025421142578
14321,0.0,-0.21834182739257812
14322,0.0,-0.1885242462158203
14323,0.0,-0.1614980697631836
14324,0.0,-0.14733505249023438
14325,0.0,-0.14919567108154297
14326,0.0,-0.1425924301147461
14327,0.0,-0.16253280639648438
14328,0.0,-0.18253040313720703
14329,0.0,-0.2307567596435547
14330,0.0,-0.22637557983398438
14331,0.0,-0.24893951416015625
14332,0.0,-0.2584991455078125
14333,0.0,-0.6230926513671875
14334,0.0,-0.4952211380004883
14335,0.0,-0.41162109375
14336,0.0,-0.35477638244628906
14337,0.0,-0.3143320083618164
14338,0.0,-0.332611083984375
14339,0.0,-0.3620920181274414
14340,0.0,-0.4106626510620117
14341,0.0,-0.4441499710083008
14342,0.0,-0.48689842224121094
14343,0.0,-0.5070018768310547
14344,0.0,-0.4923524856567383
14345,0.0,-0.46899986267089844
14346,0.0,-0.5194282531738281
14347,0.0,-0.5275306701660156
14348,0.0,-0.5483598709106445
14349,0.0,-0.43630504608154297
14350,0.0,-0.4992952346801758
14351,0.0,-0.5197925567626953
14352,0.0,-0.5773763656616211
14353,0.0,-0.46118640899658203
14354,0.0,-0.5553150177001953
14355,0.0,-0.6347408294677734
14356,0.0,-0.8261165618896484
14357,0.0,-0.8250255584716797
14358,0.0,-1.2706842422485352
14359,0.0,-2.6545495986938477
14360,0.0,0.9143476486206055
14361,3.0,30.666080474853516
14362,78.0,112.87445831298828
14363,179.0,220.41184997558594
14364,253.0,287.177001953125
14365,297.0,313.70843505859375
14366,318.0,318.50567626953125
14367,328.0,312.7128601074219
14368,333.0,307.78533935546875
14369,329.0,302.6709899902344
14370,320.0,293.47698974609375
14371,308.0,275.5611877441406
14372,291.0,253.1075897216797
14373,271.0,230.88209533691406
14374,251.0,209.82650756835938
14375,228.0,189.76783752441406
14376,205.0,175.7970733642578
14377,181.0,167.4013214111328
14378,157.0,156.80506896972656
14379,136.0,140.07493591308594
14380,119.0,122.45539093017578
14381,107.0,112.73571014404297
14382,99.0,105.6622085571289
14383,97.0,100.47171020507812
14384,98.0,96.01302337646484
14385,99.0,93.90940856933594
14386,98.0,92.22064208984375
14387,99.0,90.66928100585938
14388,99.0,88.80999755859375
14389,99.0,88.30162811279297
14390,98.0,87.656005859375
14391,98.0,86.87259674072266
14392,97.0,85.81399536132812
14393,97.0,85.29644775390625
14394,95.0,84.55142211914062
14395,94.0,83.61638641357422
14396,91.0,82.43711853027344
14397,90.0,81.31048583984375
14398,86.0,79.54277801513672
14399,83.0,77.35843658447266
14400,80.0,74.63593292236328
14401,76.0,71.43711853027344
14402,72.0,68.71244049072266
14403,66.0,67.03807067871094
14404,60.0,66.08666229248047
14405,52.0,60.50676727294922
14406,43.0,45.64307403564453
14407,33.0,36.06800842285156
14408,21.0,21.220760345458984
14409,6.0,6.09238862991333
14410,1.0,1.5037240982055664
14411,0.0,0.17283153533935547
14412,0.0,-0.20770549774169922
14413,0.0,-0.28600502014160156
14414,0.0,-0.3607053756713867
14415,0.0,-0.3710613250732422
14416,0.0,-0.3680610656738281
14417,0.0,-0.353302001953125
14418,0.0,-0.3378410339355469
14419,0.0,-0.30970001220703125
14420,0.0,-0.2788057327270508
14421,0.0,-0.2551689147949219
14422,0.0,-0.21825313568115234
14423,0.0,-0.21396255493164062
14424,0.0,-0.2086009979248047
14425,0.0,-0.22334575653076172
14426,0.0,-0.19582557678222656
14427,0.0,-0.20693016052246094
14428,0.0,-0.20677471160888672
14429,0.0,-0.36707592010498047
14430,0.0,-0.2876911163330078
14431,0.0,-0.3030719757080078
14432,0.0,-0.2861595153808594
14433,0.0,-0.27208614349365234
14434,0.0,-0.27567100524902344
14435,0.0,-0.2828836441040039
14436,0.0,-0.29875946044921875
14437,0.0,-0.30501747131347656
14438,0.0,-0.32868194580078125
14439,0.0,-0.3422889709472656
14440,0.0,-0.3162860870361328
14441,0.0,-0.2828683853149414
14442,0.0,-0.31273746490478516
14443,0.0,-0.3189210891723633
14444,0.0,-0.33591461181640625
14445,0.0,-0.23345279693603516
14446,0.0,-0.2636404037475586
14447,0.0,-0.27702808380126953
14448,0.0,-0.3140096664428711
14449,0.0,-0.1658029556274414
14450,0.0,-0.23238468170166016
14451,0.0,-0.2900829315185547
14452,0.0,-0.4053010940551758
14453,0.0,-0.26320457458496094
14454,0.0,-0.03448486328125
14455,0.0,1.3328943252563477
14456,0.0,5.730560779571533
14457,3.0,33.806800842285156
14458,93.0,120.88774108886719
14459,186.0,222.35919189453125
14460,252.0,276.7247314453125
14461,293.0,299.2236633300781
14462,312.0,310.65020751953125
14463,327.0,312.409912109375
14464,330.0,310.72393798828125
14465,331.0,304.75299072265625
14466,322.0,283.8482971191406
14467,309.0,253.77499389648438
14468,292.0,228.4608154296875
14469,273.0,210.2971954345703
14470,250.0,196.06289672851562
14471,227.0,185.11773681640625
14472,201.0,176.86764526367188
14473,176.0,168.93321228027344
14474,152.0,158.0558319091797
14475,131.0,140.60897827148438
14476,112.0,123.07418060302734
14477,98.0,114.4442138671875
14478,90.0,108.17044067382812
14479,86.0,103.21951293945312
14480,86.0,98.2362060546875
14481,87.0,95.71076202392578
14482,86.0,93.53226470947266
14483,86.0,91.48961639404297
14484,86.0,89.1678695678711
14485,86.0,88.55777740478516
14486,85.0,87.94776153564453
14487,84.0,87.36009216308594
14488,84.0,86.53020477294922
14489,82.0,86.3466796875
14490,82.0,85.95582580566406
14491,80.0,85.43651580810547
14492,79.0,84.66781616210938
14493,77.0,83.89720916748047
14494,74.0,82.52375793457031
14495,71.0,80.6995620727539
14496,68.0,78.30549621582031
14497,65.0,75.11200714111328
14498,60.0,71.52351379394531
14499,56.0,68.01653289794922
14500,48.0,64.1025161743164
14501,42.0,52.96337127685547
14502,32.0,39.37706756591797
14503,23.0,30.391271591186523
14504,9.0,15.334190368652344
14505,1.0,3.821531295776367
14506,0.0,0.7845563888549805
14507,0.0,-0.057544708251953125
14508,0.0,-0.32611656188964844
14509,0.0,-0.3759269714355469
14510,0.0,-0.4107322692871094
14511,0.0,-0.3782663345336914
14512,0.0,-0.3389396667480469
14513,0.0,-0.2789011001586914
14514,0.0,-0.2430400848388672
14515,0.0,-0.21829795837402344
14516,0.0,-0.20740699768066406
14517,0.0,-0.20881271362304688
14518,0.0,-0.19204425811767578
14519,0.0,-0.20338058471679688
14520,0.0,-0.2120981216430664
14521,0.0,-0.24089813232421875
14522,0.0,-0.22128868103027344
14523,0.0,-0.2397441864013672
14524,0.0,-0.246551513671875
14525,0.0,-0.36531734466552734
14526,0.0,-0.3172492980957031
14527,0.0,-0.32813549041748047
14528,0.0,-0.3097267150878906
14529,0.0,-0.29656410217285156
14530,0.0,-0.28209877014160156
14531,0.0,-0.2780723571777344
14532,0.0,-0.2794332504272461
14533,0.0,-0.27161121368408203
14534,0.0,-0.26366138458251953
14535,0.0,-0.2519960403442383
14536,0.0,-0.2283039093017578
14537,0.0,-0.20334815979003906
14538,0.0,-0.2125244140625
14539,0.0,-0.21917438507080078
14540,0.0,-0.2416515350341797
14541,0.0,-0.19237995147705078
14542,0.0,-0.21582889556884766
14543,0.0,-0.23903942108154297
14544,0.0,-0.3086824417114258
14545,0.0,-0.23601341247558594
14546,0.0,-0.33426570892333984
14547,0.0,-0.4695320129394531
14548,0.0,-0.7857570648193359
14549,0.0,-0.8520326614379883
14550,0.0,-0.9625148773193359
14551,0.0,-0.04432487487792969
14552,0.0,7.655506610870361
14553,3.0,52.29869079589844
14554,91.0,140.35626220703125
14555,184.0,220.25587463378906
14556,243.0,266.7420349121094
14557,283.0,291.2515869140625
14558,309.0,305.435791015625
14559,325.0,312.5705871582031
14560,331.0,316.0510559082031
14561,329.0,315.37109375
14562,324.0,308.8950500488281
14563,312.0,299.0262145996094
14564,296.0,289.0758361816406
14565,278.0,275.2801513671875
14566,257.0,257.90264892578125
14567,235.0,238.49864196777344
14568,210.0,217.31468200683594
14569,187.0,200.2786102294922
14570,164.0,183.4147491455078
14571,142.0,164.80694580078125
14572,125.0,141.09658813476562
14573,111.0,123.82485961914062
14574,101.0,113.76251220703125
14575,96.0,108.03512573242188
14576,96.0,102.54689025878906
14577,95.0,99.0584716796875
14578,96.0,95.71794891357422
14579,96.0,92.96101379394531
14580,96.0,89.8768081665039
14581,96.0,88.7950439453125
14582,95.0,87.81932067871094
14583,94.0,87.0707015991211
14584,93.0,86.25148010253906
14585,92.0,85.96697998046875
14586,89.0,85.55939483642578
14587,88.0,85.14189147949219
14588,87.0,84.67390441894531
14589,84.0,84.2072982788086
14590,82.0,83.24243927001953
14591,79.0,81.96761322021484
14592,75.0,80.25812530517578
14593,72.0,77.45915985107422
14594,68.0,74.24317932128906
14595,61.0,70.6639175415039
14596,54.0,64.85498046875
14597,46.0,50.45378875732422
14598,35.0,37.70572280883789
14599,16.0,29.186357498168945
14600,2.0,15.078922271728516
14601,0.0,3.705869674682617
14602,0.0,0.8393497467041016
14603,0.0,0.2720508575439453
14604,0.0,0.10276508331298828
14605,0.0,0.09575176239013672
14606,0.0,0.044963836669921875
14607,0.0,0.028367996215820312
14608,0.0,-0.011839866638183594
14609,0.0,-0.04017448425292969
14610,0.0,-0.07835674285888672
14611,0.0,-0.11609649658203125
14612,0.0,-0.15661144256591797
14613,0.0,-0.20529937744140625
14614,0.0,-0.2294454574584961
14615,0.0,-0.23385238647460938
14616,0.0,-0.24350738525390625
14617,0.0,-0.2733497619628906
14618,0.0,-0.2708320617675781
14619,0.0,-0.2819948196411133
14620,0.0,-0.2880077362060547
14621,0.0,-0.38394832611083984
14622,0.0,-0.38481712341308594
14623,0.0,-0.38104915618896484
14624,0.0,-0.36962127685546875
14625,0.0,-0.37788867950439453
14626,0.0,-0.3895149230957031
14627,0.0,-0.4159355163574219
14628,0.0,-0.4512825012207031
14629,0.0,-0.5104274749755859
14630,0.0,-0.5150136947631836
14631,0.0,-0.4932136535644531
14632,0.0,-0.4510622024536133
14633,0.0,-0.43697071075439453
14634,0.0,-0.425537109375
14635,0.0,-0.42032337188720703
14636,0.0,-0.44838905334472656
14637,0.0,-0.5210847854614258
14638,0.0,-0.6521997451782227
14639,0.0,-0.7609043121337891
14640,0.0,-0.8421754837036133
14641,0.0,-0.9051723480224609
14642,0.0,-1.0015392303466797
14643,0.0,-1.059779167175293
14644,0.0,-1.1456184387207031
14645,0.0,-1.2231512069702148
14646,0.0,-1.148397445678711
14647,0.0,0.2776002883911133
14648,0.0,6.910501480102539
14649,1.0,32.27518081665039
14650,33.0,83.57192993164062
14651,86.0,160.16635131835938
14652,176.0,224.15892028808594
14653,232.0,277.0279235839844
14654,269.0,325.0388488769531
14655,297.0,358.8786315917969
14656,312.0,373.8363342285156
14657,318.0,378.7052307128906
14658,318.0,379.3849182128906
14659,310.0,378.53515625
14660,300.0,375.91448974609375
14661,285.0,367.146728515625
14662,267.0,353.2810974121094
14663,247.0,341.1477966308594
14664,225.0,324.87164306640625
14665,203.0,286.6307067871094
14666,183.0,236.4276123046875
14667,160.0,205.69395446777344
14668,143.0,175.75506591796875
14669,128.0,145.4523162841797
14670,115.0,121.45880126953125
14671,107.0,110.60741424560547
14672,104.0,104.72346496582031
14673,104.0,102.7791748046875
14674,105.0,100.92459869384766
14675,107.0,99.41551208496094
14676,106.0,96.99491882324219
14677,106.0,95.56935119628906
14678,104.0,94.04374694824219
14679,104.0,92.970703125
14680,102.0,91.24031829833984
14681,99.0,90.43930053710938
14682,99.0,89.58502197265625
14683,97.0,88.9014663696289
14684,96.0,87.89911651611328
14685,92.0,87.0232925415039
14686,90.0,85.67819213867188
14687,86.0,84.05127716064453
14688,83.0,81.77362060546875
14689,79.0,78.5007553100586
14690,73.0,74.88412475585938
14691,67.0,70.7979507446289
14692,58.0,62.06653594970703
14693,48.0,45.96227264404297
14694,38.0,34.47662353515625
14695,25.0,25.857250213623047
14696,12.0,9.399052619934082
14697,1.0,2.106961250305176
14698,0.0,0.42174625396728516
14699,0.0,-0.05015754699707031
14700,0.0,-0.19362163543701172
14701,0.0,-0.1943206787109375
14702,0.0,-0.2285785675048828
14703,0.0,-0.22513294219970703
14704,0.0,-0.21840858459472656
14705,0.0,-0.18866252899169922
14706,0.0,-0.16847705841064453
14707,0.0,-0.14209365844726562
14708,0.0,-0.12762737274169922
14709,0.0,-0.11339569091796875
14710,0.0,-0.08839607238769531
14711,0.0,-0.08211326599121094
14712,0.0,-0.07909011840820312
14713,0.0,-0.09464740753173828
14714,0.0,-0.06981849670410156
14715,0.0,-0.07273006439208984
14716,0.0,-0.06841468811035156
14717,0.0,-0.2920265197753906
14718,0.0,-0.2667875289916992
14719,0.0,-0.3180837631225586
14720,0.0,-0.31113147735595703
14721,0.0,-0.32289600372314453
14722,0.0,-0.29569339752197266
14723,0.0,-0.2878875732421875
14724,0.0,-0.27671051025390625
14725,0.0,-0.27584362030029297
14726,0.0,-0.25464916229248047
14727,0.0,-0.24826908111572266
14728,0.0,-0.2364063262939453
14729,0.0,-0.23990917205810547
14730,0.0,-0.23533153533935547
14731,0.0,-0.23849964141845703
14732,0.0,-0.2460803985595703
14733,0.0,-0.2477273941040039
14734,0.0,-0.2562522888183594
14735,0.0,-0.2778949737548828
14736,0.0,-0.3254680633544922
14737,0.0,-0.39083003997802734
14738,0.0,-0.5241050720214844
14739,0.0,-1.1442699432373047
14740,0.0,-2.101687431335449
14741,0.0,-3.2661008834838867
14742,0.0,-4.480463027954102
14743,0.0,-1.880385398864746
14744,0.0,13.093937873840332
14745,4.0,67.97826385498047
14746,73.0,156.76499938964844
14747,156.0,219.65487670898438
14748,220.0,248.58926391601562
14749,269.0,261.99359130859375
14750,303.0,270.6903076171875
14751,326.0,276.5674743652344
14752,338.0,281.4578552246094
14753,339.0,283.6168518066406
14754,336.0,279.2546691894531
14755,329.0,266.5804748535156
14756,315.0,251.82521057128906
14757,299.0,235.57249450683594
14758,280.0,217.5698699951172
14759,259.0,194.7823944091797
14760,235.0,167.83505249023438
14761,212.0,146.64883422851562
14762,190.0,128.62171936035156
14763,167.0,116.53226470947266
14764,147.0,108.2313232421875
14765,132.0,105.6912841796875
14766,120.0,103.66545867919922
14767,111.0,102.02393341064453
14768,105.0,99.3970947265625
14769,104.0,98.60569763183594
14770,105.0,97.9242172241211
14771,107.0,97.47435760498047
14772,109.0,95.9940185546875
14773,114.0,95.69295501708984
14774,115.0,95.33203887939453
14775,116.0,95.02253723144531
14776,114.0,93.79475402832031
14777,110.0,93.21179962158203
14778,108.0,92.28086853027344
14779,107.0,91.10729217529297
14780,103.0,89.0560531616211
14781,92.0,86.82463836669922
14782,92.0,84.46979522705078
14783,88.0,82.38159942626953
14784,79.0,80.45438385009766
14785,56.0,79.05380249023438
14786,60.0,75.29373931884766
14787,56.0,62.236473083496094
14788,38.0,44.447845458984375
14789,28.0,30.62284278869629
14790,28.0,20.773963928222656
14791,26.0,6.012457370758057
14792,11.0,1.3875799179077148
14793,1.0,0.5194244384765625
14794,0.0,0.20501041412353516
14795,0.0,-0.003662109375
14796,0.0,-0.08785343170166016
14797,0.0,-0.11393928527832031
14798,0.0,-0.10886669158935547
14799,0.0,-0.10573196411132812
14800,0.0,-0.10570335388183594
14801,0.0,-0.11580276489257812
14802,0.0,-0.1110687255859375
14803,0.0,-0.09993171691894531
14804,0.0,-0.09035301208496094
14805,0.0,-0.0962057113647461
14806,0.0,-0.0902872085571289
14807,0.0,-0.1013631820678711
14808,0.0,-0.11217880249023438
14809,0.0,-0.13241195678710938
14810,0.0,-0.1336050033569336
14811,0.0,-0.13213348388671875
14812,0.0,-0.12279224395751953
14813,0.0,-0.12443828582763672
14814,0.0,-0.09436798095703125
14815,0.0,-0.0930938720703125
14816,0.0,-0.08095359802246094
14817,0.0,-0.10942554473876953
14818,0.0,-0.17012500762939453
14819,0.0,-0.29704856872558594
14820,0.0,-0.4556121826171875
14821,0.0,-0.6361122131347656
14822,0.0,-0.7145175933837891
14823,0.0,-0.7930660247802734
14824,0.0,-0.8251008987426758
14825,0.0,-0.8388071060180664
14826,0.0,-0.7571611404418945
14827,0.0,-0.6814241409301758
14828,0.0,-0.5577306747436523
14829,0.0,-0.4532623291015625
14830,0.0,-0.31176280975341797
14831,0.0,-0.24855422973632812
14832,0.0,-0.23590469360351562
14833,0.0,-0.07297229766845703
14834,0.0,0.17335796356201172
14835,0.0,0.38676929473876953
14836,0.0,0.3452262878417969
14837,0.0,0.4955568313598633
14838,0.0,1.2609691619873047
14839,0.0,3.5080385208129883
14840,1.0,7.181601524353027
14841,4.0,12.721419334411621
14842,9.0,20.905513763427734
14843,18.0,35.20594024658203
14844,44.0,56.86701202392578
14845,65.0,80.87305450439453
14846,76.0,105.76445007324219
14847,73.0,125.78553009033203
14848,100.0,138.29258728027344
14849,121.0,144.0532989501953
14850,173.0,146.2334442138672
14851,177.0,146.35101318359375
14852,143.0,152.19581604003906
14853,265.0,168.08645629882812
14854,297.0,174.6221923828125
14855,317.0,172.1303253173828
14856,430.0,170.67266845703125
14857,360.0,185.89169311523438
14858,286.0,196.93563842773438
14859,301.0,194.9669647216797
14860,288.0,184.37338256835938
14861,288.0,180.49102783203125
14862,350.0,182.7212371826172
14863,298.0,180.43045043945312
14864,353.0,177.7534942626953
14865,372.0,182.314697265625
14866,353.0,188.1539764404297
14867,340.0,197.45228576660156
14868,425.0,213.48345947265625
14869,368.0,236.3091583251953
14870,370.0,259.37103271484375
14871,309.0,281.43896484375
14872,317.0,279.509521484375
14873,266.0,276.6822509765625
14874,261.0,264.2769775390625
14875,262.0,245.02268981933594
14876,269.0,225.22084045410156
14877,282.0,197.1071014404297
14878,244.0,173.0721893310547
14879,199.0,151.807861328125
14880,179.0,132.1787109375
14881,165.0,113.44393920898438
14882,104.0,96.70720672607422
14883,79.0,79.33653259277344
14884,63.0,60.379417419433594
14885,62.0,39.949859619140625
14886,45.0,21.152366638183594
14887,39.0,3.7524757385253906
14888,35.0,0.7242488861083984
14889,14.0,0.3386526107788086
14890,2.0,0.141693115234375
14891,0.0,0.02543163299560547
14892,0.0,-0.05874919891357422
14893,0.0,-0.10877227783203125
14894,0.0,-0.13996124267578125
14895,0.0,-0.15905284881591797
14896,0.0,-0.17001819610595703
14897,0.0,-0.16298961639404297
14898,0.0,-0.13938236236572266
14899,0.0,-0.1175680160522461
14900,0.0,-0.08202266693115234
14901,0.0,-0.041217803955078125
14902,0.0,0.023670196533203125
14903,0.0,0.09827136993408203
14904,0.0,0.17867279052734375
14905,0.0,0.20267963409423828
14906,0.0,0.35177040100097656
14907,0.0,0.6981954574584961
14908,0.0,1.255889892578125
14909,0.0,0.3521738052368164
14910,0.0,0.04143333435058594
14911,0.0,-0.2634897232055664
14912,0.0,-0.3544168472290039
14913,0.0,-0.5118436813354492
14914,0.0,-0.48564910888671875
14915,0.0,-0.3078899383544922
14916,0.0,-0.07682514190673828
14917,0.0,-0.07568073272705078
14918,0.0,-0.31455039978027344
14919,0.0,-0.7420434951782227
14920,0.0,-0.8854217529296875
14921,0.0,-1.1355628967285156
14922,0.0,-1.0864295959472656
14923,0.0,-0.9013147354125977
14924,0.0,-0.6530628204345703
14925,0.0,-0.5594701766967773
14926,0.0,-0.46125316619873047
14927,0.0,-0.41655731201171875
14928,0.0,-0.2698659896850586
14929,0.0,-0.49291324615478516
14930,0.0,0.28784847259521484
14931,0.0,0.6791772842407227
14932,0.0,0.7066211700439453
14933,0.0,0.4106636047363281
14934,0.0,0.941014289855957
14935,0.0,2.5709314346313477
14936,0.0,6.070252895355225
14937,2.0,11.892480850219727
14938,5.0,18.484127044677734
14939,9.0,25.914501190185547
14940,9.0,34.60530471801758
14941,18.0,40.99799346923828
14942,20.0,46.219261169433594
14943,20.0,50.450828552246094
14944,24.0,53.35088348388672
14945,29.0,53.29900360107422
14946,45.0,50.689781188964844
14947,50.0,47.13957214355469
14948,56.0,43.667625427246094
14949,83.0,40.22791290283203
14950,98.0,40.17613983154297
14951,129.0,66.26480102539062
14952,177.0,105.92637634277344
14953,197.0,136.6449432373047
14954,251.0,166.65428161621094
14955,309.0,200.11106872558594
14956,368.0,233.83456420898438
14957,402.0,248.51211547851562
14958,404.0,251.7896270751953
14959,359.0,260.5596008300781
14960,373.0,288.5066223144531
14961,421.0,321.84918212890625
14962,389.0,326.3037109375
14963,382.0,322.6863098144531
14964,360.0,318.5653076171875
14965,360.0,312.93304443359375
14966,359.0,298.4984130859375
14967,334.0,297.4872741699219
14968,259.0,292.51666259765625
14969,243.0,278.8042297363281
14970,181.0,263.7852783203125
14971,143.0,242.42318725585938
14972,131.0,206.34779357910156
14973,163.0,176.66770935058594
14974,178.0,149.36471557617188
14975,122.0,124.82113647460938
14976,85.0,109.02403259277344
14977,107.0,99.687744140625
14978,107.0,89.16195678710938
14979,103.0,77.19146728515625
14980,101.0,62.72404479980469
14981,103.0,44.82178497314453
14982,99.0,30.622114181518555
14983,64.0,19.659929275512695
14984,30.0,6.31427526473999
14985,12.0,2.0294008255004883
14986,2.0,0.8079729080200195
14987,0.0,0.3250904083251953
14988,0.0,0.09627723693847656
14989,0.0,0.04101276397705078
14990,0.0,-0.030318260192871094
14991,0.0,-0.023263931274414062
14992,0.0,-0.02054309844970703
14993,0.0,0.0023651123046875
14994,0.0,0.026968002319335938
14995,0.0,0.05850982666015625
14996,0.0,0.07955741882324219
14997,0.0,0.09220027923583984
14998,0.0,0.0856475830078125
14999,0.0,0.035686492919921875
15000,0.0,-0.04145240783691406
15001,0.0,-0.15369319915771484
15002,0.0,-0.18958568572998047
15003,0.0,-0.1748332977294922
15004,0.0,-0.061675071716308594
15005,0.0,-0.14754676818847656
15006,0.0,-0.057196617126464844
15007,0.0,-0.1278676986694336
15008,0.0,-0.1914806365966797
15009,0.0,-0.24655628204345703
15010,0.0,-0.28859519958496094
15011,0.0,-0.2976083755493164
15012,0.0,-0.28502845764160156
15013,0.0,-0.30066585540771484
15014,0.0,-0.31638050079345703
15015,0.0,-0.35239410400390625
15016,0.0,-0.33679676055908203
15017,0.0,-0.4413318634033203
15018,0.0,-0.4250297546386719
15019,0.0,-0.3872671127319336
15020,0.0,-0.24939346313476562
15021,0.0,0.054970741271972656
15022,0.0,0.019460678100585938
15023,0.0,-0.022891998291015625
15024,0.0,-0.05360984802246094
15025,0.0,-0.04235553741455078
15026,0.0,-0.1718883514404297
15027,0.0,-0.3622760772705078
15028,0.0,-0.5470428466796875
15029,0.0,-0.9101495742797852
15030,0.0,-1.1806669235229492
15031,0.0,1.3411693572998047
15032,0.0,15.175483703613281
15033,3.0,47.87134552001953
15034,5.0,87.96964263916016
15035,4.0,122.80570983886719
15036,5.0,152.62017822265625
15037,9.0,168.38131713867188
15038,26.0,186.25389099121094
15039,97.0,216.1686553955078
15040,208.0,250.21266174316406
15041,351.0,270.9317626953125
15042,373.0,289.58294677734375
15043,374.0,304.3347473144531
15044,377.0,296.2235412597656
15045,379.0,254.30686950683594
15046,389.0,224.28070068359375
15047,366.0,205.26397705078125
15048,335.0,206.85887145996094
15049,298.0,232.79469299316406
15050,259.0,277.1528015136719
15051,286.0,321.80303955078125
15052,326.0,343.98016357421875
15053,303.0,353.0053405761719
15054,230.0,353.8096618652344
15055,107.0,343.40850830078125
15056,97.0,332.15704345703125
15057,137.0,328.892578125
15058,181.0,329.71148681640625
15059,261.0,327.1922912597656
15060,312.0,317.80657958984375
15061,283.0,300.9357604980469
15062,356.0,278.90472412109375
15063,404.0,258.90875244140625
15064,268.0,231.64231872558594
15065,264.0,210.45736694335938
15066,186.0,192.03265380859375
15067,284.0,181.7606964111328
15068,278.0,175.1403045654297
15069,205.0,167.13653564453125
15070,174.0,156.58416748046875
15071,219.0,140.92169189453125
15072,162.0,123.97701263427734
15073,180.0,111.76189422607422
15074,182.0,99.14752960205078
15075,120.0,85.5517578125
15076,121.0,69.95648956298828
15077,114.0,53.598106384277344
15078,78.0,36.56843566894531
15079,43.0,24.115154266357422
15080,29.0,8.015425682067871
15081,20.0,2.5957469940185547
15082,6.0,1.1136388778686523
15083,0.0,0.6300392150878906
15084,0.0,0.40329837799072266
15085,0.0,0.37569427490234375
15086,0.0,0.28040027618408203
15087,0.0,0.23999881744384766
15088,0.0,0.18326663970947266
15089,0.0,0.1836528778076172
15090,0.0,0.1732177734375
15091,0.0,0.2044086456298828
15092,0.0,0.24281883239746094
15093,0.0,0.3029966354370117
15094,0.0,0.36484241485595703
15095,0.0,0.4109468460083008
15096,0.0,0.41974639892578125
15097,0.0,0.4095954895019531
15098,0.0,0.4039449691772461
15099,0.0,0.3922395706176758
15100,0.0,0.3847789764404297
15101,0.0,0.6314563751220703
15102,0.0,0.8595552444458008
15103,0.0,0.6312427520751953
15104,0.0,0.5991306304931641
15105,0.0,0.5163078308105469
15106,0.0,0.375885009765625
15107,0.0,0.2287607192993164
15108,0.0,0.14790821075439453
15109,0.0,0.09177875518798828
15110,0.0,0.12201118469238281
15111,0.0,0.14478588104248047
15112,0.0,0.11279773712158203
15113,0.0,0.02053356170654297
15114,0.0,-0.08296012878417969
15115,0.0,-0.1665821075439453
15116,0.0,-0.22641563415527344
15117,0.0,-0.22124671936035156
15118,0.0,-0.22345542907714844
15119,0.0,-0.2116994857788086
15120,0.0,-0.20283222198486328
15121,0.0,-0.059291839599609375
15122,0.0,0.10884475708007812
15123,0.0,0.34148406982421875
15124,0.0,0.6199274063110352
15125,0.0,1.8050470352172852
15126,0.0,3.5982627868652344
15127,0.0,6.568464279174805
15128,0.0,11.391366958618164
15129,3.0,20.25695037841797
15130,5.0,37.167198181152344
15131,7.0,55.46764373779297
15132,17.0,67.9930191040039
15133,35.0,79.47592163085938
15134,64.0,92.11310577392578
15135,74.0,106.7530288696289
15136,109.0,121.14815521240234
15137,119.0,130.61805725097656
15138,148.0,136.45819091796875
15139,217.0,141.7699737548828
15140,151.0,146.8717041015625
15141,61.0,161.7237091064453
15142,68.0,186.26856994628906
15143,77.0,191.32835388183594
15144,80.0,192.28871154785156
15145,68.0,191.4563751220703
15146,66.0,190.14349365234375
15147,70.0,187.16717529296875
15148,97.0,187.22125244140625
15149,133.0,191.94223022460938
15150,141.0,201.27871704101562
15151,110.0,218.55575561523438
15152,119.0,236.875244140625
15153,185.0,249.2851104736328
15154,254.0,257.1950378417969
15155,160.0,259.1611022949219
15156,141.0,251.9368896484375
15157,216.0,233.48585510253906
15158,259.0,203.007080078125
15159,283.0,174.83135986328125
15160,202.0,161.06362915039062
15161,291.0,155.86500549316406
15162,228.0,160.5140380859375
15163,298.0,202.58631896972656
15164,263.0,276.2818908691406
15165,189.0,275.4576416015625
15166,157.0,238.4654541015625
15167,134.0,188.1891632080078
15168,132.0,154.85609436035156
15169,54.0,134.44775390625
15170,68.0,114.56758880615234
15171,44.0,91.53095245361328
15172,40.0,66.37724304199219
15173,45.0,48.145721435546875
15174,26.0,26.46938705444336
15175,14.0,7.551479339599609
15176,4.0,0.6024703979492188
15177,2.0,0.21413135528564453
15178,1.0,0.01876354217529297
15179,0.0,-0.04074668884277344
15180,0.0,-0.0691385269165039
15181,0.0,-0.028745651245117188
15182,0.0,-0.047308921813964844
15183,0.0,-0.057114601135253906
15184,0.0,-0.06474113464355469
15185,0.0,-0.02407360076904297
15186,0.0,0.12339019775390625
15187,0.0,0.21232318878173828
15188,0.0,0.28826236724853516
15189,0.0,0.35028076171875
15190,0.0,0.3269987106323242
15191,0.0,0.3021087646484375
15192,0.0,0.27854347229003906
15193,0.0,0.2625885009765625
15194,0.0,0.12962913513183594
15195,0.0,-0.00775146484375
15196,0.0,-0.077850341796875
15197,0.0,-0.2590951919555664
15198,0.0,-0.18664932250976562
15199,0.0,-0.20050334930419922
15200,0.0,-0.2112436294555664
15201,0.0,-0.25244712829589844
15202,0.0,-0.10889339447021484
15203,0.0,0.03087615966796875
15204,0.0,0.19516754150390625
15205,0.0,0.37479496002197266
15206,0.0,0.36486339569091797
15207,0.0,0.36650848388671875
15208,0.0,0.3597450256347656
15209,0.0,0.3857393264770508
15210,0.0,0.3481721878051758
15211,0.0,0.3015270233154297
15212,0.0,0.22348976135253906
15213,0.0,0.1512918472290039
15214,0.0,0.13402366638183594
15215,0.0,0.10367393493652344
15216,0.0,0.06933975219726562
15217,0.0,0.03534412384033203
15218,0.0,-0.04328155517578125
15219,0.0,-0.12834835052490234
15220,0.0,-0.17478561401367188
15221,0.0,-0.27161312103271484
15222,0.0,-0.043895721435546875
15223,0.0,0.49590110778808594
15224,1.0,1.1641054153442383
15225,3.0,2.228562355041504
15226,6.0,4.900861740112305
15227,11.0,13.59428882598877
15228,35.0,28.210411071777344
15229,54.0,39.63496398925781
15230,73.0,49.13768768310547
15231,105.0,56.460838317871094
15232,112.0,61.81565856933594
15233,113.0,64.7182846069336
15234,196.0,66.48236083984375
15235,200.0,67.55691528320312
15236,208.0,68.51614379882812
15237,217.0,69.88481903076172
15238,233.0,71.08663177490234
15239,185.0,71.59258270263672
15240,205.0,71.71014404296875
15241,291.0,71.59864807128906
15242,317.0,75.70068359375
15243,302.0,81.45555877685547
15244,305.0,85.1318588256836
15245,224.0,93.28399658203125
15246,303.0,104.6703109741211
15247,306.0,113.75296020507812
15248,310.0,127.83806610107422
15249,242.0,144.9095001220703
15250,264.0,165.78184509277344
15251,342.0,199.378173828125
15252,336.0,246.5717010498047
15253,317.0,250.197021484375
15254,288.0,227.8880157470703
15255,266.0,193.8466796875
15256,252.0,169.27171325683594
15257,272.0,160.56846618652344
15258,238.0,161.20205688476562
15259,197.0,162.61972045898438
15260,237.0,163.78121948242188
15261,209.0,178.14561462402344
15262,153.0,167.67559814453125
15263,123.0,140.878173828125
15264,118.0,113.44190216064453
15265,101.0,90.89492797851562
15266,92.0,77.48490905761719
15267,88.0,65.30231475830078
15268,75.0,51.122825622558594
15269,68.0,34.76429748535156
15270,59.0,19.680526733398438
15271,48.0,3.4308929443359375
15272,36.0,0.21088600158691406
15273,23.0,0.10774993896484375
15274,8.0,0.027231216430664062
15275,1.0,0.0017881393432617188
15276,0.0,-0.049442291259765625
15277,0.0,-0.051230430603027344
15278,0.0,-0.11727237701416016
15279,0.0,-0.10915279388427734
15280,0.0,-0.10540199279785156
15281,0.0,-0.057587623596191406
15282,0.0,-0.01615142822265625
15283,0.0,0.0766448974609375
15284,0.0,0.21800518035888672
15285,0.0,0.4082365036010742
15286,0.0,0.6545429229736328
15287,0.0,0.8435735702514648
15288,0.0,0.9880037307739258
15289,0.0,1.0152778625488281
15290,0.0,1.070486068725586
15291,0.0,1.054652214050293
15292,0.0,1.0716848373413086
15293,0.0,0.12318992614746094
15294,0.0,0.1313934326171875
15295,0.0,0.015522956848144531
15296,0.0,0.018716812133789062
15297,0.0,-0.07315826416015625
15298,0.0,-0.03500080108642578
15299,0.0,-0.04892444610595703
15300,0.0,-0.039099693298339844
15301,0.0,-0.14458942413330078
15302,0.0,-0.07654476165771484
15303,0.0,-0.09453201293945312
15304,0.0,-0.046998023986816406
15305,0.0,-0.3210115432739258
15306,0.0,-0.34979915618896484
15307,0.0,-0.5081825256347656
15308,0.0,-0.6442422866821289
15309,0.0,-1.1603498458862305
15310,0.0,-1.1418418884277344
15311,0.0,-1.3002996444702148
15312,0.0,-1.427597999572754
15313,0.0,-1.9738311767578125
15314,0.0,-1.7981109619140625
15315,0.0,-1.8109588623046875
15316,0.0,-1.8248586654663086
15317,0.0,-2.091151237487793
15318,0.0,0.32005882263183594
15319,0.0,7.339422702789307
15320,2.0,19.620737075805664
15321,17.0,45.26042938232422
15322,44.0,118.95183563232422
15323,100.0,212.59625244140625
15324,230.0,296.0827941894531
15325,315.0,352.8318786621094
15326,400.0,369.66375732421875
15327,444.0,368.6497802734375
15328,419.0,368.72552490234375
15329,437.0,375.94927978515625
15330,447.0,381.1826171875
15331,432.0,384.2950744628906
15332,413.0,385.00909423828125
15333,392.0,396.1261901855469
15334,367.0,406.1824951171875
15335,341.0,407.1501770019531
15336,311.0,401.51708984375
15337,281.0,390.0331115722656
15338,248.0,371.9806823730469
15339,220.0,347.2132873535156
15340,191.0,313.2734680175781
15341,167.0,265.6039733886719
15342,143.0,226.6597442626953
15343,127.0,199.6405029296875
15344,113.0,169.02064514160156
15345,105.0,132.64913940429688
15346,101.0,111.85630798339844
15347,101.0,105.66806030273438
15348,100.0,101.67816162109375
15349,99.0,101.14386749267578
15350,98.0,100.40142822265625
15351,97.0,99.85478210449219
15352,96.0,98.40167999267578
15353,95.0,97.35175323486328
15354,93.0,95.85883331298828
15355,94.0,94.56261444091797
15356,94.0,92.5499496459961
15357,94.0,90.48502349853516
15358,94.0,88.19486236572266
15359,90.0,85.9990234375
15360,86.0,83.212158203125
15361,82.0,79.50627899169922
15362,79.0,75.20488739013672
15363,77.0,70.10153198242188
15364,69.0,62.62596130371094
15365,55.0,49.202171325683594
15366,48.0,36.54920196533203
15367,45.0,28.147302627563477
15368,31.0,15.136701583862305
15369,18.0,4.591484069824219
15370,4.0,1.4678525924682617
15371,0.0,0.5278949737548828
15372,0.0,0.19635868072509766
15373,0.0,0.06944942474365234
15374,0.0,-0.04367828369140625
15375,0.0,-0.11844635009765625
15376,0.0,-0.1847829818725586
15377,0.0,-0.22646331787109375
15378,0.0,-0.2790660858154297
15379,0.0,-0.3166055679321289
15380,0.0,-0.3114805221557617
15381,0.0,-0.2873859405517578
15382,0.0,-0.19739532470703125
15383,0.0,-0.18558597564697266
15384,0.0,-0.16376304626464844
15385,0.0,-0.200469970703125
15386,0.0,-0.22266864776611328
15387,0.0,-0.2450580596923828
15388,0.0,-0.2500419616699219
15389,0.0,-0.1477956771850586
15390,0.0,-0.1188201904296875
15391,0.0,-0.12997150421142578
15392,0.0,-0.11697006225585938
15393,0.0,-0.12040042877197266
15394,0.0,-0.11775779724121094
15395,0.0,-0.0849599838256836
15396,0.0,-0.013901710510253906
15397,0.0,0.12801551818847656
15398,0.0,0.24300003051757812
15399,0.0,0.32221126556396484
15400,0.0,0.34874439239501953
15401,0.0,0.4195985794067383
15402,0.0,0.4264078140258789
15403,0.0,0.4263753890991211
15404,0.0,0.4166698455810547
15405,0.0,0.4598541259765625
15406,0.0,0.4453849792480469
15407,0.0,0.4052143096923828
15408,0.0,0.36545276641845703
15409,0.0,0.4341745376586914
15410,0.0,0.44295692443847656
15411,0.0,0.4407806396484375
15412,0.0,0.4538707733154297
15413,0.0,1.2218523025512695
15414,0.0,3.18349552154541
15415,0.0,6.860489845275879
15416,0.0,12.04151439666748
15417,1.0,21.114192962646484
15418,5.0,37.617462158203125
15419,9.0,51.909324645996094
15420,17.0,63.04054260253906
15421,37.0,73.20601654052734
15422,93.0,98.97030639648438
15423,127.0,148.9066162109375
15424,129.0,187.27374267578125
15425,155.0,208.55650329589844
15426,178.0,230.22532653808594
15427,128.0,259.94970703125
15428,111.0,277.37451171875
15429,119.0,295.7438049316406
15430,137.0,317.5119934082031
15431,141.0,331.96917724609375
15432,192.0,337.1893615722656
15433,277.0,335.2916564941406
15434,255.0,331.5474548339844
15435,340.0,328.4308776855469
15436,340.0,324.5104675292969
15437,293.0,321.9592590332031
15438,289.0,316.7344970703125
15439,265.0,313.16961669921875
15440,225.0,312.20867919921875
15441,258.0,321.59381103515625
15442,278.0,325.2654724121094
15443,325.0,320.48748779296875
15444,349.0,307.99365234375
15445,325.0,288.16436767578125
15446,297.0,270.4779357910156
15447,226.0,249.09002685546875
15448,221.0,213.14413452148438
15449,187.0,187.21878051757812
15450,177.0,178.3112030029297
15451,197.0,168.1157684326172
15452,239.0,152.68301391601562
15453,239.0,137.70709228515625
15454,209.0,124.37184143066406
15455,157.0,113.71443176269531
15456,107.0,102.5479507446289
15457,53.0,88.82892608642578
15458,35.0,72.13138580322266
15459,30.0,54.77472686767578
15460,26.0,41.18475341796875
15461,24.0,30.203083038330078
15462,22.0,22.544055938720703
15463,17.0,14.679576873779297
15464,8.0,5.573709011077881
15465,2.0,2.2145214080810547
15466,0.0,0.952488899230957
15467,0.0,0.5227680206298828
15468,0.0,0.3255128860473633
15469,0.0,0.29267024993896484
15470,0.0,0.2525348663330078
15471,0.0,0.2192401885986328
15472,0.0,0.1882915496826172
15473,0.0,0.18805408477783203
15474,0.0,0.1596822738647461
15475,0.0,0.14984798431396484
15476,0.0,0.14627552032470703
15477,0.0,0.14864540100097656
15478,0.0,0.1444873809814453
15479,0.0,0.13683414459228516
15480,0.0,0.10284805297851562
15481,0.0,0.03711891174316406
15482,0.0,-0.020313262939453125
15483,0.0,-0.01919841766357422
15484,0.0,-0.014598846435546875
15485,0.0,0.1317911148071289
15486,0.0,0.1361398696899414
15487,0.0,0.02588939666748047
15488,0.0,-0.06075572967529297
15489,0.0,-0.16596221923828125
15490,0.0,-0.18194198608398438
15491,0.0,-0.18221282958984375
15492,0.0,-0.1654977798461914
15493,0.0,-0.16231822967529297
15494,0.0,-0.15073013305664062
15495,0.0,-0.1609630584716797
15496,0.0,-0.16283226013183594
15497,0.0,-0.20348548889160156
15498,0.0,-0.2018280029296875
15499,0.0,-0.2263650894165039
15500,0.0,-0.2082843780517578
15501,0.0,-0.5474786758422852
15502,0.0,-0.9487409591674805
15503,0.0,-1.5484943389892578
15504,0.0,-1.8830766677856445
15505,0.0,-2.2950401306152344
15506,0.0,-2.137763023376465
15507,0.0,-2.104951858520508
15508,0.0,-1.9378032684326172
15509,0.0,17.74943733215332
15510,0.0,93.42967224121094
15511,2.0,151.861328125
15512,26.0,139.85450744628906
15513,179.0,156.95005798339844
15514,252.0,183.59518432617188
15515,311.0,210.52432250976562
15516,434.0,243.39990234375
15517,356.0,263.8832092285156
15518,300.0,285.0085754394531
15519,309.0,311.70361328125
15520,387.0,348.7317810058594
15521,428.0,382.5293884277344
15522,422.0,404.4452819824219
15523,364.0,417.77886962890625
15524,380.0,430.5734558105469
15525,415.0,447.3661804199219
15526,386.0,473.2644348144531
15527,387.0,478.33599853515625
15528,406.0,458.7413635253906
15529,376.0,448.4717102050781
15530,285.0,415.5198059082031
15531,383.0,394.65582275390625
15532,315.0,364.8208923339844
15533,214.0,358.0252990722656
15534,182.0,345.1127014160156
15535,196.0,289.52142333984375
15536,266.0,202.19715881347656
15537,344.0,193.72113037109375
15538,294.0,229.4196319580078
15539,251.0,261.7322998046875
15540,198.0,266.6651916503906
15541,199.0,270.91595458984375
15542,174.0,262.4408874511719
15543,127.0,246.8810577392578
15544,255.0,235.60264587402344
15545,224.0,233.4945068359375
15546,215.0,221.1114044189453
15547,306.0,198.78341674804688
15548,272.0,182.0915985107422
15549,181.0,168.23309326171875
15550,198.0,135.08302307128906
15551,160.0,98.90656280517578
15552,191.0,71.30452728271484
15553,137.0,60.930633544921875
15554,71.0,51.691017150878906
15555,146.0,40.700416564941406
15556,93.0,34.01081466674805
15557,67.0,30.00804901123047
15558,39.0,25.35352325439453
15559,59.0,19.499664306640625
15560,39.0,9.053375244140625
15561,21.0,4.370832443237305
15562,18.0,2.8769054412841797
15563,0.0,2.1756229400634766
15564,0.0,1.361769676208496
15565,0.0,0.6494131088256836
15566,0.0,0.2371997833251953
15567,0.0,0.1694812774658203
15568,0.0,0.12708282470703125
15569,0.0,0.13030242919921875
15570,0.0,0.09864234924316406
15571,0.0,0.027101516723632812
15572,0.0,-0.05048656463623047
15573,0.0,-0.1094045639038086
15574,0.0,-0.11870574951171875
15575,0.0,-0.09396934509277344
15576,0.0,-0.051766395568847656
15577,0.0,-0.011900901794433594
15578,0.0,0.04760265350341797
15579,0.0,0.0959463119506836
15580,0.0,0.1463756561279297
15581,0.0,0.35973644256591797
15582,0.0,0.47205257415771484
15583,0.0,0.3783111572265625
15584,0.0,0.4420785903930664
15585,0.0,0.43541526794433594
15586,0.0,0.4663534164428711
15587,0.0,0.4801979064941406
15588,0.0,0.5404367446899414
15589,0.0,0.6208114624023438
15590,0.0,0.6215658187866211
15591,0.0,0.5951461791992188
15592,0.0,0.5517845153808594
15593,0.0,0.5921335220336914
15594,0.0,0.678065299987793
15595,0.0,0.7554702758789062
15596,0.0,0.8209171295166016
15597,0.0,0.8919048309326172
15598,0.0,0.8958139419555664
15599,0.0,0.8911561965942383
15600,0.0,0.8857583999633789
15601,0.0,0.8989725112915039
15602,0.0,0.9457035064697266
15603,0.0,0.9671726226806641
15604,0.0,0.9811334609985352
15605,0.0,1.0500984191894531
15606,0.0,1.0811452865600586
15607,0.0,1.0838556289672852
15608,0.0,1.1619882583618164
15609,0.0,1.7814760208129883
15610,0.0,2.9013671875
15611,0.0,4.765477657318115
15612,4.0,9.452238082885742
15613,2.0,22.72210693359375
15614,15.0,38.73262405395508
15615,49.0,52.79994201660156
15616,62.0,65.74665069580078
15617,77.0,76.43159484863281
15618,128.0,85.44261932373047
15619,105.0,96.18091583251953
15620,225.0,104.5052490234375
15621,233.0,114.40139770507812
15622,470.0,134.15623474121094
15623,617.0,173.9146270751953
15624,587.0,223.14813232421875
15625,404.0,258.8527526855469
15626,279.0,266.7945861816406
15627,381.0,250.2219696044922
15628,348.0,223.92359924316406
15629,251.0,207.4293212890625
15630,268.0,193.623046875
15631,339.0,185.12591552734375
15632,201.0,185.34991455078125
15633,252.0,194.68630981445312
15634,280.0,202.60679626464844
15635,260.0,206.02230834960938
15636,321.0,201.429443359375
15637,347.0,200.77215576171875
15638,304.0,198.7865447998047
15639,291.0,199.2746124267578
15640,214.0,207.45521545410156
15641,311.0,225.5120849609375
15642,256.0,231.2884521484375
15643,156.0,246.3651123046875
15644,170.0,250.8570556640625
15645,242.0,220.7017822265625
15646,191.0,198.40052795410156
15647,170.0,189.16444396972656
15648,121.0,175.6281280517578
15649,159.0,167.9617462158203
15650,139.0,148.9911346435547
15651,127.0,130.27963256835938
15652,102.0,114.56504821777344
15653,78.0,98.3693618774414
15654,74.0,84.18487548828125
15655,50.0,69.14034271240234
15656,36.0,51.31982421875
15657,18.0,34.60116958618164
15658,2.0,17.028621673583984
15659,0.0,4.076932907104492
15660,0.0,0.9773960113525391
15661,0.0,0.4359254837036133
15662,0.0,0.15635204315185547
15663,0.0,0.03527069091796875
15664,0.0,-0.06830215454101562
15665,0.0,-0.1216745376586914
15666,0.0,-0.17373943328857422
15667,0.0,-0.24250125885009766
15668,0.0,-0.31429100036621094
15669,0.0,-0.4157905578613281
15670,0.0,-0.42128753662109375
15671,0.0,-0.3773221969604492
15672,0.0,-0.29781532287597656
15673,0.0,-0.28727149963378906
15674,0.0,-0.26322174072265625
15675,0.0,-0.3230142593383789
15676,0.0,-0.3686561584472656
15677,0.0,-0.5687856674194336
15678,0.0,-0.6241025924682617
15679,0.0,-0.6869449615478516
15680,0.0,-0.7546253204345703
15681,0.0,-0.8970098495483398
15682,0.0,-0.8639450073242188
15683,0.0,-0.9005651473999023
15684,0.0,-0.9231605529785156
15685,0.0,-1.1190576553344727
15686,0.0,-1.159433364868164
15687,0.0,-1.1548824310302734
15688,0.0,-1.0312538146972656
15689,0.0,-1.0702400207519531
15690,0.0,-1.0332345962524414
15691,0.0,-1.2283954620361328
15692,0.0,-1.462580680847168
15693,0.0,-2.070906639099121
15694,0.0,-2.3234214782714844
15695,0.0,-2.4510202407836914
15696,0.0,-2.512725830078125
15697,0.0,-2.861006736755371
15698,0.0,-2.896498680114746
15699,0.0,-2.9496593475341797
15700,0.0,-3.014756202697754
15701,0.0,-2.6387405395507812
15702,0.0,-1.9975042343139648
15703,0.0,-1.1011037826538086
15704,2.0,5.961248397827148
15705,18.0,49.419342041015625
15706,105.0,142.98426818847656
15707,265.0,223.36671447753906
15708,358.0,278.87176513671875
15709,391.0,339.9067077636719
15710,420.0,397.6551818847656
15711,416.0,421.59808349609375
15712,440.0,407.63232421875
15713,420.0,382.0108642578125
15714,416.0,365.1880187988281
15715,415.0,362.7396240234375
15716,399.0,367.9726257324219
15717,393.0,378.9701843261719
15718,377.0,385.45635986328125
15719,343.0,378.98681640625
15720,295.0,362.5872497558594
15721,274.0,350.6605529785156
15722,278.0,327.614013671875
15723,274.0,289.64324951171875
15724,253.0,247.02528381347656
15725,230.0,220.60211181640625
15726,218.0,199.7620086669922
15727,211.0,183.7638397216797
15728,187.0,172.17645263671875
15729,180.0,167.2640380859375
15730,147.0,162.0092315673828
15731,145.0,156.17230224609375
15732,165.0,144.00271606445312
15733,198.0,140.29393005371094
15734,304.0,138.21136474609375
15735,348.0,137.9077911376953
15736,290.0,135.05519104003906
15737,220.0,138.47000122070312
15738,177.0,141.17942810058594
15739,130.0,141.90463256835938
15740,105.0,133.1695098876953
15741,94.0,123.78941345214844
15742,102.0,116.72627258300781
15743,113.0,113.69775390625
15744,129.0,107.98222351074219
15745,119.0,101.79708099365234
15746,101.0,95.58981323242188
15747,71.0,88.66191101074219
15748,56.0,81.20706176757812
15749,53.0,75.40666961669922
15750,51.0,68.17442321777344
15751,40.0,60.6046142578125
15752,29.0,51.158424377441406
15753,15.0,40.989166259765625
15754,3.0,31.909276962280273
15755,0.0,18.814077377319336
15756,0.0,6.315794467926025
15757,0.0,2.36153507232666
15758,0.0,1.046865463256836
15759,0.0,0.5791015625
15760,0.0,0.3759012222290039
15761,0.0,0.3710470199584961
15762,0.0,0.3697853088378906
15763,0.0,0.35743141174316406
15764,0.0,0.28923988342285156
15765,0.0,0.21872234344482422
15766,0.0,0.18866634368896484
15767,0.0,0.16924381256103516
15768,0.0,0.1470470428466797
15769,0.0,0.09939384460449219
15770,0.0,0.11856746673583984
15771,0.0,0.0795907974243164
15772,0.0,0.055756568908691406
15773,0.0,-0.3976402282714844
15774,0.0,-0.4309968948364258
15775,0.0,-0.45142650604248047
15776,0.0,-0.44922637939453125
15777,0.0,-0.49689388275146484
15778,0.0,-0.47066497802734375
15779,0.0,-0.460418701171875
15780,0.0,-0.4550008773803711
15781,0.0,-0.4681100845336914
15782,0.0,-0.4727973937988281
15783,0.0,-0.4757347106933594
15784,0.0,-0.4752616882324219
15785,0.0,-0.4835205078125
15786,0.0,-0.5562686920166016
15787,0.0,-0.5934562683105469
15788,0.0,-0.6642246246337891
15789,0.0,-0.6000385284423828
15790,0.0,-0.7291011810302734
15791,0.0,-0.7628374099731445
15792,0.0,-0.8502082824707031
15793,0.0,-0.5854482650756836
15794,0.0,-0.748600959777832
15795,0.0,-0.8630514144897461
15796,0.0,-1.1446962356567383
15797,0.0,-0.34015464782714844
15798,0.0,-0.2109365463256836
15799,10.0,-0.15180683135986328
15800,110.0,8.312033653259277
15801,220.0,88.8411865234375
15802,327.0,229.955810546875
15803,393.0,337.792724609375
15804,433.0,405.54547119140625
15805,451.0,443.0751647949219
15806,470.0,461.0942687988281
15807,478.0,467.859130859375
15808,481.0,468.62066650390625
15809,476.0,465.0996398925781
15810,471.0,459.78094482421875
15811,460.0,455.2123107910156
15812,442.0,451.9372863769531
15813,424.0,446.07452392578125
15814,400.0,433.0308837890625
15815,374.0,414.6683044433594
15816,347.0,393.3619689941406
15817,318.0,373.3751525878906
15818,288.0,344.71044921875
15819,258.0,299.0699157714844
15820,228.0,251.75204467773438
15821,199.0,227.0585174560547
15822,172.0,201.18112182617188
15823,147.0,166.01495361328125
15824,125.0,129.1685333251953
15825,111.0,116.8134765625
15826,96.0,110.71585845947266
15827,89.0,107.22278594970703
15828,87.0,103.32345581054688
15829,87.0,101.65447998046875
15830,87.0,99.84528350830078
15831,87.0,98.42803192138672
15832,87.0,95.90287017822266
15833,86.0,94.92050170898438
15834,84.0,93.6991958618164
15835,82.0,92.70283508300781
15836,81.0,90.90412902832031
15837,78.0,90.03665924072266
15838,77.0,88.90596008300781
15839,75.0,87.81192016601562
15840,72.0,86.32559967041016
15841,68.0,84.7751693725586
15842,64.0,82.86079406738281
15843,61.0,80.75814819335938
15844,55.0,78.20372772216797
15845,49.0,74.54383850097656
15846,43.0,69.54014587402344
15847,36.0,62.84114074707031
15848,28.0,53.73039245605469
15849,17.0,43.102046966552734
15850,3.0,34.72466278076172
15851,0.0,23.669450759887695
15852,0.0,9.033719062805176
15853,0.0,3.0079431533813477
15854,0.0,1.0705633163452148
15855,0.0,0.4127035140991211
15856,0.0,0.16880226135253906
15857,0.0,0.13440322875976562
15858,0.0,0.1020040512084961
15859,0.0,0.06937408447265625
15860,0.0,0.010629653930664062
15861,0.0,-0.022235870361328125
15862,0.0,-0.02213001251220703
15863,0.0,-0.00945281982421875
15864,0.0,0.00048065185546875
15865,0.0,-0.01861095428466797
15866,0.0,0.01458740234375
15867,0.0,0.0070858001708984375
15868,0.0,0.0063190460205078125
15869,0.0,-0.3543825149536133
15870,0.0,-0.42351818084716797
15871,0.0,-0.4719820022583008
15872,0.0,-0.49082374572753906
15873,0.0,-0.5686416625976562
15874,0.0,-0.5238161087036133
15875,0.0,-0.4939146041870117
15876,0.0,-0.46443939208984375
15877,0.0,-0.4839897155761719
15878,0.0,-0.4567737579345703
15879,0.0,-0.4426851272583008
15880,0.0,-0.4177865982055664
15881,0.0,-0.44918155670166016
15882,0.0,-0.46758270263671875
15883,0.0,-0.4923057556152344
15884,0.0,-0.5322790145874023
15885,0.0,-0.5536947250366211
15886,0.0,-0.6188287734985352
15887,0.0,-0.6586713790893555
15888,0.0,-0.7631683349609375
15889,0.0,-0.8577890396118164
15890,0.0,-1.270456314086914
15891,0.0,-1.9755725860595703
15892,0.0,-2.6346654891967773
15893,0.0,-2.6493406295776367
15894,0.0,-2.2377309799194336
15895,10.0,-1.2633275985717773
15896,109.0,15.365710258483887
15897,218.0,135.8786163330078
15898,309.0,277.32061767578125
15899,370.0,368.1498718261719
15900,414.0,424.3562316894531
15901,445.0,456.7177734375
15902,463.0,474.77484130859375
15903,476.0,485.8554382324219
15904,479.0,493.5289001464844
15905,477.0,496.3205261230469
15906,469.0,493.4247131347656
15907,457.0,484.8088073730469
15908,442.0,475.2870178222656
15909,425.0,457.2444763183594
15910,403.0,426.38177490234375
15911,378.0,398.755859375
15912,353.0,373.3817138671875
15913,326.0,349.4752502441406
15914,297.0,316.80120849609375
15915,267.0,279.9546203613281
15916,236.0,247.36378479003906
15917,206.0,228.2592010498047
15918,178.0,208.20327758789062
15919,153.0,184.25315856933594
15920,131.0,140.65591430664062
15921,113.0,124.36813354492188
15922,101.0,114.67609405517578
15923,94.0,109.1421890258789
15924,90.0,104.07438659667969
15925,90.0,102.10636901855469
15926,90.0,100.0136489868164
15927,91.0,98.24829864501953
15928,89.0,95.54210662841797
15929,89.0,94.37454223632812
15930,88.0,93.20867919921875
15931,87.0,92.52299499511719
15932,86.0,91.23613739013672
15933,84.0,90.83882904052734
15934,82.0,90.30900573730469
15935,79.0,89.96585083007812
15936,78.0,89.11604309082031
15937,74.0,87.44544219970703
15938,71.0,85.11344909667969
15939,67.0,82.7320327758789
15940,61.0,79.76860809326172
15941,55.0,74.96669006347656
15942,49.0,68.4216079711914
15943,41.0,60.130958557128906
15944,32.0,49.986305236816406
15945,21.0,39.646575927734375
15946,6.0,30.976526260375977
15947,0.0,18.154674530029297
15948,0.0,6.371153354644775
15949,0.0,2.556870460510254
15950,0.0,1.2548542022705078
15951,0.0,0.7968196868896484
15952,0.0,0.5994462966918945
15953,0.0,0.6488485336303711
15954,0.0,0.620330810546875
15955,0.0,0.5984334945678711
15956,0.0,0.5408878326416016
15957,0.0,0.49071407318115234
15958,0.0,0.4884462356567383
15959,0.0,0.5934314727783203
15960,0.0,0.5992860794067383
15961,0.0,0.5055103302001953
15962,0.0,0.37499046325683594
15963,0.0,0.20803260803222656
15964,0.0,0.12781047821044922
15965,0.0,0.26276683807373047
15966,0.0,0.40430355072021484
15967,0.0,0.2089061737060547
15968,0.0,0.1165475845336914
15969,0.0,0.016556739807128906
15970,0.0,-0.04823493957519531
15971,0.0,-0.10950756072998047
15972,0.0,-0.16921520233154297
15973,0.0,-0.2359600067138672
15974,0.0,-0.14802837371826172
15975,0.0,-0.02867603302001953
15976,0.0,0.03570842742919922
15977,0.0,-0.15199756622314453
15978,0.0,-0.5018272399902344
15979,0.0,-0.9243860244750977
15980,0.0,-1.2174654006958008
15981,0.0,-1.7043218612670898
15982,0.0,-1.7643613815307617
15983,0.0,-1.7453088760375977
15984,0.0,-1.7989816665649414
15985,0.0,-1.379384994506836
15986,0.0,-0.8344249725341797
15987,0.0,-0.32750511169433594
15988,0.0,0.06886482238769531
15989,0.0,5.5458245277404785
15990,0.0,8.679461479187012
15991,0.0,13.188335418701172
15992,1.0,49.34522247314453
15993,25.0,153.54107666015625
15994,81.0,254.28616333007812
15995,135.0,283.4617919921875
15996,113.0,281.56414794921875
15997,279.0,270.8121337890625
15998,384.0,255.921630859375
15999,213.0,232.36627197265625
16000,245.0,209.07049560546875
16001,431.0,196.3596954345703
16002,544.0,192.02511596679688
16003,507.0,193.48690795898438
16004,395.0,199.9163055419922
16005,265.0,216.61026000976562
16006,232.0,272.6913146972656
16007,304.0,361.6662902832031
16008,425.0,401.1904296875
16009,393.0,401.2273254394531
16010,425.0,382.717041015625
16011,411.0,347.00640869140625
16012,342.0,303.4320983886719
16013,368.0,260.69512939453125
16014,306.0,226.7513885498047
16015,259.0,210.87069702148438
16016,167.0,201.45542907714844
16017,146.0,192.3920135498047
16018,125.0,192.52731323242188
16019,109.0,198.46658325195312
16020,108.0,207.86367797851562
16021,123.0,189.2766876220703
16022,175.0,191.28248596191406
16023,239.0,194.98329162597656
16024,288.0,196.47596740722656
16025,248.0,200.54989624023438
16026,239.0,201.53890991210938
16027,233.0,199.7389373779297
16028,210.0,192.7638702392578
16029,252.0,185.15846252441406
16030,213.0,177.0326385498047
16031,169.0,166.6365966796875
16032,171.0,153.26596069335938
16033,146.0,142.98060607910156
16034,142.0,130.89236450195312
16035,135.0,116.08200073242188
16036,133.0,99.9639892578125
16037,104.0,92.7076644897461
16038,90.0,85.04894256591797
16039,78.0,74.21800231933594
16040,47.0,55.77489471435547
16041,33.0,39.834930419921875
16042,11.0,29.34610939025879
16043,1.0,20.575050354003906
16044,0.0,5.321046829223633
16045,0.0,1.2066469192504883
16046,0.0,0.13636302947998047
16047,0.0,-0.21759700775146484
16048,0.0,-0.35824108123779297
16049,0.0,-0.37667369842529297
16050,0.0,-0.35828113555908203
16051,0.0,-0.3214244842529297
16052,0.0,-0.2997713088989258
16053,0.0,-0.276336669921875
16054,0.0,-0.2200756072998047
16055,0.0,-0.22815322875976562
16056,0.0,-0.2204723358154297
16057,0.0,-0.24337482452392578
16058,0.0,-0.19425296783447266
16059,0.0,-0.17397212982177734
16060,0.0,-0.12378406524658203
16061,0.0,0.3448600769042969
16062,0.0,0.7006092071533203
16063,0.0,0.46693992614746094
16064,0.0,0.4483985900878906
16065,0.0,0.35732364654541016
16066,0.0,0.3963022232055664
16067,0.0,0.2362346649169922
16068,0.0,0.0028333663940429688
16069,0.0,-0.2229747772216797
16070,0.0,-0.20255374908447266
16071,0.0,-0.12673282623291016
16072,0.0,-0.07030200958251953
16073,0.0,-0.09651947021484375
16074,0.0,-0.2939634323120117
16075,0.0,-0.7213983535766602
16076,0.0,-1.1852941513061523
16077,0.0,-1.9907970428466797
16078,0.0,-2.2247676849365234
16079,0.0,-2.655344009399414
16080,0.0,-3.0757274627685547
16081,0.0,-3.4732275009155273
16082,0.0,-3.348935127258301
16083,0.0,-3.1106786727905273
16084,0.0,-2.432084083557129
16085,0.0,0.10660934448242188
16086,0.0,2.8182687759399414
16087,54.0,12.103453636169434
16088,193.0,71.4186019897461
16089,309.0,195.5880889892578
16090,395.0,302.2562255859375
16091,458.0,361.6252136230469
16092,503.0,411.4059143066406
16093,529.0,444.837158203125
16094,542.0,473.50360107421875
16095,550.0,482.3642578125
16096,553.0,477.13409423828125
16097,552.0,460.0038757324219
16098,522.0,444.5527648925781
16099,431.0,432.22186279296875
16100,399.0,427.51995849609375
16101,403.0,434.1080627441406
16102,352.0,449.02825927734375
16103,337.0,456.0003662109375
16104,459.0,444.29705810546875
16105,527.0,436.32965087890625
16106,419.0,417.4263000488281
16107,361.0,394.2681579589844
16108,383.0,368.1224365234375
16109,432.0,351.0257568359375
16110,391.0,331.60296630859375
16111,378.0,310.8672790527344
16112,365.0,285.1187744140625
16113,351.0,281.7973937988281
16114,334.0,287.0735778808594
16115,381.0,294.2076110839844
16116,400.0,298.7242431640625
16117,369.0,321.2715759277344
16118,360.0,333.2532958984375
16119,373.0,325.1922912597656
16120,286.0,298.2077331542969
16121,313.0,279.1827392578125
16122,313.0,255.54527282714844
16123,264.0,240.41583251953125
16124,181.0,231.02772521972656
16125,154.0,223.524169921875
16126,174.0,215.03602600097656
16127,119.0,206.08824157714844
16128,109.0,189.6182098388672
16129,119.0,158.822998046875
16130,98.0,129.83900451660156
16131,101.0,108.94945526123047
16132,75.0,88.79268646240234
16133,68.0,76.30269622802734
16134,80.0,65.82266235351562
16135,80.0,55.15302276611328
16136,53.0,42.22454071044922
16137,23.0,34.66272735595703
16138,11.0,25.369712829589844
16139,1.0,10.701347351074219
16140,0.0,2.2984066009521484
16141,0.0,0.7454700469970703
16142,0.0,0.21414947509765625
16143,0.0,0.07011890411376953
16144,0.0,0.06399250030517578
16145,0.0,0.22648239135742188
16146,0.0,0.3614377975463867
16147,0.0,0.4131650924682617
16148,0.0,0.4483194351196289
16149,0.0,0.46991920471191406
16150,0.0,0.5585355758666992
16151,0.0,0.5852556228637695
16152,0.0,0.3219881057739258
16153,0.0,-0.11542987823486328
16154,0.0,-0.35493946075439453
16155,0.0,-0.48822021484375
16156,0.0,-0.5198268890380859
16157,0.0,-0.37832164764404297
16158,0.0,-0.13443279266357422
16159,0.0,0.00754547119140625
16160,0.0,0.07320594787597656
16161,0.0,0.14226150512695312
16162,0.0,0.20252132415771484
16163,0.0,0.2746267318725586
16164,0.0,0.35245513916015625
16165,0.0,0.43105602264404297
16166,0.0,0.31931591033935547
16167,0.0,0.20410728454589844
16168,0.0,0.08974361419677734
16169,0.0,0.05762767791748047
16170,0.0,-0.2849407196044922
16171,0.0,-0.8167333602905273
16172,0.0,-1.2818050384521484
16173,0.0,-1.6939506530761719
16174,0.0,-1.9851255416870117
16175,0.0,-2.4314680099487305
16176,0.0,-2.8159360885620117
16177,0.0,-3.591181755065918
16178,0.0,-2.8196067810058594
16179,0.0,-1.5901365280151367
16180,0.0,-0.19134521484375
16181,0.0,3.8761720657348633
16182,0.0,12.687923431396484
16183,1.0,28.10952377319336
16184,4.0,56.98357391357422
16185,7.0,106.7165298461914
16186,19.0,151.85984802246094
16187,39.0,179.72059631347656
16188,52.0,201.23800659179688
16189,73.0,226.56944274902344
16190,94.0,288.47149658203125
16191,115.0,377.26507568359375
16192,131.0,450.9775085449219
16193,146.0,468.33477783203125
16194,159.0,440.4398498535156
16195,174.0,390.878173828125
16196,180.0,382.31488037109375
16197,203.0,361.6833190917969
16198,238.0,338.5856018066406
16199,295.0,330.67315673828125
16200,309.0,339.3883972167969
16201,231.0,358.5517578125
16202,243.0,374.0034484863281
16203,232.0,376.2370910644531
16204,324.0,351.6268310546875
16205,302.0,345.7720947265625
16206,332.0,341.90997314453125
16207,421.0,340.75811767578125
16208,454.0,334.349365234375
16209,469.0,364.0762939453125
16210,491.0,405.51727294921875
16211,492.0,408.7804260253906
16212,470.0,394.82476806640625
16213,497.0,370.308349609375
16214,431.0,329.497314453125
16215,385.0,299.4466857910156
16216,361.0,281.46600341796875
16217,278.0,268.3321838378906
16218,271.0,254.4097137451172
16219,323.0,235.34242248535156
16220,299.0,218.21669006347656
16221,276.0,205.64324951171875
16222,264.0,194.66346740722656
16223,254.0,184.79444885253906
16224,243.0,175.0117645263672
16225,184.0,164.1317138671875
16226,176.0,151.50503540039062
16227,165.0,135.82130432128906
16228,125.0,116.67219543457031
16229,135.0,97.28689575195312
16230,121.0,76.4188003540039
16231,98.0,56.47272491455078
16232,69.0,36.904502868652344
16233,66.0,24.867107391357422
16234,43.0,11.801861763000488
16235,12.0,3.4887781143188477
16236,0.0,0.7688179016113281
16237,0.0,0.2280712127685547
16238,0.0,-0.04091453552246094
16239,0.0,-0.2203226089477539
16240,0.0,-0.35033321380615234
16241,0.0,-0.3954448699951172
16242,0.0,-0.3998527526855469
16243,0.0,-0.44387245178222656
16244,0.0,-0.45223236083984375
16245,0.0,-0.4535818099975586
16246,0.0,-0.3798542022705078
16247,0.0,-0.3286399841308594
16248,0.0,-0.2563619613647461
16249,0.0,-0.25159740447998047
16250,0.0,-0.2571582794189453
16251,0.0,-0.23302364349365234
16252,0.0,-0.19593238830566406
16253,0.0,-0.10680103302001953
16254,0.0,-0.05430793762207031
16255,0.0,-0.03563690185546875
16256,0.0,-0.061255455017089844
16257,0.0,-0.06117439270019531
16258,0.0,-0.06522369384765625
16259,0.0,-0.08671855926513672
16260,0.0,-0.1098623275756836
16261,0.0,-0.09506797790527344
16262,0.0,-0.07336997985839844
16263,0.0,-0.09265899658203125
16264,0.0,-0.20791053771972656
16265,0.0,-0.5764026641845703
16266,0.0,-0.9661340713500977
16267,0.0,-1.0716819763183594
16268,0.0,-1.0265436172485352
16269,0.0,-0.8624982833862305
16270,0.0,-0.9580841064453125
16271,0.0,-1.1482791900634766
16272,0.0,-1.3876209259033203
16273,0.0,-0.7839345932006836
16274,0.0,0.42691898345947266
16275,0.0,1.7687759399414062
16276,0.0,3.298068046569824
16277,0.0,6.974503040313721
16278,0.0,12.227489471435547
16279,0.0,21.750137329101562
16280,2.0,36.95939636230469
16281,8.0,61.51042938232422
16282,10.0,90.00952911376953
16283,17.0,111.74337005615234
16284,34.0,127.95989990234375
16285,42.0,135.7743682861328
16286,52.0,151.97528076171875
16287,66.0,200.13836669921875
16288,79.0,339.42413330078125
16289,102.0,483.3859558105469
16290,158.0,530.2319946289062
16291,267.0,520.4071044921875
16292,409.0,482.6144104003906
16293,520.0,445.59716796875
16294,487.0,405.28607177734375
16295,444.0,363.5930480957031
16296,418.0,356.2725524902344
16297,324.0,362.4521484375
16298,251.0,361.12091064453125
16299,380.0,330.9117431640625
16300,342.0,309.0429382324219
16301,319.0,313.2275085449219
16302,331.0,321.72515869140625
16303,365.0,326.024658203125
16304,199.0,317.5420837402344
16305,344.0,300.63934326171875
16306,272.0,296.9772644042969
16307,262.0,307.3416442871094
16308,252.0,298.9037780761719
16309,152.0,290.51116943359375
16310,181.0,276.3648986816406
16311,150.0,257.62054443359375
16312,182.0,244.0076141357422
16313,189.0,231.7085723876953
16314,164.0,218.86825561523438
16315,166.0,206.3957977294922
16316,243.0,193.9716339111328
16317,125.0,176.92604064941406
16318,120.0,158.37619018554688
16319,90.0,143.19137573242188
16320,100.0,130.2466278076172
16321,86.0,120.04778289794922
16322,85.0,110.81127166748047
16323,119.0,101.33551025390625
16324,96.0,91.4279556274414
16325,67.0,82.94378662109375
16326,58.0,73.31754302978516
16327,49.0,62.617034912109375
16328,41.0,47.01390838623047
16329,27.0,32.219635009765625
16330,15.0,17.983762741088867
16331,2.0,4.413671493530273
16332,0.0,0.7734794616699219
16333,0.0,0.18683719635009766
16334,0.0,-0.08010101318359375
16335,0.0,-0.17855262756347656
16336,0.0,-0.2117919921875
16337,0.0,-0.15573501586914062
16338,0.0,-0.11262226104736328
16339,0.0,-0.07838916778564453
16340,0.0,-0.06777572631835938
16341,0.0,-0.03838348388671875
16342,0.0,-0.035851478576660156
16343,0.0,-0.04273033142089844
16344,0.0,-0.06173896789550781
16345,0.0,-0.10190296173095703
16346,0.0,-0.13381099700927734
16347,0.0,-0.1825580596923828
16348,0.0,-0.2126455307006836
16349,0.0,-0.036998748779296875
16350,0.0,0.158233642578125
16351,0.0,0.21170616149902344
16352,0.0,0.28491973876953125
16353,0.0,0.3478975296020508
16354,0.0,0.3643789291381836
16355,0.0,0.3543577194213867
16356,0.0,0.3651456832885742
16357,0.0,0.3438606262207031
16358,0.0,0.33204078674316406
16359,0.0,0.25563907623291016
16360,0.0,0.2643766403198242
16361,0.0,0.08210086822509766
16362,0.0,-0.007956504821777344
16363,0.0,0.007354736328125
16364,0.0,0.14235782623291016
16365,0.0,0.349090576171875
16366,0.0,0.6446819305419922
16367,0.0,0.9815073013305664
16368,0.0,1.1484756469726562
16369,0.0,1.1180229187011719
16370,0.0,0.998286247253418
16371,0.0,0.7825679779052734
16372,0.0,0.49933719635009766
16373,0.0,-0.10445499420166016
16374,2.0,-0.5594625473022461
16375,11.0,2.3675451278686523
16376,37.0,18.330928802490234
16377,126.0,58.20032501220703
16378,300.0,111.7621841430664
16379,250.0,160.1996307373047
16380,491.0,225.52304077148438
16381,604.0,314.60479736328125
16382,508.0,405.3016662597656
16383,509.0,468.86834716796875
16384,490.0,490.04583740234375
16385,447.0,474.3446960449219
16386,372.0,448.6754150390625
16387,481.0,433.7770690917969
16388,385.0,412.8153381347656
16389,435.0,388.76922607421875
16390,534.0,394.13671875
16391,422.0,403.2542419433594
16392,396.0,401.8374938964844
16393,473.0,388.44085693359375
16394,495.0,368.86224365234375
16395,455.0,349.2429504394531
16396,411.0,328.4002380371094
16397,293.0,313.28948974609375
16398,313.0,308.9906005859375
16399,271.0,339.2798767089844
16400,318.0,338.4064636230469
16401,345.0,313.4583435058594
16402,402.0,289.61639404296875
16403,438.0,268.89093017578125
16404,387.0,247.5169219970703
16405,345.0,236.24520874023438
16406,328.0,223.38270568847656
16407,328.0,216.40589904785156
16408,366.0,205.1580047607422
16409,374.0,198.71165466308594
16410,350.0,191.25350952148438
16411,341.0,183.8672637939453
16412,326.0,175.60935974121094
16413,236.0,175.32623291015625
16414,106.0,182.22189331054688
16415,48.0,178.1945343017578
16416,108.0,163.85507202148438
16417,182.0,150.8424835205078
16418,170.0,136.5342254638672
16419,132.0,122.64657592773438
16420,100.0,106.89147186279297
16421,92.0,95.71843719482422
16422,72.0,84.57674407958984
16423,40.0,74.56238555908203
16424,10.0,60.993675231933594
16425,3.0,41.618682861328125
16426,3.0,25.764728546142578
16427,0.0,11.759292602539062
16428,0.0,2.6759252548217773
16429,0.0,1.0044736862182617
16430,0.0,0.431396484375
16431,0.0,0.22313404083251953
16432,0.0,0.14345455169677734
16433,0.0,0.14389419555664062
16434,0.0,0.15447330474853516
16435,0.0,0.15906143188476562
16436,0.0,0.17227554321289062
16437,0.0,0.1955575942993164
16438,0.0,0.2094717025756836
16439,0.0,0.21032047271728516
16440,0.0,0.2044534683227539
16441,0.0,0.2080841064453125
16442,0.0,0.2216176986694336
16443,0.0,0.22541046142578125
16444,0.0,0.23027515411376953
16445,0.0,0.4122161865234375
16446,0.0,0.5975770950317383
16447,0.0,0.5156593322753906
16448,0.0,0.4919252395629883
16449,0.0,0.4244842529296875
16450,0.0,0.2762136459350586
16451,0.0,0.09346199035644531
16452,0.0,-0.03254508972167969
16453,0.0,-0.17495346069335938
16454,0.0,-0.13304996490478516
16455,0.0,-0.05440998077392578
16456,0.0,0.15654850006103516
16457,0.0,0.3531360626220703
16458,0.0,0.49144649505615234
16459,0.0,0.4799642562866211
16460,0.0,0.47284412384033203
16461,0.0,0.2580385208129883
16462,0.0,0.2870931625366211
16463,0.0,0.27701377868652344
16464,0.0,0.4002676010131836
16465,0.0,0.5086545944213867
16466,0.0,0.5878839492797852
16467,0.0,0.5193929672241211
16468,0.0,0.4568748474121094
16469,0.0,0.3623046875
16470,1.0,0.3834848403930664
16471,1.0,1.172637939453125
16472,5.0,3.9051361083984375
16473,8.0,10.480934143066406
16474,10.0,22.151750564575195
16475,11.0,39.49396514892578
16476,35.0,56.30341339111328
16477,43.0,72.72209167480469
16478,42.0,91.60432434082031
16479,66.0,103.72051239013672
16480,56.0,105.86630249023438
16481,68.0,104.01750183105469
16482,62.0,105.99329376220703
16483,78.0,109.7906494140625
16484,98.0,121.0448226928711
16485,104.0,144.69668579101562
16486,95.0,185.24769592285156
16487,161.0,228.95156860351562
16488,203.0,256.5736389160156
16489,210.0,269.49456787109375
16490,169.0,279.4465637207031
16491,207.0,288.6859436035156
16492,247.0,293.7392272949219
16493,269.0,298.97174072265625
16494,385.0,298.2076721191406
16495,453.0,297.0414733886719
16496,390.0,295.4501647949219
16497,501.0,292.6573181152344
16498,407.0,290.5082702636719
16499,402.0,287.4739990234375
16500,415.0,281.68780517578125
16501,394.0,271.7135009765625
16502,327.0,266.7054138183594
16503,225.0,264.2234191894531
16504,201.0,263.5586853027344
16505,180.0,264.8246154785156
16506,149.0,264.9293212890625
16507,149.0,257.0422058105469
16508,150.0,241.53677368164062
16509,156.0,222.54624938964844
16510,161.0,202.44705200195312
16511,164.0,182.6690673828125
16512,162.0,165.83297729492188
16513,149.0,150.4534912109375
16514,148.0,136.12075805664062
16515,139.0,123.42163848876953
16516,138.0,111.85485076904297
16517,131.0,102.37910461425781
16518,110.0,93.39862060546875
16519,82.0,83.1209716796875
16520,72.0,68.34300231933594
16521,55.0,53.590576171875
16522,39.0,37.023658752441406
16523,18.0,21.171127319335938
16524,3.0,4.920138359069824
16525,1.0,1.7348556518554688
16526,0.0,0.7347202301025391
16527,0.0,0.39952659606933594
16528,0.0,0.2608327865600586
16529,0.0,0.2673015594482422
16530,0.0,0.2521181106567383
16531,0.0,0.3188199996948242
16532,0.0,0.3917074203491211
16533,0.0,0.5026788711547852
16534,0.0,0.5885181427001953
16535,0.0,0.6514759063720703
16536,0.0,0.7115955352783203
16537,0.0,0.7488842010498047
16538,0.0,0.8118886947631836
16539,0.0,0.7434120178222656
16540,0.0,0.6497020721435547
16541,0.0,-0.3081197738647461
16542,0.0,-0.17510128021240234
16543,0.0,-0.22061538696289062
16544,0.0,-0.25699615478515625
16545,0.0,-0.44068050384521484
16546,0.0,-0.29193782806396484
16547,0.0,-0.2973909378051758
16548,0.0,-0.3227262496948242
16549,0.0,-0.635899543762207
16550,0.0,-0.4729623794555664
16551,0.0,-0.35812950134277344
16552,0.0,0.03066730499267578
16553,0.0,-0.23414325714111328
16554,0.0,-0.1840066909790039
16555,0.0,-0.22676467895507812
16556,0.0,-0.4292488098144531
16557,0.0,-1.3415107727050781
16558,0.0,-1.8338556289672852
16559,0.0,-2.954972267150879
16560,0.0,-4.326988220214844
16561,0.0,-5.254055023193359
16562,0.0,-4.2824859619140625
16563,0.0,-3.637248992919922
16564,0.0,0.03167438507080078
16565,0.0,0.7815580368041992
16566,0.0,0.8206195831298828
16567,44.0,1.2521095275878906
16568,43.0,10.815954208374023
16569,17.0,29.513038635253906
16570,5.0,53.56128692626953
16571,6.0,68.0619125366211
16572,15.0,71.98951721191406
16573,44.0,64.5965347290039
16574,73.0,63.2183837890625
16575,50.0,68.76663208007812
16576,118.0,84.1217269897461
16577,117.0,132.0426788330078
16578,144.0,213.62794494628906
16579,144.0,263.4306640625
16580,136.0,287.5386657714844
16581,243.0,298.9230041503906
16582,335.0,307.0704345703125
16583,420.0,318.48248291015625
16584,414.0,331.85272216796875
16585,390.0,343.6040344238281
16586,371.0,346.52227783203125
16587,358.0,339.4184875488281
16588,459.0,328.74462890625
16589,319.0,332.86505126953125
16590,322.0,330.70391845703125
16591,323.0,322.7879943847656
16592,250.0,301.2060852050781
16593,304.0,268.3951721191406
16594,390.0,251.68203735351562
16595,366.0,246.54238891601562
16596,333.0,241.9165802001953
16597,386.0,240.4308624267578
16598,386.0,232.2552032470703
16599,128.0,222.68197631835938
16600,147.0,212.4882354736328
16601,217.0,191.817138671875
16602,268.0,171.8522186279297
16603,303.0,164.45481872558594
16604,277.0,163.55532836914062
16605,263.0,168.11033630371094
16606,274.0,169.14801025390625
16607,170.0,164.72796630859375
16608,102.0,154.83438110351562
16609,98.0,145.0254364013672
16610,90.0,127.20254516601562
16611,81.0,107.84843444824219
16612,67.0,92.0027084350586
16613,64.0,87.2955551147461
16614,70.0,79.45507049560547
16615,64.0,67.20158386230469
16616,53.0,53.056968688964844
16617,18.0,36.514427185058594
16618,7.0,20.733064651489258
16619,0.0,4.709033012390137
16620,0.0,0.6888809204101562
16621,0.0,0.35797595977783203
16622,0.0,0.12967395782470703
16623,0.0,0.014452934265136719
16624,0.0,-0.057610511779785156
16625,0.0,-0.03319072723388672
16626,0.0,-0.014440536499023438
16627,0.0,0.017353057861328125
16628,0.0,0.032756805419921875
16629,0.0,0.059014320373535156
16630,0.0,0.10256767272949219
16631,0.0,0.11211013793945312
16632,0.0,0.1254892349243164
16633,0.0,0.146820068359375
16634,0.0,0.21346187591552734
16635,0.0,0.2582731246948242
16636,0.0,0.29187870025634766
16637,0.0,1.3631658554077148
16638,0.0,1.7168655395507812
16639,0.0,1.4944772720336914
16640,0.0,1.31756591796875
16641,0.0,1.2292327880859375
16642,0.0,1.158416748046875
16643,0.0,0.9630413055419922
16644,0.0,0.7300043106079102
16645,0.0,0.5320510864257812
16646,0.0,0.27074432373046875
16647,0.0,0.08381175994873047
16648,0.0,-0.048430442810058594
16649,0.0,-0.2277517318725586
16650,0.0,-0.3908567428588867
16651,0.0,-0.6227254867553711
16652,0.0,-0.836669921875
16653,0.0,-1.5558185577392578
16654,0.0,-1.959136962890625
16655,0.0,-2.004523277282715
16656,0.0,-1.812485694885254
16657,0.0,-0.15281105041503906
16658,0.0,2.1137142181396484
16659,0.0,5.733145236968994
16660,0.0,9.392434120178223
16661,0.0,27.90913200378418
16662,3.0,62.91541290283203
16663,26.0,176.65032958984375
16664,121.0,289.3631896972656
16665,182.0,350.8460998535156
16666,350.0,388.11920166015625
16667,321.0,418.8022155761719
16668,394.0,439.7479248046875
16669,399.0,441.8778991699219
16670,301.0,426.78302001953125
16671,273.0,418.5456237792969
16672,307.0,432.526611328125
16673,376.0,421.22686767578125
16674,516.0,435.3553771972656
16675,436.0,472.0345764160156
16676,358.0,484.5384521484375
16677,366.0,481.1864318847656
16678,354.0,478.81866455078125
16679,449.0,479.10382080078125
16680,449.0,469.6752624511719
16681,392.0,454.7505187988281
16682,397.0,432.13995361328125
16683,286.0,408.372314453125
16684,341.0,388.71624755859375
16685,318.0,385.8275146484375
16686,328.0,376.4975280761719
16687,328.0,343.36236572265625
16688,285.0,281.2489013671875
16689,246.0,244.09054565429688
16690,224.0,234.11337280273438
16691,202.0,256.1350402832031
16692,186.0,269.34039306640625
16693,170.0,271.8230285644531
16694,156.0,282.92694091796875
16695,155.0,283.26812744140625
16696,158.0,260.4325256347656
16697,160.0,242.94871520996094
16698,146.0,205.8269500732422
16699,145.0,167.9835205078125
16700,148.0,140.60562133789062
16701,138.0,121.57727813720703
16702,131.0,113.8260726928711
16703,128.0,110.0124282836914
16704,124.0,106.09740447998047
16705,123.0,103.20301818847656
16706,123.0,100.22783660888672
16707,111.0,97.31221771240234
16708,109.0,93.3501968383789
16709,101.0,87.17692565917969
16710,93.0,79.46755981445312
16711,76.0,70.50149536132812
16712,69.0,59.09855651855469
16713,56.0,46.10075378417969
16714,40.0,36.465702056884766
16715,21.0,26.004810333251953
16716,5.0,9.818949699401855
16717,1.0,3.1642980575561523
16718,0.0,1.1105690002441406
16719,0.0,0.38001251220703125
16720,0.0,0.09831428527832031
16721,0.0,0.05994415283203125
16722,0.0,0.012753486633300781
16723,0.0,-0.008040428161621094
16724,0.0,-0.028322219848632812
16725,0.0,-0.019100189208984375
16726,0.0,0.012492179870605469
16727,0.0,0.05611896514892578
16728,0.0,0.09640789031982422
16729,0.0,0.12207889556884766
16730,0.0,0.1725025177001953
16731,0.0,0.21464920043945312
16732,0.0,0.2478656768798828
16733,0.0,-0.07522201538085938
16734,0.0,-0.30666351318359375
16735,0.0,-0.46970081329345703
16736,0.0,-0.5041818618774414
16737,0.0,-0.5658512115478516
16738,0.0,-0.5695323944091797
16739,0.0,-0.5804500579833984
16740,0.0,-0.5921468734741211
16741,0.0,-0.6458101272583008
16742,0.0,-0.6834392547607422
16743,0.0,-0.7692804336547852
16744,0.0,-0.9259443283081055
16745,0.0,-1.1570100784301758
16746,0.0,-1.2925891876220703
16747,0.0,-1.4993247985839844
16748,0.0,-1.7393579483032227
16749,0.0,-1.7234230041503906
16750,0.0,-1.4642210006713867
16751,0.0,-1.2806377410888672
16752,0.0,-1.0471992492675781
16753,0.0,-0.9854955673217773
16754,0.0,-0.5341863632202148
16755,0.0,-0.2888298034667969
16756,0.0,0.13489532470703125
16757,4.0,1.5952816009521484
16758,26.0,5.646003723144531
16759,143.0,25.846881866455078
16760,284.0,81.99678802490234
16761,385.0,178.72244262695312
16762,454.0,245.9663848876953
16763,504.0,288.1090087890625
16764,543.0,321.2511291503906
16765,335.0,351.61798095703125
16766,372.0,397.3852844238281
16767,468.0,437.954833984375
16768,278.0,465.4739685058594
16769,361.0,481.06585693359375
16770,446.0,486.81292724609375
16771,575.0,476.5217590332031
16772,491.0,466.2862243652344
16773,487.0,450.1810607910156
16774,544.0,433.19854736328125
16775,537.0,419.8646545410156
16776,466.0,405.8709411621094
16777,557.0,396.5225524902344
16778,507.0,387.1504211425781
16779,413.0,378.3344421386719
16780,475.0,367.3075866699219
16781,346.0,364.93841552734375
16782,308.0,363.6172790527344
16783,313.0,363.6150817871094
16784,278.0,359.7900695800781
16785,266.0,362.613525390625
16786,301.0,364.5340576171875
16787,400.0,365.5965881347656
16788,353.0,361.4344787597656
16789,356.0,359.8336486816406
16790,347.0,341.50732421875
16791,294.0,309.33502197265625
16792,312.0,276.4278564453125
16793,362.0,267.1425476074219
16794,305.0,253.40609741210938
16795,284.0,231.9431610107422
16796,242.0,202.50726318359375
16797,143.0,190.33343505859375
16798,95.0,175.6539306640625
16799,133.0,162.45404052734375
16800,118.0,148.05006408691406
16801,82.0,134.82481384277344
16802,178.0,124.15451049804688
16803,204.0,113.55845642089844
16804,204.0,100.07576751708984
16805,152.0,86.8240737915039
16806,99.0,73.1664047241211
16807,72.0,59.18305969238281
16808,56.0,44.97814178466797
16809,41.0,34.20531463623047
16810,12.0,19.784170150756836
16811,3.0,6.21128511428833
16812,1.0,1.6625699996948242
16813,0.0,0.7745542526245117
16814,0.0,0.3967781066894531
16815,0.0,0.20300674438476562
16816,0.0,0.0881357192993164
16817,0.0,0.022199630737304688
16818,0.0,0.00013828277587890625
16819,0.0,-0.002407073974609375
16820,0.0,0.010807991027832031
16821,0.0,0.027713775634765625
16822,0.0,0.05469226837158203
16823,0.0,0.06911182403564453
16824,0.0,0.07656574249267578
16825,0.0,0.07649517059326172
16826,0.0,0.018930435180664062
16827,0.0,-0.037494659423828125
16828,0.0,-0.09236717224121094
16829,0.0,-0.03294658660888672
16830,0.0,-0.14080429077148438
16831,0.0,-0.2768707275390625
16832,0.0,-0.36374664306640625
16833,0.0,-0.43075084686279297
16834,0.0,-0.45496368408203125
16835,0.0,-0.46385765075683594
16836,0.0,-0.46181297302246094
16837,0.0,-0.4920644760131836
16838,0.0,-0.42888641357421875
16839,0.0,-0.4846315383911133
16840,0.0,-0.8339405059814453
16841,0.0,-1.0648164749145508
16842,0.0,-1.1387262344360352
16843,0.0,-1.178236961364746
16844,0.0,-1.1217775344848633
16845,0.0,-0.8136377334594727
16846,0.0,-0.34110355377197266
16847,0.0,0.5474052429199219
16848,0.0,1.9552497863769531
16849,0.0,4.943966865539551
16850,0.0,6.9873857498168945
16851,0.0,8.639460563659668
16852,0.0,9.487350463867188
16853,4.0,12.437577247619629
16854,42.0,18.817520141601562
16855,192.0,34.930076599121094
16856,244.0,56.506858825683594
16857,287.0,71.99375915527344
16858,354.0,90.05711364746094
16859,382.0,124.4107894897461
16860,419.0,182.0883026123047
16861,418.0,226.6562042236328
16862,526.0,282.2887878417969
16863,404.0,331.99285888671875
16864,466.0,377.4951171875
16865,468.0,395.5635070800781
16866,523.0,414.09625244140625
16867,534.0,438.02264404296875
16868,550.0,458.82159423828125
16869,524.0,459.5171203613281
16870,657.0,466.3348693847656
16871,550.0,480.0589294433594
16872,606.0,487.47967529296875
16873,330.0,487.84710693359375
16874,413.0,473.7460021972656
16875,430.0,442.7565002441406
16876,449.0,387.3087158203125
16877,439.0,379.3813171386719
16878,412.0,373.50018310546875
16879,345.0,369.7227478027344
16880,368.0,365.73272705078125
16881,450.0,366.1662292480469
16882,383.0,356.5541687011719
16883,449.0,347.8003234863281
16884,449.0,338.1588134765625
16885,465.0,329.2189636230469
16886,420.0,319.4122314453125
16887,317.0,310.04620361328125
16888,260.0,306.6352233886719
16889,364.0,304.89990234375
16890,284.0,296.1979064941406
16891,290.0,275.6506042480469
16892,313.0,245.24166870117188
16893,389.0,219.11839294433594
16894,341.0,197.87889099121094
16895,263.0,177.0886688232422
16896,248.0,157.82183837890625
16897,197.0,140.80076599121094
16898,139.0,126.28673553466797
16899,112.0,113.5116958618164
16900,92.0,101.327392578125
16901,128.0,91.49482727050781
16902,133.0,88.97895050048828
16903,87.0,81.18865203857422
16904,80.0,61.818275451660156
16905,76.0,38.66102600097656
16906,59.0,20.498685836791992
16907,30.0,7.029904365539551
16908,7.0,2.4216346740722656
16909,1.0,1.1482086181640625
16910,0.0,0.5410308837890625
16911,0.0,0.25179576873779297
16912,0.0,0.0905618667602539
16913,0.0,0.023557662963867188
16914,0.0,-0.006511688232421875
16915,0.0,-0.031897544860839844
16916,0.0,-0.04855632781982422
16917,0.0,-0.06185340881347656
16918,0.0,-0.05125999450683594
16919,0.0,-0.04548072814941406
16920,0.0,-0.03461456298828125
16921,0.0,-0.03629016876220703
16922,0.0,-0.02099323272705078
16923,0.0,-0.0201873779296875
16924,0.0,-0.01726245880126953
16925,0.0,0.10907173156738281
16926,0.0,0.09292411804199219
16927,0.0,0.0015363693237304688
16928,0.0,-0.05387115478515625
16929,0.0,-0.15124034881591797
16930,0.0,-0.2716808319091797
16931,0.0,-0.49999141693115234
16932,0.0,-0.783137321472168
16933,0.0,-1.054032325744629
16934,0.0,-1.1957101821899414
16935,0.0,-1.2500925064086914
16936,0.0,-1.3838567733764648
16937,0.0,-1.4918127059936523
16938,0.0,-1.5123109817504883
16939,0.0,-1.4610319137573242
16940,0.0,-1.3828964233398438
16941,0.0,-1.1864261627197266
16942,0.0,-0.851318359375
16943,0.0,-0.5728130340576172
16944,0.0,-0.39600276947021484
16945,0.0,-0.4747476577758789
16946,0.0,-0.5672092437744141
16947,0.0,-0.563023567199707
16948,0.0,-0.33211517333984375
16949,2.0,0.02759075164794922
16950,8.0,0.34114551544189453
16951,21.0,3.850759983062744
16952,27.0,41.288455963134766
16953,26.0,107.94193267822266
16954,67.0,155.8358154296875
16955,70.0,365.8995666503906
16956,81.0,479.2137756347656
16957,105.0,455.5905456542969
16958,67.0,398.2104797363281
16959,57.0,369.6106262207031
16960,94.0,354.4986572265625
16961,119.0,328.55181884765625
16962,135.0,310.7625732421875
16963,124.0,290.05377197265625
16964,138.0,251.86729431152344
16965,201.0,213.0261993408203
16966,225.0,188.41281127929688
16967,208.0,174.6070098876953
16968,209.0,167.14955139160156
16969,256.0,170.83827209472656
16970,302.0,175.8979949951172
16971,395.0,177.79527282714844
16972,326.0,178.56642150878906
16973,237.0,182.12008666992188
16974,268.0,189.09832763671875
16975,298.0,202.7284698486328
16976,277.0,223.70106506347656
16977,208.0,258.5403137207031
16978,211.0,290.8323669433594
16979,228.0,326.7267150878906
16980,189.0,343.67584228515625
16981,226.0,350.8749084472656
16982,177.0,347.1925048828125
16983,249.0,342.0986633300781
16984,362.0,333.27862548828125
16985,363.0,319.6499938964844
16986,246.0,296.35565185546875
16987,243.0,273.0087585449219
16988,348.0,253.47117614746094
16989,296.0,237.99932861328125
16990,270.0,222.72836303710938
16991,200.0,204.2103729248047
16992,176.0,178.2257843017578
16993,227.0,158.7134246826172
16994,206.0,142.2783203125
16995,259.0,129.11354064941406
16996,218.0,116.6285629272461
16997,192.0,106.07777404785156
16998,169.0,95.30716705322266
16999,158.0,82.94447326660156
17000,112.0,68.93854522705078
17001,73.0,53.324951171875
17002,44.0,36.353790283203125
17003,18.0,22.397369384765625
17004,3.0,5.3029327392578125
17005,1.0,0.9877643585205078
17006,0.0,0.15290451049804688
17007,0.0,-0.0630178451538086
17008,0.0,-0.13965129852294922
17009,0.0,-0.15538406372070312
17010,0.0,-0.1510143280029297
17011,0.0,-0.14930438995361328
17012,0.0,-0.1427898406982422
17013,0.0,-0.15195465087890625
17014,0.0,-0.12655067443847656
17015,0.0,-0.10870933532714844
17016,0.0,-0.07947635650634766
17017,0.0,-0.05706977844238281
17018,0.0,-0.061969757080078125
17019,0.0,-0.060774803161621094
17020,0.0,-0.05697917938232422
17021,0.0,0.0747518539428711
17022,0.0,0.06303691864013672
17023,0.0,-0.01994800567626953
17024,0.0,-0.09197425842285156
17025,0.0,-0.24614238739013672
17026,0.0,-0.4387083053588867
17027,0.0,-0.5699691772460938
17028,0.0,-0.608241081237793
17029,0.0,-0.6124801635742188
17030,0.0,-0.6138191223144531
17031,0.0,-0.5892715454101562
17032,0.0,-0.5757369995117188
17033,0.0,-0.5213546752929688
17034,0.0,-0.4827280044555664
17035,0.0,-0.49955081939697266
17036,0.0,-0.4477825164794922
17037,0.0,-0.025481224060058594
17038,0.0,0.20722103118896484
17039,0.0,0.1068878173828125
17040,0.0,0.006869316101074219
17041,0.0,0.8244743347167969
17042,0.0,2.0580835342407227
17043,0.0,3.231527328491211
17044,0.0,9.178337097167969
17045,3.0,23.256511688232422
17046,50.0,78.47866821289062
17047,279.0,204.052978515625
17048,385.0,307.5831298828125
17049,435.0,390.91082763671875
17050,465.0,465.1626281738281
17051,542.0,501.6065673828125
17052,574.0,502.87457275390625
17053,587.0,479.863525390625
17054,592.0,464.38250732421875
17055,599.0,483.3038635253906
17056,599.0,507.14251708984375
17057,594.0,508.9179992675781
17058,588.0,495.6623229980469
17059,570.0,485.2464294433594
17060,547.0,476.3199157714844
17061,531.0,466.1114501953125
17062,521.0,455.1595764160156
17063,481.0,441.9541320800781
17064,458.0,434.5817565917969
17065,443.0,441.5488586425781
17066,412.0,414.8127136230469
17067,375.0,387.60968017578125
17068,361.0,372.7413024902344
17069,325.0,375.4867248535156
17070,290.0,379.2319030761719
17071,263.0,372.5604248046875
17072,253.0,358.92083740234375
17073,226.0,351.5710754394531
17074,196.0,347.4686279296875
17075,177.0,332.33489990234375
17076,175.0,305.604736328125
17077,199.0,297.9102783203125
17078,223.0,284.6178894042969
17079,215.0,268.2170715332031
17080,213.0,249.21902465820312
17081,207.0,238.06578063964844
17082,197.0,223.52792358398438
17083,208.0,206.62710571289062
17084,216.0,187.22747802734375
17085,202.0,169.23214721679688
17086,197.0,152.5319061279297
17087,197.0,136.2812042236328
17088,151.0,121.73616790771484
17089,144.0,113.1378402709961
17090,153.0,105.70942687988281
17091,103.0,99.066162109375
17092,85.0,91.69674682617188
17093,79.0,83.31246948242188
17094,82.0,73.7990951538086
17095,70.0,62.5679931640625
17096,53.0,50.38581848144531
17097,36.0,40.06366729736328
17098,27.0,30.310274124145508
17099,18.0,14.342246055603027
17100,4.0,4.367748737335205
17101,0.0,1.837367057800293
17102,0.0,0.8876075744628906
17103,0.0,0.46619701385498047
17104,0.0,0.27726268768310547
17105,0.0,0.20324420928955078
17106,0.0,0.14830684661865234
17107,0.0,0.12056636810302734
17108,0.0,0.08202552795410156
17109,0.0,0.013344764709472656
17110,0.0,-0.12207508087158203
17111,0.0,-0.23043155670166016
17112,0.0,-0.2585020065307617
17113,0.0,-0.2783222198486328
17114,0.0,-0.2835826873779297
17115,0.0,-0.297332763671875
17116,0.0,-0.3112678527832031
17117,0.0,-0.6793317794799805
17118,0.0,-0.6872720718383789
17119,0.0,-0.7223691940307617
17120,0.0,-0.7328262329101562
17121,0.0,-0.7842512130737305
17122,0.0,-0.7427225112915039
17123,0.0,-0.7104387283325195
17124,0.0,-0.6794357299804688
17125,0.0,-0.6601362228393555
17126,0.0,-0.5921430587768555
17127,0.0,-0.5092401504516602
17128,0.0,-0.3793954849243164
17129,0.0,-0.28305912017822266
17130,0.0,-0.22454166412353516
17131,0.0,-0.15408706665039062
17132,0.0,-0.12083053588867188
17133,0.0,-0.07677555084228516
17134,0.0,-0.10374832153320312
17135,0.0,-0.01183319091796875
17136,0.0,-0.02483654022216797
17137,0.0,-0.7888641357421875
17138,0.0,-1.3032588958740234
17139,0.0,-1.2601194381713867
17140,0.0,-1.1143474578857422
17141,1.0,-0.7020540237426758
17142,3.0,3.896038055419922
17143,10.0,23.517349243164062
17144,47.0,50.83098602294922
17145,193.0,88.61676788330078
17146,232.0,102.31843566894531
17147,462.0,186.5660858154297
17148,501.0,280.3048095703125
17149,534.0,312.9944152832031
17150,554.0,345.04998779296875
17151,567.0,384.44390869140625
17152,573.0,437.5794982910156
17153,579.0,474.1123352050781
17154,576.0,508.46942138671875
17155,564.0,526.3972778320312
17156,550.0,528.3209228515625
17157,540.0,522.1888427734375
17158,531.0,509.02655029296875
17159,511.0,490.1600036621094
17160,474.0,466.1663513183594
17161,424.0,457.05780029296875
17162,410.0,442.2940368652344
17163,389.0,414.9035339355469
17164,388.0,377.23919677734375
17165,408.0,357.2085876464844
17166,445.0,341.53118896484375
17167,435.0,327.7351379394531
17168,491.0,312.2612609863281
17169,432.0,316.94830322265625
17170,374.0,320.526123046875
17171,400.0,325.21051025390625
17172,346.0,319.0447082519531
17173,309.0,312.4484558105469
17174,334.0,303.2117614746094
17175,382.0,293.99945068359375
17176,375.0,284.44769287109375
17177,353.0,280.2012023925781
17178,308.0,273.8617248535156
17179,299.0,267.1082763671875
17180,205.0,258.9230041503906
17181,242.0,245.6667022705078
17182,212.0,225.18008422851562
17183,207.0,203.81690979003906
17184,244.0,188.82534790039062
17185,218.0,175.5534210205078
17186,175.0,155.7467803955078
17187,159.0,130.7880401611328
17188,152.0,103.08522033691406
17189,108.0,79.68904113769531
17190,57.0,65.86370849609375
17191,35.0,53.600860595703125
17192,23.0,41.81259536743164
17193,12.0,29.4462947845459
17194,4.0,14.016538619995117
17195,2.0,6.040877342224121
17196,0.0,2.2643375396728516
17197,0.0,0.8710851669311523
17198,0.0,0.3612213134765625
17199,0.0,0.11532020568847656
17200,0.0,0.0029420852661132812
17201,0.0,-0.05379199981689453
17202,0.0,-0.08514404296875
17203,0.0,-0.0991659164428711
17204,0.0,-0.12232398986816406
17205,0.0,-0.1411752700805664
17206,0.0,-0.15471744537353516
17207,0.0,-0.16191387176513672
17208,0.0,-0.1649608612060547
17209,0.0,-0.1535329818725586
17210,0.0,-0.1298351287841797
17211,0.0,-0.12273597717285156
17212,0.0,-0.1182708740234375
17213,0.0,0.008639335632324219
17214,0.0,0.1368122100830078
17215,0.0,0.19247913360595703
17216,0.0,0.2712087631225586
17217,0.0,0.3038663864135742
17218,0.0,0.2784547805786133
17219,0.0,0.21664810180664062
17220,0.0,0.12530136108398438
17221,0.0,-0.02766704559326172
17222,0.0,0.05692291259765625
17223,0.0,0.36323070526123047
17224,0.0,0.5692062377929688
17225,0.0,0.7112264633178711
17226,0.0,0.6575021743774414
17227,0.0,0.5615978240966797
17228,0.0,0.47481250762939453
17229,0.0,0.4353933334350586
17230,0.0,0.39682769775390625
17231,0.0,0.35012245178222656
17232,0.0,0.3057260513305664
17233,0.0,0.3179740905761719
17234,0.0,0.28635692596435547
17235,0.0,0.24956607818603516
17236,0.0,0.21425533294677734
17237,0.0,0.5572395324707031
17238,0.0,1.6779823303222656
17239,2.0,3.5167322158813477
17240,3.0,7.0216145515441895
17241,5.0,14.03886604309082
17242,6.0,23.062541961669922
17243,6.0,30.777639389038086
17244,6.0,36.998207092285156
17245,16.0,42.76770782470703
17246,24.0,52.58978271484375
17247,36.0,65.4150161743164
17248,44.0,80.18708038330078
17249,55.0,95.92860412597656
17250,92.0,117.67163848876953
17251,86.0,181.47108459472656
17252,36.0,210.2888641357422
17253,43.0,222.340087890625
17254,65.0,231.8351287841797
17255,80.0,240.00645446777344
17256,77.0,248.35304260253906
17257,49.0,253.56643676757812
17258,72.0,256.19122314453125
17259,88.0,256.77679443359375
17260,65.0,255.24461364746094
17261,65.0,248.98419189453125
17262,57.0,234.4122772216797
17263,56.0,211.335693359375
17264,97.0,189.6687774658203
17265,104.0,181.0074920654297
17266,130.0,180.41973876953125
17267,104.0,193.77239990234375
17268,105.0,202.0166015625
17269,80.0,214.66395568847656
17270,68.0,227.54763793945312
17271,89.0,203.3595428466797
17272,73.0,156.5753936767578
17273,73.0,126.424560546875
17274,73.0,109.50521850585938
17275,64.0,99.32620239257812
17276,94.0,95.351806640625
17277,126.0,96.5364990234375
17278,84.0,84.18946838378906
17279,93.0,77.30016326904297
17280,72.0,70.0632553100586
17281,77.0,63.00585174560547
17282,71.0,55.83152770996094
17283,99.0,50.38513946533203
17284,63.0,46.55152130126953
17285,57.0,40.95341110229492
17286,48.0,35.248992919921875
17287,26.0,29.130870819091797
17288,13.0,23.155826568603516
17289,5.0,19.444522857666016
17290,7.0,12.686241149902344
17291,3.0,3.7677674293518066
17292,1.0,1.145303726196289
17293,0.0,0.4110441207885742
17294,0.0,0.1313190460205078
17295,0.0,0.01835346221923828
17296,0.0,-0.033577919006347656
17297,0.0,-0.060311317443847656
17298,0.0,-0.04853630065917969
17299,0.0,-0.011444091796875
17300,0.0,0.04790019989013672
17301,0.0,0.12089347839355469
17302,0.0,0.1488189697265625
17303,0.0,0.17414474487304688
17304,0.0,0.2021350860595703
17305,0.0,0.2229928970336914
17306,0.0,0.23390674591064453
17307,0.0,0.22609519958496094
17308,0.0,0.2042989730834961
17309,0.0,0.0685873031616211
17310,0.0,0.13169384002685547
17311,0.0,0.17385005950927734
17312,0.0,0.23168277740478516
17313,0.0,0.28374671936035156
17314,0.0,0.30481529235839844
17315,0.0,0.32309722900390625
17316,0.0,0.3315000534057617
17317,0.0,0.35062122344970703
17318,0.0,0.3528566360473633
17319,0.0,0.3479957580566406
17320,0.0,0.33944129943847656
17321,0.0,0.3385028839111328
17322,0.0,0.33818721771240234
17323,0.0,0.3399829864501953
17324,0.0,0.3452768325805664
17325,0.0,0.3022575378417969
17326,0.0,0.23763561248779297
17327,0.0,0.1703357696533203
17328,0.0,0.12262439727783203
17329,0.0,0.05235004425048828
17330,0.0,0.07331085205078125
17331,0.0,0.1469106674194336
17332,0.0,0.27100181579589844
17333,2.0,1.080510139465332
17334,3.0,3.4938392639160156
17335,0.0,8.103639602661133
17336,1.0,15.02648639678955
17337,7.0,24.948396682739258
17338,34.0,36.05646514892578
17339,66.0,48.002593994140625
17340,38.0,60.28828430175781
17341,23.0,71.36808013916016
17342,80.0,81.4139404296875
17343,117.0,89.75403594970703
17344,124.0,96.74317932128906
17345,106.0,102.22406005859375
17346,138.0,109.1455307006836
17347,271.0,117.94700622558594
17348,251.0,128.61012268066406
17349,189.0,138.1007080078125
17350,175.0,155.43919372558594
17351,194.0,190.4680633544922
17352,253.0,234.14617919921875
17353,292.0,281.0545959472656
17354,368.0,320.99224853515625
17355,301.0,333.9149475097656
17356,178.0,327.3174743652344
17357,260.0,317.9988708496094
17358,244.0,335.0735778808594
17359,222.0,349.0888671875
17360,209.0,353.132568359375
17361,106.0,352.45428466796875
17362,140.0,338.37115478515625
17363,191.0,313.6365051269531
17364,320.0,287.982421875
17365,288.0,272.55963134765625
17366,302.0,259.9594421386719
17367,297.0,246.0079345703125
17368,305.0,231.424560546875
17369,261.0,229.43206787109375
17370,274.0,225.3002166748047
17371,280.0,215.11172485351562
17372,251.0,200.93655395507812
17373,126.0,184.21014404296875
17374,64.0,167.72354125976562
17375,71.0,153.24655151367188
17376,79.0,138.83544921875
17377,119.0,126.34530639648438
17378,178.0,114.90631103515625
17379,172.0,102.35188293457031
17380,140.0,84.54457092285156
17381,120.0,67.8817367553711
17382,90.0,53.312583923339844
17383,65.0,40.296783447265625
17384,32.0,29.055875778198242
17385,16.0,20.553203582763672
17386,5.0,10.78842544555664
17387,1.0,4.079960823059082
17388,0.0,2.39273738861084
17389,0.0,2.6744489669799805
17390,0.0,2.408066749572754
17391,0.0,2.2811222076416016
17392,0.0,2.1503448486328125
17393,0.0,2.1400327682495117
17394,0.0,1.9583330154418945
17395,0.0,1.9505529403686523
17396,0.0,1.9157447814941406
17397,0.0,1.871683120727539
17398,0.0,1.778986930847168
17399,0.0,1.7729272842407227
17400,0.0,1.7402963638305664
17401,0.0,1.6429805755615234
17402,0.0,1.5900564193725586
17403,0.0,1.5786161422729492
17404,0.0,1.551131248474121
17405,0.0,0.24004650115966797
17406,0.0,-0.35137367248535156
17407,0.0,-0.6907758712768555
17408,0.0,-0.9751701354980469
17409,0.0,-1.2739038467407227
17410,0.0,-1.2610015869140625
17411,0.0,-0.9612350463867188
17412,0.0,-0.5621738433837891
17413,0.0,-0.12903499603271484
17414,0.0,-0.19373798370361328
17415,0.0,-0.36537742614746094
17416,0.0,-0.5460891723632812
17417,0.0,-0.3049507141113281
17418,0.0,-0.2972564697265625
17419,0.0,-0.41040802001953125
17420,0.0,-0.6923427581787109
17421,0.0,-0.5961990356445312
17422,0.0,-0.5675172805786133
17423,0.0,-0.8099193572998047
17424,0.0,-0.7778606414794922
17425,0.0,0.025396347045898438
17426,0.0,0.6371431350708008
17427,0.0,1.2828598022460938
17428,0.0,3.9905529022216797
17429,15.0,8.945256233215332
17430,108.0,57.26679992675781
17431,268.0,217.9654541015625
17432,374.0,314.7953796386719
17433,456.0,362.28240966796875
17434,518.0,388.8683776855469
17435,565.0,386.0732727050781
17436,595.0,358.73931884765625
17437,615.0,336.63519287109375
17438,629.0,365.9352722167969
17439,634.0,432.5371398925781
17440,635.0,474.8572692871094
17441,630.0,471.9548645019531
17442,621.0,453.8369445800781
17443,608.0,442.1141052246094
17444,592.0,437.6953125
17445,574.0,432.9064025878906
17446,553.0,418.4931335449219
17447,527.0,408.943359375
17448,501.0,432.6180114746094
17449,474.0,428.20928955078125
17450,446.0,425.94549560546875
17451,414.0,440.86285400390625
17452,371.0,439.9530944824219
17453,344.0,440.2716369628906
17454,321.0,437.3086242675781
17455,290.0,433.0337829589844
17456,264.0,417.38916015625
17457,231.0,413.0404968261719
17458,204.0,407.4159851074219
17459,193.0,401.7265319824219
17460,162.0,386.80157470703125
17461,140.0,380.3593444824219
17462,130.0,368.60595703125
17463,162.0,352.4869689941406
17464,209.0,325.5755310058594
17465,172.0,291.9980773925781
17466,150.0,266.51458740234375
17467,163.0,250.6143035888672
17468,184.0,238.88314819335938
17469,238.0,231.2035369873047
17470,254.0,221.5057830810547
17471,207.0,208.16580200195312
17472,122.0,187.64886474609375
17473,103.0,168.11090087890625
17474,131.0,153.3277130126953
17475,136.0,143.96533203125
17476,152.0,133.7540740966797
17477,133.0,121.56394958496094
17478,108.0,108.41561126708984
17479,88.0,94.62283325195312
17480,66.0,77.68254089355469
17481,44.0,61.698158264160156
17482,20.0,45.880470275878906
17483,6.0,29.89746856689453
17484,2.0,14.153226852416992
17485,0.0,6.463147163391113
17486,0.0,2.6946935653686523
17487,0.0,1.0611572265625
17488,0.0,0.3931560516357422
17489,0.0,0.18575763702392578
17490,0.0,0.08106136322021484
17491,0.0,0.033232688903808594
17492,0.0,0.011913299560546875
17493,0.0,0.008825302124023438
17494,0.0,0.008032798767089844
17495,0.0,-0.0055828094482421875
17496,0.0,-0.028128623962402344
17497,0.0,-0.08205699920654297
17498,0.0,-0.04685020446777344
17499,0.0,0.008364677429199219
17500,0.0,0.09718036651611328
17501,0.0,0.16879844665527344
17502,0.0,-0.019655227661132812
17503,0.0,-0.10983753204345703
17504,0.0,0.02630138397216797
17505,0.0,0.3739643096923828
17506,0.0,0.3140993118286133
17507,0.0,0.04407691955566406
17508,0.0,-0.15648841857910156
17509,0.0,-0.25197315216064453
17510,0.0,-0.3111610412597656
17511,0.0,-0.34533119201660156
17512,0.0,-0.3815736770629883
17513,0.0,-0.43160438537597656
17514,0.0,-0.5071697235107422
17515,0.0,-0.5377101898193359
17516,0.0,-0.5237369537353516
17517,0.0,-0.3968687057495117
17518,0.0,-0.24109840393066406
17519,0.0,-0.027715682983398438
17520,0.0,0.35388660430908203
17521,0.0,1.5900630950927734
17522,0.0,2.8539199829101562
17523,0.0,4.542560577392578
17524,0.0,6.554073810577393
17525,0.0,13.730781555175781
17526,1.0,27.033660888671875
17527,3.0,41.07459259033203
17528,2.0,53.84471893310547
17529,6.0,67.24163055419922
17530,45.0,82.77363586425781
17531,83.0,99.30023193359375
17532,88.0,118.06751251220703
17533,137.0,130.8939666748047
17534,122.0,150.64706420898438
17535,145.0,173.0624542236328
17536,139.0,191.97854614257812
17537,137.0,198.70220947265625
17538,126.0,204.82119750976562
17539,148.0,214.0491485595703
17540,156.0,224.89395141601562
17541,222.0,211.6348419189453
17542,228.0,203.08673095703125
17543,174.0,203.2944793701172
17544,158.0,221.99383544921875
17545,130.0,262.5677185058594
17546,126.0,304.2212829589844
17547,97.0,342.8932189941406
17548,120.0,377.2763366699219
17549,131.0,391.0599670410156
17550,225.0,395.70135498046875
17551,336.0,395.4608459472656
17552,288.0,379.662841796875
17553,281.0,350.42938232421875
17554,233.0,315.1911315917969
17555,269.0,290.92266845703125
17556,154.0,275.74322509765625
17557,105.0,271.2388916015625
17558,170.0,273.9900817871094
17559,124.0,290.6009521484375
17560,129.0,324.14569091796875
17561,180.0,356.5912780761719
17562,184.0,366.6929016113281
17563,143.0,354.6179504394531
17564,99.0,333.9819030761719
17565,54.0,318.8770446777344
17566,35.0,299.4375915527344
17567,59.0,265.8143615722656
17568,189.0,212.231689453125
17569,208.0,178.4551544189453
17570,203.0,158.37010192871094
17571,163.0,147.07525634765625
17572,148.0,133.90377807617188
17573,114.0,121.99842071533203
17574,119.0,110.71945190429688
17575,98.0,101.17832946777344
17576,74.0,90.04340362548828
17577,58.0,73.41331481933594
17578,36.0,55.10222625732422
17579,23.0,35.25248718261719
17580,6.0,14.448700904846191
17581,0.0,6.947370529174805
17582,0.0,3.0666561126708984
17583,0.0,1.479705810546875
17584,0.0,0.7790517807006836
17585,0.0,0.502406120300293
17586,0.0,0.34244632720947266
17587,0.0,0.24794578552246094
17588,0.0,0.19759273529052734
17589,0.0,0.14463520050048828
17590,0.0,0.0808553695678711
17591,0.0,0.06421375274658203
17592,0.0,0.08733844757080078
17593,0.0,0.1709918975830078
17594,0.0,0.5157384872436523
17595,0.0,0.8260650634765625
17596,0.0,0.9158115386962891
17597,0.0,0.43265438079833984
17598,0.0,0.23657608032226562
17599,0.0,0.13474178314208984
17600,0.0,0.10071945190429688
17601,0.0,0.05805206298828125
17602,0.0,0.06927108764648438
17603,0.0,0.03995037078857422
17604,0.0,-0.01949310302734375
17605,0.0,-0.19124221801757812
17606,0.0,-0.19022846221923828
17607,0.0,-0.19423389434814453
17608,0.0,-0.17946338653564453
17609,0.0,-0.2909688949584961
17610,0.0,-0.3551645278930664
17611,0.0,-0.5476751327514648
17612,0.0,-0.7788629531860352
17613,0.0,-1.0434389114379883
17614,0.0,-1.0168046951293945
17615,0.0,-1.0322046279907227
17616,0.0,-1.100123405456543
17617,0.0,-1.142155647277832
17618,0.0,-1.0430669784545898
17619,0.0,-0.9709768295288086
17620,0.0,-0.8226480484008789
17621,50.0,12.22197437286377
17622,55.0,67.06910705566406
17623,97.0,110.07466888427734
17624,450.0,151.6968231201172
17625,536.0,182.4782257080078
17626,579.0,184.30142211914062
17627,612.0,212.31582641601562
17628,637.0,324.8377990722656
17629,655.0,457.54058837890625
17630,666.0,550.9630126953125
17631,670.0,623.8410034179688
17632,670.0,651.589599609375
17633,667.0,622.7349243164062
17634,661.0,607.8472900390625
17635,580.0,606.5103759765625
17636,454.0,600.9561157226562
17637,573.0,592.5708618164062
17638,472.0,567.8640747070312
17639,624.0,535.6931762695312
17640,572.0,502.7202453613281
17641,562.0,482.4666442871094
17642,500.0,479.16162109375
17643,497.0,482.22357177734375
17644,366.0,494.2134094238281
17645,446.0,507.1340637207031
17646,425.0,507.8309631347656
17647,455.0,506.6823425292969
17648,381.0,496.4427490234375
17649,481.0,486.95172119140625
17650,462.0,462.2699890136719
17651,402.0,382.0249328613281
17652,412.0,320.7191467285156
17653,378.0,290.6490478515625
17654,425.0,283.5784606933594
17655,448.0,270.7542419433594
17656,382.0,260.1805419921875
17657,372.0,249.47811889648438
17658,381.0,240.9503936767578
17659,371.0,233.56703186035156
17660,337.0,226.91128540039062
17661,327.0,216.06993103027344
17662,286.0,203.2546844482422
17663,309.0,190.952392578125
17664,285.0,182.27378845214844
17665,221.0,167.72340393066406
17666,163.0,152.19647216796875
17667,150.0,137.50802612304688
17668,165.0,121.68952941894531
17669,152.0,108.21957397460938
17670,138.0,96.80119323730469
17671,128.0,84.23963928222656
17672,92.0,69.16693115234375
17673,63.0,55.79487609863281
17674,41.0,42.40662384033203
17675,23.0,30.471532821655273
17676,7.0,14.850914001464844
17677,0.0,7.506577014923096
17678,0.0,3.1535539627075195
17679,0.0,1.4770727157592773
17680,0.0,0.8517484664916992
17681,0.0,0.6897668838500977
17682,0.0,0.5723361968994141
17683,0.0,0.5236873626708984
17684,0.0,0.46125316619873047
17685,0.0,0.38225650787353516
17686,0.0,0.24516677856445312
17687,0.0,0.12943267822265625
17688,0.0,0.03964710235595703
17689,0.0,-0.04681110382080078
17690,0.0,-0.05283927917480469
17691,0.0,-0.11588287353515625
17692,0.0,-0.15015888214111328
17693,0.0,-0.44868946075439453
17694,0.0,-0.4669961929321289
17695,0.0,-0.46694087982177734
17696,0.0,-0.4553079605102539
17697,0.0,-0.5208225250244141
17698,0.0,-0.64276123046875
17699,0.0,-0.6565961837768555
17700,0.0,-0.5547914505004883
17701,0.0,-0.5654840469360352
17702,0.0,-0.4552764892578125
17703,0.0,-0.4312705993652344
17704,0.0,-0.39196205139160156
17705,0.0,-0.5408897399902344
17706,0.0,-0.5633029937744141
17707,0.0,-0.7013120651245117
17708,0.0,-0.913966178894043
17709,0.0,-1.4679250717163086
17710,0.0,-1.6258392333984375
17711,0.0,-1.6941156387329102
17712,0.0,-1.7171459197998047
17713,0.0,-1.6154489517211914
17714,0.0,-1.6209516525268555
17715,0.0,-1.2654895782470703
17716,2.0,-0.15116024017333984
17717,70.0,18.308887481689453
17718,142.0,105.90328216552734
17719,225.0,219.8422393798828
17720,403.0,305.2351379394531
17721,499.0,354.2039794921875
17722,553.0,392.4835510253906
17723,597.0,429.3581848144531
17724,627.0,456.48345947265625
17725,637.0,473.75439453125
17726,656.0,487.3523864746094
17727,662.0,504.92242431640625
17728,630.0,532.0477294921875
17729,572.0,554.0319213867188
17730,566.0,569.5963745117188
17731,601.0,580.53271484375
17732,525.0,588.4239501953125
17733,587.0,592.5386352539062
17734,542.0,592.800048828125
17735,583.0,588.39990234375
17736,606.0,568.5657348632812
17737,601.0,541.0625610351562
17738,560.0,508.48712158203125
17739,368.0,480.0760803222656
17740,411.0,451.0913391113281
17741,468.0,438.419677734375
17742,497.0,426.773681640625
17743,474.0,414.0551452636719
17744,435.0,391.9735107421875
17745,358.0,382.65008544921875
17746,241.0,370.54473876953125
17747,175.0,354.664794921875
17748,224.0,335.9150695800781
17749,365.0,320.1077575683594
17750,454.0,305.73992919921875
17751,418.0,295.28558349609375
17752,442.0,289.815673828125
17753,375.0,279.755859375
17754,329.0,271.5494689941406
17755,267.0,258.3706359863281
17756,259.0,236.3670654296875
17757,391.0,213.4478302001953
17758,340.0,195.66355895996094
17759,290.0,181.4285430908203
17760,291.0,168.5821075439453
17761,271.0,156.68572998046875
17762,253.0,148.4297332763672
17763,226.0,144.387939453125
17764,186.0,136.91123962402344
17765,114.0,126.45084381103516
17766,74.0,110.60568237304688
17767,63.0,93.71627044677734
17768,58.0,74.9189453125
17769,47.0,56.61516571044922
17770,35.0,41.49091339111328
17771,23.0,25.54609489440918
17772,8.0,7.595454692840576
17773,0.0,2.941422462463379
17774,0.0,1.3902149200439453
17775,0.0,0.795252799987793
17776,0.0,0.4382648468017578
17777,0.0,0.28354835510253906
17778,0.0,0.14658260345458984
17779,0.0,0.1506633758544922
17780,0.0,0.06786537170410156
17781,0.0,-0.09109973907470703
17782,0.0,-0.27567386627197266
17783,0.0,-0.24557781219482422
17784,0.0,-0.1545848846435547
17785,0.0,-0.13040637969970703
17786,0.0,-0.17966938018798828
17787,0.0,-0.2718544006347656
17788,0.0,-0.35907745361328125
17789,0.0,-0.13395214080810547
17790,0.0,-0.09263420104980469
17791,0.0,-0.2835416793823242
17792,0.0,-0.28049468994140625
17793,0.0,-0.1637287139892578
17794,0.0,-0.1335773468017578
17795,0.0,-0.18945693969726562
17796,0.0,-0.2924966812133789
17797,0.0,-0.2958965301513672
17798,0.0,-0.40418434143066406
17799,0.0,-0.5689668655395508
17800,0.0,-0.6303586959838867
17801,0.0,-0.49845218658447266
17802,0.0,-0.4820880889892578
17803,0.0,-0.45101451873779297
17804,0.0,-0.358856201171875
17805,0.0,0.2355051040649414
17806,0.0,0.6836061477661133
17807,0.0,1.2146949768066406
17808,0.0,1.648545265197754
17809,0.0,3.4491214752197266
17810,0.0,4.422793388366699
17811,0.0,5.664034843444824
17812,1.0,6.840945720672607
17813,6.0,21.50000762939453
17814,21.0,46.35832214355469
17815,46.0,74.90955352783203
17816,104.0,107.9298095703125
17817,309.0,105.85664367675781
17818,368.0,116.7348403930664
17819,374.0,130.41334533691406
17820,224.0,141.23895263671875
17821,195.0,144.4978790283203
17822,202.0,145.07388305664062
17823,174.0,147.96282958984375
17824,87.0,150.76718139648438
17825,54.0,156.61474609375
17826,68.0,179.2555694580078
17827,141.0,209.2120819091797
17828,217.0,251.39114379882812
17829,287.0,299.2781066894531
17830,250.0,332.4065856933594
17831,181.0,353.4252624511719
17832,146.0,371.0699768066406
17833,237.0,394.1078796386719
17834,190.0,410.371337890625
17835,96.0,402.943115234375
17836,94.0,387.84368896484375
17837,85.0,381.5648498535156
17838,40.0,368.6800231933594
17839,32.0,347.703857421875
17840,46.0,287.7807922363281
17841,53.0,211.07342529296875
17842,53.0,182.42752075195312
17843,56.0,157.96229553222656
17844,59.0,145.53880310058594
17845,112.0,135.38638305664062
17846,154.0,126.83552551269531
17847,106.0,121.21102905273438
17848,111.0,118.20354461669922
17849,112.0,117.11895751953125
17850,155.0,111.52201080322266
17851,158.0,105.4509506225586
17852,131.0,101.44351959228516
17853,134.0,99.74890899658203
17854,124.0,100.74380493164062
17855,103.0,107.2834701538086
17856,86.0,115.93339538574219
17857,63.0,128.6416015625
17858,58.0,132.01109313964844
17859,46.0,129.79818725585938
17860,33.0,112.97544860839844
17861,23.0,85.53850555419922
17862,20.0,65.89698791503906
17863,8.0,43.519920349121094
17864,5.0,30.72045135498047
17865,5.0,26.045560836791992
17866,5.0,22.85721778869629
17867,2.0,15.540828704833984
17868,0.0,4.0719218254089355
17869,0.0,1.1801557540893555
17870,0.0,0.44089794158935547
17871,0.0,0.1977996826171875
17872,0.0,0.09662246704101562
17873,0.0,0.06222343444824219
17874,0.0,0.04821968078613281
17875,0.0,0.054846763610839844
17876,0.0,0.059638023376464844
17877,0.0,0.07066822052001953
17878,0.0,0.06920146942138672
17879,0.0,0.06316852569580078
17880,0.0,0.055694580078125
17881,0.0,0.04192829132080078
17882,0.0,0.037715911865234375
17883,0.0,0.038376808166503906
17884,0.0,0.03839111328125
17885,0.0,-0.054396629333496094
17886,0.0,-0.038349151611328125
17887,0.0,-0.030626296997070312
17888,0.0,-0.015033721923828125
17889,0.0,0.011472702026367188
17890,0.0,0.016844749450683594
17891,0.0,0.017242431640625
17892,0.0,0.019731521606445312
17893,0.0,0.01748943328857422
17894,0.0,0.010428428649902344
17895,0.0,-0.000843048095703125
17896,0.0,-0.01442718505859375
17897,0.0,-0.021825790405273438
17898,0.0,-0.029282569885253906
17899,0.0,-0.038722991943359375
17900,0.0,-0.04449653625488281
17901,0.0,-0.011225700378417969
17902,0.0,-0.02283954620361328
17903,0.0,-0.035042762756347656
17904,0.0,-0.03771400451660156
17905,0.0,0.0363616943359375
17906,0.0,0.11214065551757812
17907,0.0,0.2116718292236328
17908,0.0,0.29744529724121094
17909,1.0,1.0006771087646484
17910,2.0,2.1547393798828125
17911,4.0,3.947819232940674
17912,8.0,6.907901287078857
17913,11.0,12.662688255310059
17914,19.0,21.80190658569336
17915,24.0,34.13691711425781
17916,32.0,46.932640075683594
17917,54.0,58.39971160888672
17918,80.0,68.83349609375
17919,90.0,79.9669418334961
17920,63.0,96.36017608642578
17921,87.0,116.93376159667969
17922,174.0,132.93601989746094
17923,182.0,144.81982421875
17924,207.0,158.04884338378906
17925,187.0,170.92160034179688
17926,236.0,175.94403076171875
17927,310.0,178.50531005859375
17928,207.0,182.39308166503906
17929,124.0,191.09451293945312
17930,326.0,202.3560028076172
17931,435.0,224.0386199951172
17932,380.0,268.904541015625
17933,451.0,328.05352783203125
17934,521.0,356.1871643066406
17935,448.0,360.03033447265625
17936,428.0,356.6068115234375
17937,447.0,350.8169250488281
17938,471.0,344.2143249511719
17939,455.0,337.8824462890625
17940,436.0,331.7266540527344
17941,436.0,332.2408142089844
17942,451.0,335.9661865234375
17943,440.0,343.2110290527344
17944,470.0,346.6839904785156
17945,424.0,351.5149841308594
17946,304.0,359.4637145996094
17947,268.0,363.7542419433594
17948,333.0,358.49542236328125
17949,368.0,350.79345703125
17950,318.0,322.3996887207031
17951,256.0,290.6122741699219
17952,316.0,261.7344055175781
17953,202.0,232.4176483154297
17954,197.0,210.7673797607422
17955,262.0,194.14659118652344
17956,223.0,176.0957794189453
17957,156.0,149.04713439941406
17958,134.0,127.71786499023438
17959,128.0,109.42163848876953
17960,122.0,89.55509948730469
17961,89.0,70.0670394897461
17962,53.0,50.09015655517578
17963,36.0,30.541074752807617
17964,32.0,8.859844207763672
17965,9.0,2.6592159271240234
17966,2.0,0.929443359375
17967,1.0,0.35182762145996094
17968,0.0,0.08271980285644531
17969,0.0,-0.000926971435546875
17970,0.0,-0.07727909088134766
17971,0.0,-0.1150674819946289
17972,0.0,-0.16673851013183594
17973,0.0,-0.2161121368408203
17974,0.0,-0.23220348358154297
17975,0.0,-0.25050926208496094
17976,0.0,-0.2635774612426758
17977,0.0,-0.35236072540283203
17978,0.0,-0.32259464263916016
17979,0.0,-0.2848186492919922
17980,0.0,-0.23538494110107422
17981,0.0,-0.46027469635009766
17982,0.0,-0.42003631591796875
17983,0.0,-0.41444873809814453
17984,0.0,-0.39189815521240234
17985,0.0,-0.4314107894897461
17986,0.0,-0.38368797302246094
17987,0.0,-0.37204551696777344
17988,0.0,-0.35675907135009766
17989,0.0,-0.43552398681640625
17990,0.0,-0.40993499755859375
17991,0.0,-0.4249582290649414
17992,0.0,-0.4226512908935547
17993,0.0,-0.5451927185058594
17994,0.0,-0.5855588912963867
17995,0.0,-0.6442327499389648
17996,0.0,-0.7474737167358398
17997,0.0,-0.9673624038696289
17998,0.0,-1.2867317199707031
17999,0.0,-1.9192781448364258
18000,0.0,-2.405071258544922
18001,0.0,-2.9907264709472656
18002,0.0,-3.045085906982422
18003,2.0,-2.9969234466552734
18004,41.0,-2.53330135345459
18005,185.0,25.95771598815918
18006,339.0,127.68856048583984
18007,444.0,232.66883850097656
18008,527.0,296.0573425292969
18009,592.0,335.0968933105469
18010,640.0,380.5150146484375
18011,674.0,433.46075439453125
18012,699.0,481.8614196777344
18013,718.0,533.3378295898438
18014,727.0,575.9728393554688
18015,732.0,612.4213256835938
18016,731.0,636.7767944335938
18017,725.0,645.2341918945312
18018,719.0,644.8225708007812
18019,706.0,641.6588745117188
18020,689.0,639.0358276367188
18021,667.0,638.9489135742188
18022,642.0,638.06494140625
18023,617.0,632.132568359375
18024,589.0,622.6728515625
18025,560.0,606.7009887695312
18026,531.0,573.0624389648438
18027,498.0,539.8516845703125
18028,464.0,499.9523620605469
18029,429.0,469.35223388671875
18030,394.0,429.9587707519531
18031,358.0,383.9795227050781
18032,324.0,320.693115234375
18033,288.0,290.9693908691406
18034,255.0,256.54571533203125
18035,224.0,217.1042938232422
18036,196.0,171.86270141601562
18037,169.0,150.43406677246094
18038,148.0,132.5087432861328
18039,131.0,121.41629791259766
18040,117.0,111.27447509765625
18041,110.0,109.57657623291016
18042,109.0,107.63843536376953
18043,109.0,106.0050048828125
18044,147.0,103.4904556274414
18045,118.0,102.87242126464844
18046,100.0,101.49280548095703
18047,95.0,100.00582122802734
18048,92.0,97.85234832763672
18049,89.0,96.69149017333984
18050,85.0,94.67845916748047
18051,83.0,92.26005554199219
18052,79.0,89.0096435546875
18053,75.0,85.69454956054688
18054,71.0,81.84031677246094
18055,65.0,77.60900115966797
18056,60.0,71.70706176757812
18057,52.0,62.61708068847656
18058,45.0,51.355262756347656
18059,34.0,41.12907028198242
18060,24.0,32.08283996582031
18061,10.0,18.578628540039062
18062,2.0,6.589227199554443
18063,0.0,1.9655160903930664
18064,0.0,0.6183633804321289
18065,0.0,0.32206058502197266
18066,0.0,0.2647438049316406
18067,0.0,0.2852182388305664
18068,0.0,0.31511878967285156
18069,0.0,0.3822641372680664
18070,0.0,0.46976280212402344
18071,0.0,0.4821653366088867
18072,0.0,0.4817953109741211
18073,0.0,0.4124011993408203
18074,0.0,0.4737253189086914
18075,0.0,0.4373054504394531
18076,0.0,0.43509960174560547
18077,0.0,-0.41442012786865234
18078,0.0,-0.3815174102783203
18079,0.0,-0.4045066833496094
18080,0.0,-0.43195533752441406
18081,0.0,-0.5144557952880859
18082,0.0,-0.449859619140625
18083,0.0,-0.43372631072998047
18084,0.0,-0.4233369827270508
18085,0.0,-0.4800834655761719
18086,0.0,-0.4415245056152344
18087,0.0,-0.42373085021972656
18088,0.0,-0.3898038864135742
18089,0.0,-0.44582653045654297
18090,0.0,-0.49898433685302734
18091,0.0,-0.5586967468261719
18092,0.0,-0.724268913269043
18093,0.0,-1.0941333770751953
18094,0.0,-1.67413330078125
18095,0.0,-2.1922006607055664
18096,0.0,-2.5613021850585938
18097,0.0,-2.8174495697021484
18098,1.0,-2.5742321014404297
18099,2.0,-2.036357879638672
18100,46.0,0.11552810668945312
18101,205.0,35.5927619934082
18102,364.0,143.21156311035156
18103,478.0,259.348388671875
18104,561.0,344.6649475097656
18105,626.0,394.9538879394531
18106,672.0,431.868408203125
18107,705.0,464.45306396484375
18108,726.0,507.2750244140625
18109,741.0,552.3768310546875
18110,751.0,587.3279418945312
18111,753.0,628.5678100585938
18112,754.0,661.0765991210938
18113,751.0,675.7734375
18114,742.0,677.2039184570312
18115,726.0,670.0812377929688
18116,707.0,654.7998046875
18117,686.0,633.1365356445312
18118,665.0,614.1152954101562
18119,637.0,578.4878540039062
18120,607.0,551.2125244140625
18121,578.0,528.153564453125
18122,547.0,499.3954162597656
18123,513.0,466.83331298828125
18124,479.0,432.28076171875
18125,443.0,408.54986572265625
18126,408.0,381.38299560546875
18127,374.0,350.5018615722656
18128,338.0,305.7662048339844
18129,305.0,281.7668151855469
18130,270.0,251.77281188964844
18131,240.0,216.9274139404297
18132,210.0,176.03956604003906
18133,184.0,156.41513061523438
18134,160.0,138.1405487060547
18135,142.0,125.55282592773438
18136,128.0,114.71400451660156
18137,118.0,112.61088562011719
18138,111.0,110.29105377197266
18139,107.0,108.33311462402344
18140,104.0,105.98450469970703
18141,104.0,105.37310028076172
18142,102.0,103.88520812988281
18143,93.0,102.27656555175781
18144,104.0,100.35884857177734
18145,95.0,99.25384521484375
18146,92.0,97.12149810791016
18147,88.0,94.66024017333984
18148,85.0,91.48004913330078
18149,81.0,88.06694030761719
18150,75.0,83.79988861083984
18151,71.0,79.43948364257812
18152,64.0,73.75555419921875
18153,57.0,64.9334487915039
18154,49.0,53.13188171386719
18155,37.0,41.85478591918945
18156,27.0,31.626543045043945
18157,13.0,17.409679412841797
18158,3.0,6.067249774932861
18159,0.0,2.207259178161621
18160,0.0,1.1379814147949219
18161,0.0,0.8399562835693359
18162,0.0,0.7340354919433594
18163,0.0,0.6657438278198242
18164,0.0,0.6211652755737305
18165,0.0,0.5485363006591797
18166,0.0,0.49524688720703125
18167,0.0,0.38243865966796875
18168,0.0,0.2592458724975586
18169,0.0,0.10851764678955078
18170,0.0,0.11100387573242188
18171,0.0,0.04520702362060547
18172,0.0,0.0029268264770507812
18173,0.0,-0.7924385070800781
18174,0.0,-0.7286128997802734
18175,0.0,-0.667816162109375
18176,0.0,-0.6164665222167969
18177,0.0,-0.6648874282836914
18178,0.0,-0.606867790222168
18179,0.0,-0.5873785018920898
18180,0.0,-0.5752925872802734
18181,0.0,-0.6512269973754883
18182,0.0,-0.6413116455078125
18183,0.0,-0.6432104110717773
18184,0.0,-0.6351308822631836
18185,0.0,-0.7255373001098633
18186,0.0,-0.8403539657592773
18187,0.0,-0.9160118103027344
18188,0.0,-1.0479116439819336
18189,0.0,-0.9313478469848633
18190,0.0,-1.1722517013549805
18191,0.0,-1.3123664855957031
18192,0.0,-1.6388769149780273
18193,0.0,-0.5760593414306641
18194,0.0,-0.8430633544921875
18195,4.0,-1.0142107009887695
18196,75.0,0.041168212890625
18197,235.0,38.025108337402344
18198,376.0,162.51422119140625
18199,482.0,284.1316833496094
18200,557.0,386.7533264160156
18201,619.0,471.3763732910156
18202,662.0,534.4163208007812
18203,697.0,584.5140380859375
18204,721.0,627.291748046875
18205,732.0,658.4757690429688
18206,741.0,678.2990112304688
18207,747.0,687.6529541015625
18208,735.0,682.1827392578125
18209,738.0,651.05517578125
18210,734.0,625.455078125
18211,725.0,619.3836059570312
18212,707.0,619.5324096679688
18213,689.0,620.46875
18214,651.0,616.6425170898438
18215,511.0,608.3557739257812
18216,538.0,596.5210571289062
18217,536.0,586.5211181640625
18218,528.0,565.9287719726562
18219,480.0,522.3603515625
18220,479.0,482.2911071777344
18221,443.0,454.9138488769531
18222,411.0,422.8382873535156
18223,374.0,388.9677429199219
18224,339.0,346.1566162109375
18225,308.0,314.58770751953125
18226,276.0,282.7557678222656
18227,250.0,249.60763549804688
18228,226.0,206.94920349121094
18229,205.0,186.59429931640625
18230,180.0,164.65284729003906
18231,159.0,145.62115478515625
18232,141.0,127.04792785644531
18233,134.0,123.82569885253906
18234,122.0,120.49205017089844
18235,112.0,117.36717224121094
18236,108.0,113.30469512939453
18237,105.0,112.2682876586914
18238,103.0,110.47713470458984
18239,102.0,108.52055358886719
18240,101.0,106.6719970703125
18241,98.0,106.42436218261719
18242,97.0,105.7000503540039
18243,93.0,104.5211410522461
18244,89.0,102.32271575927734
18245,84.0,99.22492218017578
18246,79.0,95.25769805908203
18247,72.0,91.15093231201172
18248,67.0,85.97653198242188
18249,58.0,78.16917419433594
18250,50.0,67.62271881103516
18251,40.0,53.90906524658203
18252,29.0,40.679527282714844
18253,16.0,29.322341918945312
18254,2.0,12.91700553894043
18255,0.0,3.504183769226074
18256,0.0,0.9903240203857422
18257,0.0,0.4194984436035156
18258,0.0,0.23381614685058594
18259,0.0,0.16265392303466797
18260,0.0,0.13111400604248047
18261,0.0,0.11660289764404297
18262,0.0,0.09426021575927734
18263,0.0,0.053475379943847656
18264,0.0,0.033926963806152344
18265,0.0,0.01263427734375
18266,0.0,0.06492424011230469
18267,0.0,0.07547950744628906
18268,0.0,0.09782695770263672
18269,0.0,-0.3523902893066406
18270,0.0,-0.4191865921020508
18271,0.0,-0.4320240020751953
18272,0.0,-0.45114707946777344
18273,0.0,-0.5428400039672852
18274,0.0,-0.4892578125
18275,0.0,-0.47011566162109375
18276,0.0,-0.45501136779785156
18277,0.0,-0.5284919738769531
18278,0.0,-0.5053844451904297
18279,0.0,-0.5033473968505859
18280,0.0,-0.4781312942504883
18281,0.0,-0.5746250152587891
18282,0.0,-0.6397829055786133
18283,0.0,-0.6992053985595703
18284,0.0,-0.8079605102539062
18285,0.0,-0.8819875717163086
18286,0.0,-1.1191234588623047
18287,0.0,-1.5252408981323242
18288,0.0,-2.6953001022338867
18289,0.0,-3.2015838623046875
18290,1.0,-3.23355770111084
18291,3.0,-2.781418800354004
18292,43.0,2.739715576171875
18293,157.0,74.62059020996094
18294,302.0,194.830322265625
18295,438.0,298.10455322265625
18296,527.0,371.6807861328125
18297,591.0,436.71881103515625
18298,655.0,508.1892395019531
18299,692.0,583.4921875
18300,722.0,649.4498901367188
18301,737.0,678.1494140625
18302,745.0,697.5199584960938
18303,744.0,715.1859741210938
18304,741.0,730.5165405273438
18305,735.0,733.6488037109375
18306,734.0,714.5960693359375
18307,738.0,687.6302490234375
18308,667.0,671.6883544921875
18309,669.0,650.046630859375
18310,653.0,634.043701171875
18311,619.0,620.0591430664062
18312,600.0,598.21533203125
18313,576.0,573.3685913085938
18314,546.0,545.522705078125
18315,512.0,512.5387573242188
18316,487.0,470.0467224121094
18317,462.0,453.1283874511719
18318,433.0,436.4043273925781
18319,416.0,414.68017578125
18320,332.0,381.4004821777344
18321,328.0,355.4645690917969
18322,296.0,323.2491149902344
18323,263.0,295.9757995605469
18324,236.0,269.1617736816406
18325,209.0,278.96673583984375
18326,190.0,287.384033203125
18327,175.0,285.1358947753906
18328,168.0,280.32049560546875
18329,165.0,273.34222412109375
18330,165.0,258.7509460449219
18331,179.0,242.00286865234375
18332,208.0,217.72496032714844
18333,199.0,223.2244873046875
18334,191.0,212.88597106933594
18335,158.0,206.31715393066406
18336,142.0,198.14479064941406
18337,138.0,180.37928771972656
18338,131.0,161.76051330566406
18339,127.0,144.47421264648438
18340,113.0,127.20835876464844
18341,106.0,119.89327239990234
18342,108.0,111.415283203125
18343,91.0,102.25434875488281
18344,79.0,91.91649627685547
18345,67.0,80.57380676269531
18346,59.0,67.08172607421875
18347,49.0,47.877586364746094
18348,33.0,29.06191635131836
18349,17.0,12.08914852142334
18350,4.0,3.62760066986084
18351,1.0,1.0078849792480469
18352,0.0,0.28981590270996094
18353,0.0,0.1868276596069336
18354,0.0,0.14535045623779297
18355,0.0,0.12440967559814453
18356,0.0,0.09261608123779297
18357,0.0,0.06235504150390625
18358,0.0,0.05071449279785156
18359,0.0,0.018035888671875
18360,0.0,-0.016860008239746094
18361,0.0,-0.07900524139404297
18362,0.0,-0.0816354751586914
18363,0.0,-0.10914897918701172
18364,0.0,-0.1299591064453125
18365,0.0,-0.5028114318847656
18366,0.0,-0.667083740234375
18367,0.0,-0.7140188217163086
18368,0.0,-0.7291507720947266
18369,0.0,-0.8423633575439453
18370,0.0,-0.8702764511108398
18371,0.0,-0.9640522003173828
18372,0.0,-1.091482162475586
18373,0.0,-1.484238624572754
18374,0.0,-1.5846843719482422
18375,0.0,-1.6831731796264648
18376,0.0,-1.756216049194336
18377,0.0,-2.2720212936401367
18378,0.0,-2.2800655364990234
18379,0.0,-2.139998435974121
18380,0.0,-2.0197982788085938
18381,0.0,-1.7594451904296875
18382,0.0,-1.8585186004638672
18383,0.0,-1.6798601150512695
18384,0.0,-1.5890884399414062
18385,0.0,0.04246234893798828
18386,1.0,0.29111576080322266
18387,4.0,1.1921205520629883
18388,65.0,16.217365264892578
18389,163.0,129.52764892578125
18390,265.0,259.9947204589844
18391,391.0,332.50982666015625
18392,486.0,379.154541015625
18393,556.0,423.1202392578125
18394,606.0,480.20721435546875
18395,642.0,546.6937866210938
18396,668.0,588.01171875
18397,689.0,614.5928955078125
18398,701.0,643.8134155273438
18399,710.0,670.9197998046875
18400,708.0,684.0174560546875
18401,706.0,664.8387451171875
18402,699.0,647.193115234375
18403,687.0,645.6270141601562
18404,672.0,654.582275390625
18405,662.0,653.5342407226562
18406,642.0,648.3630981445312
18407,619.0,638.7959594726562
18408,594.0,629.0791015625
18409,568.0,610.0484008789062
18410,539.0,572.2693481445312
18411,507.0,522.0748291015625
18412,476.0,469.7411193847656
18413,443.0,437.3666687011719
18414,412.0,408.15899658203125
18415,377.0,374.2165832519531
18416,346.0,323.0008239746094
18417,314.0,299.7392272949219
18418,284.0,275.3389587402344
18419,253.0,248.81651306152344
18420,225.0,211.61634826660156
18421,201.0,195.38543701171875
18422,178.0,177.28822326660156
18423,158.0,157.35804748535156
18424,142.0,137.151123046875
18425,127.0,135.24395751953125
18426,118.0,133.07884216308594
18427,110.0,131.64024353027344
18428,104.0,130.01124572753906
18429,99.0,133.44483947753906
18430,97.0,135.56585693359375
18431,97.0,137.18235778808594
18432,96.0,138.45130920410156
18433,96.0,140.8350372314453
18434,93.0,139.29324340820312
18435,89.0,135.8921356201172
18436,84.0,130.0283966064453
18437,79.0,122.39920043945312
18438,75.0,114.40312957763672
18439,68.0,106.71273803710938
18440,64.0,97.81138610839844
18441,57.0,86.72848510742188
18442,49.0,73.14402770996094
18443,39.0,56.48332214355469
18444,28.0,40.040855407714844
18445,18.0,26.526641845703125
18446,4.0,10.042139053344727
18447,0.0,2.7273149490356445
18448,0.0,0.9662771224975586
18449,0.0,0.551213264465332
18450,0.0,0.34764957427978516
18451,0.0,0.21273422241210938
18452,0.0,0.12362957000732422
18453,0.0,0.058261871337890625
18454,0.0,-0.0040683746337890625
18455,0.0,-0.05944633483886719
18456,0.0,-0.10938072204589844
18457,0.0,-0.17110729217529297
18458,0.0,-0.1697673797607422
18459,0.0,-0.17507362365722656
18460,0.0,-0.17737102508544922
18461,0.0,-0.48349857330322266
18462,0.0,-0.5221385955810547
18463,0.0,-0.5381355285644531
18464,0.0,-0.49951648712158203
18465,0.0,-0.5587959289550781
18466,0.0,-0.4794788360595703
18467,0.0,-0.4291105270385742
18468,0.0,-0.3972949981689453
18469,0.0,-0.49744701385498047
18470,0.0,-0.47007083892822266
18471,0.0,-0.4609508514404297
18472,0.0,-0.4462575912475586
18473,0.0,-0.6330318450927734
18474,0.0,-0.7033882141113281
18475,0.0,-0.770594596862793
18476,0.0,-0.8904972076416016
18477,0.0,-1.1701326370239258
18478,0.0,-1.3605833053588867
18479,0.0,-1.5834693908691406
18480,0.0,-1.8070735931396484
18481,0.0,-0.7750043869018555
18482,0.0,0.5314922332763672
18483,3.0,1.862544059753418
18484,32.0,19.80181884765625
18485,157.0,148.1790008544922
18486,200.0,314.50970458984375
18487,159.0,383.4986877441406
18488,279.0,393.7737731933594
18489,574.0,390.444091796875
18490,618.0,394.6889953613281
18491,642.0,425.6111145019531
18492,707.0,508.2452392578125
18493,425.0,598.8898315429688
18494,571.0,683.0272216796875
18495,707.0,729.7025756835938
18496,698.0,731.0977172851562
18497,707.0,644.5841064453125
18498,689.0,576.8626098632812
18499,693.0,517.7962036132812
18500,665.0,498.80572509765625
18501,459.0,485.471435546875
18502,563.0,489.9761047363281
18503,625.0,528.7610473632812
18504,700.0,537.0082397460938
18505,569.0,533.340087890625
18506,608.0,513.2989501953125
18507,544.0,486.0377197265625
18508,485.0,458.1965026855469
18509,451.0,446.6508483886719
18510,427.0,431.7652893066406
18511,323.0,408.90118408203125
18512,370.0,375.9347839355469
18513,352.0,358.26348876953125
18514,307.0,335.9871826171875
18515,280.0,307.6183166503906
18516,252.0,274.25250244140625
18517,226.0,263.73175048828125
18518,196.0,251.97320556640625
18519,163.0,237.45849609375
18520,156.0,221.4633026123047
18521,144.0,219.01638793945312
18522,142.0,211.89930725097656
18523,134.0,198.64283752441406
18524,120.0,184.39512634277344
18525,114.0,178.36367797851562
18526,111.0,173.259033203125
18527,109.0,166.86349487304688
18528,121.0,158.06932067871094
18529,182.0,150.4193572998047
18530,213.0,143.09716796875
18531,179.0,134.9604034423828
18532,213.0,124.80140686035156
18533,213.0,119.60429382324219
18534,125.0,112.83525848388672
18535,106.0,103.54955291748047
18536,42.0,89.58706665039062
18537,45.0,74.12354278564453
18538,31.0,58.943016052246094
18539,45.0,41.307762145996094
18540,29.0,24.197111129760742
18541,8.0,8.073970794677734
18542,0.0,2.213348388671875
18543,0.0,0.7063655853271484
18544,0.0,0.21154403686523438
18545,0.0,0.04853630065917969
18546,0.0,-0.04489421844482422
18547,0.0,-0.1054544448852539
18548,0.0,-0.14756298065185547
18549,0.0,-0.1873788833618164
18550,0.0,-0.19709396362304688
18551,0.0,-0.18813228607177734
18552,0.0,-0.1722564697265625
18553,0.0,-0.18816566467285156
18554,0.0,-0.17251968383789062
18555,0.0,-0.17046451568603516
18556,0.0,-0.1698894500732422
18557,0.0,-0.3032541275024414
18558,0.0,-0.17296409606933594
18559,0.0,-0.2318706512451172
18560,0.0,-0.2671852111816406
18561,0.0,-0.33962059020996094
18562,0.0,-0.37578868865966797
18563,0.0,-0.41151905059814453
18564,0.0,-0.4414081573486328
18565,0.0,-0.5376825332641602
18566,0.0,-0.5429525375366211
18567,0.0,-0.6320676803588867
18568,0.0,-0.6527328491210938
18569,0.0,-0.6355447769165039
18570,0.0,-0.6086311340332031
18571,0.0,-0.45930004119873047
18572,0.0,-0.27690982818603516
18573,0.0,0.19927310943603516
18574,0.0,0.004595756530761719
18575,0.0,-0.14511680603027344
18576,0.0,-0.29487133026123047
18577,0.0,0.6867170333862305
18578,0.0,1.281844139099121
18579,2.0,2.574397087097168
18580,31.0,14.218993186950684
18581,87.0,71.99702453613281
18582,163.0,168.1586456298828
18583,210.0,223.99050903320312
18584,322.0,239.3687286376953
18585,252.0,223.7670440673828
18586,274.0,253.5890655517578
18587,443.0,320.1669006347656
18588,194.0,343.73211669921875
18589,265.0,370.84033203125
18590,332.0,366.60894775390625
18591,538.0,340.87847900390625
18592,317.0,310.43084716796875
18593,544.0,378.34979248046875
18594,566.0,429.56658935546875
18595,513.0,443.1209411621094
18596,456.0,453.7243957519531
18597,502.0,471.448974609375
18598,622.0,542.1737670898438
18599,574.0,539.5728149414062
18600,528.0,516.1609497070312
18601,706.0,502.5033264160156
18602,516.0,485.6508483886719
18603,480.0,449.9266662597656
18604,314.0,416.88433837890625
18605,459.0,415.13055419921875
18606,418.0,403.4316711425781
18607,473.0,382.60333251953125
18608,423.0,346.171875
18609,436.0,305.6165466308594
18610,451.0,277.7281188964844
18611,401.0,253.58306884765625
18612,227.0,225.32675170898438
18613,74.0,183.5501708984375
18614,92.0,151.63864135742188
18615,86.0,137.96900939941406
18616,102.0,130.42745971679688
18617,121.0,130.8505401611328
18618,185.0,125.77518463134766
18619,128.0,126.16747283935547
18620,130.0,134.6219024658203
18621,129.0,151.7521209716797
18622,125.0,150.8240203857422
18623,109.0,141.28790283203125
18624,155.0,132.91110229492188
18625,125.0,126.52084350585938
18626,169.0,119.27716827392578
18627,115.0,114.20297241210938
18628,96.0,109.55725860595703
18629,84.0,103.05900573730469
18630,86.0,89.3578872680664
18631,111.0,70.72461700439453
18632,42.0,49.598106384277344
18633,35.0,32.966102600097656
18634,38.0,19.636634826660156
18635,4.0,8.538032531738281
18636,0.0,3.335421562194824
18637,0.0,2.0327072143554688
18638,0.0,1.3614530563354492
18639,0.0,0.9219465255737305
18640,0.0,0.6920766830444336
18641,0.0,0.5793523788452148
18642,0.0,0.4969968795776367
18643,0.0,0.28313636779785156
18644,0.0,0.1094217300415039
18645,0.0,0.026288986206054688
18646,0.0,0.01758098602294922
18647,0.0,-0.01263427734375
18648,0.0,-0.0017766952514648438
18649,0.0,0.05963325500488281
18650,0.0,0.1553030014038086
18651,0.0,0.21117496490478516
18652,0.0,0.23784446716308594
18653,0.0,0.02302265167236328
18654,0.0,-0.0005235671997070312
18655,0.0,0.03374290466308594
18656,0.0,0.11180400848388672
18657,0.0,0.17844009399414062
18658,0.0,0.07195377349853516
18659,0.0,-0.06687450408935547
18660,0.0,-0.1944255828857422
18661,0.0,-0.19253158569335938
18662,0.0,-0.12746238708496094
18663,0.0,-0.07768821716308594
18664,0.0,-0.053938865661621094
18665,0.0,-0.03734397888183594
18666,0.0,-0.17338943481445312
18667,0.0,-0.34759044647216797
18668,0.0,-0.5407428741455078
18669,0.0,-0.7632522583007812
18670,0.0,-0.7898416519165039
18671,0.0,-0.9694938659667969
18672,0.0,-1.0346794128417969
18673,0.0,-0.22793960571289062
18674,0.0,0.7667531967163086
18675,0.0,0.36663246154785156
18676,4.0,4.577204704284668
18677,39.0,44.01396179199219
18678,398.0,143.71995544433594
18679,414.0,299.7857971191406
18680,593.0,460.629638671875
18681,457.0,602.7664794921875
18682,732.0,699.0177612304688
18683,616.0,728.90625
18684,490.0,727.462890625
18685,655.0,641.6549682617188
18686,375.0,569.6105346679688
18687,284.0,514.916015625
18688,339.0,394.7801208496094
18689,242.0,389.7997741699219
18690,338.0,394.24639892578125
18691,348.0,382.90875244140625
18692,248.0,357.9497375488281
18693,329.0,336.26348876953125
18694,342.0,327.1048278808594
18695,501.0,333.8460693359375
18696,351.0,347.093017578125
18697,396.0,340.7134704589844
18698,482.0,339.5403747558594
18699,695.0,337.2516174316406
18700,579.0,333.3527526855469
18701,481.0,337.0941162109375
18702,519.0,354.0885009765625
18703,527.0,384.7000732421875
18704,419.0,398.7966613769531
18705,427.0,412.16534423828125
18706,423.0,418.19464111328125
18707,403.0,420.0584716796875
18708,592.0,417.4380798339844
18709,525.0,418.0085144042969
18710,454.0,401.61700439453125
18711,370.0,371.1585998535156
18712,357.0,330.46234130859375
18713,407.0,300.5823059082031
18714,414.0,284.56048583984375
18715,367.0,275.89752197265625
18716,351.0,256.5458068847656
18717,337.0,247.59815979003906
18718,281.0,229.4589385986328
18719,318.0,202.34027099609375
18720,297.0,171.56005859375
18721,217.0,155.14976501464844
18722,156.0,144.609619140625
18723,227.0,135.4988555908203
18724,157.0,126.54703521728516
18725,121.0,119.24111938476562
18726,122.0,109.70146942138672
18727,90.0,97.80332946777344
18728,115.0,85.08306884765625
18729,90.0,74.37747192382812
18730,64.0,61.914039611816406
18731,54.0,47.82744598388672
18732,40.0,33.551517486572266
18733,26.0,16.171852111816406
18734,10.0,5.175289154052734
18735,2.0,2.2527856826782227
18736,0.0,1.381667137145996
18737,0.0,1.165414810180664
18738,0.0,0.9867897033691406
18739,0.0,0.9704999923706055
18740,0.0,0.9641180038452148
18741,0.0,0.9962530136108398
18742,0.0,0.9902667999267578
18743,0.0,0.9652080535888672
18744,0.0,0.9493293762207031
18745,0.0,0.9220666885375977
18746,0.0,0.9456014633178711
18747,0.0,0.9531307220458984
18748,0.0,0.9703760147094727
18749,0.0,1.2090873718261719
18750,0.0,0.5762910842895508
18751,0.0,0.07226848602294922
18752,0.0,-0.2458181381225586
18753,0.0,-0.7258720397949219
18754,0.0,-0.9260473251342773
18755,0.0,-1.0257596969604492
18756,0.0,-1.0693111419677734
18757,0.0,-1.1979408264160156
18758,0.0,-1.225564956665039
18759,0.0,-1.2624549865722656
18760,0.0,-1.2311220169067383
18761,0.0,-1.436223030090332
18762,0.0,-1.1320514678955078
18763,0.0,-0.6614847183227539
18764,0.0,-0.18250656127929688
18765,0.0,0.18587207794189453
18766,0.0,0.3889274597167969
18767,0.0,0.4864501953125
18768,0.0,0.5298233032226562
18769,0.0,0.7963886260986328
18770,1.0,0.9889984130859375
18771,3.0,1.491403579711914
18772,4.0,6.2766337394714355
18773,7.0,30.09929084777832
18774,19.0,85.00184631347656
18775,28.0,135.32127380371094
18776,42.0,143.7943878173828
18777,79.0,123.27576446533203
18778,95.0,97.00511932373047
18779,171.0,103.28565216064453
18780,322.0,147.85240173339844
18781,181.0,245.98260498046875
18782,195.0,371.2053527832031
18783,739.0,471.6405029296875
18784,869.0,540.8939819335938
18785,676.0,589.8047485351562
18786,505.0,624.3563232421875
18787,361.0,630.415771484375
18788,429.0,573.1133422851562
18789,680.0,519.558837890625
18790,445.0,493.64312744140625
18791,661.0,470.814208984375
18792,486.0,457.7567443847656
18793,745.0,455.2267761230469
18794,565.0,458.1568908691406
18795,627.0,464.58343505859375
18796,529.0,472.1065368652344
18797,584.0,480.0545959472656
18798,481.0,476.86480712890625
18799,438.0,468.6647644042969
18800,498.0,460.5877685546875
18801,510.0,444.6114196777344
18802,427.0,401.1737365722656
18803,362.0,332.38543701171875
18804,399.0,268.7144470214844
18805,358.0,272.1805725097656
18806,355.0,346.012939453125
18807,265.0,399.4024658203125
18808,292.0,397.87554931640625
18809,353.0,383.16070556640625
18810,353.0,362.3496398925781
18811,361.0,325.5163269042969
18812,376.0,302.47174072265625
18813,320.0,289.3818664550781
18814,263.0,300.5376281738281
18815,309.0,295.06256103515625
18816,203.0,275.6476135253906
18817,249.0,255.8267059326172
18818,234.0,238.56117248535156
18819,211.0,222.0099639892578
18820,166.0,206.32101440429688
18821,144.0,187.09771728515625
18822,186.0,161.42782592773438
18823,156.0,141.81561279296875
18824,119.0,120.93070983886719
18825,98.0,87.51817321777344
18826,90.0,58.441871643066406
18827,68.0,37.538848876953125
18828,49.0,20.192237854003906
18829,27.0,5.496863842010498
18830,10.0,1.5909690856933594
18831,3.0,0.6576051712036133
18832,0.0,0.3252277374267578
18833,0.0,0.18791866302490234
18834,0.0,0.13006019592285156
18835,0.0,0.06714153289794922
18836,0.0,0.0006999969482421875
18837,0.0,-0.06994247436523438
18838,0.0,-0.09532928466796875
18839,0.0,-0.10359382629394531
18840,0.0,-0.08601093292236328
18841,0.0,-0.046352386474609375
18842,0.0,-0.033447265625
18843,0.0,-0.07799434661865234
18844,0.0,-0.12213325500488281
18845,0.0,-0.06878948211669922
18846,0.0,-0.09467029571533203
18847,0.0,-0.18079090118408203
18848,0.0,-0.20384979248046875
18849,0.0,-0.22302627563476562
18850,0.0,-0.3311882019042969
18851,0.0,-0.4546165466308594
18852,0.0,-0.5636873245239258
18853,0.0,-0.6916217803955078
18854,0.0,-0.7861719131469727
18855,0.0,-0.9520320892333984
18856,0.0,-1.0298194885253906
18857,0.0,-1.2119264602661133
18858,0.0,-1.0419178009033203
18859,0.0,-0.9175958633422852
18860,0.0,-0.7484827041625977
18861,0.0,-0.9269542694091797
18862,0.0,-0.7249631881713867
18863,0.0,-0.5089235305786133
18864,0.0,-0.7084617614746094
18865,1.0,-0.5140438079833984
18866,4.0,2.1595840454101562
18867,61.0,9.559754371643066
18868,203.0,69.69007110595703
18869,328.0,280.68988037109375
18870,322.0,414.1663513183594
18871,240.0,501.1477966308594
18872,609.0,571.5744018554688
18873,635.0,613.3212890625
18874,704.0,651.84619140625
18875,765.0,685.7283935546875
18876,786.0,707.1079711914062
18877,781.0,714.9491577148438
18878,809.0,706.4517211914062
18879,792.0,691.6248779296875
18880,795.0,686.06396484375
18881,764.0,691.978759765625
18882,791.0,696.1664428710938
18883,765.0,690.4332275390625
18884,774.0,680.8439331054688
18885,781.0,672.6441650390625
18886,770.0,665.448974609375
18887,793.0,651.3096923828125
18888,661.0,630.5289306640625
18889,610.0,613.27392578125
18890,550.0,584.8014526367188
18891,584.0,549.9307861328125
18892,647.0,518.26123046875
18893,582.0,506.18994140625
18894,512.0,486.3710021972656
18895,438.0,451.9950866699219
18896,434.0,404.073486328125
18897,393.0,375.6601257324219
18898,359.0,349.9995422363281
18899,342.0,305.9282531738281
18900,304.0,276.8448181152344
18901,265.0,263.56231689453125
18902,243.0,252.477294921875
18903,212.0,240.29391479492188
18904,197.0,222.90234375
18905,182.0,213.8271484375
18906,165.0,206.85791015625
18907,142.0,201.97552490234375
18908,126.0,194.83482360839844
18909,119.0,190.09877014160156
18910,112.0,183.48812866210938
18911,108.0,174.29786682128906
18912,105.0,164.47813415527344
18913,102.0,156.26246643066406
18914,101.0,144.88238525390625
18915,97.0,132.95059204101562
18916,92.0,120.2116470336914
18917,89.0,113.6234130859375
18918,84.0,106.26081848144531
18919,80.0,98.12602233886719
18920,73.0,89.42672729492188
18921,66.0,82.00126647949219
18922,59.0,72.42799377441406
18923,49.0,58.492225646972656
18924,39.0,41.52429962158203
18925,28.0,26.066795349121094
18926,12.0,8.806591033935547
18927,2.0,2.3224315643310547
18928,0.0,0.7725725173950195
18929,0.0,0.3831911087036133
18930,0.0,0.12521839141845703
18931,0.0,0.013601303100585938
18932,0.0,-0.07326412200927734
18933,0.0,-0.11691570281982422
18934,0.0,-0.16985034942626953
18935,0.0,-0.21351909637451172
18936,0.0,-0.2576904296875
18937,0.0,-0.3096332550048828
18938,0.0,-0.26266002655029297
18939,0.0,-0.17479991912841797
18940,0.0,-0.060639381408691406
18941,0.0,0.45093727111816406
18942,0.0,0.5674533843994141
18943,0.0,0.5657033920288086
18944,0.0,0.480926513671875
18945,0.0,0.3816547393798828
18946,0.0,0.32750701904296875
18947,0.0,0.31590843200683594
18948,0.0,0.3238344192504883
18949,0.0,0.36118602752685547
18950,0.0,0.45601558685302734
18951,0.0,0.5069150924682617
18952,0.0,0.5509128570556641
18953,0.0,0.6226348876953125
18954,0.0,0.6895046234130859
18955,0.0,0.6386117935180664
18956,0.0,0.4987335205078125
18957,0.0,0.33812999725341797
18958,0.0,0.318084716796875
18959,0.0,0.3748807907104492
18960,0.0,0.47101783752441406
18961,0.0,1.379683494567871
18962,0.0,2.0490636825561523
18963,1.0,4.212957859039307
18964,3.0,11.580992698669434
18965,7.0,37.729312896728516
18966,23.0,71.88746643066406
18967,49.0,91.62247467041016
18968,80.0,106.31855773925781
18969,118.0,125.42509460449219
18970,140.0,144.07452392578125
18971,150.0,166.15679931640625
18972,184.0,193.10813903808594
18973,221.0,233.30503845214844
18974,238.0,285.68060302734375
18975,278.0,336.24261474609375
18976,330.0,371.67034912109375
18977,358.0,368.2677307128906
18978,343.0,359.1322326660156
18979,410.0,370.54254150390625
18980,480.0,394.3158264160156
18981,553.0,420.99755859375
18982,576.0,452.9056396484375
18983,556.0,496.6026611328125
18984,570.0,548.898193359375
18985,588.0,561.7952270507812
18986,583.0,566.5247192382812
18987,570.0,556.5479125976562
18988,597.0,537.7366943359375
18989,627.0,547.4449462890625
18990,601.0,536.7321166992188
18991,582.0,534.2031860351562
18992,484.0,529.846923828125
18993,502.0,534.1309814453125
18994,539.0,530.5819702148438
18995,171.0,516.3860473632812
18996,112.0,491.13458251953125
18997,182.0,469.65032958984375
18998,308.0,438.7452087402344
18999,410.0,397.99981689453125
19000,415.0,350.4877624511719
19001,396.0,307.0647277832031
19002,338.0,274.13250732421875
19003,309.0,251.14083862304688
19004,348.0,235.29193115234375
19005,338.0,227.28260803222656
19006,294.0,216.2783660888672
19007,293.0,203.43197631835938
19008,269.0,189.83831787109375
19009,271.0,177.90185546875
19010,193.0,164.77127075195312
19011,189.0,150.26121520996094
19012,182.0,138.13255310058594
19013,174.0,128.79507446289062
19014,184.0,118.7444839477539
19015,146.0,106.35408020019531
19016,125.0,89.40544128417969
19017,109.0,73.9356460571289
19018,78.0,55.57862091064453
19019,53.0,40.18654251098633
19020,27.0,27.24167251586914
19021,12.0,9.105849266052246
19022,2.0,1.886399269104004
19023,1.0,0.6016073226928711
19024,0.0,0.24466514587402344
19025,0.0,0.1100311279296875
19026,0.0,0.06275081634521484
19027,0.0,0.05065345764160156
19028,0.0,0.07204055786132812
19029,0.0,0.12349700927734375
19030,0.0,0.07145977020263672
19031,0.0,-0.0011262893676757812
19032,0.0,-0.06627464294433594
19033,0.0,-0.11762809753417969
19034,0.0,-0.05432319641113281
19035,0.0,0.03233051300048828
19036,0.0,0.1785564422607422
19037,0.0,0.7779693603515625
19038,0.0,1.0440902709960938
19039,0.0,0.6598100662231445
19040,0.0,0.22345733642578125
19041,0.0,-0.15194320678710938
19042,0.0,-0.3061685562133789
19043,0.0,-0.43764686584472656
19044,0.0,-0.4901390075683594
19045,0.0,-0.5733652114868164
19046,0.0,-0.6047534942626953
19047,0.0,-0.6567363739013672
19048,0.0,-0.6469249725341797
19049,0.0,-0.6333866119384766
19050,0.0,-0.6270818710327148
19051,0.0,-0.6698226928710938
19052,0.0,-0.7442083358764648
19053,0.0,-0.7099037170410156
19054,0.0,-0.7826499938964844
19055,0.0,-0.660888671875
19056,0.0,-0.47139453887939453
19057,1.0,2.514608383178711
19058,5.0,4.411677360534668
19059,70.0,12.646893501281738
19060,169.0,38.352317810058594
19061,234.0,158.20513916015625
19062,271.0,271.6170349121094
19063,306.0,313.1810302734375
19064,442.0,330.8714294433594
19065,577.0,336.8739929199219
19066,566.0,378.103515625
19067,439.0,440.0039978027344
19068,590.0,500.1340026855469
19069,700.0,561.7271728515625
19070,747.0,603.4686889648438
19071,874.0,619.890869140625
19072,873.0,606.3932495117188
19073,886.0,581.4437866210938
19074,872.0,581.9019775390625
19075,641.0,579.4172973632812
19076,572.0,575.2837524414062
19077,399.0,582.4642944335938
19078,455.0,582.7725830078125
19079,656.0,575.9891357421875
19080,807.0,567.34130859375
19081,724.0,559.1001586914062
19082,640.0,552.000244140625
19083,607.0,543.6384887695312
19084,578.0,532.5372314453125
19085,611.0,530.1830444335938
19086,516.0,522.7388305664062
19087,636.0,514.5645751953125
19088,516.0,502.425048828125
19089,534.0,499.045654296875
19090,549.0,494.98077392578125
19091,528.0,487.3870544433594
19092,450.0,469.9009704589844
19093,423.0,463.04168701171875
19094,418.0,447.0982360839844
19095,496.0,423.56024169921875
19096,430.0,393.8732604980469
19097,414.0,381.2001647949219
19098,341.0,372.6603698730469
19099,385.0,365.558349609375
19100,344.0,352.8410339355469
19101,322.0,341.8255310058594
19102,256.0,335.02880859375
19103,328.0,326.67303466796875
19104,249.0,317.03662109375
19105,239.0,297.7590026855469
19106,238.0,274.74505615234375
19107,260.0,238.29019165039062
19108,181.0,207.8158416748047
19109,172.0,182.50401306152344
19110,188.0,161.68589782714844
19111,158.0,142.16180419921875
19112,150.0,124.64322662353516
19113,148.0,109.87654113769531
19114,108.0,98.73169708251953
19115,74.0,84.12904357910156
19116,56.0,61.77386474609375
19117,34.0,37.67469024658203
19118,20.0,9.28804874420166
19119,4.0,1.7611026763916016
19120,1.0,0.34787750244140625
19121,0.0,0.05785846710205078
19122,0.0,-0.09456920623779297
19123,0.0,-0.1889505386352539
19124,0.0,-0.2664976119995117
19125,0.0,-0.36029720306396484
19126,0.0,-0.41794872283935547
19127,0.0,-0.44866943359375
19128,0.0,-0.45734500885009766
19129,0.0,-0.5127105712890625
19130,0.0,-0.5231122970581055
19131,0.0,-0.5600395202636719
19132,0.0,-0.5830240249633789
19133,0.0,-0.7865266799926758
19134,0.0,-0.6348180770874023
19135,0.0,-0.49852561950683594
19136,0.0,-0.49289989471435547
19137,0.0,-0.6742076873779297
19138,0.0,-0.7881011962890625
19139,0.0,-0.876713752746582
19140,0.0,-0.8975419998168945
19141,0.0,-1.0908746719360352
19142,0.0,-1.0102720260620117
19143,0.0,-0.9617843627929688
19144,0.0,-0.8845033645629883
19145,0.0,-1.1614665985107422
19146,0.0,-1.1252946853637695
19147,0.0,-1.1254549026489258
19148,0.0,-1.1835451126098633
19149,0.0,-1.6998815536499023
19150,0.0,-1.9841489791870117
19151,0.0,-2.3540353775024414
19152,0.0,-2.8264150619506836
19153,0.0,-2.916351318359375
19154,3.0,-2.8109092712402344
19155,98.0,6.390384197235107
19156,262.0,139.96365356445312
19157,397.0,327.7528381347656
19158,503.0,441.69580078125
19159,588.0,537.248046875
19160,658.0,596.6923217773438
19161,708.0,641.8303833007812
19162,745.0,684.612548828125
19163,772.0,714.5938720703125
19164,790.0,735.146728515625
19165,801.0,748.74365234375
19166,805.0,762.3665161132812
19167,805.0,777.3489990234375
19168,803.0,793.037109375
19169,797.0,798.3807373046875
19170,787.0,798.4539794921875
19171,773.0,795.8392333984375
19172,759.0,786.3641357421875
19173,741.0,763.60888671875
19174,724.0,731.5783081054688
19175,703.0,705.5164794921875
19176,679.0,680.8917236328125
19177,653.0,665.532958984375
19178,633.0,653.4905395507812
19179,570.0,633.3460693359375
19180,430.0,571.2603759765625
19181,603.0,535.172607421875
19182,505.0,492.068603515625
19183,460.0,440.04290771484375
19184,363.0,397.05462646484375
19185,266.0,380.103759765625
19186,387.0,368.98980712890625
19187,378.0,352.3222961425781
19188,437.0,325.27044677734375
19189,282.0,318.3642883300781
19190,310.0,311.6681213378906
19191,425.0,303.47967529296875
19192,330.0,286.7783203125
19193,282.0,277.75140380859375
19194,249.0,268.4491882324219
19195,303.0,258.2507019042969
19196,299.0,244.37794494628906
19197,208.0,238.8077392578125
19198,257.0,232.7990264892578
19199,267.0,225.4287872314453
19200,237.0,216.04095458984375
19201,197.0,208.20933532714844
19202,199.0,191.45152282714844
19203,192.0,170.01034545898438
19204,198.0,151.27188110351562
19205,158.0,137.71054077148438
19206,122.0,126.63613891601562
19207,114.0,114.72947692871094
19208,78.0,99.92058563232422
19209,67.0,86.79641723632812
19210,57.0,74.9762191772461
19211,46.0,61.90135955810547
19212,36.0,46.10045623779297
19213,26.0,33.084625244140625
19214,11.0,16.785133361816406
19215,2.0,5.550499439239502
19216,0.0,2.031754493713379
19217,0.0,1.1612977981567383
19218,0.0,0.8085517883300781
19219,0.0,0.6210498809814453
19220,0.0,0.45763206481933594
19221,0.0,0.22356700897216797
19222,0.0,-0.04548931121826172
19223,0.0,-0.2525348663330078
19224,0.0,-0.3273792266845703
19225,0.0,-0.5240354537963867
19226,0.0,-0.44937992095947266
19227,0.0,-0.5205898284912109
19228,0.0,-0.5303401947021484
19229,0.0,-2.0168933868408203
19230,0.0,-0.7544918060302734
19231,0.0,-1.1967353820800781
19232,0.0,-1.3219118118286133
19233,0.0,-1.6707286834716797
19234,0.0,-1.2343368530273438
19235,0.0,-0.8281793594360352
19236,0.0,-0.47823619842529297
19237,0.0,-0.557621955871582
19238,0.0,-0.5169925689697266
19239,0.0,-0.4377756118774414
19240,0.0,-0.33939647674560547
19241,0.0,-0.47606754302978516
19242,0.0,-0.44604969024658203
19243,0.0,-0.8359184265136719
19244,0.0,-1.1104955673217773
19245,0.0,-1.7678050994873047
19246,0.0,-1.409078598022461
19247,0.0,-1.2196435928344727
19248,0.0,-0.8333091735839844
19249,0.0,0.25733089447021484
19250,0.0,2.7644577026367188
19251,6.0,16.772098541259766
19252,82.0,88.67557525634766
19253,409.0,236.11643981933594
19254,102.0,368.9618835449219
19255,86.0,443.9821472167969
19256,96.0,479.8700866699219
19257,114.0,436.927978515625
19258,142.0,373.8505859375
19259,203.0,374.7657165527344
19260,304.0,409.8335266113281
19261,648.0,492.343017578125
19262,803.0,562.6282958984375
19263,810.0,562.1145629882812
19264,807.0,551.5352172851562
19265,805.0,539.63330078125
19266,834.0,527.5211791992188
19267,809.0,531.7256469726562
19268,684.0,612.8909912109375
19269,768.0,626.302978515625
19270,776.0,644.6599731445312
19271,703.0,652.5219116210938
19272,778.0,654.5604248046875
19273,722.0,650.8526000976562
19274,730.0,644.2830200195312
19275,611.0,625.689453125
19276,576.0,595.3893432617188
19277,635.0,573.97314453125
19278,521.0,534.522705078125
19279,528.0,485.73370361328125
19280,570.0,446.0974426269531
19281,634.0,452.7554626464844
19282,615.0,458.14031982421875
19283,591.0,450.2381286621094
19284,486.0,429.166259765625
19285,484.0,410.1466979980469
19286,471.0,376.6407470703125
19287,472.0,349.6767272949219
19288,431.0,334.11151123046875
19289,453.0,338.10540771484375
19290,424.0,348.7159729003906
19291,445.0,340.3596496582031
19292,414.0,309.9928894042969
19293,339.0,290.5154724121094
19294,331.0,270.70166015625
19295,304.0,246.58401489257812
19296,290.0,222.54043579101562
19297,245.0,194.28196716308594
19298,211.0,171.3884735107422
19299,181.0,152.34263610839844
19300,162.0,136.832275390625
19301,155.0,125.77127838134766
19302,141.0,120.52790832519531
19303,131.0,116.8015365600586
19304,106.0,104.5786361694336
19305,84.0,91.7631607055664
19306,73.0,79.19811248779297
19307,81.0,64.05555725097656
19308,54.0,44.982337951660156
19309,31.0,27.788415908813477
19310,15.0,9.073869705200195
19311,1.0,2.025914192199707
19312,0.0,0.4089784622192383
19313,0.0,0.17419147491455078
19314,0.0,0.025453567504882812
19315,0.0,-0.009116172790527344
19316,0.0,-0.09098052978515625
19317,0.0,-0.19544219970703125
19318,0.0,-0.24286842346191406
19319,0.0,-0.2894754409790039
19320,0.0,-0.31931018829345703
19321,0.0,-0.3813486099243164
19322,0.0,-0.38230323791503906
19323,0.0,-0.38845348358154297
19324,0.0,-0.4025535583496094
19325,0.0,-0.3956737518310547
19326,0.0,-0.4353809356689453
19327,0.0,-0.47760772705078125
19328,0.0,-0.536015510559082
19329,0.0,-0.6976041793823242
19330,0.0,-0.8096828460693359
19331,0.0,-0.9214878082275391
19332,0.0,-0.9808826446533203
19333,0.0,-1.1750154495239258
19334,0.0,-1.229562759399414
19335,0.0,-1.223170280456543
19336,0.0,-1.1083974838256836
19337,0.0,-1.281235694885254
19338,0.0,-1.1899118423461914
19339,0.0,-1.198333740234375
19340,0.0,-1.230813980102539
19341,0.0,-1.4173603057861328
19342,0.0,-1.5495634078979492
19343,0.0,-1.6480598449707031
19344,0.0,-1.7297563552856445
19345,1.0,-0.40590476989746094
19346,6.0,0.17244529724121094
19347,143.0,8.771377563476562
19348,295.0,55.67138671875
19349,434.0,166.83680725097656
19350,531.0,248.77838134765625
19351,590.0,285.61541748046875
19352,633.0,298.1583557128906
19353,650.0,269.7471618652344
19354,729.0,292.7199401855469
19355,743.0,385.90814208984375
19356,793.0,532.9802856445312
19357,797.0,634.9768676757812
19358,798.0,696.6637573242188
19359,790.0,723.3397216796875
19360,783.0,744.0757446289062
19361,763.0,730.1044921875
19362,778.0,682.643798828125
19363,695.0,656.8353881835938
19364,858.0,658.6525268554688
19365,871.0,655.9995727539062
19366,835.0,654.2725219726562
19367,680.0,649.6884155273438
19368,750.0,645.08544921875
19369,748.0,637.5917358398438
19370,728.0,615.3571166992188
19371,707.0,577.5521240234375
19372,595.0,532.2190551757812
19373,611.0,502.43353271484375
19374,481.0,459.8926696777344
19375,435.0,418.8764953613281
19376,599.0,375.7831115722656
19377,438.0,359.84368896484375
19378,384.0,344.82684326171875
19379,354.0,331.1942138671875
19380,305.0,312.1660461425781
19381,333.0,311.72222900390625
19382,289.0,310.4366455078125
19383,274.0,310.1723327636719
19384,261.0,298.15106201171875
19385,254.0,289.5595703125
19386,248.0,279.95916748046875
19387,234.0,268.5616149902344
19388,228.0,251.4886016845703
19389,279.0,244.60353088378906
19390,232.0,235.4213104248047
19391,288.0,219.721435546875
19392,290.0,195.7034454345703
19393,232.0,175.77853393554688
19394,206.0,161.8462677001953
19395,232.0,152.34906005859375
19396,204.0,142.707763671875
19397,157.0,133.82919311523438
19398,111.0,126.23776245117188
19399,89.0,119.43986511230469
19400,79.0,109.1772689819336
19401,69.0,92.72504425048828
19402,57.0,81.41287231445312
19403,51.0,68.96012115478516
19404,46.0,51.94727325439453
19405,26.0,36.153568267822266
19406,9.0,19.094614028930664
19407,1.0,4.589876651763916
19408,0.0,1.035268783569336
19409,0.0,0.30712127685546875
19410,0.0,0.07304000854492188
19411,0.0,-0.019929885864257812
19412,0.0,-0.05695819854736328
19413,0.0,-0.06641864776611328
19414,0.0,-0.07154273986816406
19415,0.0,-0.07509231567382812
19416,0.0,-0.0635824203491211
19417,0.0,-0.0272369384765625
19418,0.0,0.1052560806274414
19419,0.0,0.27526283264160156
19420,0.0,0.3762092590332031
19421,0.0,0.25993919372558594
19422,0.0,0.044097900390625
19423,0.0,-0.021005630493164062
19424,0.0,-0.09247779846191406
19425,0.0,-0.19572067260742188
19426,0.0,-0.1722869873046875
19427,0.0,-0.29970359802246094
19428,0.0,-0.4105262756347656
19429,0.0,-0.6128530502319336
19430,0.0,-0.5524816513061523
19431,0.0,-0.571995735168457
19432,0.0,-0.5759544372558594
19433,0.0,-0.7561931610107422
19434,0.0,-0.6757631301879883
19435,0.0,-0.800013542175293
19436,0.0,-0.8474092483520508
19437,0.0,-0.9594297409057617
19438,0.0,-0.4551572799682617
19439,0.0,-0.19507503509521484
19440,0.0,0.4136810302734375
19441,2.0,3.3409290313720703
19442,20.0,7.5526275634765625
19443,175.0,47.95503234863281
19444,340.0,221.57901000976562
19445,471.0,373.3080749511719
19446,571.0,470.9862976074219
19447,624.0,558.8831787109375
19448,699.0,619.8623046875
19449,728.0,673.8086547851562
19450,782.0,712.9512939453125
19451,798.0,737.905517578125
19452,823.0,760.8636474609375
19453,830.0,779.70751953125
19454,830.0,792.1560668945312
19455,847.0,800.8734130859375
19456,830.0,806.1048583984375
19457,831.0,805.8218994140625
19458,822.0,801.9120483398438
19459,811.0,778.0098266601562
19460,795.0,724.6692504882812
19461,771.0,699.4141235351562
19462,745.0,684.3464965820312
19463,730.0,671.76904296875
19464,702.0,659.10302734375
19465,675.0,649.813232421875
19466,647.0,634.7986450195312
19467,612.0,611.0238647460938
19468,580.0,569.7387084960938
19469,548.0,540.4932861328125
19470,515.0,498.3489074707031
19471,480.0,444.45465087890625
19472,447.0,396.74981689453125
19473,416.0,374.901611328125
19474,381.0,345.2132568359375
19475,349.0,308.74658203125
19476,318.0,264.7268371582031
19477,290.0,240.12982177734375
19478,263.0,213.54434204101562
19479,239.0,185.3976287841797
19480,215.0,156.21383666992188
19481,197.0,147.08761596679688
19482,180.0,137.9264678955078
19483,168.0,128.2008514404297
19484,153.0,117.21981811523438
19485,141.0,115.35987854003906
19486,130.0,112.53936004638672
19487,123.0,109.29863739013672
19488,116.0,104.60289001464844
19489,110.0,103.4738540649414
19490,106.0,101.57003021240234
19491,101.0,99.2110595703125
19492,98.0,95.20339965820312
19493,95.0,90.83963775634766
19494,89.0,86.02417755126953
19495,85.0,80.94664764404297
19496,79.0,74.63595581054688
19497,71.0,67.81519317626953
19498,65.0,61.20720672607422
19499,56.0,53.46257019042969
19500,47.0,43.533958435058594
19501,37.0,33.35151290893555
19502,23.0,19.919742584228516
19503,8.0,5.667436599731445
19504,1.0,1.5292110443115234
19505,0.0,0.7063150405883789
19506,0.0,0.4542360305786133
19507,0.0,0.33683204650878906
19508,0.0,0.2760963439941406
19509,0.0,0.2660713195800781
19510,0.0,0.24690628051757812
19511,0.0,0.171478271484375
19512,0.0,0.1445598602294922
19513,0.0,0.12756729125976562
19514,0.0,0.2246236801147461
19515,0.0,0.22259521484375
19516,0.0,0.2429027557373047
19517,0.0,-0.010321617126464844
19518,0.0,-0.13959121704101562
19519,0.0,-0.3018522262573242
19520,0.0,-0.5059022903442383
19521,0.0,-0.7030515670776367
19522,0.0,-0.5970945358276367
19523,0.0,-0.5190830230712891
19524,0.0,-0.47375011444091797
19525,0.0,-0.5936164855957031
19526,0.0,-0.5082244873046875
19527,0.0,-0.5040550231933594
19528,0.0,-0.4910726547241211
19529,0.0,-0.8592853546142578
19530,0.0,-1.0346240997314453
19531,0.0,-1.3267526626586914
19532,0.0,-1.7629585266113281
19533,0.0,-2.3144149780273438
19534,0.0,-1.9494781494140625
19535,0.0,-1.7389640808105469
19536,1.0,-1.2507944107055664
19537,2.0,1.3401622772216797
19538,23.0,5.0339674949646
19539,151.0,48.76191711425781
19540,285.0,226.18960571289062
19541,411.0,377.99957275390625
19542,509.0,473.0845031738281
19543,590.0,557.1832885742188
19544,656.0,617.9501342773438
19545,705.0,671.6122436523438
19546,743.0,709.7452392578125
19547,771.0,734.6416625976562
19548,790.0,756.2394409179688
19549,807.0,772.9761962890625
19550,815.0,785.1173095703125
19551,818.0,794.475830078125
19552,819.0,801.6786499023438
19553,815.0,802.5474853515625
19554,808.0,799.5692138671875
19555,797.0,782.0862426757812
19556,781.0,738.4636840820312
19557,764.0,699.5392456054688
19558,745.0,677.1339111328125
19559,722.0,662.8558959960938
19560,695.0,649.3433227539062
19561,669.0,639.4754638671875
19562,642.0,623.6918334960938
19563,613.0,598.1386108398438
19564,579.0,548.4398193359375
19565,547.0,514.8124389648438
19566,513.0,478.78936767578125
19567,479.0,438.795166015625
19568,450.0,390.9364013671875
19569,416.0,368.7925109863281
19570,387.0,341.8800964355469
19571,357.0,308.1998596191406
19572,326.0,267.4881591796875
19573,295.0,246.42913818359375
19574,269.0,223.87786865234375
19575,243.0,199.23739624023438
19576,221.0,170.8012237548828
19577,200.0,158.4039764404297
19578,179.0,145.904541015625
19579,165.0,133.52488708496094
19580,152.0,121.36611938476562
19581,141.0,119.07774353027344
19582,133.0,116.2878646850586
19583,126.0,113.22793579101562
19584,121.0,109.06561279296875
19585,117.0,108.34610748291016
19586,114.0,106.70865631103516
19587,114.0,105.07566833496094
19588,114.0,103.13020324707031
19589,109.0,102.89370727539062
19590,109.0,101.92266082763672
19591,110.0,100.37177276611328
19592,100.0,96.34843444824219
19593,82.0,90.28390502929688
19594,74.0,83.65322875976562
19595,67.0,75.30680847167969
19596,58.0,63.23370361328125
19597,48.0,48.51116180419922
19598,31.0,33.952232360839844
19599,11.0,16.014780044555664
19600,1.0,3.157306671142578
19601,0.0,0.5198221206665039
19602,0.0,-0.046324729919433594
19603,0.0,-0.20892715454101562
19604,0.0,-0.19758224487304688
19605,0.0,-0.0947275161743164
19606,0.0,0.032599449157714844
19607,0.0,0.162200927734375
19608,0.0,0.24398422241210938
19609,0.0,0.3109731674194336
19610,0.0,0.3921699523925781
19611,0.0,0.4633455276489258
19612,0.0,0.5170106887817383
19613,0.0,1.2146797180175781
19614,0.0,1.4475622177124023
19615,0.0,1.2898139953613281
19616,0.0,0.8716087341308594
19617,0.0,0.3289527893066406
19618,0.0,-0.16651630401611328
19619,0.0,-0.52099609375
19620,0.0,-0.6780948638916016
19621,0.0,-0.8181056976318359
19622,0.0,-0.8567495346069336
19623,0.0,-0.8612899780273438
19624,0.0,-0.7478542327880859
19625,0.0,-0.7725658416748047
19626,0.0,-0.566136360168457
19627,0.0,-0.48793601989746094
19628,0.0,-0.42478179931640625
19629,0.0,-0.4206199645996094
19630,0.0,-0.4196281433105469
19631,0.0,-0.42319202423095703
19632,0.0,-0.5203313827514648
19633,1.0,-0.9680862426757812
19634,3.0,-2.299074172973633
19635,38.0,-0.32712364196777344
19636,86.0,12.199440002441406
19637,222.0,41.42424774169922
19638,475.0,86.76950073242188
19639,609.0,129.77447509765625
19640,651.0,164.00344848632812
19641,740.0,196.514892578125
19642,501.0,228.03431701660156
19643,413.0,255.90301513671875
19644,807.0,286.00579833984375
19645,824.0,317.59771728515625
19646,665.0,350.7536315917969
19647,775.0,395.4621887207031
19648,768.0,477.6299133300781
19649,766.0,497.6123352050781
19650,734.0,494.7382507324219
19651,785.0,526.2805786132812
19652,730.0,554.0429077148438
19653,748.0,576.5690307617188
19654,749.0,602.8291625976562
19655,706.0,625.55126953125
19656,674.0,632.6152954101562
19657,671.0,621.6144409179688
19658,614.0,604.7495727539062
19659,644.0,578.9694213867188
19660,607.0,544.4871826171875
19661,518.0,520.0187377929688
19662,566.0,493.3108825683594
19663,555.0,468.716796875
19664,493.0,446.9779357910156
19665,493.0,431.728271484375
19666,535.0,413.574462890625
19667,336.0,394.5494384765625
19668,344.0,374.8662414550781
19669,351.0,368.1529541015625
19670,315.0,360.6649169921875
19671,266.0,348.96136474609375
19672,247.0,325.5144348144531
19673,226.0,305.2906188964844
19674,204.0,282.4942626953125
19675,194.0,262.7345275878906
19676,178.0,244.1991424560547
19677,172.0,238.62783813476562
19678,186.0,232.23406982421875
19679,212.0,225.13552856445312
19680,188.0,216.61109924316406
19681,181.0,210.29652404785156
19682,181.0,204.7522430419922
19683,178.0,197.7438201904297
19684,175.0,188.41481018066406
19685,208.0,175.0957794189453
19686,184.0,157.69732666015625
19687,128.0,141.94615173339844
19688,102.0,125.95065307617188
19689,89.0,104.83769989013672
19690,90.0,84.65159606933594
19691,72.0,67.64724731445312
19692,49.0,51.22156524658203
19693,33.0,36.27155685424805
19694,13.0,24.021503448486328
19695,3.0,9.219954490661621
19696,0.0,2.381624221801758
19697,0.0,0.7661943435668945
19698,0.0,0.1369771957397461
19699,0.0,-0.17347431182861328
19700,0.0,-0.24930667877197266
19701,0.0,-0.2623586654663086
19702,0.0,-0.26787471771240234
19703,0.0,-0.2567291259765625
19704,0.0,-0.2450542449951172
19705,0.0,-0.2375478744506836
19706,0.0,-0.22088146209716797
19707,0.0,-0.16118144989013672
19708,0.0,-0.09515857696533203
19709,0.0,-0.04816436767578125
19710,0.0,0.04964256286621094
19711,0.0,0.062035560607910156
19712,0.0,0.0659322738647461
19713,0.0,-0.07190322875976562
19714,0.0,0.07052326202392578
19715,0.0,0.2648754119873047
19716,0.0,0.3424091339111328
19717,0.0,0.10707569122314453
19718,0.0,0.15860748291015625
19719,0.0,0.22984027862548828
19720,0.0,0.27221012115478516
19721,0.0,0.3632335662841797
19722,0.0,0.340179443359375
19723,0.0,0.41082096099853516
19724,0.0,0.4984855651855469
19725,0.0,0.6767692565917969
19726,0.0,0.7683038711547852
19727,0.0,0.8018121719360352
19728,0.0,0.7592477798461914
19729,0.0,0.5163793563842773
19730,4.0,-0.027164459228515625
19731,8.0,2.122757911682129
19732,17.0,12.606477737426758
19733,52.0,28.645158767700195
19734,100.0,37.5584716796875
19735,142.0,47.67962646484375
19736,166.0,60.91880798339844
19737,278.0,74.31069946289062
19738,432.0,93.68415832519531
19739,448.0,129.23028564453125
19740,766.0,183.3135223388672
19741,257.0,296.2691955566406
19742,190.0,438.6165466308594
19743,324.0,531.2991943359375
19744,657.0,569.7390747070312
19745,756.0,569.9979858398438
19746,696.0,580.6759643554688
19747,848.0,601.4456176757812
19748,899.0,638.5006103515625
19749,446.0,633.689208984375
19750,823.0,638.1146240234375
19751,526.0,642.3250732421875
19752,825.0,636.8713989257812
19753,630.0,639.3706665039062
19754,790.0,628.7433471679688
19755,366.0,602.0338134765625
19756,507.0,560.692626953125
19757,550.0,530.6213989257812
19758,542.0,493.599365234375
19759,446.0,458.97021484375
19760,461.0,445.9332275390625
19761,356.0,474.257080078125
19762,364.0,481.4462585449219
19763,415.0,471.6780700683594
19764,465.0,438.39752197265625
19765,498.0,413.37591552734375
19766,340.0,399.22821044921875
19767,389.0,383.66973876953125
19768,279.0,357.82550048828125
19769,449.0,348.7088928222656
19770,349.0,332.4043273925781
19771,251.0,309.5244445800781
19772,166.0,284.5457763671875
19773,116.0,268.1047058105469
19774,130.0,254.22775268554688
19775,170.0,243.6599578857422
19776,88.0,235.76095581054688
19777,75.0,233.85198974609375
19778,97.0,230.36557006835938
19779,182.0,222.61776733398438
19780,113.0,208.1783905029297
19781,178.0,192.0397186279297
19782,198.0,176.97218322753906
19783,72.0,160.698486328125
19784,86.0,143.9281005859375
19785,90.0,126.40887451171875
19786,71.0,109.3866958618164
19787,75.0,92.12134552001953
19788,65.0,74.71209716796875
19789,58.0,59.02336120605469
19790,28.0,37.876800537109375
19791,9.0,20.34762954711914
19792,2.0,4.0683159828186035
19793,1.0,0.9917135238647461
19794,0.0,0.34070682525634766
19795,0.0,0.1426687240600586
19796,0.0,0.05901813507080078
19797,0.0,0.026660919189453125
19798,0.0,-0.000354766845703125
19799,0.0,-0.03296947479248047
19800,0.0,-0.06270122528076172
19801,0.0,-0.10868453979492188
19802,0.0,-0.13860416412353516
19803,0.0,-0.18955516815185547
19804,0.0,-0.2310771942138672
19805,0.0,-0.17201519012451172
19806,0.0,-0.08044147491455078
19807,0.0,-0.13973712921142578
19808,0.0,-0.05639934539794922
19809,0.0,0.03103923797607422
19810,0.0,-0.008645057678222656
19811,0.0,-0.04937934875488281
19812,0.0,-0.1156005859375
19813,0.0,-0.25884532928466797
19814,0.0,-0.17510223388671875
19815,0.0,-0.21318626403808594
19816,0.0,-0.20954608917236328
19817,0.0,-0.3820686340332031
19818,0.0,-0.3499603271484375
19819,0.0,-0.4075908660888672
19820,0.0,-0.3830394744873047
19821,0.0,-0.5251808166503906
19822,0.0,-0.3312864303588867
19823,0.0,-0.2814483642578125
19824,0.0,-0.06671619415283203
19825,0.0,1.5733642578125
19826,1.0,12.429744720458984
19827,2.0,53.92591857910156
19828,4.0,114.06595611572266
19829,7.0,139.14161682128906
19830,8.0,142.9945526123047
19831,24.0,146.48483276367188
19832,69.0,151.50852966308594
19833,110.0,161.4838409423828
19834,109.0,176.86373901367188
19835,190.0,199.13580322265625
19836,380.0,219.65748596191406
19837,290.0,249.20408630371094
19838,680.0,268.43023681640625
19839,399.0,286.4039306640625
19840,317.0,336.91436767578125
19841,602.0,404.7643127441406
19842,659.0,459.1217346191406
19843,613.0,498.201171875
19844,663.0,540.731201171875
19845,603.0,561.758056640625
19846,478.0,572.4202880859375
19847,645.0,574.14208984375
19848,672.0,568.282958984375
19849,615.0,558.398193359375
19850,609.0,518.8890991210938
19851,573.0,470.4928894042969
19852,773.0,446.3659973144531
19853,696.0,462.55938720703125
19854,526.0,502.7256164550781
19855,397.0,530.6624755859375
19856,270.0,533.9324340820312
19857,163.0,528.4309692382812
19858,338.0,498.35552978515625
19859,369.0,465.7761535644531
19860,201.0,460.2523498535156
19861,371.0,467.8410949707031
19862,361.0,455.7115173339844
19863,433.0,433.2830505371094
19864,443.0,402.8136901855469
19865,378.0,381.6192932128906
19866,358.0,363.84130859375
19867,326.0,342.3068542480469
19868,425.0,303.9366760253906
19869,365.0,275.37640380859375
19870,287.0,244.8450164794922
19871,285.0,218.9184112548828
19872,312.0,198.34735107421875
19873,342.0,190.26649475097656
19874,241.0,179.714111328125
19875,134.0,169.67413330078125
19876,59.0,163.52923583984375
19877,176.0,157.03123474121094
19878,164.0,142.81959533691406
19879,119.0,125.96685791015625
19880,97.0,107.83590698242188
19881,98.0,94.21780395507812
19882,78.0,80.34188842773438
19883,72.0,64.54884338378906
19884,56.0,47.35820770263672
19885,47.0,32.880287170410156
19886,32.0,17.678983688354492
19887,16.0,5.589592456817627
19888,2.0,1.7831182479858398
19889,1.0,0.8072328567504883
19890,0.0,0.42876148223876953
19891,0.0,0.26711273193359375
19892,0.0,0.16506576538085938
19893,0.0,0.10615253448486328
19894,0.0,0.10835075378417969
19895,0.0,0.10477161407470703
19896,0.0,0.10422897338867188
19897,0.0,0.10815811157226562
19898,0.0,0.1620311737060547
19899,0.0,0.19215965270996094
19900,0.0,0.2420330047607422
19901,0.0,0.4482841491699219
19902,0.0,0.6162624359130859
19903,0.0,0.4056854248046875
19904,0.0,0.24604129791259766
19905,0.0,0.05991077423095703
19906,0.0,0.11536312103271484
19907,0.0,0.26667022705078125
19908,0.0,0.5258312225341797
19909,0.0,0.9295167922973633
19910,0.0,0.6952810287475586
19911,0.0,0.3155355453491211
19912,0.0,0.019992828369140625
19913,0.0,-0.49198341369628906
19914,0.0,-0.597834587097168
19915,0.0,-0.5942201614379883
19916,0.0,-0.41867923736572266
19917,0.0,-0.2949094772338867
19918,0.0,-0.19484710693359375
19919,0.0,-0.0769033432006836
19920,0.0,0.06557464599609375
19921,0.0,2.061370849609375
19922,1.0,8.07907485961914
19923,5.0,36.40849304199219
19924,24.0,94.75160217285156
19925,44.0,119.17457580566406
19926,46.0,117.75821685791016
19927,57.0,124.80545806884766
19928,90.0,151.49725341796875
19929,138.0,193.17807006835938
19930,168.0,260.8653869628906
19931,171.0,399.9163818359375
19932,139.0,502.2445373535156
19933,131.0,541.6251831054688
19934,155.0,569.7036743164062
19935,201.0,589.2685546875
19936,229.0,603.1365966796875
19937,241.0,611.3300170898438
19938,312.0,612.8746948242188
19939,372.0,606.6701049804688
19940,418.0,580.0993041992188
19941,458.0,516.5279541015625
19942,491.0,485.81494140625
19943,468.0,480.069580078125
19944,458.0,494.56719970703125
19945,426.0,518.3367309570312
19946,459.0,523.8365478515625
19947,519.0,506.1629333496094
19948,465.0,499.67437744140625
19949,663.0,503.93511962890625
19950,661.0,506.1856384277344
19951,540.0,503.52825927734375
19952,387.0,495.3203125
19953,404.0,490.6787109375
19954,543.0,484.0980224609375
19955,354.0,472.75701904296875
19956,395.0,453.8642578125
19957,526.0,447.52392578125
19958,461.0,438.1742858886719
19959,288.0,430.5872802734375
19960,188.0,428.8915710449219
19961,209.0,438.94097900390625
19962,271.0,442.6473083496094
19963,397.0,434.9963073730469
19964,328.0,422.1259460449219
19965,157.0,421.8291320800781
19966,78.0,389.23626708984375
19967,198.0,295.09185791015625
19968,165.0,164.33584594726562
19969,58.0,123.93450927734375
19970,59.0,104.36898040771484
19971,145.0,88.50818634033203
19972,71.0,77.2918472290039
19973,43.0,80.0994873046875
19974,20.0,77.4529800415039
19975,62.0,64.63333892822266
19976,20.0,41.050689697265625
19977,22.0,26.588916778564453
19978,33.0,20.112205505371094
19979,32.0,14.868654251098633
19980,17.0,8.7879638671875
19981,10.0,4.249072551727295
19982,2.0,2.149502754211426
19983,0.0,1.2690496444702148
19984,1.0,0.8084869384765625
19985,0.0,0.5453529357910156
19986,0.0,0.37966251373291016
19987,0.0,0.27549266815185547
19988,0.0,0.22603702545166016
19989,0.0,0.19295024871826172
19990,0.0,0.1949911117553711
19991,0.0,0.20761680603027344
19992,0.0,0.24246788024902344
19993,0.0,0.26947879791259766
19994,0.0,0.3132925033569336
19995,0.0,0.4006385803222656
19996,0.0,0.4798583984375
19997,0.0,0.3535737991333008
19998,0.0,0.29014015197753906
19999,0.0,0.18340778350830078
20000,0.0,0.10265254974365234
20001,0.0,-0.12314891815185547
20002,0.0,-0.24404144287109375
20003,0.0,-0.34761810302734375
20004,0.0,-0.2760791778564453
20005,0.0,-0.13570594787597656
20006,0.0,-0.14549541473388672
20007,0.0,-0.42308807373046875
20008,0.0,-0.7003993988037109
20009,0.0,-0.7260513305664062
20010,0.0,0.05016136169433594
20011,0.0,1.5872840881347656
20012,0.0,1.8752288818359375
20013,0.0,1.634770393371582
20014,0.0,2.383084297180176
20015,0.0,2.737250328063965
20016,0.0,3.3965749740600586
20017,2.0,4.805755138397217
20018,2.0,8.342710494995117
20019,6.0,21.52017593383789
20020,40.0,46.18592834472656
20021,87.0,80.98819732666016
20022,254.0,89.51985168457031
20023,576.0,93.48309326171875
20024,612.0,105.89733123779297
20025,707.0,123.81607055664062
20026,800.0,153.71473693847656
20027,832.0,202.4590606689453
20028,865.0,307.70086669921875
20029,511.0,460.8481750488281
20030,868.0,572.80615234375
20031,883.0,637.4500732421875
20032,803.0,674.6068115234375
20033,509.0,696.4891357421875
20034,513.0,705.2869262695312
20035,614.0,673.32958984375
20036,578.0,509.8442077636719
20037,674.0,337.82977294921875
20038,677.0,360.305419921875
20039,909.0,413.88641357421875
20040,536.0,457.7633056640625
20041,466.0,490.787109375
20042,683.0,547.2501220703125
20043,682.0,562.7947998046875
20044,463.0,563.995361328125
20045,516.0,552.1778564453125
20046,561.0,528.3928833007812
20047,271.0,497.9382629394531
20048,262.0,433.1025085449219
20049,413.0,335.53887939453125
20050,470.0,278.7270202636719
20051,475.0,275.4335021972656
20052,457.0,284.700439453125
20053,469.0,289.16943359375
20054,368.0,261.09075927734375
20055,374.0,226.3456268310547
20056,350.0,193.03939819335938
20057,276.0,163.85675048828125
20058,422.0,146.66184997558594
20059,404.0,141.51268005371094
20060,180.0,136.92958068847656
20061,353.0,135.05824279785156
20062,320.0,122.1134262084961
20063,333.0,109.47602081298828
20064,306.0,96.0145263671875
20065,343.0,76.89073181152344
20066,315.0,64.73303985595703
20067,140.0,48.95533752441406
20068,165.0,35.160545349121094
20069,138.0,30.633102416992188
20070,110.0,26.787750244140625
20071,69.0,22.769411087036133
20072,35.0,19.182842254638672
20073,32.0,17.169822692871094
20074,30.0,13.546126365661621
20075,16.0,8.238190650939941
20076,1.0,3.5679941177368164
20077,1.0,1.5841236114501953
20078,0.0,0.6982250213623047
20079,0.0,0.2998085021972656
20080,0.0,0.19472885131835938
20081,0.0,0.17302894592285156
20082,0.0,0.13083839416503906
20083,0.0,0.10724353790283203
20084,0.0,0.07781982421875
20085,0.0,0.07528209686279297
20086,0.0,0.0915689468383789
20087,0.0,0.09342575073242188
20088,0.0,0.09735870361328125
20089,0.0,0.1163167953491211
20090,0.0,0.1283130645751953
20091,0.0,0.13431930541992188
20092,0.0,0.13545608520507812
20093,0.0,0.17935752868652344
20094,0.0,0.2140970230102539
20095,0.0,0.19017887115478516
20096,0.0,0.18306636810302734
20097,0.0,0.1858968734741211
20098,0.0,0.27024364471435547
20099,0.0,0.3453493118286133
20100,0.0,0.42319583892822266
20101,0.0,0.5032281875610352
20102,0.0,0.4946575164794922
20103,0.0,0.45686817169189453
20104,0.0,0.42533397674560547
20105,0.0,0.4245281219482422
20106,0.0,0.4256143569946289
20107,0.0,0.3367195129394531
20108,0.0,0.23009395599365234
20109,0.0,0.0798044204711914
20110,0.0,0.18204975128173828
20111,0.0,0.2791433334350586
20112,0.0,0.34349632263183594
20113,0.0,0.35233306884765625
20114,0.0,0.46010398864746094
20115,0.0,1.1157073974609375
20116,3.0,2.46026611328125
20117,18.0,4.979497909545898
20118,45.0,8.51307487487793
20119,54.0,13.161795616149902
20120,74.0,23.947078704833984
20121,57.0,39.98981475830078
20122,83.0,50.322296142578125
20123,56.0,56.191162109375
20124,119.0,59.00640869140625
20125,124.0,60.793479919433594
20126,100.0,63.843406677246094
20127,71.0,71.32081604003906
20128,86.0,88.77129364013672
20129,149.0,123.27932739257812
20130,160.0,165.0189208984375
20131,196.0,196.1064910888672
20132,121.0,211.21669006347656
20133,127.0,236.0061492919922
20134,99.0,250.559326171875
20135,70.0,224.86805725097656
20136,159.0,185.92657470703125
20137,221.0,175.56430053710938
20138,154.0,181.5720672607422
20139,250.0,191.3270721435547
20140,322.0,199.4977569580078
20141,167.0,207.8982391357422
20142,286.0,204.17550659179688
20143,344.0,197.09677124023438
20144,272.0,202.1256866455078
20145,272.0,239.71046447753906
20146,253.0,296.2121887207031
20147,216.0,328.8226318359375
20148,171.0,291.77783203125
20149,126.0,241.50181579589844
20150,113.0,194.44815063476562
20151,170.0,151.9606475830078
20152,144.0,145.47898864746094
20153,167.0,155.98837280273438
20154,220.0,170.81121826171875
20155,164.0,181.5044708251953
20156,163.0,178.62832641601562
20157,187.0,150.4462432861328
20158,187.0,129.191650390625
20159,295.0,116.0500717163086
20160,267.0,108.79463958740234
20161,178.0,101.61739349365234
20162,137.0,95.7655258178711
20163,149.0,90.13492584228516
20164,150.0,84.67259979248047
20165,157.0,77.93077850341797
20166,113.0,70.55525970458984
20167,110.0,61.79902648925781
20168,94.0,51.46436309814453
20169,54.0,42.427818298339844
20170,44.0,33.318477630615234
20171,36.0,24.30437660217285
20172,16.0,10.2915620803833
20173,3.0,2.241260528564453
20174,3.0,0.8318881988525391
20175,2.0,0.6159133911132812
20176,0.0,0.5515193939208984
20177,0.0,0.5220661163330078
20178,0.0,0.4982452392578125
20179,0.0,0.4850616455078125
20180,0.0,0.4775238037109375
20181,0.0,0.5101757049560547
20182,0.0,0.49135875701904297
20183,0.0,0.46360111236572266
20184,0.0,0.43779659271240234
20185,0.0,0.4363279342651367
20186,0.0,0.3098421096801758
20187,0.0,0.11055469512939453
20188,0.0,-0.12850379943847656
20189,0.0,-0.32399463653564453
20190,0.0,-0.41463470458984375
20191,0.0,-0.4933805465698242
20192,0.0,-0.5091190338134766
20193,0.0,-0.5536413192749023
20194,0.0,-0.4855365753173828
20195,0.0,-0.44304752349853516
20196,0.0,-0.38373661041259766
20197,0.0,-0.4690570831298828
20198,0.0,-0.3645515441894531
20199,0.0,-0.34304237365722656
20200,0.0,-0.2812356948852539
20201,0.0,-0.45537281036376953
20202,0.0,-0.18701839447021484
20203,0.0,0.010416984558105469
20204,0.0,0.3611917495727539
20205,0.0,0.6217069625854492
20206,0.0,0.6960153579711914
20207,0.0,0.6934633255004883
20208,0.0,0.6754035949707031
20209,2.0,1.0664548873901367
20210,18.0,2.6625871658325195
20211,50.0,9.641092300415039
20212,54.0,27.95151710510254
20213,80.0,73.90702819824219
20214,121.0,111.08831787109375
20215,185.0,128.14646911621094
20216,313.0,127.81464385986328
20217,493.0,118.74249267578125
20218,512.0,113.98796844482422
20219,701.0,140.2969512939453
20220,826.0,237.94808959960938
20221,836.0,380.6661071777344
20222,885.0,502.6011657714844
20223,778.0,553.4144897460938
20224,588.0,591.597900390625
20225,417.0,603.2256469726562
20226,295.0,597.3860473632812
20227,406.0,582.1533813476562
20228,418.0,563.5715942382812
20229,357.0,496.4427185058594
20230,348.0,457.7846984863281
20231,411.0,482.34051513671875
20232,468.0,537.1644897460938
20233,532.0,561.5753784179688
20234,562.0,559.318359375
20235,661.0,542.5914916992188
20236,760.0,527.8577880859375
20237,567.0,522.4461669921875
20238,561.0,503.7645263671875
20239,451.0,459.0059509277344
20240,371.0,442.2242431640625
20241,535.0,439.85406494140625
20242,530.0,435.5521545410156
20243,537.0,424.9540100097656
20244,547.0,412.3340759277344
20245,448.0,402.9495544433594
20246,360.0,387.6239013671875
20247,401.0,370.2586669921875
20248,241.0,354.6684265136719
20249,277.0,349.59954833984375
20250,294.0,348.4245910644531
20251,264.0,347.9090270996094
20252,272.0,337.10235595703125
20253,277.0,328.2509765625
20254,282.0,315.673828125
20255,230.0,304.0043029785156
20256,183.0,295.0040588378906
20257,158.0,292.8072204589844
20258,152.0,284.0990295410156
20259,147.0,268.68060302734375
20260,153.0,245.33827209472656
20261,120.0,222.87705993652344
20262,108.0,189.6757354736328
20263,102.0,153.87510681152344
20264,95.0,128.1141815185547
20265,86.0,110.30210876464844
20266,79.0,93.4875259399414
20267,70.0,78.18777465820312
20268,64.0,63.59496307373047
20269,49.0,43.560874938964844
20270,35.0,25.45196533203125
20271,19.0,7.483753204345703
20272,3.0,2.328890800476074
20273,0.0,0.023728370666503906
20274,0.0,-1.0535707473754883
20275,0.0,-0.21219253540039062
20276,0.0,0.22664737701416016
20277,0.0,0.21666717529296875
20278,0.0,0.08509254455566406
20279,0.0,0.03480720520019531
20280,0.0,-0.0057373046875
20281,0.0,-0.011850357055664062
20282,0.0,0.1006927490234375
20283,0.0,0.06821060180664062
20284,0.0,0.04643058776855469
20285,0.0,-0.06427764892578125
20286,0.0,-0.0645132064819336
20287,0.0,-0.08179664611816406
20288,0.0,0.12063789367675781
20289,0.0,0.3390960693359375
20290,0.0,0.17743206024169922
20291,0.0,0.01728343963623047
20292,0.0,-0.1266632080078125
20293,0.0,-0.3909292221069336
20294,0.0,-0.3736600875854492
20295,0.0,-0.43729305267333984
20296,0.0,-0.4413871765136719
20297,0.0,-0.4804573059082031
20298,0.0,-0.3798980712890625
20299,0.0,-1.0535964965820312
20300,0.0,-0.4729185104370117
20301,0.0,0.18584251403808594
20302,0.0,0.38566112518310547
20303,0.0,0.306640625
20304,3.0,0.4001960754394531
20305,6.0,1.6686019897460938
20306,26.0,6.100320339202881
20307,160.0,17.451866149902344
20308,71.0,31.01897621154785
20309,101.0,45.98088836669922
20310,131.0,64.45916748046875
20311,478.0,88.18869018554688
20312,514.0,119.3794174194336
20313,309.0,144.6839141845703
20314,244.0,158.66522216796875
20315,242.0,167.137451171875
20316,355.0,241.19741821289062
20317,543.0,377.5428771972656
20318,720.0,516.928466796875
20319,465.0,579.8245849609375
20320,575.0,617.18017578125
20321,609.0,645.485595703125
20322,769.0,661.9163208007812
20323,654.0,686.2672729492188
20324,618.0,587.9570922851562
20325,453.0,527.0639038085938
20326,428.0,575.4039916992188
20327,566.0,603.6821899414062
20328,731.0,616.7366333007812
20329,734.0,607.2637329101562
20330,730.0,595.9259643554688
20331,684.0,563.1094970703125
20332,662.0,545.7760620117188
20333,629.0,546.9263916015625
20334,612.0,549.7124633789062
20335,588.0,548.510986328125
20336,586.0,534.9547729492188
20337,559.0,512.2813720703125
20338,475.0,473.320556640625
20339,399.0,449.9671630859375
20340,405.0,440.815673828125
20341,363.0,413.12530517578125
20342,445.0,324.851318359375
20343,395.0,241.40684509277344
20344,326.0,202.19436645507812
20345,329.0,219.63453674316406
20346,323.0,230.79615783691406
20347,319.0,261.4139709472656
20348,285.0,241.3502197265625
20349,260.0,230.35589599609375
20350,256.0,216.42337036132812
20351,247.0,203.68861389160156
20352,193.0,196.2882537841797
20353,152.0,188.7760009765625
20354,135.0,181.4978790283203
20355,127.0,171.78317260742188
20356,122.0,161.17713928222656
20357,118.0,158.28460693359375
20358,111.0,152.39454650878906
20359,106.0,144.7368927001953
20360,103.0,131.50335693359375
20361,91.0,110.5889663696289
20362,111.0,93.19017028808594
20363,123.0,78.38107299804688
20364,89.0,61.56616973876953
20365,58.0,45.24590301513672
20366,35.0,30.428466796875
20367,16.0,10.740384101867676
20368,3.0,2.390775680541992
20369,1.0,0.7818403244018555
20370,0.0,0.2897834777832031
20371,0.0,0.03155231475830078
20372,0.0,-0.11638641357421875
20373,0.0,-0.18944454193115234
20374,0.0,-0.14254283905029297
20375,0.0,-0.11338329315185547
20376,0.0,-0.007920265197753906
20377,0.0,0.1475076675415039
20378,0.0,0.05328655242919922
20379,0.0,-0.18190383911132812
20380,0.0,-0.4048299789428711
20381,0.0,-0.42157554626464844
20382,0.0,-0.4467353820800781
20383,0.0,-0.46070194244384766
20384,0.0,-0.4273509979248047
20385,0.0,-0.33135032653808594
20386,0.0,-0.04817962646484375
20387,0.0,0.13062477111816406
20388,0.0,0.17620849609375
20389,0.0,0.2460193634033203
20390,0.0,0.2754497528076172
20391,0.0,0.2889242172241211
20392,0.0,0.2885313034057617
20393,0.0,0.4443483352661133
20394,0.0,0.4381284713745117
20395,0.0,0.4343242645263672
20396,0.0,0.4277496337890625
20397,0.0,0.6998882293701172
20398,0.0,0.8488502502441406
20399,0.0,0.9475851058959961
20400,0.0,1.004399299621582
20401,2.0,1.8466882705688477
20402,5.0,4.663471698760986
20403,30.0,14.955131530761719
20404,43.0,35.083709716796875
20405,78.0,65.6381607055664
20406,87.0,118.03011322021484
20407,160.0,192.84703063964844
20408,319.0,273.36187744140625
20409,347.0,324.0648498535156
20410,429.0,323.678955078125
20411,454.0,277.1290283203125
20412,257.0,235.39134216308594
20413,215.0,232.5638427734375
20414,254.0,235.25575256347656
20415,259.0,214.77052307128906
20416,186.0,182.44749450683594
20417,255.0,172.60411071777344
20418,329.0,165.73858642578125
20419,332.0,165.8115234375
20420,249.0,161.23275756835938
20421,259.0,157.29220581054688
20422,215.0,153.97344970703125
20423,271.0,150.97654724121094
20424,251.0,154.8017578125
20425,243.0,184.8594207763672
20426,267.0,196.05343627929688
20427,341.0,177.5885467529297
20428,425.0,194.6571044921875
20429,462.0,231.538330078125
20430,336.0,268.2091064453125
20431,320.0,284.8663330078125
20432,463.0,288.0836181640625
20433,557.0,300.10699462890625
20434,593.0,313.8957824707031
20435,451.0,315.49005126953125
20436,448.0,302.7809143066406
20437,496.0,293.061767578125
20438,525.0,307.1383972167969
20439,454.0,332.74737548828125
20440,427.0,349.6414794921875
20441,448.0,340.04998779296875
20442,348.0,326.76519775390625
20443,119.0,325.0079345703125
20444,85.0,331.6598815917969
20445,94.0,334.5290222167969
20446,196.0,305.2614440917969
20447,304.0,273.62908935546875
20448,306.0,245.72589111328125
20449,221.0,218.1621856689453
20450,248.0,198.82574462890625
20451,260.0,182.98226928710938
20452,209.0,169.99307250976562
20453,207.0,163.0532989501953
20454,178.0,153.75146484375
20455,159.0,141.97860717773438
20456,115.0,127.63656616210938
20457,109.0,112.56034088134766
20458,113.0,97.9083251953125
20459,90.0,85.74090576171875
20460,64.0,67.95175170898438
20461,83.0,54.84327697753906
20462,51.0,37.12749099731445
20463,20.0,22.770292282104492
20464,6.0,5.999412536621094
20465,1.0,1.3935823440551758
20466,1.0,0.5221424102783203
20467,0.0,0.29218006134033203
20468,0.0,0.2296285629272461
20469,0.0,0.2673072814941406
20470,0.0,0.2833423614501953
20471,0.0,0.29915809631347656
20472,0.0,0.3117094039916992
20473,0.0,0.34622955322265625
20474,0.0,0.3343820571899414
20475,0.0,0.3109874725341797
20476,0.0,0.2906827926635742
20477,0.0,0.8821029663085938
20478,0.0,1.014357566833496
20479,0.0,0.995081901550293
20480,0.0,0.8991003036499023
20481,0.0,0.7086238861083984
20482,0.0,0.5160856246948242
20483,0.0,0.2950305938720703
20484,0.0,0.1581573486328125
20485,0.0,-0.06420516967773438
20486,0.0,-0.1785268783569336
20487,0.0,-0.5734853744506836
20488,0.0,-0.6068792343139648
20489,0.0,-1.1219453811645508
20490,0.0,-0.49098682403564453
20491,0.0,-0.07516098022460938
20492,0.0,0.4761953353881836
20493,0.0,1.110581398010254
20494,0.0,2.5919456481933594
20495,0.0,3.347005844116211
20496,1.0,4.407140731811523
20497,11.0,8.594047546386719
20498,113.0,43.221946716308594
20499,249.0,187.49143981933594
20500,412.0,335.6730651855469
20501,536.0,424.9694519042969
20502,641.0,525.0779418945312
20503,718.0,629.52490234375
20504,773.0,707.7887573242188
20505,800.0,748.4406127929688
20506,833.0,781.1675415039062
20507,871.0,801.0914306640625
20508,886.0,806.8587036132812
20509,899.0,807.7863159179688
20510,903.0,807.6065063476562
20511,880.0,807.5938720703125
20512,904.0,806.4985961914062
20513,895.0,785.056396484375
20514,776.0,780.9215698242188
20515,708.0,747.8297119140625
20516,843.0,721.8051147460938
20517,815.0,691.1083984375
20518,912.0,669.497314453125
20519,572.0,656.6337890625
20520,811.0,641.1803588867188
20521,491.0,626.1768188476562
20522,642.0,609.960205078125
20523,298.0,589.5490112304688
20524,623.0,563.912353515625
20525,627.0,550.1629638671875
20526,602.0,532.4309692382812
20527,629.0,510.72021484375
20528,401.0,481.7853698730469
20529,558.0,470.0263671875
20530,317.0,454.5208740234375
20531,403.0,436.7545471191406
20532,395.0,409.9725036621094
20533,394.0,399.8001403808594
20534,367.0,389.8925476074219
20535,335.0,378.3214111328125
20536,335.0,350.5160217285156
20537,370.0,338.615966796875
20538,284.0,328.542236328125
20539,268.0,323.0408630371094
20540,268.0,305.9720764160156
20541,285.0,294.4079284667969
20542,350.0,276.1040954589844
20543,219.0,257.4482116699219
20544,207.0,228.64796447753906
20545,334.0,205.03749084472656
20546,210.0,187.0193634033203
20547,134.0,169.34469604492188
20548,129.0,153.5530548095703
20549,124.0,145.59829711914062
20550,114.0,142.07345581054688
20551,98.0,135.2652130126953
20552,95.0,123.79421997070312
20553,149.0,112.2354507446289
20554,126.0,97.60747528076172
20555,89.0,83.0609359741211
20556,65.0,66.56597137451172
20557,53.0,51.955833435058594
20558,43.0,38.84314727783203
20559,24.0,22.69828224182129
20560,7.0,6.454329013824463
20561,1.0,2.334331512451172
20562,0.0,1.330155372619629
20563,0.0,1.0104951858520508
20564,0.0,0.886784553527832
20565,0.0,0.9031810760498047
20566,0.0,0.9067096710205078
20567,0.0,0.8605766296386719
20568,0.0,0.7332191467285156
20569,0.0,0.1300191879272461
20570,0.0,-0.2656412124633789
20571,0.0,-0.32257938385009766
20572,0.0,-0.3511810302734375
20573,0.0,-1.2056350708007812
20574,0.0,0.15012741088867188
20575,0.0,-0.18603038787841797
20576,0.0,-0.33316898345947266
20577,0.0,-0.6455850601196289
20578,0.0,-0.6863832473754883
20579,0.0,-0.9978723526000977
20580,0.0,-1.2662467956542969
20581,0.0,-2.000788688659668
20582,0.0,-1.7395057678222656
20583,0.0,-1.865743637084961
20584,0.0,-1.6394662857055664
20585,0.0,-2.831258773803711
20586,0.0,-2.7079763412475586
20587,0.0,-2.8270530700683594
20588,0.0,-2.698256492614746
20589,0.0,-2.945943832397461
20590,0.0,-1.4285821914672852
20591,0.0,-0.24512386322021484
20592,1.0,1.324502944946289
20593,14.0,5.799108028411865
20594,163.0,36.574527740478516
20595,319.0,170.90740966796875
20596,445.0,320.0484619140625
20597,534.0,404.2840881347656
20598,624.0,508.22052001953125
20599,688.0,630.4931640625
20600,752.0,715.1639404296875
20601,813.0,768.1319580078125
20602,809.0,798.4967651367188
20603,864.0,805.4478759765625
20604,863.0,807.1339721679688
20605,877.0,807.6066284179688
20606,884.0,808.5108032226562
20607,891.0,811.209228515625
20608,886.0,811.9544677734375
20609,881.0,804.5200805664062
20610,964.0,781.96630859375
20611,847.0,747.8789672851562
20612,924.0,699.2815551757812
20613,242.0,699.7263793945312
20614,754.0,715.5982055664062
20615,697.0,715.1178588867188
20616,473.0,691.9937744140625
20617,813.0,665.589599609375
20618,349.0,649.3006591796875
20619,588.0,628.4624633789062
20620,554.0,599.7852783203125
20621,556.0,581.0663452148438
20622,688.0,563.4763793945312
20623,583.0,541.052001953125
20624,479.0,511.070556640625
20625,567.0,486.2164001464844
20626,494.0,459.1026611328125
20627,414.0,440.9192810058594
20628,474.0,419.0253601074219
20629,475.0,401.3327941894531
20630,419.0,374.7685241699219
20631,391.0,347.2037353515625
20632,312.0,316.52227783203125
20633,334.0,301.8992919921875
20634,256.0,283.731689453125
20635,229.0,263.6144104003906
20636,198.0,239.73321533203125
20637,177.0,229.4618377685547
20638,173.0,215.5758514404297
20639,152.0,196.61497497558594
20640,127.0,178.20982360839844
20641,125.0,171.31541442871094
20642,116.0,167.733154296875
20643,108.0,164.98402404785156
20644,103.0,160.6597900390625
20645,96.0,157.76705932617188
20646,91.0,149.48069763183594
20647,86.0,136.85899353027344
20648,82.0,119.55411529541016
20649,78.0,105.16808319091797
20650,73.0,95.5411376953125
20651,66.0,85.76592254638672
20652,57.0,73.73381042480469
20653,41.0,61.383644104003906
20654,26.0,45.105735778808594
20655,10.0,20.380184173583984
20656,2.0,4.269731521606445
20657,0.0,1.509042739868164
20658,0.0,0.7686195373535156
20659,0.0,0.5086669921875
20660,0.0,0.36119747161865234
20661,0.0,0.26693058013916016
20662,0.0,0.24689102172851562
20663,0.0,0.2826423645019531
20664,0.0,0.34633541107177734
20665,0.0,0.4411134719848633
20666,0.0,0.46268463134765625
20667,0.0,0.3795757293701172
20668,0.0,0.26841068267822266
20669,0.0,0.43165016174316406
20670,0.0,0.4473428726196289
20671,0.0,-0.02642822265625
20672,0.0,-0.2724885940551758
20673,0.0,-0.4321775436401367
20674,0.0,-0.3832435607910156
20675,0.0,-0.35993385314941406
20676,0.0,-0.3300037384033203
20677,0.0,-0.34317684173583984
20678,0.0,-0.27175140380859375
20679,0.0,-0.15713882446289062
20680,0.0,0.371307373046875
20681,0.0,0.5237941741943359
20682,0.0,0.5224704742431641
20683,0.0,0.46079254150390625
20684,0.0,0.41330623626708984
20685,0.0,0.7111959457397461
20686,0.0,0.8273239135742188
20687,0.0,0.8710269927978516
20688,0.0,0.9259824752807617
20689,1.0,1.9837970733642578
20690,4.0,6.011584758758545
20691,9.0,19.976886749267578
20692,31.0,37.05778884887695
20693,51.0,57.87792205810547
20694,103.0,97.75440979003906
20695,137.0,165.30905151367188
20696,113.0,239.8607635498047
20697,153.0,311.0316467285156
20698,259.0,369.1664123535156
20699,507.0,388.2613220214844
20700,676.0,372.0918884277344
20701,382.0,346.688720703125
20702,286.0,319.83074951171875
20703,208.0,282.8749694824219
20704,155.0,217.02134704589844
20705,254.0,177.49058532714844
20706,299.0,169.2931671142578
20707,249.0,154.88262939453125
20708,276.0,155.16390991210938
20709,424.0,172.41770935058594
20710,601.0,181.18798828125
20711,619.0,181.89212036132812
20712,516.0,185.2943572998047
20713,421.0,221.6958465576172
20714,421.0,253.08042907714844
20715,355.0,286.01104736328125
20716,265.0,304.43609619140625
20717,240.0,262.499267578125
20718,230.0,329.353271484375
20719,196.0,281.9150085449219
20720,171.0,144.78427124023438
20721,184.0,105.89319610595703
20722,159.0,109.11763763427734
20723,117.0,147.7646942138672
20724,209.0,179.32925415039062
20725,295.0,178.18482971191406
20726,340.0,170.29031372070312
20727,469.0,167.5098114013672
20728,441.0,171.8995819091797
20729,451.0,171.50718688964844
20730,501.0,156.0675506591797
20731,418.0,146.78463745117188
20732,331.0,140.4793243408203
20733,319.0,128.01187133789062
20734,327.0,116.81565856933594
20735,252.0,113.80509948730469
20736,132.0,115.62301635742188
20737,178.0,121.25174713134766
20738,162.0,123.99098205566406
20739,170.0,117.62574768066406
20740,135.0,104.4759292602539
20741,74.0,86.62040710449219
20742,88.0,68.55376434326172
20743,98.0,53.432456970214844
20744,93.0,43.8768310546875
20745,120.0,40.87403869628906
20746,154.0,36.127601623535156
20747,98.0,29.62733268737793
20748,70.0,23.694690704345703
20749,46.0,19.36982536315918
20750,13.0,11.230173110961914
20751,5.0,5.09001350402832
20752,2.0,2.502629280090332
20753,0.0,1.321019172668457
20754,0.0,0.8363218307495117
20755,0.0,0.5998268127441406
20756,0.0,0.4495105743408203
20757,0.0,0.3259553909301758
20758,0.0,0.19920635223388672
20759,0.0,0.11732959747314453
20760,0.0,0.065704345703125
20761,0.0,-0.007126808166503906
20762,0.0,-0.031156539916992188
20763,0.0,-0.04284095764160156
20764,0.0,-0.027413368225097656
20765,0.0,-0.05686473846435547
20766,0.0,-0.015378952026367188
20767,0.0,0.013577461242675781
20768,0.0,0.04353046417236328
20769,0.0,0.032889366149902344
20770,0.0,0.04826545715332031
20771,0.0,0.05181694030761719
20772,0.0,0.06433582305908203
20773,0.0,0.030933380126953125
20774,0.0,0.010830879211425781
20775,0.0,-0.023085594177246094
20776,0.0,-0.02789783477783203
20777,0.0,-0.1312122344970703
20778,0.0,0.04692363739013672
20779,0.0,0.21607494354248047
20780,0.0,-0.1414194107055664
20781,0.0,-0.37769317626953125
20782,0.0,-0.3426504135131836
20783,0.0,-1.9241933822631836
20784,0.0,-2.904891014099121
20785,1.0,-3.197854995727539
20786,0.0,-3.1458425521850586
20787,4.0,-2.532151222229004
20788,11.0,0.9273700714111328
20789,62.0,15.118905067443848
20790,43.0,36.126747131347656
20791,66.0,54.340538024902344
20792,40.0,63.63926696777344
20793,37.0,72.19258117675781
20794,35.0,88.40872192382812
20795,70.0,104.13819122314453
20796,96.0,118.11740112304688
20797,171.0,136.71444702148438
20798,150.0,162.05096435546875
20799,151.0,177.06454467773438
20800,201.0,166.644287109375
20801,189.0,162.92889404296875
20802,312.0,146.6083984375
20803,679.0,136.52757263183594
20804,920.0,175.3738555908203
20805,661.0,258.3291320800781
20806,731.0,405.1181945800781
20807,798.0,445.595458984375
20808,668.0,430.45233154296875
20809,839.0,427.5492858886719
20810,693.0,449.3870849609375
20811,694.0,492.60479736328125
20812,667.0,526.088134765625
20813,617.0,534.5029296875
20814,640.0,541.5392456054688
20815,600.0,546.5365600585938
20816,550.0,543.3348999023438
20817,578.0,523.952392578125
20818,514.0,483.6936340332031
20819,374.0,444.3310852050781
20820,475.0,420.9582214355469
20821,459.0,406.46783447265625
20822,388.0,385.2831115722656
20823,324.0,361.0849304199219
20824,354.0,331.52777099609375
20825,302.0,320.7232971191406
20826,262.0,304.90478515625
20827,240.0,287.924072265625
20828,238.0,266.546875
20829,242.0,255.15447998046875
20830,174.0,243.58700561523438
20831,188.0,231.30751037597656
20832,170.0,213.4805450439453
20833,203.0,202.01318359375
20834,197.0,188.77235412597656
20835,180.0,173.0358123779297
20836,161.0,156.0731658935547
20837,162.0,146.27008056640625
20838,134.0,137.37501525878906
20839,108.0,128.1522216796875
20840,96.0,116.81310272216797
20841,83.0,107.3755874633789
20842,102.0,96.45218658447266
20843,60.0,82.51275634765625
20844,59.0,60.75458526611328
20845,29.0,39.728004455566406
20846,18.0,25.46539306640625
20847,3.0,7.609765529632568
20848,0.0,1.2032089233398438
20849,0.0,0.4174213409423828
20850,0.0,0.21239089965820312
20851,0.0,0.1316213607788086
20852,0.0,0.09298896789550781
20853,0.0,0.0699615478515625
20854,0.0,0.09249687194824219
20855,0.0,0.10776138305664062
20856,0.0,0.13147926330566406
20857,0.0,0.18084049224853516
20858,0.0,0.10031414031982422
20859,0.0,0.021139144897460938
20860,0.0,-0.02969646453857422
20861,0.0,0.028107643127441406
20862,0.0,-0.04293346405029297
20863,0.0,-0.09742355346679688
20864,0.0,-0.05807304382324219
20865,0.0,-0.0395050048828125
20866,0.0,0.016646385192871094
20867,0.0,0.033936500549316406
20868,0.0,-0.0635385513305664
20869,0.0,-0.3712301254272461
20870,0.0,-0.28503990173339844
20871,0.0,-0.21991920471191406
20872,0.0,-0.17975139617919922
20873,0.0,-0.24251937866210938
20874,0.0,-0.25987815856933594
20875,0.0,-0.26598644256591797
20876,0.0,-0.24234294891357422
20877,0.0,-0.04216575622558594
20878,0.0,0.10511207580566406
20879,0.0,0.23768234252929688
20880,0.0,0.27440643310546875
20881,4.0,5.470462799072266
20882,62.0,66.61199188232422
20883,157.0,195.36981201171875
20884,370.0,243.79266357421875
20885,503.0,247.406494140625
20886,591.0,311.0501403808594
20887,668.0,504.3001708984375
20888,727.0,670.2376708984375
20889,763.0,720.7753295898438
20890,791.0,758.6180419921875
20891,815.0,790.3511962890625
20892,830.0,802.9668579101562
20893,846.0,809.0064086914062
20894,850.0,812.3693237304688
20895,853.0,813.2371215820312
20896,851.0,812.7979125976562
20897,860.0,813.03564453125
20898,850.0,813.2406616210938
20899,836.0,813.0547485351562
20900,843.0,811.7363891601562
20901,637.0,808.339599609375
20902,837.0,798.2860717773438
20903,534.0,777.6175537109375
20904,231.0,748.78955078125
20905,278.0,732.1798095703125
20906,268.0,712.071533203125
20907,414.0,688.60595703125
20908,506.0,649.1945190429688
20909,200.0,607.289794921875
20910,225.0,561.0130615234375
20911,296.0,530.6660766601562
20912,317.0,504.1764221191406
20913,455.0,498.942138671875
20914,376.0,487.6130676269531
20915,516.0,472.0794372558594
20916,429.0,448.0888366699219
20917,295.0,438.5977478027344
20918,370.0,427.2527160644531
20919,388.0,410.0843811035156
20920,423.0,376.4000244140625
20921,458.0,348.0632629394531
20922,439.0,327.1976013183594
20923,484.0,310.5399169921875
20924,471.0,286.6461486816406
20925,295.0,274.2808532714844
20926,233.0,257.985107421875
20927,242.0,236.12551879882812
20928,258.0,208.07037353515625
20929,219.0,196.64968872070312
20930,198.0,183.08029174804688
20931,226.0,167.2781219482422
20932,168.0,150.85525512695312
20933,166.0,144.2201690673828
20934,141.0,137.15740966796875
20935,122.0,129.06869506835938
20936,147.0,116.87590026855469
20937,140.0,103.95568084716797
20938,84.0,91.43560028076172
20939,67.0,79.26929473876953
20940,74.0,66.15570068359375
20941,52.0,49.947654724121094
20942,23.0,32.71765899658203
20943,1.0,14.458382606506348
20944,0.0,2.8649539947509766
20945,0.0,0.8609838485717773
20946,0.0,0.3403501510620117
20947,0.0,0.1571807861328125
20948,0.0,0.07275199890136719
20949,0.0,0.03394603729248047
20950,0.0,-0.021195411682128906
20951,0.0,-0.039028167724609375
20952,0.0,-0.03650474548339844
20953,0.0,-0.029501914978027344
20954,0.0,-0.005725860595703125
20955,0.0,0.0027141571044921875
20956,0.0,0.008623123168945312
20957,0.0,0.08302116394042969
20958,0.0,0.24344635009765625
20959,0.0,0.22892475128173828
20960,0.0,0.2431631088256836
20961,0.0,0.26955223083496094
20962,0.0,0.2922849655151367
20963,0.0,0.2701377868652344
20964,0.0,0.26151466369628906
20965,0.0,0.3064403533935547
20966,0.0,0.2855510711669922
20967,0.0,0.2183399200439453
20968,0.0,0.10451793670654297
20969,0.0,-0.07633304595947266
20970,0.0,-0.11164665222167969
20971,0.0,-0.27258968353271484
20972,0.0,-0.32371997833251953
20973,0.0,-0.47681522369384766
20974,0.0,-0.4876232147216797
20975,0.0,-0.6578340530395508
20976,1.0,-0.7976293563842773
20977,2.0,-0.9574556350708008
20978,8.0,1.5807294845581055
20979,28.0,18.74551773071289
20980,57.0,46.81065368652344
20981,59.0,75.94361877441406
20982,91.0,94.16557312011719
20983,59.0,99.48072814941406
20984,73.0,98.79265594482422
20985,240.0,100.2471694946289
20986,139.0,108.97251892089844
20987,102.0,150.31832885742188
20988,190.0,178.66925048828125
20989,267.0,178.42645263671875
20990,109.0,162.82655334472656
20991,96.0,137.27777099609375
20992,194.0,126.70735168457031
20993,158.0,124.14314270019531
20994,204.0,121.59555053710938
20995,155.0,115.3853759765625
20996,147.0,109.36012268066406
20997,152.0,125.75859832763672
20998,115.0,139.57481384277344
20999,108.0,145.74954223632812
21000,112.0,148.48988342285156
21001,186.0,138.1837158203125
21002,319.0,130.90342712402344
21003,386.0,130.94967651367188
21004,347.0,173.2378692626953
21005,334.0,261.096923828125
21006,282.0,308.09600830078125
21007,327.0,381.87890625
21008,508.0,397.6286926269531
21009,481.0,396.67474365234375
21010,687.0,403.05609130859375
21011,583.0,405.8907470703125
21012,546.0,409.61297607421875
21013,528.0,418.2768859863281
21014,532.0,419.5480651855469
21015,461.0,410.01373291015625
21016,430.0,389.9454650878906
21017,271.0,365.202880859375
21018,31.0,344.2244567871094
21019,31.0,337.58038330078125
21020,22.0,341.6296691894531
21021,26.0,345.1933898925781
21022,48.0,324.7294616699219
21023,89.0,255.14999389648438
21024,111.0,172.36795043945312
21025,192.0,141.9950714111328
21026,309.0,144.09933471679688
21027,356.0,147.83596801757812
21028,311.0,144.3299560546875
21029,200.0,135.43797302246094
21030,47.0,122.30133056640625
21031,7.0,109.4724349975586
21032,10.0,100.64825439453125
21033,14.0,92.02574920654297
21034,47.0,84.59078979492188
21035,60.0,72.09374237060547
21036,61.0,51.926368713378906
21037,53.0,27.628894805908203
21038,37.0,9.532951354980469
21039,17.0,3.6519365310668945
21040,5.0,1.9989233016967773
21041,2.0,1.2496471405029297
21042,0.0,0.78338623046875
21043,0.0,0.45339107513427734
21044,0.0,0.27507686614990234
21045,0.0,0.1918020248413086
21046,0.0,0.13138484954833984
21047,0.0,0.09091949462890625
21048,0.0,0.0619964599609375
21049,0.0,0.045597076416015625
21050,0.0,0.03972911834716797
21051,0.0,0.030742645263671875
21052,0.0,0.02303600311279297
21053,0.0,0.1683826446533203
21054,0.0,0.2170276641845703
21055,0.0,0.32263660430908203
21056,0.0,0.41991424560546875
21057,0.0,0.6106882095336914
21058,0.0,0.5103836059570312
21059,0.0,0.32887744903564453
21060,0.0,0.22197437286376953
21061,0.0,0.23432636260986328
21062,0.0,0.2913026809692383
21063,0.0,0.2744264602661133
21064,0.0,0.21222305297851562
21065,0.0,0.01702117919921875
21066,0.0,-0.07241439819335938
21067,0.0,-0.16983795166015625
21068,0.0,-0.23933029174804688
21069,0.0,-0.4398021697998047
21070,0.0,-0.16717147827148438
21071,0.0,0.0638427734375
21072,1.0,0.4134521484375
21073,6.0,1.229482650756836
21074,8.0,6.4408674240112305
21075,10.0,22.663881301879883
21076,36.0,52.81471252441406
21077,46.0,103.43968963623047
21078,51.0,148.8932647705078
21079,63.0,150.40728759765625
21080,94.0,128.36660766601562
21081,159.0,117.96931457519531
21082,190.0,112.32476043701172
21083,187.0,109.3189697265625
21084,160.0,107.11317443847656
21085,98.0,105.57023620605469
21086,248.0,110.13920593261719
21087,304.0,129.18148803710938
21088,549.0,158.88380432128906
21089,446.0,212.7763214111328
21090,600.0,365.1694030761719
21091,659.0,495.5028991699219
21092,683.0,535.4358520507812
21093,381.0,539.6029052734375
21094,176.0,538.3136596679688
21095,613.0,553.4053344726562
21096,639.0,597.4528198242188
21097,586.0,619.819580078125
21098,632.0,633.3184204101562
21099,623.0,645.29296875
21100,711.0,641.9107666015625
21101,577.0,620.892333984375
21102,785.0,595.1145629882812
21103,748.0,577.0135498046875
21104,555.0,559.0238647460938
21105,473.0,553.9511108398438
21106,481.0,540.959716796875
21107,434.0,522.3287353515625
21108,526.0,485.60321044921875
21109,461.0,459.0585021972656
21110,521.0,453.3356018066406
21111,487.0,443.543212890625
21112,373.0,430.82904052734375
21113,452.0,441.22125244140625
21114,367.0,441.5653381347656
21115,287.0,428.1278076171875
21116,362.0,397.9713439941406
21117,389.0,332.0849304199219
21118,308.0,306.74847412109375
21119,293.0,280.3167724609375
21120,316.0,244.69667053222656
21121,260.0,219.73422241210938
21122,268.0,197.16197204589844
21123,196.0,177.04837036132812
21124,153.0,159.68179321289062
21125,128.0,143.78749084472656
21126,125.0,131.16871643066406
21127,187.0,119.00648498535156
21128,186.0,102.36254119873047
21129,195.0,87.67144775390625
21130,156.0,72.0241928100586
21131,110.0,51.5638427734375
21132,85.0,32.25743865966797
21133,40.0,21.53235626220703
21134,32.0,6.916745185852051
21135,15.0,1.1996574401855469
21136,3.0,0.2547616958618164
21137,1.0,0.1350383758544922
21138,0.0,0.0915079116821289
21139,0.0,0.07542610168457031
21140,0.0,0.060769081115722656
21141,0.0,0.05337238311767578
21142,0.0,0.10028362274169922
21143,0.0,0.13988590240478516
21144,0.0,0.18087196350097656
21145,0.0,0.2547283172607422
21146,0.0,0.23688983917236328
21147,0.0,0.19214439392089844
21148,0.0,0.16161727905273438
21149,0.0,0.17010211944580078
21150,0.0,0.22173023223876953
21151,0.0,0.1968517303466797
21152,0.0,0.15870189666748047
21153,0.0,0.1387624740600586
21154,0.0,0.14786052703857422
21155,0.0,0.13063335418701172
21156,0.0,0.09901809692382812
21157,0.0,0.07194042205810547
21158,0.0,0.04770851135253906
21159,0.0,0.03252983093261719
21160,0.0,0.023496627807617188
21161,0.0,0.0012493133544921875
21162,0.0,0.02591705322265625
21163,0.0,0.05008411407470703
21164,0.0,0.08643150329589844
21165,0.0,0.15022659301757812
21166,0.0,-0.23424911499023438
21167,0.0,-0.6033430099487305
21168,0.0,-0.6195840835571289
21169,1.0,-0.652928352355957
21170,3.0,0.7009553909301758
21171,7.0,11.602861404418945
21172,10.0,34.363624572753906
21173,30.0,52.87114715576172
21174,35.0,84.27591705322266
21175,62.0,97.40118408203125
21176,78.0,101.90540313720703
21177,84.0,99.82606506347656
21178,97.0,97.3060302734375
21179,106.0,95.91422271728516
21180,116.0,100.50989532470703
21181,130.0,116.7157974243164
21182,140.0,147.96524047851562
21183,224.0,233.67266845703125
21184,306.0,466.18133544921875
21185,308.0,616.2861328125
21186,408.0,678.0737915039062
21187,503.0,690.3800048828125
21188,928.0,636.390869140625
21189,757.0,564.7013549804688
21190,830.0,535.7091674804688
21191,828.0,599.8446044921875
21192,823.0,627.7749633789062
21193,787.0,609.3180541992188
21194,750.0,580.8768920898438
21195,697.0,559.1265258789062
21196,651.0,558.6774291992188
21197,604.0,572.8954467773438
21198,569.0,580.85546875
21199,462.0,582.6821899414062
21200,476.0,575.6945190429688
21201,647.0,566.8162231445312
21202,524.0,551.0477294921875
21203,559.0,529.2611694335938
21204,375.0,497.62530517578125
21205,392.0,477.7684631347656
21206,379.0,443.1991271972656
21207,369.0,416.9643859863281
21208,328.0,393.1835632324219
21209,354.0,381.36309814453125
21210,389.0,358.0497131347656
21211,315.0,330.6070556640625
21212,316.0,299.76116943359375
21213,280.0,282.4794006347656
21214,236.0,263.23773193359375
21215,214.0,242.76727294921875
21216,217.0,220.43980407714844
21217,165.0,208.59503173828125
21218,181.0,199.0411834716797
21219,150.0,192.86233520507812
21220,134.0,186.69073486328125
21221,124.0,182.20797729492188
21222,119.0,170.8183135986328
21223,107.0,151.39306640625
21224,99.0,131.4766845703125
21225,94.0,116.63633728027344
21226,88.0,103.13021850585938
21227,82.0,90.1937026977539
21228,74.0,77.34960174560547
21229,68.0,62.87925720214844
21230,58.0,45.50743103027344
21231,43.0,29.027973175048828
21232,21.0,9.48314380645752
21233,4.0,2.140017509460449
21234,0.0,0.8454036712646484
21235,0.0,0.522130012512207
21236,0.0,0.4306297302246094
21237,0.0,0.41503143310546875
21238,0.0,0.4064311981201172
21239,0.0,0.4020519256591797
21240,0.0,0.39353466033935547
21241,0.0,0.35164833068847656
21242,0.0,0.31469058990478516
21243,0.0,0.24291229248046875
21244,0.0,0.1930255889892578
21245,0.0,0.025773048400878906
21246,0.0,-0.19879817962646484
21247,0.0,-0.1774578094482422
21248,0.0,-0.2026958465576172
21249,0.0,-0.17054271697998047
21250,0.0,-0.08904743194580078
21251,0.0,-0.11612415313720703
21252,0.0,-0.1185903549194336
21253,0.0,0.058279991149902344
21254,0.0,-0.00360870361328125
21255,0.0,-0.08168983459472656
21256,0.0,-0.12217998504638672
21257,0.0,0.18222618103027344
21258,0.0,-0.07709217071533203
21259,0.0,-0.12083816528320312
21260,0.0,-0.12952423095703125
21261,0.0,1.6703310012817383
21262,0.0,3.4574766159057617
21263,0.0,4.5099663734436035
21264,0.0,5.35678243637085
21265,2.0,44.227447509765625
21266,7.0,160.51339721679688
21267,7.0,291.6867980957031
21268,21.0,341.0111389160156
21269,61.0,346.1481018066406
21270,83.0,338.5672302246094
21271,77.0,352.8445129394531
21272,66.0,361.7491455078125
21273,86.0,358.8411560058594
21274,458.0,354.1204528808594
21275,705.0,344.9079895019531
21276,368.0,360.7734680175781
21277,505.0,416.2404479980469
21278,524.0,463.65240478515625
21279,517.0,511.088134765625
21280,725.0,582.0906372070312
21281,854.0,660.00537109375
21282,776.0,713.4691162109375
21283,780.0,682.904541015625
21284,658.0,574.1126708984375
21285,527.0,559.9747924804688
21286,503.0,578.6143188476562
21287,458.0,519.4698486328125
21288,460.0,447.45068359375
21289,449.0,392.3330078125
21290,291.0,337.4967346191406
21291,330.0,246.5262908935547
21292,250.0,162.34381103515625
21293,140.0,149.3491668701172
21294,363.0,161.75987243652344
21295,497.0,208.52365112304688
21296,428.0,295.66656494140625
21297,569.0,417.8048095703125
21298,473.0,451.01165771484375
21299,435.0,464.2786560058594
21300,410.0,455.6246337890625
21301,384.0,440.5913391113281
21302,359.0,389.7667236328125
21303,332.0,352.71368408203125
21304,348.0,328.1678771972656
21305,358.0,320.1756896972656
21306,267.0,313.39422607421875
21307,345.0,309.52294921875
21308,307.0,302.0847473144531
21309,327.0,295.3507385253906
21310,242.0,277.1316223144531
21311,120.0,245.90023803710938
21312,47.0,202.5308074951172
21313,101.0,179.5765838623047
21314,81.0,159.65428161621094
21315,81.0,140.91542053222656
21316,9.0,123.68161010742188
21317,5.0,111.23778533935547
21318,35.0,105.9983139038086
21319,85.0,99.58540344238281
21320,48.0,89.3267822265625
21321,6.0,77.73841857910156
21322,36.0,68.00479888916016
21323,13.0,56.56102752685547
21324,8.0,42.16639709472656
21325,4.0,39.582855224609375
21326,0.0,28.8824520111084
21327,1.0,16.9039249420166
21328,0.0,5.603862285614014
21329,0.0,2.802074432373047
21330,0.0,1.4701995849609375
21331,0.0,0.825836181640625
21332,0.0,0.46883583068847656
21333,0.0,0.2935781478881836
21334,0.0,0.20049285888671875
21335,0.0,0.1510009765625
21336,0.0,0.1260843276977539
21337,0.0,0.10402679443359375
21338,0.0,0.09360027313232422
21339,0.0,0.07608413696289062
21340,0.0,0.08282470703125
21341,0.0,-0.03309440612792969
21342,0.0,0.06888008117675781
21343,0.0,0.016358375549316406
21344,0.0,-0.004672050476074219
21345,0.0,-0.13094234466552734
21346,0.0,-0.24173450469970703
21347,0.0,-0.35988903045654297
21348,0.0,-0.4174346923828125
21349,0.0,-0.5512990951538086
21350,0.0,-0.581629753112793
21351,0.0,-0.8080921173095703
21352,0.0,-0.9111614227294922
21353,0.0,-1.0315227508544922
21354,0.0,-0.8505401611328125
21355,0.0,-0.6684942245483398
21356,0.0,-0.43121814727783203
21357,0.0,0.09734916687011719
21358,0.0,0.4880552291870117
21359,0.0,0.7140111923217773
21360,0.0,0.7702169418334961
21361,5.0,1.1622753143310547
21362,0.0,2.729978561401367
21363,3.0,8.278562545776367
21364,9.0,23.254899978637695
21365,18.0,38.434051513671875
21366,9.0,50.12126922607422
21367,9.0,60.80084228515625
21368,27.0,70.9888687133789
21369,30.0,80.09426879882812
21370,43.0,90.74369812011719
21371,53.0,113.77962493896484
21372,53.0,157.3118896484375
21373,173.0,231.69166564941406
21374,177.0,345.6582946777344
21375,302.0,450.2384338378906
21376,844.0,484.2449951171875
21377,736.0,488.1204528808594
21378,741.0,472.85107421875
21379,659.0,448.8333435058594
21380,689.0,425.18292236328125
21381,277.0,410.72674560546875
21382,241.0,418.89794921875
21383,354.0,419.5516662597656
21384,345.0,396.6715393066406
21385,341.0,369.67828369140625
21386,298.0,358.26629638671875
21387,323.0,346.2119445800781
21388,518.0,340.7585754394531
21389,312.0,361.4427185058594
21390,646.0,395.43902587890625
21391,570.0,419.3788146972656
21392,708.0,426.5438232421875
21393,571.0,419.2749328613281
21394,571.0,418.5650329589844
21395,547.0,422.0384826660156
21396,480.0,423.6730651855469
21397,513.0,428.2676086425781
21398,480.0,432.8499755859375
21399,435.0,438.48565673828125
21400,441.0,438.94189453125
21401,440.0,432.3782043457031
21402,431.0,407.6255798339844
21403,441.0,369.01226806640625
21404,395.0,335.98651123046875
21405,383.0,323.6312561035156
21406,317.0,313.9505920410156
21407,314.0,305.2825927734375
21408,330.0,301.5297546386719
21409,331.0,295.0303649902344
21410,300.0,278.64447021484375
21411,253.0,260.7874755859375
21412,236.0,239.74168395996094
21413,254.0,217.7548828125
21414,158.0,195.0994415283203
21415,151.0,171.09535217285156
21416,155.0,146.0377655029297
21417,61.0,120.09880065917969
21418,33.0,98.67208862304688
21419,12.0,77.6692123413086
21420,3.0,50.014793395996094
21421,0.0,30.375091552734375
21422,0.0,13.54597282409668
21423,0.0,3.5140514373779297
21424,0.0,1.2186555862426758
21425,0.0,0.6949195861816406
21426,0.0,0.46887874603271484
21427,0.0,0.3311929702758789
21428,0.0,0.2398700714111328
21429,0.0,0.17747783660888672
21430,0.0,0.17582988739013672
21431,0.0,0.17067432403564453
21432,0.0,0.17245960235595703
21433,0.0,0.17742919921875
21434,0.0,0.17162036895751953
21435,0.0,0.15944957733154297
21436,0.0,0.15772724151611328
21437,0.0,0.11830997467041016
21438,0.0,0.3081073760986328
21439,0.0,0.2540321350097656
21440,0.0,0.2746591567993164
21441,0.0,0.22300338745117188
21442,0.0,0.12619876861572266
21443,0.0,-0.061379432678222656
21444,0.0,-0.21756458282470703
21445,0.0,-0.4945535659790039
21446,0.0,-0.57861328125
21447,0.0,-0.6114463806152344
21448,0.0,-0.5083799362182617
21449,0.0,-0.6993293762207031
21450,0.0,-0.6519346237182617
21451,0.0,-0.7195615768432617
21452,0.0,-0.7222690582275391
21453,0.0,-0.7734823226928711
21454,0.0,-0.5926361083984375
21455,0.0,-0.21510887145996094
21456,0.0,0.29683780670166016
21457,1.0,6.279346942901611
21458,18.0,23.33199691772461
21459,44.0,55.236732482910156
21460,56.0,107.78617858886719
21461,96.0,179.3328857421875
21462,374.0,261.40631103515625
21463,345.0,356.1008605957031
21464,466.0,482.4936828613281
21465,452.0,585.9231567382812
21466,652.0,670.2864990234375
21467,595.0,726.0709228515625
21468,563.0,750.6544189453125
21469,770.0,741.32421875
21470,806.0,722.2034912109375
21471,836.0,724.0873413085938
21472,847.0,685.2349243164062
21473,846.0,604.93798828125
21474,847.0,503.1781311035156
21475,828.0,520.8729858398438
21476,828.0,575.341064453125
21477,801.0,607.3235473632812
21478,763.0,624.9608154296875
21479,786.0,634.742919921875
21480,736.0,640.21875
21481,750.0,643.0017700195312
21482,667.0,641.9780883789062
21483,512.0,633.9732666015625
21484,513.0,615.4336547851562
21485,580.0,601.3887939453125
21486,405.0,582.9122924804688
21487,588.0,557.3289184570312
21488,662.0,518.7420043945312
21489,497.0,493.9653625488281
21490,304.0,465.8746032714844
21491,427.0,439.0067138671875
21492,511.0,407.86016845703125
21493,489.0,395.41552734375
21494,432.0,381.86181640625
21495,399.0,366.7469177246094
21496,324.0,345.6110534667969
21497,271.0,337.8034973144531
21498,331.0,327.93011474609375
21499,356.0,315.42559814453125
21500,297.0,296.5980224609375
21501,193.0,291.485107421875
21502,240.0,285.4812316894531
21503,213.0,275.83599853515625
21504,195.0,259.66253662109375
21505,205.0,251.7548065185547
21506,262.0,242.98129272460938
21507,248.0,232.704345703125
21508,238.0,218.8819122314453
21509,177.0,208.5363006591797
21510,189.0,195.46334838867188
21511,167.0,177.17274475097656
21512,142.0,154.07167053222656
21513,133.0,132.33676147460938
21514,118.0,111.79476165771484
21515,103.0,94.4207992553711
21516,90.0,80.64950561523438
21517,70.0,67.34147644042969
21518,40.0,50.53211212158203
21519,13.0,30.422182083129883
21520,2.0,8.071611404418945
21521,0.0,2.162226676940918
21522,0.0,0.9975204467773438
21523,0.0,0.645538330078125
21524,0.0,0.4890623092651367
21525,0.0,0.4145317077636719
21526,0.0,0.3573884963989258
21527,0.0,0.33110809326171875
21528,0.0,0.30527496337890625
21529,0.0,0.3107948303222656
21530,0.0,0.2916717529296875
21531,0.0,0.24829387664794922
21532,0.0,0.2023458480834961
21533,0.0,0.17740917205810547
21534,0.0,0.07390403747558594
21535,0.0,0.045409202575683594
21536,0.0,0.035981178283691406
21537,0.0,0.03490161895751953
21538,0.0,0.06783771514892578
21539,0.0,0.0909128189086914
21540,0.0,0.10300731658935547
21541,0.0,0.1906270980834961
21542,0.0,0.18839263916015625
21543,0.0,0.1403789520263672
21544,0.0,0.09437942504882812
21545,0.0,0.12503337860107422
21546,0.0,0.07353019714355469
21547,0.0,-0.03936767578125
21548,0.0,-0.2467174530029297
21549,0.0,-0.2975006103515625
21550,0.0,-0.1961841583251953
21551,0.0,-0.2753620147705078
21552,1.0,-0.224395751953125
21553,4.0,19.637277603149414
21554,32.0,103.79663848876953
21555,71.0,263.98016357421875
21556,112.0,389.09820556640625
21557,207.0,498.515380859375
21558,303.0,588.8766479492188
21559,391.0,626.7533569335938
21560,394.0,635.7245483398438
21561,419.0,539.8574829101562
21562,465.0,402.7109680175781
21563,697.0,395.13427734375
21564,742.0,488.9634094238281
21565,751.0,624.140380859375
21566,672.0,708.8517456054688
21567,610.0,719.1083374023438
21568,570.0,753.6709594726562
21569,514.0,753.6428833007812
21570,642.0,738.7406005859375
21571,701.0,717.103271484375
21572,726.0,721.2034912109375
21573,561.0,613.4481811523438
21574,705.0,642.0283813476562
21575,444.0,650.3818969726562
21576,559.0,650.9602661132812
21577,477.0,652.9532470703125
21578,244.0,647.28955078125
21579,194.0,627.7774658203125
21580,418.0,530.3775634765625
21581,315.0,510.4772644042969
21582,355.0,487.1110534667969
21583,361.0,477.66180419921875
21584,350.0,495.0250244140625
21585,386.0,507.59149169921875
21586,268.0,501.62103271484375
21587,207.0,503.6853332519531
21588,222.0,487.2491760253906
21589,331.0,454.9745178222656
21590,522.0,428.55889892578125
21591,550.0,418.6702880859375
21592,492.0,407.95074462890625
21593,305.0,404.6637878417969
21594,354.0,408.9091796875
21595,297.0,406.27587890625
21596,339.0,381.4225769042969
21597,372.0,356.95965576171875
21598,204.0,322.3406677246094
21599,187.0,247.67010498046875
21600,261.0,186.1999053955078
21601,281.0,134.8246612548828
21602,160.0,131.97738647460938
21603,220.0,139.23826599121094
21604,177.0,141.4697723388672
21605,189.0,144.65634155273438
21606,191.0,150.32435607910156
21607,190.0,135.3955078125
21608,151.0,113.19982147216797
21609,151.0,94.6282958984375
21610,133.0,76.07572937011719
21611,77.0,57.56407165527344
21612,45.0,38.409454345703125
21613,45.0,27.871723175048828
21614,37.0,14.838235855102539
21615,32.0,4.645293235778809
21616,17.0,1.4715890884399414
21617,3.0,0.7290916442871094
21618,0.0,0.45253849029541016
21619,0.0,0.2993745803833008
21620,0.0,0.19843673706054688
21621,0.0,0.138885498046875
21622,0.0,0.10597515106201172
21623,0.0,0.07155609130859375
21624,0.0,0.04545021057128906
21625,0.0,0.008493423461914062
21626,0.0,0.008243560791015625
21627,0.0,0.02220916748046875
21628,0.0,0.04852581024169922
21629,0.0,0.12393569946289062
21630,0.0,0.17405033111572266
21631,0.0,0.08950328826904297
21632,0.0,0.030405044555664062
21633,0.0,-0.04452228546142578
21634,0.0,-0.038285255432128906
21635,0.0,-0.06947612762451172
21636,0.0,-0.050362586975097656
21637,0.0,0.04848003387451172
21638,0.0,-0.037445068359375
21639,0.0,-0.12416553497314453
21640,0.0,-0.3003225326538086
21641,0.0,-0.32619571685791016
21642,0.0,-0.27307701110839844
21643,0.0,-0.22101306915283203
21644,0.0,-0.14034652709960938
21645,0.0,-0.014554977416992188
21646,0.0,0.19077014923095703
21647,0.0,0.9059610366821289
21648,2.0,3.9001903533935547
21649,9.0,16.482826232910156
21650,99.0,44.53087615966797
21651,142.0,70.09595489501953
21652,168.0,87.67120361328125
21653,153.0,105.02779388427734
21654,276.0,118.03675842285156
21655,88.0,133.8398895263672
21656,94.0,149.46807861328125
21657,103.0,159.569580078125
21658,171.0,176.85093688964844
21659,202.0,410.05078125
21660,525.0,653.5208740234375
21661,801.0,715.123046875
21662,790.0,748.2939453125
21663,830.0,778.1336669921875
21664,788.0,783.1390380859375
21665,784.0,780.261962890625
21666,752.0,790.31103515625
21667,555.0,786.0319213867188
21668,785.0,778.8635864257812
21669,750.0,755.4530639648438
21670,738.0,727.30078125
21671,717.0,685.7905883789062
21672,421.0,668.5645141601562
21673,480.0,664.2157592773438
21674,775.0,657.4521484375
21675,713.0,651.1655883789062
21676,312.0,643.5546875
21677,535.0,633.8501586914062
21678,547.0,608.8733520507812
21679,391.0,578.3947143554688
21680,509.0,538.2239379882812
21681,353.0,508.70556640625
21682,329.0,480.32574462890625
21683,428.0,453.8893127441406
21684,229.0,391.4845886230469
21685,227.0,365.9615173339844
21686,232.0,369.0560302734375
21687,325.0,379.0013427734375
21688,458.0,393.2993469238281
21689,347.0,411.85418701171875
21690,522.0,397.9175109863281
21691,470.0,373.5938415527344
21692,344.0,341.3838195800781
21693,307.0,318.283203125
21694,291.0,287.5434265136719
21695,253.0,252.17813110351562
21696,233.0,222.8502197265625
21697,244.0,207.0403594970703
21698,201.0,197.01788330078125
21699,236.0,190.84329223632812
21700,197.0,184.72952270507812
21701,206.0,176.0396728515625
21702,264.0,165.82896423339844
21703,206.0,155.40087890625
21704,198.0,147.1231231689453
21705,182.0,131.47341918945312
21706,59.0,114.28319549560547
21707,57.0,99.32837677001953
21708,62.0,83.23121643066406
21709,33.0,68.62760925292969
21710,13.0,50.645301818847656
21711,5.0,31.932479858398438
21712,4.0,11.960820198059082
21713,2.0,3.1650209426879883
21714,0.0,1.1156339645385742
21715,0.0,0.544957160949707
21716,0.0,0.2543153762817383
21717,0.0,0.19421958923339844
21718,0.0,0.0945291519165039
21719,0.0,0.050820350646972656
21720,0.0,0.05431175231933594
21721,0.0,0.07628917694091797
21722,0.0,0.090484619140625
21723,0.0,0.09174156188964844
21724,0.0,0.08423709869384766
21725,0.0,0.19064617156982422
21726,0.0,0.3418588638305664
21727,0.0,0.3048553466796875
21728,0.0,0.2839212417602539
21729,0.0,0.09310531616210938
21730,0.0,-0.16263771057128906
21731,0.0,-0.37423038482666016
21732,0.0,-0.4482574462890625
21733,0.0,-0.4840545654296875
21734,0.0,-0.3731203079223633
21735,0.0,-0.3079195022583008
21736,0.0,-0.19635391235351562
21737,0.0,-0.1968841552734375
21738,0.0,-0.21399402618408203
21739,0.0,-0.26134586334228516
21740,0.0,-0.30384349822998047
21741,0.0,-0.22687244415283203
21742,0.0,-0.27805233001708984
21743,0.0,-0.36872291564941406
21744,0.0,-0.3675355911254883
21745,2.0,4.512480735778809
21746,4.0,23.753564834594727
21747,8.0,58.85118103027344
21748,23.0,95.25241088867188
21749,41.0,159.263671875
21750,72.0,270.88555908203125
21751,106.0,376.61676025390625
21752,161.0,387.0209045410156
21753,149.0,221.349853515625
21754,133.0,174.53549194335938
21755,160.0,180.8354034423828
21756,335.0,287.2641296386719
21757,252.0,443.68426513671875
21758,249.0,536.4274291992188
21759,233.0,593.6256103515625
21760,413.0,605.22265625
21761,235.0,636.0509033203125
21762,272.0,676.3726196289062
21763,248.0,644.9963989257812
21764,272.0,594.884033203125
21765,471.0,486.88922119140625
21766,589.0,460.670166015625
21767,468.0,501.9145812988281
21768,897.0,583.650390625
21769,849.0,580.0972900390625
21770,595.0,502.5065612792969
21771,563.0,434.525634765625
21772,337.0,425.0837707519531
21773,416.0,449.6410217285156
21774,480.0,462.5563659667969
21775,429.0,479.7584228515625
21776,601.0,479.0842590332031
21777,380.0,479.7955627441406
21778,502.0,469.3567810058594
21779,455.0,462.0456848144531
21780,560.0,455.7074279785156
21781,547.0,458.0947570800781
21782,526.0,488.23541259765625
21783,483.0,476.9243469238281
21784,510.0,458.3385925292969
21785,453.0,446.6090087890625
21786,302.0,430.2272644042969
21787,394.0,409.8420715332031
21788,383.0,382.6849060058594
21789,311.0,366.7455139160156
21790,368.0,334.4214782714844
21791,374.0,299.0867919921875
21792,304.0,260.91595458984375
21793,336.0,219.10208129882812
21794,274.0,176.9936065673828
21795,281.0,149.79486083984375
21796,178.0,139.5936737060547
21797,150.0,136.48004150390625
21798,216.0,131.10171508789062
21799,148.0,123.94407653808594
21800,142.0,113.856689453125
21801,95.0,104.61917877197266
21802,74.0,95.83123779296875
21803,61.0,84.25178527832031
21804,83.0,67.34709167480469
21805,121.0,52.949462890625
21806,67.0,34.94898223876953
21807,40.0,20.730037689208984
21808,22.0,7.186567783355713
21809,8.0,2.5097007751464844
21810,1.0,0.9875307083129883
21811,0.0,0.4173412322998047
21812,0.0,0.17711734771728516
21813,0.0,0.034698486328125
21814,0.0,-0.012303352355957031
21815,0.0,-0.012022972106933594
21816,0.0,-0.025068283081054688
21817,0.0,-0.026050567626953125
21818,0.0,-0.0194091796875
21819,0.0,-0.055487632751464844
21820,0.0,-0.09485435485839844
21821,0.0,0.02164936065673828
21822,0.0,0.02394390106201172
21823,0.0,-0.16676616668701172
21824,0.0,-0.2888059616088867
21825,0.0,-0.4444751739501953
21826,0.0,-0.3704710006713867
21827,0.0,-0.23380565643310547
21828,0.0,-0.10402297973632812
21829,0.0,-0.001251220703125
21830,0.0,0.06382274627685547
21831,0.0,0.07399559020996094
21832,0.0,0.07327747344970703
21833,0.0,0.05167675018310547
21834,0.0,-0.054930686950683594
21835,0.0,-0.222930908203125
21836,0.0,-0.4024639129638672
21837,0.0,-0.5144243240356445
21838,0.0,-0.9395523071289062
21839,0.0,-1.2986717224121094
21840,1.0,-1.0975475311279297
21841,41.0,18.30344581604004
21842,38.0,100.97899627685547
21843,61.0,210.35400390625
21844,76.0,303.33489990234375
21845,160.0,377.0488586425781
21846,107.0,404.1230163574219
21847,200.0,410.5300598144531
21848,249.0,469.7738342285156
21849,145.0,326.5760498046875
21850,376.0,335.90008544921875
21851,358.0,396.16424560546875
21852,265.0,479.08062744140625
21853,328.0,467.1695556640625
21854,406.0,365.1483154296875
21855,576.0,282.72247314453125
21856,410.0,259.4046630859375
21857,211.0,251.4804229736328
21858,294.0,239.3819122314453
21859,256.0,230.91033935546875
21860,194.0,230.39178466796875
21861,238.0,246.40576171875
21862,281.0,280.6226501464844
21863,262.0,336.836181640625
21864,178.0,416.0001525878906
21865,168.0,406.8519287109375
21866,258.0,415.3553161621094
21867,433.0,378.78997802734375
21868,481.0,319.368896484375
21869,313.0,278.88726806640625
21870,333.0,281.4792785644531
21871,491.0,291.3702087402344
21872,503.0,290.22283935546875
21873,475.0,343.8899230957031
21874,543.0,441.4131164550781
21875,534.0,473.73455810546875
21876,600.0,477.93310546875
21877,728.0,468.68450927734375
21878,491.0,469.0926208496094
21879,478.0,432.7772521972656
21880,494.0,372.1110534667969
21881,406.0,342.2265930175781
21882,371.0,311.4942932128906
21883,301.0,274.8866271972656
21884,263.0,222.91207885742188
21885,370.0,187.8332977294922
21886,220.0,172.66436767578125
21887,298.0,170.91229248046875
21888,178.0,170.18075561523438
21889,188.0,192.34661865234375
21890,243.0,208.2423553466797
21891,205.0,200.72854614257812
21892,34.0,178.45497131347656
21893,52.0,161.7037353515625
21894,97.0,148.2706756591797
21895,65.0,142.50094604492188
21896,67.0,134.93325805664062
21897,81.0,125.29862976074219
21898,26.0,113.39030456542969
21899,65.0,99.80501556396484
21900,82.0,83.79510498046875
21901,41.0,67.76158142089844
21902,29.0,49.398292541503906
21903,6.0,31.22779083251953
21904,1.0,18.124231338500977
21905,2.0,5.184109210968018
21906,0.0,1.5459070205688477
21907,0.0,0.743682861328125
21908,0.0,0.475921630859375
21909,0.0,0.4087648391723633
21910,0.0,0.35671043395996094
21911,0.0,0.35808372497558594
21912,0.0,0.4473848342895508
21913,0.0,0.566929817199707
21914,0.0,0.7419309616088867
21915,0.0,0.8863973617553711
21916,0.0,0.9926729202270508
21917,0.0,0.9039468765258789
21918,0.0,0.7241029739379883
21919,0.0,0.46617889404296875
21920,0.0,0.2570371627807617
21921,0.0,0.22606945037841797
21922,0.0,0.18393516540527344
21923,0.0,-0.013765335083007812
21924,0.0,-0.25600433349609375
21925,0.0,-0.48732852935791016
21926,0.0,-0.6164741516113281
21927,0.0,-0.7212591171264648
21928,0.0,-0.6785917282104492
21929,0.0,-0.7037563323974609
21930,0.0,-0.6446323394775391
21931,0.0,-0.6579208374023438
21932,0.0,-0.7061548233032227
21933,0.0,-0.6454963684082031
21934,0.0,-0.41288185119628906
21935,0.0,-0.37066078186035156
21936,0.0,-0.24970054626464844
21937,1.0,3.5224533081054688
21938,4.0,21.667251586914062
21939,6.0,61.846900939941406
21940,24.0,98.46146392822266
21941,59.0,130.18678283691406
21942,95.0,156.83596801757812
21943,98.0,185.36599731445312
21944,72.0,311.597900390625
21945,85.0,421.66082763671875
21946,112.0,515.237060546875
21947,140.0,580.4849853515625
21948,78.0,615.1990356445312
21949,106.0,739.1136474609375
21950,92.0,792.1119384765625
21951,168.0,802.3604125976562
21952,301.0,804.0955200195312
21953,198.0,784.3580322265625
21954,307.0,769.5072021484375
21955,547.0,727.9421997070312
21956,516.0,544.4324340820312
21957,468.0,354.2193908691406
21958,539.0,287.0131530761719
21959,238.0,278.49237060546875
21960,711.0,388.04180908203125
21961,248.0,464.0032653808594
21962,198.0,445.90576171875
21963,702.0,460.0947265625
21964,701.0,522.2982788085938
21965,684.0,543.0926513671875
21966,640.0,563.741455078125
21967,636.0,570.5057373046875
21968,525.0,568.5499267578125
21969,528.0,557.0081787109375
21970,497.0,535.7821044921875
21971,385.0,499.43597412109375
21972,322.0,467.8278503417969
21973,295.0,460.69696044921875
21974,93.0,454.9463195800781
21975,277.0,449.5626525878906
21976,503.0,438.46148681640625
21977,505.0,433.0511474609375
21978,434.0,417.9599304199219
21979,421.0,397.5692443847656
21980,252.0,364.88787841796875
21981,409.0,345.0149841308594
21982,376.0,330.0662841796875
21983,343.0,313.9620666503906
21984,305.0,289.2979431152344
21985,355.0,275.4645690917969
21986,300.0,261.2394104003906
21987,269.0,248.59629821777344
21988,264.0,234.2047119140625
21989,237.0,222.35073852539062
21990,155.0,206.4229278564453
21991,154.0,185.0542449951172
21992,182.0,158.9918212890625
21993,162.0,135.95858764648438
21994,144.0,114.10950469970703
21995,71.0,89.7522964477539
21996,83.0,63.461021423339844
21997,49.0,43.670082092285156
21998,49.0,26.38450050354004
21999,30.0,15.012518882751465
22000,11.0,3.3422718048095703
22001,2.0,1.4089546203613281
22002,0.0,0.892451286315918
22003,0.0,0.690037727355957
22004,0.0,0.6005659103393555
22005,0.0,0.6070661544799805
22006,0.0,0.6172847747802734
22007,0.0,0.6097097396850586
22008,0.0,0.6021003723144531
22009,0.0,0.6371669769287109
22010,0.0,0.6274127960205078
22011,0.0,0.7134218215942383
22012,0.0,0.868464469909668
22013,0.0,1.651571273803711
22014,0.0,1.2989883422851562
22015,0.0,0.721735954284668
22016,0.0,0.4507408142089844
22017,0.0,0.5030689239501953
22018,0.0,0.3204460144042969
22019,0.0,0.13903045654296875
22020,0.0,-0.042827606201171875
22021,0.0,-0.2735404968261719
22022,0.0,-0.23150157928466797
22023,0.0,0.0029859542846679688
22024,0.0,0.39368343353271484
22025,0.0,0.8970346450805664
22026,0.0,0.8780908584594727
22027,0.0,0.7610950469970703
22028,0.0,0.7621231079101562
22029,0.0,0.8737497329711914
22030,0.0,0.9797649383544922
22031,0.0,0.9848203659057617
22032,0.0,0.927947998046875
22033,1.0,4.031450271606445
22034,8.0,28.57502555847168
22035,34.0,95.5034408569336
22036,44.0,177.23175048828125
22037,38.0,175.9141845703125
22038,70.0,124.14592742919922
22039,118.0,95.00555419921875
22040,91.0,89.61840057373047
22041,117.0,94.32447052001953
22042,158.0,124.52351379394531
22043,259.0,200.64028930664062
22044,463.0,304.930908203125
22045,551.0,473.014892578125
22046,636.0,664.2670288085938
22047,715.0,756.78515625
22048,769.0,793.5896606445312
22049,837.0,800.5313110351562
22050,843.0,802.1130981445312
22051,866.0,800.816162109375
22052,869.0,797.3545532226562
22053,867.0,788.9732055664062
22054,713.0,778.9443359375
22055,743.0,767.9043579101562
22056,806.0,749.4889526367188
22057,834.0,724.875244140625
22058,540.0,692.9307250976562
22059,468.0,666.8386840820312
22060,594.0,649.0665283203125
22061,496.0,638.146728515625
22062,641.0,621.6334228515625
22063,547.0,600.7194213867188
22064,558.0,573.6250610351562
22065,457.0,552.51025390625
22066,425.0,536.4419555664062
22067,538.0,520.9727783203125
22068,540.0,502.4355773925781
22069,545.0,495.21405029296875
22070,540.0,471.4092102050781
22071,564.0,447.3681640625
22072,472.0,419.19476318359375
22073,390.0,406.1715087890625
22074,305.0,386.42523193359375
22075,302.0,361.0243225097656
22076,412.0,321.1805419921875
22077,344.0,302.08392333984375
22078,311.0,283.4623107910156
22079,291.0,267.5519714355469
22080,277.0,249.4116973876953
22081,264.0,235.71730041503906
22082,265.0,220.0176239013672
22083,241.0,203.2801513671875
22084,267.0,181.6573944091797
22085,227.0,167.397705078125
22086,226.0,151.98477172851562
22087,193.0,136.08123779296875
22088,176.0,119.8302230834961
22089,155.0,107.13211059570312
22090,137.0,96.41693115234375
22091,123.0,86.22506713867188
22092,101.0,74.93047332763672
22093,78.0,61.564064025878906
22094,68.0,45.55628967285156
22095,49.0,29.91826629638672
22096,22.0,9.345489501953125
22097,1.0,1.819014549255371
22098,0.0,0.6254453659057617
22099,0.0,0.33606815338134766
22100,0.0,0.243682861328125
22101,0.0,0.23005199432373047
22102,0.0,0.25920867919921875
22103,0.0,0.2776823043823242
22104,0.0,0.29912757873535156
22105,0.0,0.3532524108886719
22106,0.0,0.27930164337158203
22107,0.0,0.18455982208251953
22108,0.0,0.08390617370605469
22109,0.0,0.13089752197265625
22110,0.0,0.2434549331665039
22111,0.0,0.30340576171875
22112,0.0,0.38411426544189453
22113,0.0,0.49931907653808594
22114,0.0,0.48450183868408203
22115,0.0,0.4148979187011719
22116,0.0,0.3074188232421875
22117,0.0,0.1829376220703125
22118,0.0,0.22055339813232422
22119,0.0,0.3120260238647461
22120,0.0,0.4363527297973633
22121,0.0,0.539546012878418
22122,0.0,0.6382331848144531
22123,0.0,0.6880683898925781
22124,0.0,0.7493734359741211
22125,0.0,0.91815185546875
22126,0.0,1.078857421875
22127,0.0,1.637373924255371
22128,0.0,4.042656421661377
22129,1.0,9.233404159545898
22130,1.0,27.835451126098633
22131,10.0,73.62458038330078
22132,51.0,131.50099182128906
22133,106.0,192.0013427734375
22134,256.0,245.25135803222656
22135,406.0,286.5469665527344
22136,521.0,309.6311950683594
22137,461.0,357.42889404296875
22138,488.0,378.6136169433594
22139,531.0,365.3023681640625
22140,474.0,397.6875
22141,517.0,372.6399230957031
22142,490.0,361.2735290527344
22143,469.0,350.1738586425781
22144,553.0,357.5746154785156
22145,754.0,379.4730529785156
22146,792.0,406.9009704589844
22147,730.0,487.0018005371094
22148,663.0,515.48779296875
22149,615.0,568.4332885742188
22150,573.0,591.4856567382812
22151,553.0,604.973876953125
22152,543.0,612.5681762695312
22153,474.0,615.67138671875
22154,591.0,611.3324584960938
22155,639.0,600.4931640625
22156,720.0,590.40185546875
22157,515.0,579.605712890625
22158,486.0,564.3471069335938
22159,560.0,545.080810546875
22160,509.0,522.1583251953125
22161,522.0,512.2906494140625
22162,558.0,502.5782775878906
22163,637.0,490.3406982421875
22164,481.0,469.4012756347656
22165,417.0,458.8030090332031
22166,400.0,446.91351318359375
22167,325.0,435.9729919433594
22168,376.0,417.4603576660156
22169,394.0,411.8608093261719
22170,394.0,402.6432189941406
22171,413.0,380.42315673828125
22172,310.0,346.46075439453125
22173,206.0,327.7377014160156
22174,147.0,299.2771301269531
22175,161.0,265.4849548339844
22176,172.0,233.64710998535156
22177,121.0,201.4052734375
22178,144.0,205.4727783203125
22179,178.0,228.42471313476562
22180,219.0,231.62786865234375
22181,173.0,211.9515380859375
22182,153.0,192.04579162597656
22183,101.0,163.7869415283203
22184,84.0,128.4373779296875
22185,43.0,109.23873901367188
22186,82.0,90.23212432861328
22187,78.0,62.56932067871094
22188,11.0,33.19770431518555
22189,15.0,26.030376434326172
22190,23.0,14.057167053222656
22191,10.0,2.518111228942871
22192,0.0,0.6357460021972656
22193,0.0,0.3522796630859375
22194,0.0,0.19991302490234375
22195,0.0,0.1473064422607422
22196,0.0,0.07523918151855469
22197,0.0,0.005967140197753906
22198,0.0,0.004914283752441406
22199,0.0,-0.0024271011352539062
22200,0.0,0.0006237030029296875
22201,0.0,0.018736839294433594
22202,0.0,0.02843475341796875
22203,0.0,0.04233360290527344
22204,0.0,0.06429386138916016
22205,0.0,0.02629375457763672
22206,0.0,0.4483985900878906
22207,0.0,0.8819780349731445
22208,0.0,1.006124496459961
22209,0.0,1.1267938613891602
22210,0.0,1.0964469909667969
22211,0.0,1.0321855545043945
22212,0.0,0.9410057067871094
22213,0.0,0.7695636749267578
22214,0.0,0.5456657409667969
22215,0.0,0.3076515197753906
22216,0.0,0.0068759918212890625
22217,0.0,-0.27687740325927734
22218,0.0,-0.23416996002197266
22219,0.0,-0.20692062377929688
22220,0.0,-0.1519145965576172
22221,0.0,-0.14604473114013672
22222,0.0,0.31082725524902344
22223,0.0,0.8374814987182617
22224,0.0,1.2896852493286133
22225,0.0,1.5166501998901367
22226,0.0,4.2925543785095215
22227,2.0,10.824097633361816
22228,7.0,17.719812393188477
22229,8.0,28.994449615478516
22230,8.0,47.98719787597656
22231,48.0,69.48717498779297
22232,64.0,84.62139892578125
22233,35.0,92.69556427001953
22234,149.0,97.19483947753906
22235,243.0,111.07875061035156
22236,180.0,162.5130157470703
22237,190.0,293.2591552734375
22238,203.0,368.5428771972656
22239,236.0,355.662841796875
22240,258.0,327.6337890625
22241,255.0,314.18060302734375
22242,254.0,310.7604675292969
22243,275.0,333.96856689453125
22244,323.0,378.8464050292969
22245,340.0,422.5016784667969
22246,298.0,443.8442077636719
22247,282.0,456.8431091308594
22248,489.0,462.1875915527344
22249,366.0,457.8530578613281
22250,488.0,460.3025817871094
22251,509.0,471.13592529296875
22252,490.0,479.776611328125
22253,583.0,489.4124450683594
22254,507.0,491.9576416015625
22255,531.0,495.8871154785156
22256,625.0,498.8470764160156
22257,572.0,496.028564453125
22258,706.0,493.68115234375
22259,582.0,493.7557678222656
22260,405.0,498.1479187011719
22261,509.0,500.80780029296875
22262,392.0,500.9168701171875
22263,550.0,500.74017333984375
22264,495.0,495.45025634765625
22265,414.0,485.3910827636719
22266,346.0,465.908203125
22267,397.0,435.703125
22268,359.0,402.5534362792969
22269,247.0,371.6499938964844
22270,343.0,339.1321716308594
22271,382.0,306.9361877441406
22272,249.0,277.5205383300781
22273,274.0,252.00914001464844
22274,248.0,228.13832092285156
22275,193.0,203.5
22276,210.0,183.5326385498047
22277,191.0,169.30218505859375
22278,178.0,160.19297790527344
22279,181.0,153.83212280273438
22280,189.0,148.71913146972656
22281,183.0,141.78749084472656
22282,142.0,131.24380493164062
22283,132.0,116.53768157958984
22284,123.0,99.54110717773438
22285,94.0,81.85700988769531
22286,65.0,62.84748077392578
22287,42.0,42.5911979675293
22288,25.0,21.88884735107422
22289,5.0,6.398092269897461
22290,0.0,2.0234975814819336
22291,0.0,1.087564468383789
22292,0.0,0.851806640625
22293,0.0,0.8378190994262695
22294,0.0,0.8040733337402344
22295,0.0,0.7876577377319336
22296,0.0,0.7625923156738281
22297,0.0,0.7707662582397461
22298,0.0,0.7049551010131836
22299,0.0,0.6097173690795898
22300,0.0,0.5758600234985352
22301,0.0,0.5388116836547852
22302,0.0,0.4351511001586914
22303,0.0,0.4878244400024414
22304,0.0,0.29244518280029297
22305,0.0,0.15142154693603516
22306,0.0,0.19745254516601562
22307,0.0,0.07870292663574219
22308,0.0,-0.046874046325683594
22309,0.0,-0.23482990264892578
22310,0.0,-0.22805500030517578
22311,0.0,-0.2968425750732422
22312,0.0,-0.32155609130859375
22313,0.0,-0.5772848129272461
22314,0.0,-0.757756233215332
22315,0.0,-0.9271259307861328
22316,0.0,-1.3360910415649414
22317,0.0,-0.8229656219482422
22318,0.0,-1.0084714889526367
22319,0.0,-0.18593502044677734
22320,1.0,1.6838712692260742
22321,23.0,55.29418182373047
22322,77.0,205.1549530029297
22323,162.0,327.3404541015625
22324,293.0,408.0311584472656
22325,421.0,492.3644714355469
22326,546.0,589.9791870117188
22327,631.0,679.1550903320312
22328,691.0,740.4144897460938
22329,740.0,782.2203979492188
22330,780.0,804.0256958007812
22331,812.0,811.5010375976562
22332,838.0,814.0499267578125
22333,859.0,815.1675415039062
22334,872.0,815.616943359375
22335,880.0,815.7220458984375
22336,884.0,815.7200317382812
22337,881.0,815.64306640625
22338,881.0,815.5349731445312
22339,872.0,815.3750610351562
22340,863.0,815.031494140625
22341,851.0,813.3089599609375
22342,833.0,805.5697021484375
22343,819.0,794.6522827148438
22344,791.0,781.4536743164062
22345,768.0,764.8655395507812
22346,742.0,745.5800170898438
22347,717.0,720.8421020507812
22348,690.0,692.6116333007812
22349,660.0,674.2854614257812
22350,629.0,655.1539916992188
22351,603.0,628.37890625
22352,573.0,577.3602905273438
22353,539.0,535.505859375
22354,507.0,495.7083740234375
22355,476.0,456.0328063964844
22356,448.0,416.96917724609375
22357,418.0,394.9533996582031
22358,387.0,370.3011169433594
22359,362.0,341.5167236328125
22360,336.0,307.6919250488281
22361,310.0,291.677978515625
22362,286.0,274.1370544433594
22363,266.0,252.4702911376953
22364,245.0,225.51446533203125
22365,228.0,212.60548400878906
22366,213.0,198.79525756835938
22367,200.0,184.20419311523438
22368,188.0,166.03700256347656
22369,177.0,159.9236602783203
22370,169.0,152.80430603027344
22371,159.0,145.23593139648438
22372,152.0,134.10812377929688
22373,146.0,129.5419921875
22374,138.0,125.20106506347656
22375,132.0,120.47701263427734
22376,125.0,113.78624725341797
22377,118.0,108.01805877685547
22378,110.0,100.6293716430664
22379,103.0,92.67692565917969
22380,93.0,83.907470703125
22381,81.0,72.81863403320312
22382,67.0,57.97834014892578
22383,50.0,41.39391326904297
22384,30.0,21.993812561035156
22385,8.0,5.9538702964782715
22386,0.0,1.8032350540161133
22387,0.0,0.8252410888671875
22388,0.0,0.5754661560058594
22389,0.0,0.5020370483398438
22390,0.0,0.4760904312133789
22391,0.0,0.4561433792114258
22392,0.0,0.42891407012939453
22393,0.0,0.392303466796875
22394,0.0,0.3733835220336914
22395,0.0,0.3414592742919922
22396,0.0,0.3129558563232422
22397,0.0,0.14342498779296875
22398,0.0,0.0068454742431640625
22399,0.0,0.02171611785888672
22400,0.0,-0.015648841857910156
22401,0.0,-0.07373428344726562
22402,0.0,-0.03478813171386719
22403,0.0,-0.020117759704589844
22404,0.0,-0.023473739624023438
22405,0.0,-0.1102895736694336
22406,0.0,-0.09823036193847656
22407,0.0,-0.10766792297363281
22408,0.0,-0.11591911315917969
22409,0.0,-0.31418800354003906
22410,0.0,-0.5068950653076172
22411,0.0,-0.7192344665527344
22412,0.0,-0.9794807434082031
22413,0.0,-0.46721935272216797
22414,1.0,-0.18162250518798828
22415,2.0,0.887176513671875
22416,6.0,4.459990978240967
22417,78.0,91.71751403808594
22418,209.0,230.06234741210938
22419,349.0,319.64422607421875
22420,468.0,436.9844665527344
22421,557.0,549.8433227539062
22422,637.0,647.1321411132812
22423,687.0,717.7662963867188
22424,749.0,768.2578125
22425,794.0,799.0875244140625
22426,833.0,810.0696411132812
22427,863.0,813.2960815429688
22428,874.0,814.5410766601562
22429,837.0,815.1871337890625
22430,894.0,815.5209350585938
22431,911.0,815.6099853515625
22432,900.0,815.6617431640625
22433,894.0,815.6298828125
22434,900.0,815.5992431640625
22435,885.0,815.5244140625
22436,875.0,815.327392578125
22437,860.0,814.865966796875
22438,845.0,812.7703857421875
22439,822.0,805.4227294921875
22440,797.0,794.0104370117188
22441,775.0,776.4544067382812
22442,750.0,752.275146484375
22443,723.0,728.8101806640625
22444,699.0,703.5767822265625
22445,667.0,683.8167114257812
22446,636.0,663.251220703125
22447,605.0,641.022705078125
22448,574.0,593.1876831054688
22449,545.0,540.2578735351562
22450,513.0,493.48895263671875
22451,481.0,454.78875732421875
22452,452.0,421.82208251953125
22453,421.0,398.34271240234375
22454,393.0,370.8771667480469
22455,363.0,344.1074523925781
22456,339.0,312.21160888671875
22457,317.0,295.25347900390625
22458,294.0,276.90191650390625
22459,272.0,254.37307739257812
22460,252.0,225.73101806640625
22461,235.0,212.50096130371094
22462,219.0,197.76564025878906
22463,204.0,181.386962890625
22464,190.0,160.85948181152344
22465,179.0,154.15682983398438
22466,169.0,143.51034545898438
22467,161.0,132.885986328125
22468,157.0,122.59138488769531
22469,148.0,119.10099029541016
22470,139.0,116.76808166503906
22471,136.0,114.13131713867188
22472,133.0,109.6902084350586
22473,105.0,110.18638610839844
22474,97.0,110.82492065429688
22475,102.0,108.76007080078125
22476,90.0,98.2339096069336
22477,90.0,80.88661193847656
22478,86.0,63.446258544921875
22479,73.0,44.550193786621094
22480,52.0,28.464031219482422
22481,22.0,10.382894515991211
22482,6.0,2.2349462509155273
22483,2.0,0.7814159393310547
22484,0.0,0.4515113830566406
22485,0.0,0.37529659271240234
22486,0.0,0.3420372009277344
22487,0.0,0.30983543395996094
22488,0.0,0.26980113983154297
22489,0.0,0.22474193572998047
22490,0.0,0.1836233139038086
22491,0.0,0.1328268051147461
22492,0.0,0.08541202545166016
22493,0.0,-0.16852474212646484
22494,0.0,-0.06417560577392578
22495,0.0,-0.03358268737792969
22496,0.0,-0.03055858612060547
22497,0.0,-0.07853507995605469
22498,0.0,-0.0614471435546875
22499,0.0,-0.05391693115234375
22500,0.0,-0.056960105895996094
22501,0.0,-0.13965225219726562
22502,0.0,-0.14325618743896484
22503,0.0,-0.14627552032470703
22504,0.0,-0.15863323211669922
22505,0.0,-0.3390359878540039
22506,0.0,-0.5042428970336914
22507,0.0,-0.6782779693603516
22508,0.0,-0.9143619537353516
22509,0.0,-0.9268102645874023
22510,0.0,-0.9291248321533203
22511,2.0,-0.0390167236328125
22512,6.0,4.971277713775635
22513,66.0,98.89740753173828
22514,176.0,275.55474853515625
22515,314.0,383.9607238769531
22516,440.0,476.5441589355469
22517,539.0,556.6666870117188
22518,627.0,653.4183349609375
22519,696.0,725.3945922851562
22520,744.0,777.0823974609375
22521,784.0,802.9601440429688
22522,818.0,811.6151123046875
22523,841.0,814.1190795898438
22524,862.0,815.15283203125
22525,875.0,815.6989135742188
22526,884.0,815.8870849609375
22527,888.0,815.9169921875
22528,895.0,815.9111938476562
22529,895.0,815.8558349609375
22530,885.0,815.7939453125
22531,874.0,815.706298828125
22532,863.0,815.5629272460938
22533,848.0,815.1805419921875
22534,826.0,813.6123046875
22535,811.0,806.6951904296875
22536,792.0,791.740234375
22537,768.0,769.2394409179688
22538,745.0,745.470703125
22539,715.0,720.6768798828125
22540,688.0,689.9960327148438
22541,661.0,669.8847045898438
22542,633.0,650.8806762695312
22543,600.0,626.4509887695312
22544,569.0,564.7747802734375
22545,540.0,515.6956787109375
22546,509.0,478.73126220703125
22547,478.0,447.1961975097656
22548,448.0,415.95556640625
22549,419.0,390.4945373535156
22550,393.0,363.6072692871094
22551,365.0,332.3966369628906
22552,339.0,296.92413330078125
22553,313.0,278.2436218261719
22554,291.0,257.5538024902344
22555,270.0,231.74363708496094
22556,250.0,203.2741241455078
22557,232.0,191.7730712890625
22558,218.0,179.57308959960938
22559,204.0,166.0980987548828
22560,190.0,148.89053344726562
22561,178.0,142.90390014648438
22562,170.0,136.54640197753906
22563,162.0,129.6103973388672
22564,153.0,120.0763168334961
22565,147.0,117.43214416503906
22566,144.0,117.34280395507812
22567,138.0,116.59588623046875
22568,133.0,112.80209350585938
22569,127.0,109.16069793701172
22570,119.0,104.10716247558594
22571,110.0,97.4035415649414
22572,102.0,87.82566833496094
22573,91.0,76.3516845703125
22574,77.0,63.438819885253906
22575,59.0,47.42589569091797
22576,37.0,31.736181259155273
22577,14.0,13.188005447387695
22578,2.0,2.7093868255615234
22579,0.0,0.6096925735473633
22580,0.0,0.10884380340576172
22581,0.0,-0.02763843536376953
22582,0.0,-0.08084774017333984
22583,0.0,-0.10890388488769531
22584,0.0,-0.1327056884765625
22585,0.0,-0.17435836791992188
22586,0.0,-0.19510459899902344
22587,0.0,-0.21344375610351562
22588,0.0,-0.219268798828125
22589,0.0,-0.4492759704589844
22590,0.0,-0.2813081741333008
22591,0.0,-0.23568439483642578
22592,0.0,-0.19413375854492188
22593,0.0,-0.21288108825683594
22594,0.0,-0.19261837005615234
22595,0.0,-0.19001197814941406
22596,0.0,-0.18064117431640625
22597,0.0,-0.2375049591064453
22598,0.0,-0.2167491912841797
22599,0.0,-0.21086978912353516
22600,0.0,-0.21834373474121094
22601,0.0,-0.3446683883666992
22602,0.0,-0.4308757781982422
22603,0.0,-0.5258054733276367
22604,0.0,-0.6651620864868164
22605,0.0,-0.6986370086669922
22606,1.0,-0.9190511703491211
22607,2.0,-0.9317808151245117
22608,7.0,-0.32717132568359375
22609,55.0,28.622657775878906
22610,126.0,134.18443298339844
22611,217.0,245.9683837890625
22612,282.0,330.9905090332031
22613,373.0,368.63385009765625
22614,497.0,385.7845764160156
22615,583.0,361.4978942871094
22616,630.0,342.1960144042969
22617,680.0,342.93841552734375
22618,732.0,351.77618408203125
22619,739.0,362.7134704589844
22620,758.0,391.49981689453125
22621,785.0,534.1129150390625
22622,806.0,736.5361938476562
22623,827.0,739.0211791992188
22624,830.0,766.0807495117188
22625,822.0,783.6056518554688
22626,819.0,791.7177124023438
22627,812.0,792.5223388671875
22628,802.0,784.69287109375
22629,792.0,768.2565307617188
22630,780.0,747.9996948242188
22631,766.0,725.4276123046875
22632,744.0,695.8353881835938
22633,723.0,674.9237670898438
22634,701.0,657.7189331054688
22635,677.0,642.5125732421875
22636,651.0,620.35791015625
22637,627.0,605.6389770507812
22638,605.0,585.8651123046875
22639,578.0,558.2987670898438
22640,550.0,514.147216796875
22641,526.0,496.7745666503906
22642,497.0,476.019775390625
22643,471.0,453.5812683105469
22644,441.0,421.1357727050781
22645,414.0,409.31365966796875
22646,394.0,405.5996398925781
22647,374.0,401.7149963378906
22648,357.0,380.62017822265625
22649,345.0,368.131103515625
22650,336.0,346.68060302734375
22651,343.0,322.0225830078125
22652,337.0,288.8634338378906
22653,356.0,272.5252685546875
22654,400.0,247.7166748046875
22655,348.0,217.191650390625
22656,272.0,192.2417755126953
22657,207.0,210.41929626464844
22658,169.0,303.87054443359375
22659,145.0,244.3131866455078
22660,96.0,241.6414794921875
22661,51.0,230.4392852783203
22662,25.0,177.2440185546875
22663,4.0,150.1819305419922
22664,3.0,131.8701171875
22665,1.0,117.59444427490234
22666,2.0,103.91488647460938
22667,1.0,89.3454818725586
22668,3.0,65.49262237548828
22669,3.0,37.41496658325195
22670,4.0,17.267227172851562
22671,4.0,4.673688888549805
22672,3.0,1.6514406204223633
22673,2.0,1.0470075607299805
22674,0.0,0.7700948715209961
22675,0.0,0.5851640701293945
22676,0.0,0.46196460723876953
22677,0.0,0.406097412109375
22678,0.0,0.31776905059814453
22679,0.0,0.19179725646972656
22680,0.0,0.07469558715820312
22681,0.0,-0.010875701904296875
22682,0.0,-0.05609130859375
22683,0.0,-0.08735942840576172
22684,0.0,-0.1040964126586914
22685,0.0,-0.11782550811767578
22686,0.0,-0.1456756591796875
22687,0.0,-0.1872711181640625
22688,0.0,-0.25972557067871094
22689,0.0,-0.3656167984008789
22690,0.0,-0.3997917175292969
22691,0.0,-0.4182891845703125
22692,0.0,-0.42227745056152344
22693,0.0,-0.4423227310180664
22694,0.0,-0.44227027893066406
22695,0.0,-0.4421272277832031
22696,0.0,-0.4385404586791992
22697,0.0,-0.4561328887939453
22698,0.0,-0.45328712463378906
22699,0.0,-0.46407508850097656
22700,0.0,-0.4770669937133789
22701,0.0,-0.5029382705688477
22702,0.0,-0.4248619079589844
22703,0.0,-0.3792695999145508
22704,1.0,-0.37084293365478516
22705,1.0,-0.2993764877319336
22706,6.0,0.16153717041015625
22707,8.0,2.2940683364868164
22708,8.0,9.760941505432129
22709,16.0,21.274932861328125
22710,48.0,29.331825256347656
22711,43.0,34.6656494140625
22712,47.0,44.009490966796875
22713,73.0,63.12873840332031
22714,86.0,88.30734252929688
22715,93.0,115.5356216430664
22716,118.0,146.3048095703125
22717,152.0,178.00942993164062
22718,198.0,205.63131713867188
22719,185.0,231.02923583984375
22720,219.0,276.7738342285156
22721,274.0,307.19366455078125
22722,291.0,286.64239501953125
22723,407.0,274.3374328613281
22724,491.0,265.37786865234375
22725,475.0,242.48193359375
22726,721.0,218.818115234375
22727,637.0,214.1172637939453
22728,682.0,253.03762817382812
22729,773.0,335.5005187988281
22730,759.0,376.5831298828125
22731,559.0,386.2151794433594
22732,749.0,385.0146789550781
22733,665.0,383.6448974609375
22734,616.0,383.56658935546875
22735,758.0,391.79656982421875
22736,580.0,412.0527648925781
22737,592.0,434.2507019042969
22738,524.0,448.689697265625
22739,614.0,463.6520080566406
22740,475.0,478.6783142089844
22741,523.0,496.4889221191406
22742,416.0,507.18328857421875
22743,489.0,510.0694274902344
22744,410.0,509.03497314453125
22745,502.0,506.6534423828125
22746,447.0,495.3632507324219
22747,468.0,479.0570983886719
22748,429.0,454.5186767578125
22749,389.0,419.7412414550781
22750,311.0,378.2066650390625
22751,370.0,338.2337646484375
22752,339.0,297.7625732421875
22753,349.0,265.1583557128906
22754,309.0,237.33135986328125
22755,310.0,202.4014892578125
22756,324.0,179.43280029296875
22757,255.0,163.53564453125
22758,299.0,149.2494659423828
22759,204.0,137.44552612304688
22760,161.0,128.11282348632812
22761,105.0,118.52008819580078
22762,155.0,107.31228637695312
22763,164.0,95.81793975830078
22764,116.0,82.539306640625
22765,110.0,64.47156524658203
22766,93.0,42.780731201171875
22767,59.0,27.477073669433594
22768,39.0,8.123933792114258
22769,12.0,1.797755241394043
22770,2.0,0.7261571884155273
22771,1.0,0.4382610321044922
22772,0.0,0.35334205627441406
22773,0.0,0.35179805755615234
22774,0.0,0.2461872100830078
22775,0.0,0.15918731689453125
22776,0.0,0.10721302032470703
22777,0.0,0.06648635864257812
22778,0.0,0.012969970703125
22779,0.0,-0.015574455261230469
